scene_id,phase,local_mask_id,source_catalog_id,object_name,object_id,mask_source
scene001,phase0,1,82.2,lion,lion.2,scenes/scene001/0/labels/sam2_meta/v1.tar:sam2/mask_to_object.json
scene001,phase0,2,18.2,boot,boot.2,scenes/scene001/0/labels/sam2_meta/v1.tar:sam2/mask_to_object.json
scene001,phase0,3,63.2,hammer,hammer.2,scenes/scene001/0/labels/sam2_meta/v1.tar:sam2/mask_to_object.json
scene001,phase0,4,1,air_duster_can,air_duster_can,scenes/scene001/0/labels/sam2_meta/v1.tar:sam2/mask_to_object.json
scene001,phase0,5,43.1,doll,doll.1,scenes/scene001/0/labels/sam2_meta/v1.tar:sam2/mask_to_object.json
scene001,phase0,6,3,alarm_clock,alarm_clock,scenes/scene001/0/labels/sam2_meta/v1.tar:sam2/mask_to_object.json
scene001,phase0,7,55,game_controller,game_controller,scenes/scene001/0/labels/sam2_meta/v1.tar:sam2/mask_to_object.json
scene001,phase1,1,82.2,lion,lion.2,scenes/scene001/1/labels/sam2_meta/v1.tar:sam2/mask_to_object.json
scene001,phase1,2,18.2,boot,boot.2,scenes/scene001/1/labels/sam2_meta/v1.tar:sam2/mask_to_object.json
scene001,phase1,3,63.2,hammer,hammer.2,scenes/scene001/1/labels/sam2_meta/v1.tar:sam2/mask_to_object.json
scene001,phase1,4,1,air_duster_can,air_duster_can,scenes/scene001/1/labels/sam2_meta/v1.tar:sam2/mask_to_object.json
scene001,phase1,5,43.1,doll,doll.1,scenes/scene001/1/labels/sam2_meta/v1.tar:sam2/mask_to_object.json
scene001,phase1,6,3,alarm_clock,alarm_clock,scenes/scene001/1/labels/sam2_meta/v1.tar:sam2/mask_to_object.json
scene001,phase1,7,55,game_controller,game_controller,scenes/scene001/1/labels/sam2_meta/v1.tar:sam2/mask_to_object.json
scene001,phase2,1,82.2,lion,lion.2,scenes/scene001/2/labels/sam2_meta/v1.tar:sam2/mask_to_object.json
scene001,phase2,2,18.2,boot,boot.2,scenes/scene001/2/labels/sam2_meta/v1.tar:sam2/mask_to_object.json
scene001,phase2,3,63.2,hammer,hammer.2,scenes/scene001/2/labels/sam2_meta/v1.tar:sam2/mask_to_object.json
scene001,phase2,4,1,air_duster_can,air_duster_can,scenes/scene001/2/labels/sam2_meta/v1.tar:sam2/mask_to_object.json
scene001,phase2,5,43.1,doll,doll.1,scenes/scene001/2/labels/sam2_meta/v1.tar:sam2/mask_to_object.json
scene001,phase2,6,3,alarm_clock,alarm_clock,scenes/scene001/2/labels/sam2_meta/v1.tar:sam2/mask_to_object.json
scene001,phase2,7,55,game_controller,game_controller,scenes/scene001/2/labels/sam2_meta/v1.tar:sam2/mask_to_object.json
scene002,phase0,1,65,handy_pot,handy_pot,scenes/scene002/0/labels/sam2_meta/v1.tar:sam2/mask_to_object.json
scene002,phase0,2,85.1,milk_box,milk_box.1,scenes/scene002/0/labels/sam2_meta/v1.tar:sam2/mask_to_object.json
scene002,phase0,3,141,tong,tong,scenes/scene002/0/labels/sam2_meta/v1.tar:sam2/mask_to_object.json
scene002,phase0,4,89.3,mustard_bottle,mustard_bottle.3,scenes/scene002/0/labels/sam2_meta/v1.tar:sam2/mask_to_object.json
scene002,phase0,5,107,remote_controller,remote_controller,scenes/scene002/0/labels/sam2_meta/v1.tar:sam2/mask_to_object.json
scene002,phase0,6,77.1,knife,knife.1,scenes/scene002/0/labels/sam2_meta/v1.tar:sam2/mask_to_object.json
scene002,phase0,7,117.1,shoe,shoe.1,scenes/scene002/0/labels/sam2_meta/v1.tar:sam2/mask_to_object.json
scene002,phase1,1,65,handy_pot,handy_pot,scenes/scene002/1/labels/sam2_meta/v1.tar:sam2/mask_to_object.json
scene002,phase1,2,85.1,milk_box,milk_box.1,scenes/scene002/1/labels/sam2_meta/v1.tar:sam2/mask_to_object.json
scene002,phase1,3,141,tong,tong,scenes/scene002/1/labels/sam2_meta/v1.tar:sam2/mask_to_object.json
scene002,phase1,4,89.3,mustard_bottle,mustard_bottle.3,scenes/scene002/1/labels/sam2_meta/v1.tar:sam2/mask_to_object.json
scene002,phase1,5,107,remote_controller,remote_controller,scenes/scene002/1/labels/sam2_meta/v1.tar:sam2/mask_to_object.json
scene002,phase1,6,77.1,knife,knife.1,scenes/scene002/1/labels/sam2_meta/v1.tar:sam2/mask_to_object.json
scene002,phase1,7,117.1,shoe,shoe.1,scenes/scene002/1/labels/sam2_meta/v1.tar:sam2/mask_to_object.json
scene002,phase2,1,65,handy_pot,handy_pot,scenes/scene002/2/labels/sam2_meta/v1.tar:sam2/mask_to_object.json
scene002,phase2,2,85.1,milk_box,milk_box.1,scenes/scene002/2/labels/sam2_meta/v1.tar:sam2/mask_to_object.json
scene002,phase2,3,141,tong,tong,scenes/scene002/2/labels/sam2_meta/v1.tar:sam2/mask_to_object.json
scene002,phase2,4,89.3,mustard_bottle,mustard_bottle.3,scenes/scene002/2/labels/sam2_meta/v1.tar:sam2/mask_to_object.json
scene002,phase2,5,107,remote_controller,remote_controller,scenes/scene002/2/labels/sam2_meta/v1.tar:sam2/mask_to_object.json
scene002,phase2,6,77.1,knife,knife.1,scenes/scene002/2/labels/sam2_meta/v1.tar:sam2/mask_to_object.json
scene002,phase2,7,117.1,shoe,shoe.1,scenes/scene002/2/labels/sam2_meta/v1.tar:sam2/mask_to_object.json
scene003,phase0,1,68,helmet,helmet,scenes/scene003/0/labels/sam2_meta/v1.tar:sam2/mask_to_object.json
scene003,phase0,2,102,power_drill,power_drill,scenes/scene003/0/labels/sam2_meta/v1.tar:sam2/mask_to_object.json
scene003,phase0,3,105.2,pump_bottle,pump_bottle.2,scenes/scene003/0/labels/sam2_meta/v1.tar:sam2/mask_to_object.json
scene003,phase0,4,14.1,bear,bear.1,scenes/scene003/0/labels/sam2_meta/v1.tar:sam2/mask_to_object.json
scene003,phase0,5,113.1,scissors,scissors.1,scenes/scene003/0/labels/sam2_meta/v1.tar:sam2/mask_to_object.json
scene003,phase0,6,103.2,pringles_can,pringles_can.2,scenes/scene003/0/labels/sam2_meta/v1.tar:sam2/mask_to_object.json
scene003,phase0,7,5,apple,apple,scenes/scene003/0/labels/sam2_meta/v1.tar:sam2/mask_to_object.json
scene003,phase1,1,68,helmet,helmet,scenes/scene003/1/labels/sam2_meta/v1.tar:sam2/mask_to_object.json
scene003,phase1,2,102,power_drill,power_drill,scenes/scene003/1/labels/sam2_meta/v1.tar:sam2/mask_to_object.json
scene003,phase1,3,105.2,pump_bottle,pump_bottle.2,scenes/scene003/1/labels/sam2_meta/v1.tar:sam2/mask_to_object.json
scene003,phase1,4,14.1,bear,bear.1,scenes/scene003/1/labels/sam2_meta/v1.tar:sam2/mask_to_object.json
scene003,phase1,5,113.1,scissors,scissors.1,scenes/scene003/1/labels/sam2_meta/v1.tar:sam2/mask_to_object.json
scene003,phase1,6,103.2,pringles_can,pringles_can.2,scenes/scene003/1/labels/sam2_meta/v1.tar:sam2/mask_to_object.json
scene003,phase1,7,5,apple,apple,scenes/scene003/1/labels/sam2_meta/v1.tar:sam2/mask_to_object.json
scene003,phase2,1,68,helmet,helmet,scenes/scene003/2/labels/sam2_meta/v1.tar:sam2/mask_to_object.json
scene003,phase2,2,102,power_drill,power_drill,scenes/scene003/2/labels/sam2_meta/v1.tar:sam2/mask_to_object.json
scene003,phase2,3,105.2,pump_bottle,pump_bottle.2,scenes/scene003/2/labels/sam2_meta/v1.tar:sam2/mask_to_object.json
scene003,phase2,4,14.1,bear,bear.1,scenes/scene003/2/labels/sam2_meta/v1.tar:sam2/mask_to_object.json
scene003,phase2,5,113.1,scissors,scissors.1,scenes/scene003/2/labels/sam2_meta/v1.tar:sam2/mask_to_object.json
scene003,phase2,6,103.2,pringles_can,pringles_can.2,scenes/scene003/2/labels/sam2_meta/v1.tar:sam2/mask_to_object.json
scene003,phase2,7,5,apple,apple,scenes/scene003/2/labels/sam2_meta/v1.tar:sam2/mask_to_object.json
scene004,phase0,1,7.1,baking_tray,baking_tray.1,scenes/scene004/0/labels/sam2_meta/v1.tar:sam2/mask_to_object.json
scene004,phase0,2,127.2,spray_bottle,spray_bottle.2,scenes/scene004/0/labels/sam2_meta/v1.tar:sam2/mask_to_object.json
scene004,phase0,3,114,shampoo_bottle,shampoo_bottle,scenes/scene004/0/labels/sam2_meta/v1.tar:sam2/mask_to_object.json
scene004,phase0,4,147,umbrella,umbrella,scenes/scene004/0/labels/sam2_meta/v1.tar:sam2/mask_to_object.json
scene004,phase0,5,137,teapot,teapot,scenes/scene004/0/labels/sam2_meta/v1.tar:sam2/mask_to_object.json
scene004,phase0,6,25.1,candy_bar,candy_bar.1,scenes/scene004/0/labels/sam2_meta/v1.tar:sam2/mask_to_object.json
scene004,phase0,7,87.3,mouse,mouse.3,scenes/scene004/0/labels/sam2_meta/v1.tar:sam2/mask_to_object.json
scene004,phase1,1,7.1,baking_tray,baking_tray.1,scenes/scene004/1/labels/sam2_meta/v1.tar:sam2/mask_to_object.json
scene004,phase1,2,127.2,spray_bottle,spray_bottle.2,scenes/scene004/1/labels/sam2_meta/v1.tar:sam2/mask_to_object.json
scene004,phase1,3,114,shampoo_bottle,shampoo_bottle,scenes/scene004/1/labels/sam2_meta/v1.tar:sam2/mask_to_object.json
scene004,phase1,4,147,umbrella,umbrella,scenes/scene004/1/labels/sam2_meta/v1.tar:sam2/mask_to_object.json
scene004,phase1,5,137,teapot,teapot,scenes/scene004/1/labels/sam2_meta/v1.tar:sam2/mask_to_object.json
scene004,phase1,6,25.1,candy_bar,candy_bar.1,scenes/scene004/1/labels/sam2_meta/v1.tar:sam2/mask_to_object.json
scene004,phase1,7,87.3,mouse,mouse.3,scenes/scene004/1/labels/sam2_meta/v1.tar:sam2/mask_to_object.json
scene004,phase2,1,7.1,baking_tray,baking_tray.1,scenes/scene004/2/labels/sam2_meta/v1.tar:sam2/mask_to_object.json
scene004,phase2,2,127.2,spray_bottle,spray_bottle.2,scenes/scene004/2/labels/sam2_meta/v1.tar:sam2/mask_to_object.json
scene004,phase2,3,114,shampoo_bottle,shampoo_bottle,scenes/scene004/2/labels/sam2_meta/v1.tar:sam2/mask_to_object.json
scene004,phase2,4,147,umbrella,umbrella,scenes/scene004/2/labels/sam2_meta/v1.tar:sam2/mask_to_object.json
scene004,phase2,5,137,teapot,teapot,scenes/scene004/2/labels/sam2_meta/v1.tar:sam2/mask_to_object.json
scene004,phase2,6,25.1,candy_bar,candy_bar.1,scenes/scene004/2/labels/sam2_meta/v1.tar:sam2/mask_to_object.json
scene004,phase2,7,87.3,mouse,mouse.3,scenes/scene004/2/labels/sam2_meta/v1.tar:sam2/mask_to_object.json
scene005,phase0,1,11.1,basting_brush,basting_brush.1,scenes/scene005/0/labels/sam2_meta/v1.tar:sam2/mask_to_object.json
scene005,phase0,2,37.1,coffee_can,coffee_can.1,scenes/scene005/0/labels/sam2_meta/v1.tar:sam2/mask_to_object.json
scene005,phase0,3,23,cable,cable,scenes/scene005/0/labels/sam2_meta/v1.tar:sam2/mask_to_object.json
scene005,phase0,4,124.2,spatula,spatula.2,scenes/scene005/0/labels/sam2_meta/v1.tar:sam2/mask_to_object.json
scene005,phase0,5,40.1,cup,cup.1,scenes/scene005/0/labels/sam2_meta/v1.tar:sam2/mask_to_object.json
scene005,phase0,6,58.1,glue_bottle,glue_bottle.1,scenes/scene005/0/labels/sam2_meta/v1.tar:sam2/mask_to_object.json
scene005,phase0,7,133.2,t-handle,t-handle.2,scenes/scene005/0/labels/sam2_meta/v1.tar:sam2/mask_to_object.json
scene005,phase1,1,11.1,basting_brush,basting_brush.1,scenes/scene005/1/labels/sam2_meta/v1.tar:sam2/mask_to_object.json
scene005,phase1,2,37.1,coffee_can,coffee_can.1,scenes/scene005/1/labels/sam2_meta/v1.tar:sam2/mask_to_object.json
scene005,phase1,3,23,cable,cable,scenes/scene005/1/labels/sam2_meta/v1.tar:sam2/mask_to_object.json
scene005,phase1,4,124.2,spatula,spatula.2,scenes/scene005/1/labels/sam2_meta/v1.tar:sam2/mask_to_object.json
scene005,phase1,5,40.1,cup,cup.1,scenes/scene005/1/labels/sam2_meta/v1.tar:sam2/mask_to_object.json
scene005,phase1,6,58.1,glue_bottle,glue_bottle.1,scenes/scene005/1/labels/sam2_meta/v1.tar:sam2/mask_to_object.json
scene005,phase1,7,133.2,t-handle,t-handle.2,scenes/scene005/1/labels/sam2_meta/v1.tar:sam2/mask_to_object.json
scene005,phase2,1,11.1,basting_brush,basting_brush.1,scenes/scene005/2/labels/sam2_meta/v1.tar:sam2/mask_to_object.json
scene005,phase2,2,37.1,coffee_can,coffee_can.1,scenes/scene005/2/labels/sam2_meta/v1.tar:sam2/mask_to_object.json
scene005,phase2,3,23,cable,cable,scenes/scene005/2/labels/sam2_meta/v1.tar:sam2/mask_to_object.json
scene005,phase2,4,124.2,spatula,spatula.2,scenes/scene005/2/labels/sam2_meta/v1.tar:sam2/mask_to_object.json
scene005,phase2,5,40.1,cup,cup.1,scenes/scene005/2/labels/sam2_meta/v1.tar:sam2/mask_to_object.json
scene005,phase2,6,58.1,glue_bottle,glue_bottle.1,scenes/scene005/2/labels/sam2_meta/v1.tar:sam2/mask_to_object.json
scene005,phase2,7,133.2,t-handle,t-handle.2,scenes/scene005/2/labels/sam2_meta/v1.tar:sam2/mask_to_object.json
scene006,phase0,1,78,ladle,ladle,scenes/scene006/0/labels/sam2_meta/v1.tar:sam2/mask_to_object.json
scene006,phase0,2,34,cleaning_brush,cleaning_brush,scenes/scene006/0/labels/sam2_meta/v1.tar:sam2/mask_to_object.json
scene006,phase0,3,20.1,bowl,bowl.1,scenes/scene006/0/labels/sam2_meta/v1.tar:sam2/mask_to_object.json
scene006,phase0,4,70,instant_noodle_packet,instant_noodle_packet,scenes/scene006/0/labels/sam2_meta/v1.tar:sam2/mask_to_object.json
scene006,phase0,5,72.1,jello_box,jello_box.1,scenes/scene006/0/labels/sam2_meta/v1.tar:sam2/mask_to_object.json
scene006,phase0,6,122.1,soup_can,soup_can.1,scenes/scene006/0/labels/sam2_meta/v1.tar:sam2/mask_to_object.json
scene006,phase0,7,67,headphone,headphone,scenes/scene006/0/labels/sam2_meta/v1.tar:sam2/mask_to_object.json
scene006,phase1,1,78,ladle,ladle,scenes/scene006/1/labels/sam2_meta/v1.tar:sam2/mask_to_object.json
scene006,phase1,2,34,cleaning_brush,cleaning_brush,scenes/scene006/1/labels/sam2_meta/v1.tar:sam2/mask_to_object.json
scene006,phase1,3,20.1,bowl,bowl.1,scenes/scene006/1/labels/sam2_meta/v1.tar:sam2/mask_to_object.json
scene006,phase1,4,70,instant_noodle_packet,instant_noodle_packet,scenes/scene006/1/labels/sam2_meta/v1.tar:sam2/mask_to_object.json
scene006,phase1,5,72.1,jello_box,jello_box.1,scenes/scene006/1/labels/sam2_meta/v1.tar:sam2/mask_to_object.json
scene006,phase1,6,122.1,soup_can,soup_can.1,scenes/scene006/1/labels/sam2_meta/v1.tar:sam2/mask_to_object.json
scene006,phase1,7,67,headphone,headphone,scenes/scene006/1/labels/sam2_meta/v1.tar:sam2/mask_to_object.json
scene006,phase2,1,78,ladle,ladle,scenes/scene006/2/labels/sam2_meta/v1.tar:sam2/mask_to_object.json
scene006,phase2,2,34,cleaning_brush,cleaning_brush,scenes/scene006/2/labels/sam2_meta/v1.tar:sam2/mask_to_object.json
scene006,phase2,3,20.1,bowl,bowl.1,scenes/scene006/2/labels/sam2_meta/v1.tar:sam2/mask_to_object.json
scene006,phase2,4,70,instant_noodle_packet,instant_noodle_packet,scenes/scene006/2/labels/sam2_meta/v1.tar:sam2/mask_to_object.json
scene006,phase2,5,72.1,jello_box,jello_box.1,scenes/scene006/2/labels/sam2_meta/v1.tar:sam2/mask_to_object.json
scene006,phase2,6,122.1,soup_can,soup_can.1,scenes/scene006/2/labels/sam2_meta/v1.tar:sam2/mask_to_object.json
scene006,phase2,7,67,headphone,headphone,scenes/scene006/2/labels/sam2_meta/v1.tar:sam2/mask_to_object.json
scene007,phase0,1,121,soft_scrub_cleanser_bottle,soft_scrub_cleanser_bottle,scenes/scene007/0/labels/sam2_meta/v1.tar:sam2/mask_to_object.json
scene007,phase0,2,50,food_bag,food_bag,scenes/scene007/0/labels/sam2_meta/v1.tar:sam2/mask_to_object.json
scene007,phase0,3,86,milk_jug,milk_jug,scenes/scene007/0/labels/sam2_meta/v1.tar:sam2/mask_to_object.json
scene007,phase0,4,142,toothpaste,toothpaste,scenes/scene007/0/labels/sam2_meta/v1.tar:sam2/mask_to_object.json
scene007,phase0,5,36,coffee_bottle,coffee_bottle,scenes/scene007/0/labels/sam2_meta/v1.tar:sam2/mask_to_object.json
scene007,phase0,6,135,tape_measure,tape_measure,scenes/scene007/0/labels/sam2_meta/v1.tar:sam2/mask_to_object.json
scene007,phase0,7,83.5,marker,marker.5,scenes/scene007/0/labels/sam2_meta/v1.tar:sam2/mask_to_object.json
scene007,phase1,1,121,soft_scrub_cleanser_bottle,soft_scrub_cleanser_bottle,scenes/scene007/1/labels/sam2_meta/v1.tar:sam2/mask_to_object.json
scene007,phase1,2,50,food_bag,food_bag,scenes/scene007/1/labels/sam2_meta/v1.tar:sam2/mask_to_object.json
scene007,phase1,3,86,milk_jug,milk_jug,scenes/scene007/1/labels/sam2_meta/v1.tar:sam2/mask_to_object.json
scene007,phase1,4,142,toothpaste,toothpaste,scenes/scene007/1/labels/sam2_meta/v1.tar:sam2/mask_to_object.json
scene007,phase1,5,36,coffee_bottle,coffee_bottle,scenes/scene007/1/labels/sam2_meta/v1.tar:sam2/mask_to_object.json
scene007,phase1,6,135,tape_measure,tape_measure,scenes/scene007/1/labels/sam2_meta/v1.tar:sam2/mask_to_object.json
scene007,phase1,7,83.5,marker,marker.5,scenes/scene007/1/labels/sam2_meta/v1.tar:sam2/mask_to_object.json
scene007,phase2,1,121,soft_scrub_cleanser_bottle,soft_scrub_cleanser_bottle,scenes/scene007/2/labels/sam2_meta/v1.tar:sam2/mask_to_object.json
scene007,phase2,2,50,food_bag,food_bag,scenes/scene007/2/labels/sam2_meta/v1.tar:sam2/mask_to_object.json
scene007,phase2,3,86,milk_jug,milk_jug,scenes/scene007/2/labels/sam2_meta/v1.tar:sam2/mask_to_object.json
scene007,phase2,4,142,toothpaste,toothpaste,scenes/scene007/2/labels/sam2_meta/v1.tar:sam2/mask_to_object.json
scene007,phase2,5,36,coffee_bottle,coffee_bottle,scenes/scene007/2/labels/sam2_meta/v1.tar:sam2/mask_to_object.json
scene007,phase2,6,135,tape_measure,tape_measure,scenes/scene007/2/labels/sam2_meta/v1.tar:sam2/mask_to_object.json
scene007,phase2,7,83.5,marker,marker.5,scenes/scene007/2/labels/sam2_meta/v1.tar:sam2/mask_to_object.json
scene008,phase0,1,13.2,beanie,beanie.2,scenes/scene008/0/labels/sam2_meta/v1.tar:sam2/mask_to_object.json
scene008,phase0,2,73.2,juice_pouch,juice_pouch.2,scenes/scene008/0/labels/sam2_meta/v1.tar:sam2/mask_to_object.json
scene008,phase0,3,96.2,peeler,peeler.2,scenes/scene008/0/labels/sam2_meta/v1.tar:sam2/mask_to_object.json
scene008,phase0,4,57.2,glove,glove.2,scenes/scene008/0/labels/sam2_meta/v1.tar:sam2/mask_to_object.json
scene008,phase0,5,9,banana,banana,scenes/scene008/0/labels/sam2_meta/v1.tar:sam2/mask_to_object.json
scene008,phase0,6,109,root_beer_bottle,root_beer_bottle,scenes/scene008/0/labels/sam2_meta/v1.tar:sam2/mask_to_object.json
scene008,phase0,7,95,pear,pear,scenes/scene008/0/labels/sam2_meta/v1.tar:sam2/mask_to_object.json
scene008,phase1,1,13.2,beanie,beanie.2,scenes/scene008/1/labels/sam2_meta/v1.tar:sam2/mask_to_object.json
scene008,phase1,2,73.2,juice_pouch,juice_pouch.2,scenes/scene008/1/labels/sam2_meta/v1.tar:sam2/mask_to_object.json
scene008,phase1,3,96.2,peeler,peeler.2,scenes/scene008/1/labels/sam2_meta/v1.tar:sam2/mask_to_object.json
scene008,phase1,4,57.2,glove,glove.2,scenes/scene008/1/labels/sam2_meta/v1.tar:sam2/mask_to_object.json
scene008,phase1,5,9,banana,banana,scenes/scene008/1/labels/sam2_meta/v1.tar:sam2/mask_to_object.json
scene008,phase1,6,109,root_beer_bottle,root_beer_bottle,scenes/scene008/1/labels/sam2_meta/v1.tar:sam2/mask_to_object.json
scene008,phase1,7,95,pear,pear,scenes/scene008/1/labels/sam2_meta/v1.tar:sam2/mask_to_object.json
scene008,phase2,1,13.2,beanie,beanie.2,scenes/scene008/2/labels/sam2_meta/v1.tar:sam2/mask_to_object.json
scene008,phase2,2,73.2,juice_pouch,juice_pouch.2,scenes/scene008/2/labels/sam2_meta/v1.tar:sam2/mask_to_object.json
scene008,phase2,3,96.2,peeler,peeler.2,scenes/scene008/2/labels/sam2_meta/v1.tar:sam2/mask_to_object.json
scene008,phase2,4,57.2,glove,glove.2,scenes/scene008/2/labels/sam2_meta/v1.tar:sam2/mask_to_object.json
scene008,phase2,5,9,banana,banana,scenes/scene008/2/labels/sam2_meta/v1.tar:sam2/mask_to_object.json
scene008,phase2,6,109,root_beer_bottle,root_beer_bottle,scenes/scene008/2/labels/sam2_meta/v1.tar:sam2/mask_to_object.json
scene008,phase2,7,95,pear,pear,scenes/scene008/2/labels/sam2_meta/v1.tar:sam2/mask_to_object.json
scene009,phase0,1,49.1,fry_pan,fry_pan.1,scenes/scene009/0/labels/sam2_meta/v1.tar:sam2/mask_to_object.json
scene009,phase0,2,74,kettle,kettle,scenes/scene009/0/labels/sam2_meta/v1.tar:sam2/mask_to_object.json
scene009,phase0,3,62,hair_brush,hairbrush,scenes/scene009/0/labels/sam2_meta/v1.tar:sam2/mask_to_object.json
scene009,phase0,4,71,jar,jar,scenes/scene009/0/labels/sam2_meta/v1.tar:sam2/mask_to_object.json
scene009,phase0,5,120.3,soda_can,soda_can.3,scenes/scene009/0/labels/sam2_meta/v1.tar:sam2/mask_to_object.json
scene009,phase0,6,125,sponge,sponge,scenes/scene009/0/labels/sam2_meta/v1.tar:sam2/mask_to_object.json
scene009,phase0,7,10,baseball_ball,baseball_ball,scenes/scene009/0/labels/sam2_meta/v1.tar:sam2/mask_to_object.json
scene009,phase1,1,49.1,fry_pan,fry_pan.1,scenes/scene009/1/labels/sam2_meta/v1.tar:sam2/mask_to_object.json
scene009,phase1,2,74,kettle,kettle,scenes/scene009/1/labels/sam2_meta/v1.tar:sam2/mask_to_object.json
scene009,phase1,3,62,hair_brush,hairbrush,scenes/scene009/1/labels/sam2_meta/v1.tar:sam2/mask_to_object.json
scene009,phase1,4,71,jar,jar,scenes/scene009/1/labels/sam2_meta/v1.tar:sam2/mask_to_object.json
scene009,phase1,5,120.3,soda_can,soda_can.3,scenes/scene009/1/labels/sam2_meta/v1.tar:sam2/mask_to_object.json
scene009,phase1,6,125,sponge,sponge,scenes/scene009/1/labels/sam2_meta/v1.tar:sam2/mask_to_object.json
scene009,phase1,7,10,baseball_ball,baseball_ball,scenes/scene009/1/labels/sam2_meta/v1.tar:sam2/mask_to_object.json
scene009,phase2,1,49.1,fry_pan,fry_pan.1,scenes/scene009/2/labels/sam2_meta/v1.tar:sam2/mask_to_object.json
scene009,phase2,2,74,kettle,kettle,scenes/scene009/2/labels/sam2_meta/v1.tar:sam2/mask_to_object.json
scene009,phase2,3,62,hair_brush,hairbrush,scenes/scene009/2/labels/sam2_meta/v1.tar:sam2/mask_to_object.json
scene009,phase2,4,71,jar,jar,scenes/scene009/2/labels/sam2_meta/v1.tar:sam2/mask_to_object.json
scene009,phase2,5,120.3,soda_can,soda_can.3,scenes/scene009/2/labels/sam2_meta/v1.tar:sam2/mask_to_object.json
scene009,phase2,6,125,sponge,sponge,scenes/scene009/2/labels/sam2_meta/v1.tar:sam2/mask_to_object.json
scene009,phase2,7,10,baseball_ball,baseball_ball,scenes/scene009/2/labels/sam2_meta/v1.tar:sam2/mask_to_object.json
scene010,phase0,1,38,cracker_box,cracker_box,scenes/scene010/0/labels/sam2_meta/v1.tar:sam2/mask_to_object.json
scene010,phase0,2,66.1,hat,hat.1,scenes/scene010/0/labels/sam2_meta/v1.tar:sam2/mask_to_object.json
scene010,phase0,3,144.2,towel,towel.2,scenes/scene010/0/labels/sam2_meta/v1.tar:sam2/mask_to_object.json
scene010,phase0,4,17.3,book,book.3,scenes/scene010/0/labels/sam2_meta/v1.tar:sam2/mask_to_object.json
scene010,phase0,5,148.2,water_bottle,water_bottle.2,scenes/scene010/0/labels/sam2_meta/v1.tar:sam2/mask_to_object.json
scene010,phase0,6,88.2,mug,mug.2,scenes/scene010/0/labels/sam2_meta/v1.tar:sam2/mask_to_object.json
scene010,phase0,7,84,meat_can,meat_can,scenes/scene010/0/labels/sam2_meta/v1.tar:sam2/mask_to_object.json
scene010,phase1,1,38,cracker_box,cracker_box,scenes/scene010/1/labels/sam2_meta/v1.tar:sam2/mask_to_object.json
scene010,phase1,2,66.1,hat,hat.1,scenes/scene010/1/labels/sam2_meta/v1.tar:sam2/mask_to_object.json
scene010,phase1,3,144.2,towel,towel.2,scenes/scene010/1/labels/sam2_meta/v1.tar:sam2/mask_to_object.json
scene010,phase1,4,17.3,book,book.3,scenes/scene010/1/labels/sam2_meta/v1.tar:sam2/mask_to_object.json
scene010,phase1,5,148.2,water_bottle,water_bottle.2,scenes/scene010/1/labels/sam2_meta/v1.tar:sam2/mask_to_object.json
scene010,phase1,6,88.2,mug,mug.2,scenes/scene010/1/labels/sam2_meta/v1.tar:sam2/mask_to_object.json
scene010,phase1,7,84,meat_can,meat_can,scenes/scene010/1/labels/sam2_meta/v1.tar:sam2/mask_to_object.json
scene010,phase2,1,38,cracker_box,cracker_box,scenes/scene010/2/labels/sam2_meta/v1.tar:sam2/mask_to_object.json
scene010,phase2,2,66.1,hat,hat.1,scenes/scene010/2/labels/sam2_meta/v1.tar:sam2/mask_to_object.json
scene010,phase2,3,144.2,towel,towel.2,scenes/scene010/2/labels/sam2_meta/v1.tar:sam2/mask_to_object.json
scene010,phase2,4,17.3,book,book.3,scenes/scene010/2/labels/sam2_meta/v1.tar:sam2/mask_to_object.json
scene010,phase2,5,148.2,water_bottle,water_bottle.2,scenes/scene010/2/labels/sam2_meta/v1.tar:sam2/mask_to_object.json
scene010,phase2,6,88.2,mug,mug.2,scenes/scene010/2/labels/sam2_meta/v1.tar:sam2/mask_to_object.json
scene010,phase2,7,84,meat_can,meat_can,scenes/scene010/2/labels/sam2_meta/v1.tar:sam2/mask_to_object.json
scene011,phase0,1,7.1,baking_tray,baking_tray.1,scenes/scene011/0/labels/sam2_meta/v1.tar:sam2/mask_to_object.json
scene011,phase0,2,66.1,hat,hat.1,scenes/scene011/0/labels/sam2_meta/v1.tar:sam2/mask_to_object.json
scene011,phase0,3,67,headphone,headphone,scenes/scene011/0/labels/sam2_meta/v1.tar:sam2/mask_to_object.json
scene011,phase0,4,117.1,shoe,shoe.1,scenes/scene011/0/labels/sam2_meta/v1.tar:sam2/mask_to_object.json
scene011,phase0,5,89.3,mustard_bottle,mustard_bottle.3,scenes/scene011/0/labels/sam2_meta/v1.tar:sam2/mask_to_object.json
scene011,phase0,6,113.1,scissors,scissors.1,scenes/scene011/0/labels/sam2_meta/v1.tar:sam2/mask_to_object.json
scene011,phase0,7,5,apple,apple,scenes/scene011/0/labels/sam2_meta/v1.tar:sam2/mask_to_object.json
scene011,phase1,1,7.1,baking_tray,baking_tray.1,scenes/scene011/1/labels/sam2_meta/v1.tar:sam2/mask_to_object.json
scene011,phase1,2,66.1,hat,hat.1,scenes/scene011/1/labels/sam2_meta/v1.tar:sam2/mask_to_object.json
scene011,phase1,3,67,headphone,headphone,scenes/scene011/1/labels/sam2_meta/v1.tar:sam2/mask_to_object.json
scene011,phase1,4,117.1,shoe,shoe.1,scenes/scene011/1/labels/sam2_meta/v1.tar:sam2/mask_to_object.json
scene011,phase1,5,89.3,mustard_bottle,mustard_bottle.3,scenes/scene011/1/labels/sam2_meta/v1.tar:sam2/mask_to_object.json
scene011,phase1,6,113.1,scissors,scissors.1,scenes/scene011/1/labels/sam2_meta/v1.tar:sam2/mask_to_object.json
scene011,phase1,7,5,apple,apple,scenes/scene011/1/labels/sam2_meta/v1.tar:sam2/mask_to_object.json
scene011,phase2,1,7.1,baking_tray,baking_tray.1,scenes/scene011/2/labels/sam2_meta/v1.tar:sam2/mask_to_object.json
scene011,phase2,2,66.1,hat,hat.1,scenes/scene011/2/labels/sam2_meta/v1.tar:sam2/mask_to_object.json
scene011,phase2,3,67,headphone,headphone,scenes/scene011/2/labels/sam2_meta/v1.tar:sam2/mask_to_object.json
scene011,phase2,4,117.1,shoe,shoe.1,scenes/scene011/2/labels/sam2_meta/v1.tar:sam2/mask_to_object.json
scene011,phase2,5,89.3,mustard_bottle,mustard_bottle.3,scenes/scene011/2/labels/sam2_meta/v1.tar:sam2/mask_to_object.json
scene011,phase2,6,113.1,scissors,scissors.1,scenes/scene011/2/labels/sam2_meta/v1.tar:sam2/mask_to_object.json
scene011,phase2,7,5,apple,apple,scenes/scene011/2/labels/sam2_meta/v1.tar:sam2/mask_to_object.json
scene012,phase0,1,109,root_beer_bottle,root_beer_bottle,scenes/scene012/0/labels/sam2_meta/v1.tar:sam2/mask_to_object.json
scene012,phase0,2,141,tong,tong,scenes/scene012/0/labels/sam2_meta/v1.tar:sam2/mask_to_object.json
scene012,phase0,3,137,teapot,teapot,scenes/scene012/0/labels/sam2_meta/v1.tar:sam2/mask_to_object.json
scene012,phase0,4,96.2,peeler,peeler.2,scenes/scene012/0/labels/sam2_meta/v1.tar:sam2/mask_to_object.json
scene012,phase0,5,3,alarm_clock,alarm_clock,scenes/scene012/0/labels/sam2_meta/v1.tar:sam2/mask_to_object.json
scene012,phase0,6,120.3,soda_can,soda_can.3,scenes/scene012/0/labels/sam2_meta/v1.tar:sam2/mask_to_object.json
scene012,phase0,7,25.1,candy_bar,candy_bar.1,scenes/scene012/0/labels/sam2_meta/v1.tar:sam2/mask_to_object.json
scene012,phase1,1,109,root_beer_bottle,root_beer_bottle,scenes/scene012/1/labels/sam2_meta/v1.tar:sam2/mask_to_object.json
scene012,phase1,2,141,tong,tong,scenes/scene012/1/labels/sam2_meta/v1.tar:sam2/mask_to_object.json
scene012,phase1,3,137,teapot,teapot,scenes/scene012/1/labels/sam2_meta/v1.tar:sam2/mask_to_object.json
scene012,phase1,4,96.2,peeler,peeler.2,scenes/scene012/1/labels/sam2_meta/v1.tar:sam2/mask_to_object.json
scene012,phase1,5,3,alarm_clock,alarm_clock,scenes/scene012/1/labels/sam2_meta/v1.tar:sam2/mask_to_object.json
scene012,phase1,6,120.3,soda_can,soda_can.3,scenes/scene012/1/labels/sam2_meta/v1.tar:sam2/mask_to_object.json
scene012,phase1,7,25.1,candy_bar,candy_bar.1,scenes/scene012/1/labels/sam2_meta/v1.tar:sam2/mask_to_object.json
scene012,phase2,1,109,root_beer_bottle,root_beer_bottle,scenes/scene012/2/labels/sam2_meta/v1.tar:sam2/mask_to_object.json
scene012,phase2,2,141,tong,tong,scenes/scene012/2/labels/sam2_meta/v1.tar:sam2/mask_to_object.json
scene012,phase2,3,137,teapot,teapot,scenes/scene012/2/labels/sam2_meta/v1.tar:sam2/mask_to_object.json
scene012,phase2,4,96.2,peeler,peeler.2,scenes/scene012/2/labels/sam2_meta/v1.tar:sam2/mask_to_object.json
scene012,phase2,5,3,alarm_clock,alarm_clock,scenes/scene012/2/labels/sam2_meta/v1.tar:sam2/mask_to_object.json
scene012,phase2,6,120.3,soda_can,soda_can.3,scenes/scene012/2/labels/sam2_meta/v1.tar:sam2/mask_to_object.json
scene012,phase2,7,25.1,candy_bar,candy_bar.1,scenes/scene012/2/labels/sam2_meta/v1.tar:sam2/mask_to_object.json
scene013,phase0,1,50,food_bag,food_bag,scenes/scene013/0/labels/sam2_meta/v1.tar:sam2/mask_to_object.json
scene013,phase0,2,68,helmet,helmet,scenes/scene013/0/labels/sam2_meta/v1.tar:sam2/mask_to_object.json
scene013,phase0,3,82.2,lion,lion.2,scenes/scene013/0/labels/sam2_meta/v1.tar:sam2/mask_to_object.json
scene013,phase0,4,40.1,cup,cup.1,scenes/scene013/0/labels/sam2_meta/v1.tar:sam2/mask_to_object.json
scene013,phase0,5,125,sponge,sponge,scenes/scene013/0/labels/sam2_meta/v1.tar:sam2/mask_to_object.json
scene013,phase0,6,122.1,soup_can,soup_can.1,scenes/scene013/0/labels/sam2_meta/v1.tar:sam2/mask_to_object.json
scene013,phase0,7,10,baseball_ball,baseball_ball,scenes/scene013/0/labels/sam2_meta/v1.tar:sam2/mask_to_object.json
scene013,phase1,1,50,food_bag,food_bag,scenes/scene013/1/labels/sam2_meta/v1.tar:sam2/mask_to_object.json
scene013,phase1,2,68,helmet,helmet,scenes/scene013/1/labels/sam2_meta/v1.tar:sam2/mask_to_object.json
scene013,phase1,3,82.2,lion,lion.2,scenes/scene013/1/labels/sam2_meta/v1.tar:sam2/mask_to_object.json
scene013,phase1,4,40.1,cup,cup.1,scenes/scene013/1/labels/sam2_meta/v1.tar:sam2/mask_to_object.json
scene013,phase1,5,125,sponge,sponge,scenes/scene013/1/labels/sam2_meta/v1.tar:sam2/mask_to_object.json
scene013,phase1,6,122.1,soup_can,soup_can.1,scenes/scene013/1/labels/sam2_meta/v1.tar:sam2/mask_to_object.json
scene013,phase1,7,10,baseball_ball,baseball_ball,scenes/scene013/1/labels/sam2_meta/v1.tar:sam2/mask_to_object.json
scene013,phase2,1,50,food_bag,food_bag,scenes/scene013/2/labels/sam2_meta/v1.tar:sam2/mask_to_object.json
scene013,phase2,2,68,helmet,helmet,scenes/scene013/2/labels/sam2_meta/v1.tar:sam2/mask_to_object.json
scene013,phase2,3,82.2,lion,lion.2,scenes/scene013/2/labels/sam2_meta/v1.tar:sam2/mask_to_object.json
scene013,phase2,4,40.1,cup,cup.1,scenes/scene013/2/labels/sam2_meta/v1.tar:sam2/mask_to_object.json
scene013,phase2,5,125,sponge,sponge,scenes/scene013/2/labels/sam2_meta/v1.tar:sam2/mask_to_object.json
scene013,phase2,6,122.1,soup_can,soup_can.1,scenes/scene013/2/labels/sam2_meta/v1.tar:sam2/mask_to_object.json
scene013,phase2,7,10,baseball_ball,baseball_ball,scenes/scene013/2/labels/sam2_meta/v1.tar:sam2/mask_to_object.json
scene014,phase0,1,85.1,milk_box,milk_box.1,scenes/scene014/0/labels/sam2_meta/v1.tar:sam2/mask_to_object.json
scene014,phase0,2,63.2,hammer,hammer.2,scenes/scene014/0/labels/sam2_meta/v1.tar:sam2/mask_to_object.json
scene014,phase0,3,78,ladle,ladle,scenes/scene014/0/labels/sam2_meta/v1.tar:sam2/mask_to_object.json
scene014,phase0,4,148.2,water_bottle,water_bottle.2,scenes/scene014/0/labels/sam2_meta/v1.tar:sam2/mask_to_object.json
scene014,phase0,5,57.2,glove,glove.2,scenes/scene014/0/labels/sam2_meta/v1.tar:sam2/mask_to_object.json
scene014,phase0,6,9,banana,banana,scenes/scene014/0/labels/sam2_meta/v1.tar:sam2/mask_to_object.json
scene014,phase0,7,135,tape_measure,tape_measure,scenes/scene014/0/labels/sam2_meta/v1.tar:sam2/mask_to_object.json
scene014,phase1,1,85.1,milk_box,milk_box.1,scenes/scene014/1/labels/sam2_meta/v1.tar:sam2/mask_to_object.json
scene014,phase1,2,63.2,hammer,hammer.2,scenes/scene014/1/labels/sam2_meta/v1.tar:sam2/mask_to_object.json
scene014,phase1,3,78,ladle,ladle,scenes/scene014/1/labels/sam2_meta/v1.tar:sam2/mask_to_object.json
scene014,phase1,4,148.2,water_bottle,water_bottle.2,scenes/scene014/1/labels/sam2_meta/v1.tar:sam2/mask_to_object.json
scene014,phase1,5,57.2,glove,glove.2,scenes/scene014/1/labels/sam2_meta/v1.tar:sam2/mask_to_object.json
scene014,phase1,6,9,banana,banana,scenes/scene014/1/labels/sam2_meta/v1.tar:sam2/mask_to_object.json
scene014,phase1,7,135,tape_measure,tape_measure,scenes/scene014/1/labels/sam2_meta/v1.tar:sam2/mask_to_object.json
scene014,phase2,1,85.1,milk_box,milk_box.1,scenes/scene014/2/labels/sam2_meta/v1.tar:sam2/mask_to_object.json
scene014,phase2,2,63.2,hammer,hammer.2,scenes/scene014/2/labels/sam2_meta/v1.tar:sam2/mask_to_object.json
scene014,phase2,3,78,ladle,ladle,scenes/scene014/2/labels/sam2_meta/v1.tar:sam2/mask_to_object.json
scene014,phase2,4,148.2,water_bottle,water_bottle.2,scenes/scene014/2/labels/sam2_meta/v1.tar:sam2/mask_to_object.json
scene014,phase2,5,57.2,glove,glove.2,scenes/scene014/2/labels/sam2_meta/v1.tar:sam2/mask_to_object.json
scene014,phase2,6,9,banana,banana,scenes/scene014/2/labels/sam2_meta/v1.tar:sam2/mask_to_object.json
scene014,phase2,7,135,tape_measure,tape_measure,scenes/scene014/2/labels/sam2_meta/v1.tar:sam2/mask_to_object.json
scene015,phase0,1,121,soft_scrub_cleanser_bottle,soft_scrub_cleanser_bottle,scenes/scene015/0/labels/sam2_meta/v1.tar:sam2/mask_to_object.json
scene015,phase0,2,14.1,bear,bear.1,scenes/scene015/0/labels/sam2_meta/v1.tar:sam2/mask_to_object.json
scene015,phase0,3,37.1,coffee_can,coffee_can.1,scenes/scene015/0/labels/sam2_meta/v1.tar:sam2/mask_to_object.json
scene015,phase0,4,72.1,jello_box,jello_box.1,scenes/scene015/0/labels/sam2_meta/v1.tar:sam2/mask_to_object.json
scene015,phase0,5,70,instant_noodle_packet,instant_noodle_packet,scenes/scene015/0/labels/sam2_meta/v1.tar:sam2/mask_to_object.json
scene015,phase0,6,58.1,glue_bottle,glue_bottle.1,scenes/scene015/0/labels/sam2_meta/v1.tar:sam2/mask_to_object.json
scene015,phase0,7,142,toothpaste,toothpaste,scenes/scene015/0/labels/sam2_meta/v1.tar:sam2/mask_to_object.json
scene015,phase1,1,121,soft_scrub_cleanser_bottle,soft_scrub_cleanser_bottle,scenes/scene015/1/labels/sam2_meta/v1.tar:sam2/mask_to_object.json
scene015,phase1,2,14.1,bear,bear.1,scenes/scene015/1/labels/sam2_meta/v1.tar:sam2/mask_to_object.json
scene015,phase1,3,37.1,coffee_can,coffee_can.1,scenes/scene015/1/labels/sam2_meta/v1.tar:sam2/mask_to_object.json
scene015,phase1,4,72.1,jello_box,jello_box.1,scenes/scene015/1/labels/sam2_meta/v1.tar:sam2/mask_to_object.json
scene015,phase1,5,70,instant_noodle_packet,instant_noodle_packet,scenes/scene015/1/labels/sam2_meta/v1.tar:sam2/mask_to_object.json
scene015,phase1,6,58.1,glue_bottle,glue_bottle.1,scenes/scene015/1/labels/sam2_meta/v1.tar:sam2/mask_to_object.json
scene015,phase1,7,142,toothpaste,toothpaste,scenes/scene015/1/labels/sam2_meta/v1.tar:sam2/mask_to_object.json
scene015,phase2,1,121,soft_scrub_cleanser_bottle,soft_scrub_cleanser_bottle,scenes/scene015/2/labels/sam2_meta/v1.tar:sam2/mask_to_object.json
scene015,phase2,2,14.1,bear,bear.1,scenes/scene015/2/labels/sam2_meta/v1.tar:sam2/mask_to_object.json
scene015,phase2,3,37.1,coffee_can,coffee_can.1,scenes/scene015/2/labels/sam2_meta/v1.tar:sam2/mask_to_object.json
scene015,phase2,4,72.1,jello_box,jello_box.1,scenes/scene015/2/labels/sam2_meta/v1.tar:sam2/mask_to_object.json
scene015,phase2,5,70,instant_noodle_packet,instant_noodle_packet,scenes/scene015/2/labels/sam2_meta/v1.tar:sam2/mask_to_object.json
scene015,phase2,6,58.1,glue_bottle,glue_bottle.1,scenes/scene015/2/labels/sam2_meta/v1.tar:sam2/mask_to_object.json
scene015,phase2,7,142,toothpaste,toothpaste,scenes/scene015/2/labels/sam2_meta/v1.tar:sam2/mask_to_object.json
scene016,phase0,1,17.3,book,book.3,scenes/scene016/0/labels/sam2_meta/v1.tar:sam2/mask_to_object.json
scene016,phase0,2,102,power_drill,power_drill,scenes/scene016/0/labels/sam2_meta/v1.tar:sam2/mask_to_object.json
scene016,phase0,3,34,cleaning_brush,cleaning_brush,scenes/scene016/0/labels/sam2_meta/v1.tar:sam2/mask_to_object.json
scene016,phase0,4,88.2,mug,mug.2,scenes/scene016/0/labels/sam2_meta/v1.tar:sam2/mask_to_object.json
scene016,phase0,5,36,coffee_bottle,coffee_bottle,scenes/scene016/0/labels/sam2_meta/v1.tar:sam2/mask_to_object.json
scene016,phase0,6,133.2,t-handle,t-handle.2,scenes/scene016/0/labels/sam2_meta/v1.tar:sam2/mask_to_object.json
scene016,phase0,7,95,pear,pear,scenes/scene016/0/labels/sam2_meta/v1.tar:sam2/mask_to_object.json
scene016,phase1,1,17.3,book,book.3,scenes/scene016/1/labels/sam2_meta/v1.tar:sam2/mask_to_object.json
scene016,phase1,2,102,power_drill,power_drill,scenes/scene016/1/labels/sam2_meta/v1.tar:sam2/mask_to_object.json
scene016,phase1,3,34,cleaning_brush,cleaning_brush,scenes/scene016/1/labels/sam2_meta/v1.tar:sam2/mask_to_object.json
scene016,phase1,4,88.2,mug,mug.2,scenes/scene016/1/labels/sam2_meta/v1.tar:sam2/mask_to_object.json
scene016,phase1,5,36,coffee_bottle,coffee_bottle,scenes/scene016/1/labels/sam2_meta/v1.tar:sam2/mask_to_object.json
scene016,phase1,6,133.2,t-handle,t-handle.2,scenes/scene016/1/labels/sam2_meta/v1.tar:sam2/mask_to_object.json
scene016,phase1,7,95,pear,pear,scenes/scene016/1/labels/sam2_meta/v1.tar:sam2/mask_to_object.json
scene016,phase2,1,17.3,book,book.3,scenes/scene016/2/labels/sam2_meta/v1.tar:sam2/mask_to_object.json
scene016,phase2,2,102,power_drill,power_drill,scenes/scene016/2/labels/sam2_meta/v1.tar:sam2/mask_to_object.json
scene016,phase2,3,34,cleaning_brush,cleaning_brush,scenes/scene016/2/labels/sam2_meta/v1.tar:sam2/mask_to_object.json
scene016,phase2,4,88.2,mug,mug.2,scenes/scene016/2/labels/sam2_meta/v1.tar:sam2/mask_to_object.json
scene016,phase2,5,36,coffee_bottle,coffee_bottle,scenes/scene016/2/labels/sam2_meta/v1.tar:sam2/mask_to_object.json
scene016,phase2,6,133.2,t-handle,t-handle.2,scenes/scene016/2/labels/sam2_meta/v1.tar:sam2/mask_to_object.json
scene016,phase2,7,95,pear,pear,scenes/scene016/2/labels/sam2_meta/v1.tar:sam2/mask_to_object.json
scene017,phase0,1,74,kettle,kettle,scenes/scene017/0/labels/sam2_meta/v1.tar:sam2/mask_to_object.json
scene017,phase0,2,127.2,spray_bottle,spray_bottle.2,scenes/scene017/0/labels/sam2_meta/v1.tar:sam2/mask_to_object.json
scene017,phase0,3,73.2,juice_pouch,juice_pouch.2,scenes/scene017/0/labels/sam2_meta/v1.tar:sam2/mask_to_object.json
scene017,phase0,4,55,game_controller,game_controller,scenes/scene017/0/labels/sam2_meta/v1.tar:sam2/mask_to_object.json
scene017,phase0,5,84,meat_can,meat_can,scenes/scene017/0/labels/sam2_meta/v1.tar:sam2/mask_to_object.json
scene017,phase0,6,87.3,mouse,mouse.3,scenes/scene017/0/labels/sam2_meta/v1.tar:sam2/mask_to_object.json
scene017,phase0,7,83.5,marker,marker.5,scenes/scene017/0/labels/sam2_meta/v1.tar:sam2/mask_to_object.json
scene017,phase1,1,74,kettle,kettle,scenes/scene017/1/labels/sam2_meta/v1.tar:sam2/mask_to_object.json
scene017,phase1,2,127.2,spray_bottle,spray_bottle.2,scenes/scene017/1/labels/sam2_meta/v1.tar:sam2/mask_to_object.json
scene017,phase1,3,73.2,juice_pouch,juice_pouch.2,scenes/scene017/1/labels/sam2_meta/v1.tar:sam2/mask_to_object.json
scene017,phase1,4,55,game_controller,game_controller,scenes/scene017/1/labels/sam2_meta/v1.tar:sam2/mask_to_object.json
scene017,phase1,5,84,meat_can,meat_can,scenes/scene017/1/labels/sam2_meta/v1.tar:sam2/mask_to_object.json
scene017,phase1,6,87.3,mouse,mouse.3,scenes/scene017/1/labels/sam2_meta/v1.tar:sam2/mask_to_object.json
scene017,phase1,7,83.5,marker,marker.5,scenes/scene017/1/labels/sam2_meta/v1.tar:sam2/mask_to_object.json
scene017,phase2,1,74,kettle,kettle,scenes/scene017/2/labels/sam2_meta/v1.tar:sam2/mask_to_object.json
scene017,phase2,2,127.2,spray_bottle,spray_bottle.2,scenes/scene017/2/labels/sam2_meta/v1.tar:sam2/mask_to_object.json
scene017,phase2,3,73.2,juice_pouch,juice_pouch.2,scenes/scene017/2/labels/sam2_meta/v1.tar:sam2/mask_to_object.json
scene017,phase2,4,55,game_controller,game_controller,scenes/scene017/2/labels/sam2_meta/v1.tar:sam2/mask_to_object.json
scene017,phase2,5,84,meat_can,meat_can,scenes/scene017/2/labels/sam2_meta/v1.tar:sam2/mask_to_object.json
scene017,phase2,6,87.3,mouse,mouse.3,scenes/scene017/2/labels/sam2_meta/v1.tar:sam2/mask_to_object.json
scene017,phase2,7,83.5,marker,marker.5,scenes/scene017/2/labels/sam2_meta/v1.tar:sam2/mask_to_object.json
scene018,phase0,1,65,handy_pot,handy_pot,scenes/scene018/0/labels/sam2_meta/v1.tar:sam2/mask_to_object.json
scene018,phase0,2,86,milk_jug,milk_jug,scenes/scene018/0/labels/sam2_meta/v1.tar:sam2/mask_to_object.json
scene018,phase0,3,18.2,boot,boot.2,scenes/scene018/0/labels/sam2_meta/v1.tar:sam2/mask_to_object.json
scene018,phase0,4,43.1,doll,doll.1,scenes/scene018/0/labels/sam2_meta/v1.tar:sam2/mask_to_object.json
scene018,phase0,5,11.1,basting_brush,basting_brush.1,scenes/scene018/0/labels/sam2_meta/v1.tar:sam2/mask_to_object.json
scene018,phase0,6,107,remote_controller,remote_controller,scenes/scene018/0/labels/sam2_meta/v1.tar:sam2/mask_to_object.json
scene018,phase1,1,65,handy_pot,handy_pot,scenes/scene018/1/labels/sam2_meta/v1.tar:sam2/mask_to_object.json
scene018,phase1,2,86,milk_jug,milk_jug,scenes/scene018/1/labels/sam2_meta/v1.tar:sam2/mask_to_object.json
scene018,phase1,3,18.2,boot,boot.2,scenes/scene018/1/labels/sam2_meta/v1.tar:sam2/mask_to_object.json
scene018,phase1,4,43.1,doll,doll.1,scenes/scene018/1/labels/sam2_meta/v1.tar:sam2/mask_to_object.json
scene018,phase1,5,11.1,basting_brush,basting_brush.1,scenes/scene018/1/labels/sam2_meta/v1.tar:sam2/mask_to_object.json
scene018,phase1,6,107,remote_controller,remote_controller,scenes/scene018/1/labels/sam2_meta/v1.tar:sam2/mask_to_object.json
scene018,phase2,1,65,handy_pot,handy_pot,scenes/scene018/2/labels/sam2_meta/v1.tar:sam2/mask_to_object.json
scene018,phase2,2,86,milk_jug,milk_jug,scenes/scene018/2/labels/sam2_meta/v1.tar:sam2/mask_to_object.json
scene018,phase2,3,18.2,boot,boot.2,scenes/scene018/2/labels/sam2_meta/v1.tar:sam2/mask_to_object.json
scene018,phase2,4,43.1,doll,doll.1,scenes/scene018/2/labels/sam2_meta/v1.tar:sam2/mask_to_object.json
scene018,phase2,5,11.1,basting_brush,basting_brush.1,scenes/scene018/2/labels/sam2_meta/v1.tar:sam2/mask_to_object.json
scene018,phase2,6,107,remote_controller,remote_controller,scenes/scene018/2/labels/sam2_meta/v1.tar:sam2/mask_to_object.json
scene019,phase0,1,49.1,fry_pan,fry_pan.1,scenes/scene019/0/labels/sam2_meta/v1.tar:sam2/mask_to_object.json
scene019,phase0,2,13.2,beanie,beanie.2,scenes/scene019/0/labels/sam2_meta/v1.tar:sam2/mask_to_object.json
scene019,phase0,3,144.2,towel,towel.2,scenes/scene019/0/labels/sam2_meta/v1.tar:sam2/mask_to_object.json
scene019,phase0,4,103.2,pringles_can,pringles_can.2,scenes/scene019/0/labels/sam2_meta/v1.tar:sam2/mask_to_object.json
scene019,phase0,5,147,umbrella,umbrella,scenes/scene019/0/labels/sam2_meta/v1.tar:sam2/mask_to_object.json
scene019,phase0,6,114,shampoo_bottle,shampoo_bottle,scenes/scene019/0/labels/sam2_meta/v1.tar:sam2/mask_to_object.json
scene019,phase0,7,77.1,knife,knife.1,scenes/scene019/0/labels/sam2_meta/v1.tar:sam2/mask_to_object.json
scene019,phase1,1,49.1,fry_pan,fry_pan.1,scenes/scene019/1/labels/sam2_meta/v1.tar:sam2/mask_to_object.json
scene019,phase1,2,13.2,beanie,beanie.2,scenes/scene019/1/labels/sam2_meta/v1.tar:sam2/mask_to_object.json
scene019,phase1,3,144.2,towel,towel.2,scenes/scene019/1/labels/sam2_meta/v1.tar:sam2/mask_to_object.json
scene019,phase1,4,103.2,pringles_can,pringles_can.2,scenes/scene019/1/labels/sam2_meta/v1.tar:sam2/mask_to_object.json
scene019,phase1,5,147,umbrella,umbrella,scenes/scene019/1/labels/sam2_meta/v1.tar:sam2/mask_to_object.json
scene019,phase1,6,114,shampoo_bottle,shampoo_bottle,scenes/scene019/1/labels/sam2_meta/v1.tar:sam2/mask_to_object.json
scene019,phase1,7,77.1,knife,knife.1,scenes/scene019/1/labels/sam2_meta/v1.tar:sam2/mask_to_object.json
scene019,phase2,1,49.1,fry_pan,fry_pan.1,scenes/scene019/2/labels/sam2_meta/v1.tar:sam2/mask_to_object.json
scene019,phase2,2,13.2,beanie,beanie.2,scenes/scene019/2/labels/sam2_meta/v1.tar:sam2/mask_to_object.json
scene019,phase2,3,144.2,towel,towel.2,scenes/scene019/2/labels/sam2_meta/v1.tar:sam2/mask_to_object.json
scene019,phase2,4,103.2,pringles_can,pringles_can.2,scenes/scene019/2/labels/sam2_meta/v1.tar:sam2/mask_to_object.json
scene019,phase2,5,147,umbrella,umbrella,scenes/scene019/2/labels/sam2_meta/v1.tar:sam2/mask_to_object.json
scene019,phase2,6,114,shampoo_bottle,shampoo_bottle,scenes/scene019/2/labels/sam2_meta/v1.tar:sam2/mask_to_object.json
scene019,phase2,7,77.1,knife,knife.1,scenes/scene019/2/labels/sam2_meta/v1.tar:sam2/mask_to_object.json
scene020,phase0,1,1,air_duster_can,air_duster_can,scenes/scene020/0/labels/sam2_meta/v1.tar:sam2/mask_to_object.json
scene020,phase0,2,38,cracker_box,cracker_box,scenes/scene020/0/labels/sam2_meta/v1.tar:sam2/mask_to_object.json
scene020,phase0,3,23,cable,cable,scenes/scene020/0/labels/sam2_meta/v1.tar:sam2/mask_to_object.json
scene020,phase0,4,62,hair_brush,hairbrush,scenes/scene020/0/labels/sam2_meta/v1.tar:sam2/mask_to_object.json
scene020,phase0,5,124.2,spatula,spatula.2,scenes/scene020/0/labels/sam2_meta/v1.tar:sam2/mask_to_object.json
scene020,phase0,6,20.1,bowl,bowl.1,scenes/scene020/0/labels/sam2_meta/v1.tar:sam2/mask_to_object.json
scene020,phase0,7,71,jar,jar,scenes/scene020/0/labels/sam2_meta/v1.tar:sam2/mask_to_object.json
scene020,phase1,1,1,air_duster_can,air_duster_can,scenes/scene020/1/labels/sam2_meta/v1.tar:sam2/mask_to_object.json
scene020,phase1,2,38,cracker_box,cracker_box,scenes/scene020/1/labels/sam2_meta/v1.tar:sam2/mask_to_object.json
scene020,phase1,3,23,cable,cable,scenes/scene020/1/labels/sam2_meta/v1.tar:sam2/mask_to_object.json
scene020,phase1,4,62,hair_brush,hairbrush,scenes/scene020/1/labels/sam2_meta/v1.tar:sam2/mask_to_object.json
scene020,phase1,5,124.2,spatula,spatula.2,scenes/scene020/1/labels/sam2_meta/v1.tar:sam2/mask_to_object.json
scene020,phase1,6,20.1,bowl,bowl.1,scenes/scene020/1/labels/sam2_meta/v1.tar:sam2/mask_to_object.json
scene020,phase1,7,71,jar,jar,scenes/scene020/1/labels/sam2_meta/v1.tar:sam2/mask_to_object.json
scene020,phase2,1,1,air_duster_can,air_duster_can,scenes/scene020/2/labels/sam2_meta/v1.tar:sam2/mask_to_object.json
scene020,phase2,2,38,cracker_box,cracker_box,scenes/scene020/2/labels/sam2_meta/v1.tar:sam2/mask_to_object.json
scene020,phase2,3,23,cable,cable,scenes/scene020/2/labels/sam2_meta/v1.tar:sam2/mask_to_object.json
scene020,phase2,4,62,hair_brush,hairbrush,scenes/scene020/2/labels/sam2_meta/v1.tar:sam2/mask_to_object.json
scene020,phase2,5,124.2,spatula,spatula.2,scenes/scene020/2/labels/sam2_meta/v1.tar:sam2/mask_to_object.json
scene020,phase2,6,20.1,bowl,bowl.1,scenes/scene020/2/labels/sam2_meta/v1.tar:sam2/mask_to_object.json
scene020,phase2,7,71,jar,jar,scenes/scene020/2/labels/sam2_meta/v1.tar:sam2/mask_to_object.json
scene021,phase0,1,65,handy_pot,handy_pot,scenes/scene021/0/labels/sam2_meta/v1.tar:sam2/mask_to_object.json
scene021,phase0,2,11.1,basting_brush,basting_brush.1,scenes/scene021/0/labels/sam2_meta/v1.tar:sam2/mask_to_object.json
scene021,phase0,3,43.1,doll,doll.1,scenes/scene021/0/labels/sam2_meta/v1.tar:sam2/mask_to_object.json
scene021,phase0,4,23,cable,cable,scenes/scene021/0/labels/sam2_meta/v1.tar:sam2/mask_to_object.json
scene021,phase0,5,63.2,hammer,hammer.2,scenes/scene021/0/labels/sam2_meta/v1.tar:sam2/mask_to_object.json
scene021,phase0,6,9,banana,banana,scenes/scene021/0/labels/sam2_meta/v1.tar:sam2/mask_to_object.json
scene021,phase0,7,133.2,t-handle,t-handle.2,scenes/scene021/0/labels/sam2_meta/v1.tar:sam2/mask_to_object.json
scene021,phase1,1,65,handy_pot,handy_pot,scenes/scene021/1/labels/sam2_meta/v1.tar:sam2/mask_to_object.json
scene021,phase1,2,11.1,basting_brush,basting_brush.1,scenes/scene021/1/labels/sam2_meta/v1.tar:sam2/mask_to_object.json
scene021,phase1,3,43.1,doll,doll.1,scenes/scene021/1/labels/sam2_meta/v1.tar:sam2/mask_to_object.json
scene021,phase1,4,23,cable,cable,scenes/scene021/1/labels/sam2_meta/v1.tar:sam2/mask_to_object.json
scene021,phase1,5,63.2,hammer,hammer.2,scenes/scene021/1/labels/sam2_meta/v1.tar:sam2/mask_to_object.json
scene021,phase1,6,9,banana,banana,scenes/scene021/1/labels/sam2_meta/v1.tar:sam2/mask_to_object.json
scene021,phase1,7,133.2,t-handle,t-handle.2,scenes/scene021/1/labels/sam2_meta/v1.tar:sam2/mask_to_object.json
scene021,phase2,1,65,handy_pot,handy_pot,scenes/scene021/2/labels/sam2_meta/v1.tar:sam2/mask_to_object.json
scene021,phase2,2,11.1,basting_brush,basting_brush.1,scenes/scene021/2/labels/sam2_meta/v1.tar:sam2/mask_to_object.json
scene021,phase2,3,43.1,doll,doll.1,scenes/scene021/2/labels/sam2_meta/v1.tar:sam2/mask_to_object.json
scene021,phase2,4,23,cable,cable,scenes/scene021/2/labels/sam2_meta/v1.tar:sam2/mask_to_object.json
scene021,phase2,5,63.2,hammer,hammer.2,scenes/scene021/2/labels/sam2_meta/v1.tar:sam2/mask_to_object.json
scene021,phase2,6,9,banana,banana,scenes/scene021/2/labels/sam2_meta/v1.tar:sam2/mask_to_object.json
scene021,phase2,7,133.2,t-handle,t-handle.2,scenes/scene021/2/labels/sam2_meta/v1.tar:sam2/mask_to_object.json
scene022,phase0,1,109,root_beer_bottle,root_beer_bottle,scenes/scene022/0/labels/sam2_meta/v1.tar:sam2/mask_to_object.json
scene022,phase0,2,117.1,shoe,shoe.1,scenes/scene022/0/labels/sam2_meta/v1.tar:sam2/mask_to_object.json
scene022,phase0,3,70,instant_noodle_packet,instant_noodle_packet,scenes/scene022/0/labels/sam2_meta/v1.tar:sam2/mask_to_object.json
scene022,phase0,4,58.1,glue_bottle,glue_bottle.1,scenes/scene022/0/labels/sam2_meta/v1.tar:sam2/mask_to_object.json
scene022,phase0,5,107,remote_controller,remote_controller,scenes/scene022/0/labels/sam2_meta/v1.tar:sam2/mask_to_object.json
scene022,phase0,6,25.1,candy_bar,candy_bar.1,scenes/scene022/0/labels/sam2_meta/v1.tar:sam2/mask_to_object.json
scene022,phase0,7,95,pear,pear,scenes/scene022/0/labels/sam2_meta/v1.tar:sam2/mask_to_object.json
scene022,phase1,1,109,root_beer_bottle,root_beer_bottle,scenes/scene022/1/labels/sam2_meta/v1.tar:sam2/mask_to_object.json
scene022,phase1,2,117.1,shoe,shoe.1,scenes/scene022/1/labels/sam2_meta/v1.tar:sam2/mask_to_object.json
scene022,phase1,3,70,instant_noodle_packet,instant_noodle_packet,scenes/scene022/1/labels/sam2_meta/v1.tar:sam2/mask_to_object.json
scene022,phase1,4,58.1,glue_bottle,glue_bottle.1,scenes/scene022/1/labels/sam2_meta/v1.tar:sam2/mask_to_object.json
scene022,phase1,5,107,remote_controller,remote_controller,scenes/scene022/1/labels/sam2_meta/v1.tar:sam2/mask_to_object.json
scene022,phase1,6,25.1,candy_bar,candy_bar.1,scenes/scene022/1/labels/sam2_meta/v1.tar:sam2/mask_to_object.json
scene022,phase1,7,95,pear,pear,scenes/scene022/1/labels/sam2_meta/v1.tar:sam2/mask_to_object.json
scene022,phase2,1,109,root_beer_bottle,root_beer_bottle,scenes/scene022/2/labels/sam2_meta/v1.tar:sam2/mask_to_object.json
scene022,phase2,2,117.1,shoe,shoe.1,scenes/scene022/2/labels/sam2_meta/v1.tar:sam2/mask_to_object.json
scene022,phase2,3,70,instant_noodle_packet,instant_noodle_packet,scenes/scene022/2/labels/sam2_meta/v1.tar:sam2/mask_to_object.json
scene022,phase2,4,58.1,glue_bottle,glue_bottle.1,scenes/scene022/2/labels/sam2_meta/v1.tar:sam2/mask_to_object.json
scene022,phase2,5,107,remote_controller,remote_controller,scenes/scene022/2/labels/sam2_meta/v1.tar:sam2/mask_to_object.json
scene022,phase2,6,25.1,candy_bar,candy_bar.1,scenes/scene022/2/labels/sam2_meta/v1.tar:sam2/mask_to_object.json
scene022,phase2,7,95,pear,pear,scenes/scene022/2/labels/sam2_meta/v1.tar:sam2/mask_to_object.json
scene023,phase0,1,87.3,mouse,mouse.3,scenes/scene023/0/labels/sam2_meta/v1.tar:sam2/mask_to_object.json
scene023,phase0,2,37.1,coffee_can,coffee_can.1,scenes/scene023/0/labels/sam2_meta/v1.tar:sam2/mask_to_object.json
scene023,phase0,3,7.1,baking_tray,baking_tray.1,scenes/scene023/0/labels/sam2_meta/v1.tar:sam2/mask_to_object.json
scene023,phase0,4,82.2,lion,lion.2,scenes/scene023/0/labels/sam2_meta/v1.tar:sam2/mask_to_object.json
scene023,phase0,5,20.1,bowl,bowl.1,scenes/scene023/0/labels/sam2_meta/v1.tar:sam2/mask_to_object.json
scene023,phase0,6,85.1,milk_box,milk_box.1,scenes/scene023/0/labels/sam2_meta/v1.tar:sam2/mask_to_object.json
scene023,phase0,7,62,hair_brush,hairbrush,scenes/scene023/0/labels/sam2_meta/v1.tar:sam2/mask_to_object.json
scene023,phase1,1,87.3,mouse,mouse.3,scenes/scene023/1/labels/sam2_meta/v1.tar:sam2/mask_to_object.json
scene023,phase1,2,37.1,coffee_can,coffee_can.1,scenes/scene023/1/labels/sam2_meta/v1.tar:sam2/mask_to_object.json
scene023,phase1,3,7.1,baking_tray,baking_tray.1,scenes/scene023/1/labels/sam2_meta/v1.tar:sam2/mask_to_object.json
scene023,phase1,4,82.2,lion,lion.2,scenes/scene023/1/labels/sam2_meta/v1.tar:sam2/mask_to_object.json
scene023,phase1,5,20.1,bowl,bowl.1,scenes/scene023/1/labels/sam2_meta/v1.tar:sam2/mask_to_object.json
scene023,phase1,6,85.1,milk_box,milk_box.1,scenes/scene023/1/labels/sam2_meta/v1.tar:sam2/mask_to_object.json
scene023,phase1,7,62,hair_brush,hairbrush,scenes/scene023/1/labels/sam2_meta/v1.tar:sam2/mask_to_object.json
scene023,phase2,1,87.3,mouse,mouse.3,scenes/scene023/2/labels/sam2_meta/v1.tar:sam2/mask_to_object.json
scene023,phase2,2,37.1,coffee_can,coffee_can.1,scenes/scene023/2/labels/sam2_meta/v1.tar:sam2/mask_to_object.json
scene023,phase2,3,7.1,baking_tray,baking_tray.1,scenes/scene023/2/labels/sam2_meta/v1.tar:sam2/mask_to_object.json
scene023,phase2,4,82.2,lion,lion.2,scenes/scene023/2/labels/sam2_meta/v1.tar:sam2/mask_to_object.json
scene023,phase2,5,20.1,bowl,bowl.1,scenes/scene023/2/labels/sam2_meta/v1.tar:sam2/mask_to_object.json
scene023,phase2,6,85.1,milk_box,milk_box.1,scenes/scene023/2/labels/sam2_meta/v1.tar:sam2/mask_to_object.json
scene023,phase2,7,62,hair_brush,hairbrush,scenes/scene023/2/labels/sam2_meta/v1.tar:sam2/mask_to_object.json
scene024,phase0,1,38,cracker_box,cracker_box,scenes/scene024/0/labels/sam2_meta/v1.tar:sam2/mask_to_object.json
scene024,phase0,2,14.1,bear,bear.1,scenes/scene024/0/labels/sam2_meta/v1.tar:sam2/mask_to_object.json
scene024,phase0,3,34,cleaning_brush,cleaning_brush,scenes/scene024/0/labels/sam2_meta/v1.tar:sam2/mask_to_object.json
scene024,phase0,4,40.1,cup,cup.1,scenes/scene024/0/labels/sam2_meta/v1.tar:sam2/mask_to_object.json
scene024,phase0,5,3,alarm_clock,alarm_clock,scenes/scene024/0/labels/sam2_meta/v1.tar:sam2/mask_to_object.json
scene024,phase0,6,125,sponge,sponge,scenes/scene024/0/labels/sam2_meta/v1.tar:sam2/mask_to_object.json
scene024,phase0,7,36,coffee_bottle,coffee_bottle,scenes/scene024/0/labels/sam2_meta/v1.tar:sam2/mask_to_object.json
scene024,phase1,1,38,cracker_box,cracker_box,scenes/scene024/1/labels/sam2_meta/v1.tar:sam2/mask_to_object.json
scene024,phase1,2,14.1,bear,bear.1,scenes/scene024/1/labels/sam2_meta/v1.tar:sam2/mask_to_object.json
scene024,phase1,3,34,cleaning_brush,cleaning_brush,scenes/scene024/1/labels/sam2_meta/v1.tar:sam2/mask_to_object.json
scene024,phase1,4,40.1,cup,cup.1,scenes/scene024/1/labels/sam2_meta/v1.tar:sam2/mask_to_object.json
scene024,phase1,5,3,alarm_clock,alarm_clock,scenes/scene024/1/labels/sam2_meta/v1.tar:sam2/mask_to_object.json
scene024,phase1,6,125,sponge,sponge,scenes/scene024/1/labels/sam2_meta/v1.tar:sam2/mask_to_object.json
scene024,phase1,7,36,coffee_bottle,coffee_bottle,scenes/scene024/1/labels/sam2_meta/v1.tar:sam2/mask_to_object.json
scene024,phase2,1,38,cracker_box,cracker_box,scenes/scene024/2/labels/sam2_meta/v1.tar:sam2/mask_to_object.json
scene024,phase2,2,14.1,bear,bear.1,scenes/scene024/2/labels/sam2_meta/v1.tar:sam2/mask_to_object.json
scene024,phase2,3,34,cleaning_brush,cleaning_brush,scenes/scene024/2/labels/sam2_meta/v1.tar:sam2/mask_to_object.json
scene024,phase2,4,40.1,cup,cup.1,scenes/scene024/2/labels/sam2_meta/v1.tar:sam2/mask_to_object.json
scene024,phase2,5,3,alarm_clock,alarm_clock,scenes/scene024/2/labels/sam2_meta/v1.tar:sam2/mask_to_object.json
scene024,phase2,6,125,sponge,sponge,scenes/scene024/2/labels/sam2_meta/v1.tar:sam2/mask_to_object.json
scene024,phase2,7,36,coffee_bottle,coffee_bottle,scenes/scene024/2/labels/sam2_meta/v1.tar:sam2/mask_to_object.json
scene025,phase0,1,67,headphone,headphone,scenes/scene025/0/labels/sam2_meta/v1.tar:sam2/mask_to_object.json
scene025,phase0,2,135,tape_measure,tape_measure,scenes/scene025/0/labels/sam2_meta/v1.tar:sam2/mask_to_object.json
scene025,phase0,3,74,kettle,kettle,scenes/scene025/0/labels/sam2_meta/v1.tar:sam2/mask_to_object.json
scene025,phase0,4,73.2,juice_pouch,juice_pouch.2,scenes/scene025/0/labels/sam2_meta/v1.tar:sam2/mask_to_object.json
scene025,phase0,5,127.2,spray_bottle,spray_bottle.2,scenes/scene025/0/labels/sam2_meta/v1.tar:sam2/mask_to_object.json
scene025,phase0,6,114,shampoo_bottle,shampoo_bottle,scenes/scene025/0/labels/sam2_meta/v1.tar:sam2/mask_to_object.json
scene025,phase0,7,88.2,mug,mug.2,scenes/scene025/0/labels/sam2_meta/v1.tar:sam2/mask_to_object.json
scene025,phase1,1,67,headphone,headphone,scenes/scene025/1/labels/sam2_meta/v1.tar:sam2/mask_to_object.json
scene025,phase1,2,135,tape_measure,tape_measure,scenes/scene025/1/labels/sam2_meta/v1.tar:sam2/mask_to_object.json
scene025,phase1,3,74,kettle,kettle,scenes/scene025/1/labels/sam2_meta/v1.tar:sam2/mask_to_object.json
scene025,phase1,4,73.2,juice_pouch,juice_pouch.2,scenes/scene025/1/labels/sam2_meta/v1.tar:sam2/mask_to_object.json
scene025,phase1,5,127.2,spray_bottle,spray_bottle.2,scenes/scene025/1/labels/sam2_meta/v1.tar:sam2/mask_to_object.json
scene025,phase1,6,114,shampoo_bottle,shampoo_bottle,scenes/scene025/1/labels/sam2_meta/v1.tar:sam2/mask_to_object.json
scene025,phase1,7,88.2,mug,mug.2,scenes/scene025/1/labels/sam2_meta/v1.tar:sam2/mask_to_object.json
scene025,phase2,1,67,headphone,headphone,scenes/scene025/2/labels/sam2_meta/v1.tar:sam2/mask_to_object.json
scene025,phase2,2,135,tape_measure,tape_measure,scenes/scene025/2/labels/sam2_meta/v1.tar:sam2/mask_to_object.json
scene025,phase2,3,74,kettle,kettle,scenes/scene025/2/labels/sam2_meta/v1.tar:sam2/mask_to_object.json
scene025,phase2,4,73.2,juice_pouch,juice_pouch.2,scenes/scene025/2/labels/sam2_meta/v1.tar:sam2/mask_to_object.json
scene025,phase2,5,127.2,spray_bottle,spray_bottle.2,scenes/scene025/2/labels/sam2_meta/v1.tar:sam2/mask_to_object.json
scene025,phase2,6,114,shampoo_bottle,shampoo_bottle,scenes/scene025/2/labels/sam2_meta/v1.tar:sam2/mask_to_object.json
scene025,phase2,7,88.2,mug,mug.2,scenes/scene025/2/labels/sam2_meta/v1.tar:sam2/mask_to_object.json
scene026,phase0,1,10,baseball_ball,baseball_ball,scenes/scene026/0/labels/sam2_meta/v1.tar:sam2/mask_to_object.json
scene026,phase0,2,102,power_drill,power_drill,scenes/scene026/0/labels/sam2_meta/v1.tar:sam2/mask_to_object.json
scene026,phase0,3,49.1,fry_pan,fry_pan.1,scenes/scene026/0/labels/sam2_meta/v1.tar:sam2/mask_to_object.json
scene026,phase0,4,86,milk_jug,milk_jug,scenes/scene026/0/labels/sam2_meta/v1.tar:sam2/mask_to_object.json
scene026,phase0,5,96.2,peeler,peeler.2,scenes/scene026/0/labels/sam2_meta/v1.tar:sam2/mask_to_object.json
scene026,phase0,6,78,ladle,ladle,scenes/scene026/0/labels/sam2_meta/v1.tar:sam2/mask_to_object.json
scene026,phase0,7,137,teapot,teapot,scenes/scene026/0/labels/sam2_meta/v1.tar:sam2/mask_to_object.json
scene026,phase1,1,10,baseball_ball,baseball_ball,scenes/scene026/1/labels/sam2_meta/v1.tar:sam2/mask_to_object.json
scene026,phase1,2,102,power_drill,power_drill,scenes/scene026/1/labels/sam2_meta/v1.tar:sam2/mask_to_object.json
scene026,phase1,3,49.1,fry_pan,fry_pan.1,scenes/scene026/1/labels/sam2_meta/v1.tar:sam2/mask_to_object.json
scene026,phase1,4,86,milk_jug,milk_jug,scenes/scene026/1/labels/sam2_meta/v1.tar:sam2/mask_to_object.json
scene026,phase1,5,96.2,peeler,peeler.2,scenes/scene026/1/labels/sam2_meta/v1.tar:sam2/mask_to_object.json
scene026,phase1,6,78,ladle,ladle,scenes/scene026/1/labels/sam2_meta/v1.tar:sam2/mask_to_object.json
scene026,phase1,7,137,teapot,teapot,scenes/scene026/1/labels/sam2_meta/v1.tar:sam2/mask_to_object.json
scene026,phase2,1,10,baseball_ball,baseball_ball,scenes/scene026/2/labels/sam2_meta/v1.tar:sam2/mask_to_object.json
scene026,phase2,2,102,power_drill,power_drill,scenes/scene026/2/labels/sam2_meta/v1.tar:sam2/mask_to_object.json
scene026,phase2,3,49.1,fry_pan,fry_pan.1,scenes/scene026/2/labels/sam2_meta/v1.tar:sam2/mask_to_object.json
scene026,phase2,4,86,milk_jug,milk_jug,scenes/scene026/2/labels/sam2_meta/v1.tar:sam2/mask_to_object.json
scene026,phase2,5,96.2,peeler,peeler.2,scenes/scene026/2/labels/sam2_meta/v1.tar:sam2/mask_to_object.json
scene026,phase2,6,78,ladle,ladle,scenes/scene026/2/labels/sam2_meta/v1.tar:sam2/mask_to_object.json
scene026,phase2,7,137,teapot,teapot,scenes/scene026/2/labels/sam2_meta/v1.tar:sam2/mask_to_object.json
scene027,phase0,1,50,food_bag,food_bag,scenes/scene027/0/labels/sam2_meta/v1.tar:sam2/mask_to_object.json
scene027,phase0,2,17.3,book,book.3,scenes/scene027/0/labels/sam2_meta/v1.tar:sam2/mask_to_object.json
scene027,phase0,3,141,tong,tong,scenes/scene027/0/labels/sam2_meta/v1.tar:sam2/mask_to_object.json
scene027,phase0,4,124.2,spatula,spatula.2,scenes/scene027/0/labels/sam2_meta/v1.tar:sam2/mask_to_object.json
scene027,phase0,5,1,air_duster_can,air_duster_can,scenes/scene027/0/labels/sam2_meta/v1.tar:sam2/mask_to_object.json
scene027,phase0,6,103.2,pringles_can,pringles_can.2,scenes/scene027/0/labels/sam2_meta/v1.tar:sam2/mask_to_object.json
scene027,phase0,7,84,meat_can,meat_can,scenes/scene027/0/labels/sam2_meta/v1.tar:sam2/mask_to_object.json
scene027,phase1,1,50,food_bag,food_bag,scenes/scene027/1/labels/sam2_meta/v1.tar:sam2/mask_to_object.json
scene027,phase1,2,17.3,book,book.3,scenes/scene027/1/labels/sam2_meta/v1.tar:sam2/mask_to_object.json
scene027,phase1,3,141,tong,tong,scenes/scene027/1/labels/sam2_meta/v1.tar:sam2/mask_to_object.json
scene027,phase1,4,124.2,spatula,spatula.2,scenes/scene027/1/labels/sam2_meta/v1.tar:sam2/mask_to_object.json
scene027,phase1,5,1,air_duster_can,air_duster_can,scenes/scene027/1/labels/sam2_meta/v1.tar:sam2/mask_to_object.json
scene027,phase1,6,103.2,pringles_can,pringles_can.2,scenes/scene027/1/labels/sam2_meta/v1.tar:sam2/mask_to_object.json
scene027,phase1,7,84,meat_can,meat_can,scenes/scene027/1/labels/sam2_meta/v1.tar:sam2/mask_to_object.json
scene027,phase2,1,50,food_bag,food_bag,scenes/scene027/2/labels/sam2_meta/v1.tar:sam2/mask_to_object.json
scene027,phase2,2,17.3,book,book.3,scenes/scene027/2/labels/sam2_meta/v1.tar:sam2/mask_to_object.json
scene027,phase2,3,141,tong,tong,scenes/scene027/2/labels/sam2_meta/v1.tar:sam2/mask_to_object.json
scene027,phase2,4,124.2,spatula,spatula.2,scenes/scene027/2/labels/sam2_meta/v1.tar:sam2/mask_to_object.json
scene027,phase2,5,1,air_duster_can,air_duster_can,scenes/scene027/2/labels/sam2_meta/v1.tar:sam2/mask_to_object.json
scene027,phase2,6,103.2,pringles_can,pringles_can.2,scenes/scene027/2/labels/sam2_meta/v1.tar:sam2/mask_to_object.json
scene027,phase2,7,84,meat_can,meat_can,scenes/scene027/2/labels/sam2_meta/v1.tar:sam2/mask_to_object.json
scene028,phase0,1,13.2,beanie,beanie.2,scenes/scene028/0/labels/sam2_meta/v1.tar:sam2/mask_to_object.json
scene028,phase0,2,121,soft_scrub_cleanser_bottle,soft_scrub_cleanser_bottle,scenes/scene028/0/labels/sam2_meta/v1.tar:sam2/mask_to_object.json
scene028,phase0,3,66.1,hat,hat.1,scenes/scene028/0/labels/sam2_meta/v1.tar:sam2/mask_to_object.json
scene028,phase0,4,113.1,scissors,scissors.1,scenes/scene028/0/labels/sam2_meta/v1.tar:sam2/mask_to_object.json
scene028,phase0,5,71,jar,jar,scenes/scene028/0/labels/sam2_meta/v1.tar:sam2/mask_to_object.json
scene028,phase0,6,55,game_controller,game_controller,scenes/scene028/0/labels/sam2_meta/v1.tar:sam2/mask_to_object.json
scene028,phase0,7,122.1,soup_can,soup_can.1,scenes/scene028/0/labels/sam2_meta/v1.tar:sam2/mask_to_object.json
scene028,phase1,1,13.2,beanie,beanie.2,scenes/scene028/1/labels/sam2_meta/v1.tar:sam2/mask_to_object.json
scene028,phase1,2,121,soft_scrub_cleanser_bottle,soft_scrub_cleanser_bottle,scenes/scene028/1/labels/sam2_meta/v1.tar:sam2/mask_to_object.json
scene028,phase1,3,66.1,hat,hat.1,scenes/scene028/1/labels/sam2_meta/v1.tar:sam2/mask_to_object.json
scene028,phase1,4,113.1,scissors,scissors.1,scenes/scene028/1/labels/sam2_meta/v1.tar:sam2/mask_to_object.json
scene028,phase1,5,71,jar,jar,scenes/scene028/1/labels/sam2_meta/v1.tar:sam2/mask_to_object.json
scene028,phase1,6,55,game_controller,game_controller,scenes/scene028/1/labels/sam2_meta/v1.tar:sam2/mask_to_object.json
scene028,phase1,7,122.1,soup_can,soup_can.1,scenes/scene028/1/labels/sam2_meta/v1.tar:sam2/mask_to_object.json
scene028,phase2,1,13.2,beanie,beanie.2,scenes/scene028/2/labels/sam2_meta/v1.tar:sam2/mask_to_object.json
scene028,phase2,2,121,soft_scrub_cleanser_bottle,soft_scrub_cleanser_bottle,scenes/scene028/2/labels/sam2_meta/v1.tar:sam2/mask_to_object.json
scene028,phase2,3,66.1,hat,hat.1,scenes/scene028/2/labels/sam2_meta/v1.tar:sam2/mask_to_object.json
scene028,phase2,4,113.1,scissors,scissors.1,scenes/scene028/2/labels/sam2_meta/v1.tar:sam2/mask_to_object.json
scene028,phase2,5,71,jar,jar,scenes/scene028/2/labels/sam2_meta/v1.tar:sam2/mask_to_object.json
scene028,phase2,6,55,game_controller,game_controller,scenes/scene028/2/labels/sam2_meta/v1.tar:sam2/mask_to_object.json
scene028,phase2,7,122.1,soup_can,soup_can.1,scenes/scene028/2/labels/sam2_meta/v1.tar:sam2/mask_to_object.json
scene029,phase0,1,68,helmet,helmet,scenes/scene029/0/labels/sam2_meta/v1.tar:sam2/mask_to_object.json
scene029,phase0,2,148.2,water_bottle,water_bottle.2,scenes/scene029/0/labels/sam2_meta/v1.tar:sam2/mask_to_object.json
scene029,phase0,3,18.2,boot,boot.2,scenes/scene029/0/labels/sam2_meta/v1.tar:sam2/mask_to_object.json
scene029,phase0,4,105.2,pump_bottle,pump_bottle.2,scenes/scene029/0/labels/sam2_meta/v1.tar:sam2/mask_to_object.json
scene029,phase0,5,72.1,jello_box,jello_box.1,scenes/scene029/0/labels/sam2_meta/v1.tar:sam2/mask_to_object.json
scene029,phase0,6,57.2,glove,glove.2,scenes/scene029/0/labels/sam2_meta/v1.tar:sam2/mask_to_object.json
scene029,phase0,7,89.3,mustard_bottle,mustard_bottle.3,scenes/scene029/0/labels/sam2_meta/v1.tar:sam2/mask_to_object.json
scene029,phase1,1,68,helmet,helmet,scenes/scene029/1/labels/sam2_meta/v1.tar:sam2/mask_to_object.json
scene029,phase1,2,148.2,water_bottle,water_bottle.2,scenes/scene029/1/labels/sam2_meta/v1.tar:sam2/mask_to_object.json
scene029,phase1,3,18.2,boot,boot.2,scenes/scene029/1/labels/sam2_meta/v1.tar:sam2/mask_to_object.json
scene029,phase1,4,105.2,pump_bottle,pump_bottle.2,scenes/scene029/1/labels/sam2_meta/v1.tar:sam2/mask_to_object.json
scene029,phase1,5,72.1,jello_box,jello_box.1,scenes/scene029/1/labels/sam2_meta/v1.tar:sam2/mask_to_object.json
scene029,phase1,6,57.2,glove,glove.2,scenes/scene029/1/labels/sam2_meta/v1.tar:sam2/mask_to_object.json
scene029,phase1,7,89.3,mustard_bottle,mustard_bottle.3,scenes/scene029/1/labels/sam2_meta/v1.tar:sam2/mask_to_object.json
scene029,phase2,1,68,helmet,helmet,scenes/scene029/2/labels/sam2_meta/v1.tar:sam2/mask_to_object.json
scene029,phase2,2,148.2,water_bottle,water_bottle.2,scenes/scene029/2/labels/sam2_meta/v1.tar:sam2/mask_to_object.json
scene029,phase2,3,18.2,boot,boot.2,scenes/scene029/2/labels/sam2_meta/v1.tar:sam2/mask_to_object.json
scene029,phase2,4,105.2,pump_bottle,pump_bottle.2,scenes/scene029/2/labels/sam2_meta/v1.tar:sam2/mask_to_object.json
scene029,phase2,5,72.1,jello_box,jello_box.1,scenes/scene029/2/labels/sam2_meta/v1.tar:sam2/mask_to_object.json
scene029,phase2,6,57.2,glove,glove.2,scenes/scene029/2/labels/sam2_meta/v1.tar:sam2/mask_to_object.json
scene029,phase2,7,89.3,mustard_bottle,mustard_bottle.3,scenes/scene029/2/labels/sam2_meta/v1.tar:sam2/mask_to_object.json
scene030,phase0,1,147,umbrella,umbrella,scenes/scene030/0/labels/sam2_meta/v1.tar:sam2/mask_to_object.json
scene030,phase0,2,144.2,towel,towel.2,scenes/scene030/0/labels/sam2_meta/v1.tar:sam2/mask_to_object.json
scene030,phase0,3,142,toothpaste,toothpaste,scenes/scene030/0/labels/sam2_meta/v1.tar:sam2/mask_to_object.json
scene030,phase0,4,77.1,knife,knife.1,scenes/scene030/0/labels/sam2_meta/v1.tar:sam2/mask_to_object.json
scene030,phase0,5,120.3,soda_can,soda_can.3,scenes/scene030/0/labels/sam2_meta/v1.tar:sam2/mask_to_object.json
scene030,phase0,6,83.5,marker,marker.5,scenes/scene030/0/labels/sam2_meta/v1.tar:sam2/mask_to_object.json
scene030,phase0,7,5,apple,apple,scenes/scene030/0/labels/sam2_meta/v1.tar:sam2/mask_to_object.json
scene030,phase1,1,147,umbrella,umbrella,scenes/scene030/1/labels/sam2_meta/v1.tar:sam2/mask_to_object.json
scene030,phase1,2,144.2,towel,towel.2,scenes/scene030/1/labels/sam2_meta/v1.tar:sam2/mask_to_object.json
scene030,phase1,3,142,toothpaste,toothpaste,scenes/scene030/1/labels/sam2_meta/v1.tar:sam2/mask_to_object.json
scene030,phase1,4,77.1,knife,knife.1,scenes/scene030/1/labels/sam2_meta/v1.tar:sam2/mask_to_object.json
scene030,phase1,5,120.3,soda_can,soda_can.3,scenes/scene030/1/labels/sam2_meta/v1.tar:sam2/mask_to_object.json
scene030,phase1,6,83.5,marker,marker.5,scenes/scene030/1/labels/sam2_meta/v1.tar:sam2/mask_to_object.json
scene030,phase1,7,5,apple,apple,scenes/scene030/1/labels/sam2_meta/v1.tar:sam2/mask_to_object.json
scene030,phase2,1,147,umbrella,umbrella,scenes/scene030/2/labels/sam2_meta/v1.tar:sam2/mask_to_object.json
scene030,phase2,2,144.2,towel,towel.2,scenes/scene030/2/labels/sam2_meta/v1.tar:sam2/mask_to_object.json
scene030,phase2,3,142,toothpaste,toothpaste,scenes/scene030/2/labels/sam2_meta/v1.tar:sam2/mask_to_object.json
scene030,phase2,4,77.1,knife,knife.1,scenes/scene030/2/labels/sam2_meta/v1.tar:sam2/mask_to_object.json
scene030,phase2,5,120.3,soda_can,soda_can.3,scenes/scene030/2/labels/sam2_meta/v1.tar:sam2/mask_to_object.json
scene030,phase2,6,83.5,marker,marker.5,scenes/scene030/2/labels/sam2_meta/v1.tar:sam2/mask_to_object.json
scene030,phase2,7,5,apple,apple,scenes/scene030/2/labels/sam2_meta/v1.tar:sam2/mask_to_object.json
scene031,phase0,1,66.1,hat,hat.1,scenes/scene031/0/labels/sam2_meta/v1.tar:sam2/mask_to_object.json
scene031,phase0,2,78,ladle,ladle,scenes/scene031/0/labels/sam2_meta/v1.tar:sam2/mask_to_object.json
scene031,phase0,3,13.2,beanie,beanie.2,scenes/scene031/0/labels/sam2_meta/v1.tar:sam2/mask_to_object.json
scene031,phase0,4,117.1,shoe,shoe.1,scenes/scene031/0/labels/sam2_meta/v1.tar:sam2/mask_to_object.json
scene031,phase0,5,137,teapot,teapot,scenes/scene031/0/labels/sam2_meta/v1.tar:sam2/mask_to_object.json
scene031,phase0,6,121,soft_scrub_cleanser_bottle,soft_scrub_cleanser_bottle,scenes/scene031/0/labels/sam2_meta/v1.tar:sam2/mask_to_object.json
scene031,phase0,7,125,sponge,sponge,scenes/scene031/0/labels/sam2_meta/v1.tar:sam2/mask_to_object.json
scene031,phase1,1,66.1,hat,hat.1,scenes/scene031/1/labels/sam2_meta/v1.tar:sam2/mask_to_object.json
scene031,phase1,2,78,ladle,ladle,scenes/scene031/1/labels/sam2_meta/v1.tar:sam2/mask_to_object.json
scene031,phase1,3,13.2,beanie,beanie.2,scenes/scene031/1/labels/sam2_meta/v1.tar:sam2/mask_to_object.json
scene031,phase1,4,117.1,shoe,shoe.1,scenes/scene031/1/labels/sam2_meta/v1.tar:sam2/mask_to_object.json
scene031,phase1,5,137,teapot,teapot,scenes/scene031/1/labels/sam2_meta/v1.tar:sam2/mask_to_object.json
scene031,phase1,6,121,soft_scrub_cleanser_bottle,soft_scrub_cleanser_bottle,scenes/scene031/1/labels/sam2_meta/v1.tar:sam2/mask_to_object.json
scene031,phase1,7,125,sponge,sponge,scenes/scene031/1/labels/sam2_meta/v1.tar:sam2/mask_to_object.json
scene031,phase2,1,66.1,hat,hat.1,scenes/scene031/2/labels/sam2_meta/v1.tar:sam2/mask_to_object.json
scene031,phase2,2,78,ladle,ladle,scenes/scene031/2/labels/sam2_meta/v1.tar:sam2/mask_to_object.json
scene031,phase2,3,13.2,beanie,beanie.2,scenes/scene031/2/labels/sam2_meta/v1.tar:sam2/mask_to_object.json
scene031,phase2,4,117.1,shoe,shoe.1,scenes/scene031/2/labels/sam2_meta/v1.tar:sam2/mask_to_object.json
scene031,phase2,5,137,teapot,teapot,scenes/scene031/2/labels/sam2_meta/v1.tar:sam2/mask_to_object.json
scene031,phase2,6,121,soft_scrub_cleanser_bottle,soft_scrub_cleanser_bottle,scenes/scene031/2/labels/sam2_meta/v1.tar:sam2/mask_to_object.json
scene031,phase2,7,125,sponge,sponge,scenes/scene031/2/labels/sam2_meta/v1.tar:sam2/mask_to_object.json
scene032,phase0,1,43.1,doll,doll.1,scenes/scene032/0/labels/sam2_meta/v1.tar:sam2/mask_to_object.json
scene032,phase0,2,133.2,t-handle,t-handle.2,scenes/scene032/0/labels/sam2_meta/v1.tar:sam2/mask_to_object.json
scene032,phase0,3,62,hair_brush,hairbrush,scenes/scene032/0/labels/sam2_meta/v1.tar:sam2/mask_to_object.json
scene032,phase0,4,58.1,glue_bottle,glue_bottle.1,scenes/scene032/0/labels/sam2_meta/v1.tar:sam2/mask_to_object.json
scene032,phase0,5,71,jar,jar,scenes/scene032/0/labels/sam2_meta/v1.tar:sam2/mask_to_object.json
scene032,phase0,6,88.2,mug,mug.2,scenes/scene032/0/labels/sam2_meta/v1.tar:sam2/mask_to_object.json
scene032,phase0,7,9,banana,banana,scenes/scene032/0/labels/sam2_meta/v1.tar:sam2/mask_to_object.json
scene032,phase1,1,43.1,doll,doll.1,scenes/scene032/1/labels/sam2_meta/v1.tar:sam2/mask_to_object.json
scene032,phase1,2,133.2,t-handle,t-handle.2,scenes/scene032/1/labels/sam2_meta/v1.tar:sam2/mask_to_object.json
scene032,phase1,3,62,hair_brush,hairbrush,scenes/scene032/1/labels/sam2_meta/v1.tar:sam2/mask_to_object.json
scene032,phase1,4,58.1,glue_bottle,glue_bottle.1,scenes/scene032/1/labels/sam2_meta/v1.tar:sam2/mask_to_object.json
scene032,phase1,5,71,jar,jar,scenes/scene032/1/labels/sam2_meta/v1.tar:sam2/mask_to_object.json
scene032,phase1,6,88.2,mug,mug.2,scenes/scene032/1/labels/sam2_meta/v1.tar:sam2/mask_to_object.json
scene032,phase1,7,9,banana,banana,scenes/scene032/1/labels/sam2_meta/v1.tar:sam2/mask_to_object.json
scene032,phase2,1,43.1,doll,doll.1,scenes/scene032/2/labels/sam2_meta/v1.tar:sam2/mask_to_object.json
scene032,phase2,2,133.2,t-handle,t-handle.2,scenes/scene032/2/labels/sam2_meta/v1.tar:sam2/mask_to_object.json
scene032,phase2,3,62,hair_brush,hairbrush,scenes/scene032/2/labels/sam2_meta/v1.tar:sam2/mask_to_object.json
scene032,phase2,4,58.1,glue_bottle,glue_bottle.1,scenes/scene032/2/labels/sam2_meta/v1.tar:sam2/mask_to_object.json
scene032,phase2,5,71,jar,jar,scenes/scene032/2/labels/sam2_meta/v1.tar:sam2/mask_to_object.json
scene032,phase2,6,88.2,mug,mug.2,scenes/scene032/2/labels/sam2_meta/v1.tar:sam2/mask_to_object.json
scene032,phase2,7,9,banana,banana,scenes/scene032/2/labels/sam2_meta/v1.tar:sam2/mask_to_object.json
scene033,phase0,1,1,air_duster_can,air_duster_can,scenes/scene033/0/labels/sam2_meta/v1.tar:sam2/mask_to_object.json
scene033,phase0,2,34,cleaning_brush,cleaning_brush,scenes/scene033/0/labels/sam2_meta/v1.tar:sam2/mask_to_object.json
scene033,phase0,3,109,root_beer_bottle,root_beer_bottle,scenes/scene033/0/labels/sam2_meta/v1.tar:sam2/mask_to_object.json
scene033,phase0,4,23,cable,cable,scenes/scene033/0/labels/sam2_meta/v1.tar:sam2/mask_to_object.json
scene033,phase0,5,144.2,towel,towel.2,scenes/scene033/0/labels/sam2_meta/v1.tar:sam2/mask_to_object.json
scene033,phase0,6,113.1,scissors,scissors.1,scenes/scene033/0/labels/sam2_meta/v1.tar:sam2/mask_to_object.json
scene033,phase0,7,83.5,marker,marker.5,scenes/scene033/0/labels/sam2_meta/v1.tar:sam2/mask_to_object.json
scene033,phase1,1,1,air_duster_can,air_duster_can,scenes/scene033/1/labels/sam2_meta/v1.tar:sam2/mask_to_object.json
scene033,phase1,2,34,cleaning_brush,cleaning_brush,scenes/scene033/1/labels/sam2_meta/v1.tar:sam2/mask_to_object.json
scene033,phase1,3,109,root_beer_bottle,root_beer_bottle,scenes/scene033/1/labels/sam2_meta/v1.tar:sam2/mask_to_object.json
scene033,phase1,4,23,cable,cable,scenes/scene033/1/labels/sam2_meta/v1.tar:sam2/mask_to_object.json
scene033,phase1,5,144.2,towel,towel.2,scenes/scene033/1/labels/sam2_meta/v1.tar:sam2/mask_to_object.json
scene033,phase1,6,113.1,scissors,scissors.1,scenes/scene033/1/labels/sam2_meta/v1.tar:sam2/mask_to_object.json
scene033,phase1,7,83.5,marker,marker.5,scenes/scene033/1/labels/sam2_meta/v1.tar:sam2/mask_to_object.json
scene033,phase2,1,1,air_duster_can,air_duster_can,scenes/scene033/2/labels/sam2_meta/v1.tar:sam2/mask_to_object.json
scene033,phase2,2,34,cleaning_brush,cleaning_brush,scenes/scene033/2/labels/sam2_meta/v1.tar:sam2/mask_to_object.json
scene033,phase2,3,109,root_beer_bottle,root_beer_bottle,scenes/scene033/2/labels/sam2_meta/v1.tar:sam2/mask_to_object.json
scene033,phase2,4,23,cable,cable,scenes/scene033/2/labels/sam2_meta/v1.tar:sam2/mask_to_object.json
scene033,phase2,5,144.2,towel,towel.2,scenes/scene033/2/labels/sam2_meta/v1.tar:sam2/mask_to_object.json
scene033,phase2,6,113.1,scissors,scissors.1,scenes/scene033/2/labels/sam2_meta/v1.tar:sam2/mask_to_object.json
scene033,phase2,7,83.5,marker,marker.5,scenes/scene033/2/labels/sam2_meta/v1.tar:sam2/mask_to_object.json
scene034,phase0,1,127.2,spray_bottle,spray_bottle.2,scenes/scene034/0/labels/sam2_meta/v1.tar:sam2/mask_to_object.json
scene034,phase0,2,40.1,cup,cup.1,scenes/scene034/0/labels/sam2_meta/v1.tar:sam2/mask_to_object.json
scene034,phase0,3,114,shampoo_bottle,shampoo_bottle,scenes/scene034/0/labels/sam2_meta/v1.tar:sam2/mask_to_object.json
scene034,phase0,4,20.1,bowl,bowl.1,scenes/scene034/0/labels/sam2_meta/v1.tar:sam2/mask_to_object.json
scene034,phase0,5,36,coffee_bottle,coffee_bottle,scenes/scene034/0/labels/sam2_meta/v1.tar:sam2/mask_to_object.json
scene034,phase0,6,84,meat_can,meat_can,scenes/scene034/0/labels/sam2_meta/v1.tar:sam2/mask_to_object.json
scene034,phase0,7,124.2,spatula,spatula.2,scenes/scene034/0/labels/sam2_meta/v1.tar:sam2/mask_to_object.json
scene034,phase1,1,127.2,spray_bottle,spray_bottle.2,scenes/scene034/1/labels/sam2_meta/v1.tar:sam2/mask_to_object.json
scene034,phase1,2,40.1,cup,cup.1,scenes/scene034/1/labels/sam2_meta/v1.tar:sam2/mask_to_object.json
scene034,phase1,3,114,shampoo_bottle,shampoo_bottle,scenes/scene034/1/labels/sam2_meta/v1.tar:sam2/mask_to_object.json
scene034,phase1,4,20.1,bowl,bowl.1,scenes/scene034/1/labels/sam2_meta/v1.tar:sam2/mask_to_object.json
scene034,phase1,5,36,coffee_bottle,coffee_bottle,scenes/scene034/1/labels/sam2_meta/v1.tar:sam2/mask_to_object.json
scene034,phase1,6,84,meat_can,meat_can,scenes/scene034/1/labels/sam2_meta/v1.tar:sam2/mask_to_object.json
scene034,phase1,7,124.2,spatula,spatula.2,scenes/scene034/1/labels/sam2_meta/v1.tar:sam2/mask_to_object.json
scene034,phase2,1,127.2,spray_bottle,spray_bottle.2,scenes/scene034/2/labels/sam2_meta/v1.tar:sam2/mask_to_object.json
scene034,phase2,2,40.1,cup,cup.1,scenes/scene034/2/labels/sam2_meta/v1.tar:sam2/mask_to_object.json
scene034,phase2,3,114,shampoo_bottle,shampoo_bottle,scenes/scene034/2/labels/sam2_meta/v1.tar:sam2/mask_to_object.json
scene034,phase2,4,20.1,bowl,bowl.1,scenes/scene034/2/labels/sam2_meta/v1.tar:sam2/mask_to_object.json
scene034,phase2,5,36,coffee_bottle,coffee_bottle,scenes/scene034/2/labels/sam2_meta/v1.tar:sam2/mask_to_object.json
scene034,phase2,6,84,meat_can,meat_can,scenes/scene034/2/labels/sam2_meta/v1.tar:sam2/mask_to_object.json
scene034,phase2,7,124.2,spatula,spatula.2,scenes/scene034/2/labels/sam2_meta/v1.tar:sam2/mask_to_object.json
scene035,phase0,1,102,power_drill,power_drill,scenes/scene035/0/labels/sam2_meta/v1.tar:sam2/mask_to_object.json
scene035,phase0,2,103.2,pringles_can,pringles_can.2,scenes/scene035/0/labels/sam2_meta/v1.tar:sam2/mask_to_object.json
scene035,phase0,3,147,umbrella,umbrella,scenes/scene035/0/labels/sam2_meta/v1.tar:sam2/mask_to_object.json
scene035,phase0,4,3,alarm_clock,alarm_clock,scenes/scene035/0/labels/sam2_meta/v1.tar:sam2/mask_to_object.json
scene035,phase0,5,122.1,soup_can,soup_can.1,scenes/scene035/0/labels/sam2_meta/v1.tar:sam2/mask_to_object.json
scene035,phase0,6,120.3,soda_can,soda_can.3,scenes/scene035/0/labels/sam2_meta/v1.tar:sam2/mask_to_object.json
scene035,phase0,7,135,tape_measure,tape_measure,scenes/scene035/0/labels/sam2_meta/v1.tar:sam2/mask_to_object.json
scene035,phase1,1,102,power_drill,power_drill,scenes/scene035/1/labels/sam2_meta/v1.tar:sam2/mask_to_object.json
scene035,phase1,2,103.2,pringles_can,pringles_can.2,scenes/scene035/1/labels/sam2_meta/v1.tar:sam2/mask_to_object.json
scene035,phase1,3,147,umbrella,umbrella,scenes/scene035/1/labels/sam2_meta/v1.tar:sam2/mask_to_object.json
scene035,phase1,4,3,alarm_clock,alarm_clock,scenes/scene035/1/labels/sam2_meta/v1.tar:sam2/mask_to_object.json
scene035,phase1,5,122.1,soup_can,soup_can.1,scenes/scene035/1/labels/sam2_meta/v1.tar:sam2/mask_to_object.json
scene035,phase1,6,120.3,soda_can,soda_can.3,scenes/scene035/1/labels/sam2_meta/v1.tar:sam2/mask_to_object.json
scene035,phase1,7,135,tape_measure,tape_measure,scenes/scene035/1/labels/sam2_meta/v1.tar:sam2/mask_to_object.json
scene035,phase2,1,102,power_drill,power_drill,scenes/scene035/2/labels/sam2_meta/v1.tar:sam2/mask_to_object.json
scene035,phase2,2,103.2,pringles_can,pringles_can.2,scenes/scene035/2/labels/sam2_meta/v1.tar:sam2/mask_to_object.json
scene035,phase2,3,147,umbrella,umbrella,scenes/scene035/2/labels/sam2_meta/v1.tar:sam2/mask_to_object.json
scene035,phase2,4,3,alarm_clock,alarm_clock,scenes/scene035/2/labels/sam2_meta/v1.tar:sam2/mask_to_object.json
scene035,phase2,5,122.1,soup_can,soup_can.1,scenes/scene035/2/labels/sam2_meta/v1.tar:sam2/mask_to_object.json
scene035,phase2,6,120.3,soda_can,soda_can.3,scenes/scene035/2/labels/sam2_meta/v1.tar:sam2/mask_to_object.json
scene035,phase2,7,135,tape_measure,tape_measure,scenes/scene035/2/labels/sam2_meta/v1.tar:sam2/mask_to_object.json
scene036,phase0,1,18.2,boot,boot.2,scenes/scene036/0/labels/sam2_meta/v1.tar:sam2/mask_to_object.json
scene036,phase0,2,73.2,juice_pouch,juice_pouch.2,scenes/scene036/0/labels/sam2_meta/v1.tar:sam2/mask_to_object.json
scene036,phase0,3,38,cracker_box,cracker_box,scenes/scene036/0/labels/sam2_meta/v1.tar:sam2/mask_to_object.json
scene036,phase0,4,57.2,glove,glove.2,scenes/scene036/0/labels/sam2_meta/v1.tar:sam2/mask_to_object.json
scene036,phase0,5,105.2,pump_bottle,pump_bottle.2,scenes/scene036/0/labels/sam2_meta/v1.tar:sam2/mask_to_object.json
scene036,phase0,6,89.3,mustard_bottle,mustard_bottle.3,scenes/scene036/0/labels/sam2_meta/v1.tar:sam2/mask_to_object.json
scene036,phase0,7,142,toothpaste,toothpaste,scenes/scene036/0/labels/sam2_meta/v1.tar:sam2/mask_to_object.json
scene036,phase1,1,18.2,boot,boot.2,scenes/scene036/1/labels/sam2_meta/v1.tar:sam2/mask_to_object.json
scene036,phase1,2,73.2,juice_pouch,juice_pouch.2,scenes/scene036/1/labels/sam2_meta/v1.tar:sam2/mask_to_object.json
scene036,phase1,3,38,cracker_box,cracker_box,scenes/scene036/1/labels/sam2_meta/v1.tar:sam2/mask_to_object.json
scene036,phase1,4,57.2,glove,glove.2,scenes/scene036/1/labels/sam2_meta/v1.tar:sam2/mask_to_object.json
scene036,phase1,5,105.2,pump_bottle,pump_bottle.2,scenes/scene036/1/labels/sam2_meta/v1.tar:sam2/mask_to_object.json
scene036,phase1,6,89.3,mustard_bottle,mustard_bottle.3,scenes/scene036/1/labels/sam2_meta/v1.tar:sam2/mask_to_object.json
scene036,phase1,7,142,toothpaste,toothpaste,scenes/scene036/1/labels/sam2_meta/v1.tar:sam2/mask_to_object.json
scene036,phase2,1,18.2,boot,boot.2,scenes/scene036/2/labels/sam2_meta/v1.tar:sam2/mask_to_object.json
scene036,phase2,2,73.2,juice_pouch,juice_pouch.2,scenes/scene036/2/labels/sam2_meta/v1.tar:sam2/mask_to_object.json
scene036,phase2,3,38,cracker_box,cracker_box,scenes/scene036/2/labels/sam2_meta/v1.tar:sam2/mask_to_object.json
scene036,phase2,4,57.2,glove,glove.2,scenes/scene036/2/labels/sam2_meta/v1.tar:sam2/mask_to_object.json
scene036,phase2,5,105.2,pump_bottle,pump_bottle.2,scenes/scene036/2/labels/sam2_meta/v1.tar:sam2/mask_to_object.json
scene036,phase2,6,89.3,mustard_bottle,mustard_bottle.3,scenes/scene036/2/labels/sam2_meta/v1.tar:sam2/mask_to_object.json
scene036,phase2,7,142,toothpaste,toothpaste,scenes/scene036/2/labels/sam2_meta/v1.tar:sam2/mask_to_object.json
scene037,phase0,1,50,food_bag,food_bag,scenes/scene037/0/labels/sam2_meta/v1.tar:sam2/mask_to_object.json
scene037,phase0,2,74,kettle,kettle,scenes/scene037/0/labels/sam2_meta/v1.tar:sam2/mask_to_object.json
scene037,phase0,3,82.2,lion,lion.2,scenes/scene037/0/labels/sam2_meta/v1.tar:sam2/mask_to_object.json
scene037,phase0,4,67,headphone,headphone,scenes/scene037/0/labels/sam2_meta/v1.tar:sam2/mask_to_object.json
scene037,phase0,5,11.1,basting_brush,basting_brush.1,scenes/scene037/0/labels/sam2_meta/v1.tar:sam2/mask_to_object.json
scene037,phase0,6,72.1,jello_box,jello_box.1,scenes/scene037/0/labels/sam2_meta/v1.tar:sam2/mask_to_object.json
scene037,phase0,7,5,apple,apple,scenes/scene037/0/labels/sam2_meta/v1.tar:sam2/mask_to_object.json
scene037,phase1,1,50,food_bag,food_bag,scenes/scene037/1/labels/sam2_meta/v1.tar:sam2/mask_to_object.json
scene037,phase1,2,74,kettle,kettle,scenes/scene037/1/labels/sam2_meta/v1.tar:sam2/mask_to_object.json
scene037,phase1,3,82.2,lion,lion.2,scenes/scene037/1/labels/sam2_meta/v1.tar:sam2/mask_to_object.json
scene037,phase1,4,67,headphone,headphone,scenes/scene037/1/labels/sam2_meta/v1.tar:sam2/mask_to_object.json
scene037,phase1,5,11.1,basting_brush,basting_brush.1,scenes/scene037/1/labels/sam2_meta/v1.tar:sam2/mask_to_object.json
scene037,phase1,6,72.1,jello_box,jello_box.1,scenes/scene037/1/labels/sam2_meta/v1.tar:sam2/mask_to_object.json
scene037,phase1,7,5,apple,apple,scenes/scene037/1/labels/sam2_meta/v1.tar:sam2/mask_to_object.json
scene037,phase2,1,50,food_bag,food_bag,scenes/scene037/2/labels/sam2_meta/v1.tar:sam2/mask_to_object.json
scene037,phase2,2,74,kettle,kettle,scenes/scene037/2/labels/sam2_meta/v1.tar:sam2/mask_to_object.json
scene037,phase2,3,82.2,lion,lion.2,scenes/scene037/2/labels/sam2_meta/v1.tar:sam2/mask_to_object.json
scene037,phase2,4,67,headphone,headphone,scenes/scene037/2/labels/sam2_meta/v1.tar:sam2/mask_to_object.json
scene037,phase2,5,11.1,basting_brush,basting_brush.1,scenes/scene037/2/labels/sam2_meta/v1.tar:sam2/mask_to_object.json
scene037,phase2,6,72.1,jello_box,jello_box.1,scenes/scene037/2/labels/sam2_meta/v1.tar:sam2/mask_to_object.json
scene037,phase2,7,5,apple,apple,scenes/scene037/2/labels/sam2_meta/v1.tar:sam2/mask_to_object.json
scene038,phase0,1,7.1,baking_tray,baking_tray.1,scenes/scene038/0/labels/sam2_meta/v1.tar:sam2/mask_to_object.json
scene038,phase0,2,141,tong,tong,scenes/scene038/0/labels/sam2_meta/v1.tar:sam2/mask_to_object.json
scene038,phase0,3,86,milk_jug,milk_jug,scenes/scene038/0/labels/sam2_meta/v1.tar:sam2/mask_to_object.json
scene038,phase0,4,63.2,hammer,hammer.2,scenes/scene038/0/labels/sam2_meta/v1.tar:sam2/mask_to_object.json
scene038,phase0,5,148.2,water_bottle,water_bottle.2,scenes/scene038/0/labels/sam2_meta/v1.tar:sam2/mask_to_object.json
scene038,phase0,6,77.1,knife,knife.1,scenes/scene038/0/labels/sam2_meta/v1.tar:sam2/mask_to_object.json
scene038,phase0,7,95,pear,pear,scenes/scene038/0/labels/sam2_meta/v1.tar:sam2/mask_to_object.json
scene038,phase1,1,7.1,baking_tray,baking_tray.1,scenes/scene038/1/labels/sam2_meta/v1.tar:sam2/mask_to_object.json
scene038,phase1,2,141,tong,tong,scenes/scene038/1/labels/sam2_meta/v1.tar:sam2/mask_to_object.json
scene038,phase1,3,86,milk_jug,milk_jug,scenes/scene038/1/labels/sam2_meta/v1.tar:sam2/mask_to_object.json
scene038,phase1,4,63.2,hammer,hammer.2,scenes/scene038/1/labels/sam2_meta/v1.tar:sam2/mask_to_object.json
scene038,phase1,5,148.2,water_bottle,water_bottle.2,scenes/scene038/1/labels/sam2_meta/v1.tar:sam2/mask_to_object.json
scene038,phase1,6,77.1,knife,knife.1,scenes/scene038/1/labels/sam2_meta/v1.tar:sam2/mask_to_object.json
scene038,phase1,7,95,pear,pear,scenes/scene038/1/labels/sam2_meta/v1.tar:sam2/mask_to_object.json
scene038,phase2,1,7.1,baking_tray,baking_tray.1,scenes/scene038/2/labels/sam2_meta/v1.tar:sam2/mask_to_object.json
scene038,phase2,2,141,tong,tong,scenes/scene038/2/labels/sam2_meta/v1.tar:sam2/mask_to_object.json
scene038,phase2,3,86,milk_jug,milk_jug,scenes/scene038/2/labels/sam2_meta/v1.tar:sam2/mask_to_object.json
scene038,phase2,4,63.2,hammer,hammer.2,scenes/scene038/2/labels/sam2_meta/v1.tar:sam2/mask_to_object.json
scene038,phase2,5,148.2,water_bottle,water_bottle.2,scenes/scene038/2/labels/sam2_meta/v1.tar:sam2/mask_to_object.json
scene038,phase2,6,77.1,knife,knife.1,scenes/scene038/2/labels/sam2_meta/v1.tar:sam2/mask_to_object.json
scene038,phase2,7,95,pear,pear,scenes/scene038/2/labels/sam2_meta/v1.tar:sam2/mask_to_object.json
scene039,phase0,1,25.1,candy_bar,candy_bar.1,scenes/scene039/0/labels/sam2_meta/v1.tar:sam2/mask_to_object.json
scene039,phase0,2,49.1,fry_pan,fry_pan.1,scenes/scene039/0/labels/sam2_meta/v1.tar:sam2/mask_to_object.json
scene039,phase0,3,68,helmet,helmet,scenes/scene039/0/labels/sam2_meta/v1.tar:sam2/mask_to_object.json
scene039,phase0,4,96.2,peeler,peeler.2,scenes/scene039/0/labels/sam2_meta/v1.tar:sam2/mask_to_object.json
scene039,phase0,5,37.1,coffee_can,coffee_can.1,scenes/scene039/0/labels/sam2_meta/v1.tar:sam2/mask_to_object.json
scene039,phase0,6,10,baseball_ball,baseball_ball,scenes/scene039/0/labels/sam2_meta/v1.tar:sam2/mask_to_object.json
scene039,phase0,7,87.3,mouse,mouse.3,scenes/scene039/0/labels/sam2_meta/v1.tar:sam2/mask_to_object.json
scene039,phase1,1,25.1,candy_bar,candy_bar.1,scenes/scene039/1/labels/sam2_meta/v1.tar:sam2/mask_to_object.json
scene039,phase1,2,49.1,fry_pan,fry_pan.1,scenes/scene039/1/labels/sam2_meta/v1.tar:sam2/mask_to_object.json
scene039,phase1,3,68,helmet,helmet,scenes/scene039/1/labels/sam2_meta/v1.tar:sam2/mask_to_object.json
scene039,phase1,4,96.2,peeler,peeler.2,scenes/scene039/1/labels/sam2_meta/v1.tar:sam2/mask_to_object.json
scene039,phase1,5,37.1,coffee_can,coffee_can.1,scenes/scene039/1/labels/sam2_meta/v1.tar:sam2/mask_to_object.json
scene039,phase1,6,10,baseball_ball,baseball_ball,scenes/scene039/1/labels/sam2_meta/v1.tar:sam2/mask_to_object.json
scene039,phase1,7,87.3,mouse,mouse.3,scenes/scene039/1/labels/sam2_meta/v1.tar:sam2/mask_to_object.json
scene039,phase2,1,25.1,candy_bar,candy_bar.1,scenes/scene039/2/labels/sam2_meta/v1.tar:sam2/mask_to_object.json
scene039,phase2,2,49.1,fry_pan,fry_pan.1,scenes/scene039/2/labels/sam2_meta/v1.tar:sam2/mask_to_object.json
scene039,phase2,3,68,helmet,helmet,scenes/scene039/2/labels/sam2_meta/v1.tar:sam2/mask_to_object.json
scene039,phase2,4,96.2,peeler,peeler.2,scenes/scene039/2/labels/sam2_meta/v1.tar:sam2/mask_to_object.json
scene039,phase2,5,37.1,coffee_can,coffee_can.1,scenes/scene039/2/labels/sam2_meta/v1.tar:sam2/mask_to_object.json
scene039,phase2,6,10,baseball_ball,baseball_ball,scenes/scene039/2/labels/sam2_meta/v1.tar:sam2/mask_to_object.json
scene039,phase2,7,87.3,mouse,mouse.3,scenes/scene039/2/labels/sam2_meta/v1.tar:sam2/mask_to_object.json
scene040,phase0,1,65,handy_pot,handy_pot,scenes/scene040/0/labels/sam2_meta/v1.tar:sam2/mask_to_object.json
scene040,phase0,2,17.3,book,book.3,scenes/scene040/0/labels/sam2_meta/v1.tar:sam2/mask_to_object.json
scene040,phase0,3,14.1,bear,bear.1,scenes/scene040/0/labels/sam2_meta/v1.tar:sam2/mask_to_object.json
scene040,phase0,4,85.1,milk_box,milk_box.1,scenes/scene040/0/labels/sam2_meta/v1.tar:sam2/mask_to_object.json
scene040,phase0,5,70,instant_noodle_packet,instant_noodle_packet,scenes/scene040/0/labels/sam2_meta/v1.tar:sam2/mask_to_object.json
scene040,phase0,6,55,game_controller,game_controller,scenes/scene040/0/labels/sam2_meta/v1.tar:sam2/mask_to_object.json
scene040,phase0,7,107,remote_controller,remote_controller,scenes/scene040/0/labels/sam2_meta/v1.tar:sam2/mask_to_object.json
scene040,phase1,1,65,handy_pot,handy_pot,scenes/scene040/1/labels/sam2_meta/v1.tar:sam2/mask_to_object.json
scene040,phase1,2,17.3,book,book.3,scenes/scene040/1/labels/sam2_meta/v1.tar:sam2/mask_to_object.json
scene040,phase1,3,14.1,bear,bear.1,scenes/scene040/1/labels/sam2_meta/v1.tar:sam2/mask_to_object.json
scene040,phase1,4,85.1,milk_box,milk_box.1,scenes/scene040/1/labels/sam2_meta/v1.tar:sam2/mask_to_object.json
scene040,phase1,5,70,instant_noodle_packet,instant_noodle_packet,scenes/scene040/1/labels/sam2_meta/v1.tar:sam2/mask_to_object.json
scene040,phase1,6,55,game_controller,game_controller,scenes/scene040/1/labels/sam2_meta/v1.tar:sam2/mask_to_object.json
scene040,phase1,7,107,remote_controller,remote_controller,scenes/scene040/1/labels/sam2_meta/v1.tar:sam2/mask_to_object.json
scene040,phase2,1,65,handy_pot,handy_pot,scenes/scene040/2/labels/sam2_meta/v1.tar:sam2/mask_to_object.json
scene040,phase2,2,17.3,book,book.3,scenes/scene040/2/labels/sam2_meta/v1.tar:sam2/mask_to_object.json
scene040,phase2,3,14.1,bear,bear.1,scenes/scene040/2/labels/sam2_meta/v1.tar:sam2/mask_to_object.json
scene040,phase2,4,85.1,milk_box,milk_box.1,scenes/scene040/2/labels/sam2_meta/v1.tar:sam2/mask_to_object.json
scene040,phase2,5,70,instant_noodle_packet,instant_noodle_packet,scenes/scene040/2/labels/sam2_meta/v1.tar:sam2/mask_to_object.json
scene040,phase2,6,55,game_controller,game_controller,scenes/scene040/2/labels/sam2_meta/v1.tar:sam2/mask_to_object.json
scene040,phase2,7,107,remote_controller,remote_controller,scenes/scene040/2/labels/sam2_meta/v1.tar:sam2/mask_to_object.json
scene041,phase0,1,65,handy_pot,handy_pot,scenes/scene041/0/labels/sam2_meta/v1.tar:sam2/mask_to_object.json
scene041,phase0,2,147,umbrella,umbrella,scenes/scene041/0/labels/sam2_meta/v1.tar:sam2/mask_to_object.json
scene041,phase0,3,124.2,spatula,spatula.2,scenes/scene041/0/labels/sam2_meta/v1.tar:sam2/mask_to_object.json
scene041,phase0,4,77.1,knife,knife.1,scenes/scene041/0/labels/sam2_meta/v1.tar:sam2/mask_to_object.json
scene041,phase0,5,23,cable,cable,scenes/scene041/0/labels/sam2_meta/v1.tar:sam2/mask_to_object.json
scene041,phase0,6,87.3,mouse,mouse.3,scenes/scene041/0/labels/sam2_meta/v1.tar:sam2/mask_to_object.json
scene041,phase0,7,25.1,candy_bar,candy_bar.1,scenes/scene041/0/labels/sam2_meta/v1.tar:sam2/mask_to_object.json
scene041,phase1,1,65,handy_pot,handy_pot,scenes/scene041/1/labels/sam2_meta/v1.tar:sam2/mask_to_object.json
scene041,phase1,2,147,umbrella,umbrella,scenes/scene041/1/labels/sam2_meta/v1.tar:sam2/mask_to_object.json
scene041,phase1,3,124.2,spatula,spatula.2,scenes/scene041/1/labels/sam2_meta/v1.tar:sam2/mask_to_object.json
scene041,phase1,4,77.1,knife,knife.1,scenes/scene041/1/labels/sam2_meta/v1.tar:sam2/mask_to_object.json
scene041,phase1,5,23,cable,cable,scenes/scene041/1/labels/sam2_meta/v1.tar:sam2/mask_to_object.json
scene041,phase1,6,87.3,mouse,mouse.3,scenes/scene041/1/labels/sam2_meta/v1.tar:sam2/mask_to_object.json
scene041,phase1,7,25.1,candy_bar,candy_bar.1,scenes/scene041/1/labels/sam2_meta/v1.tar:sam2/mask_to_object.json
scene041,phase2,1,65,handy_pot,handy_pot,scenes/scene041/2/labels/sam2_meta/v1.tar:sam2/mask_to_object.json
scene041,phase2,2,147,umbrella,umbrella,scenes/scene041/2/labels/sam2_meta/v1.tar:sam2/mask_to_object.json
scene041,phase2,3,124.2,spatula,spatula.2,scenes/scene041/2/labels/sam2_meta/v1.tar:sam2/mask_to_object.json
scene041,phase2,4,77.1,knife,knife.1,scenes/scene041/2/labels/sam2_meta/v1.tar:sam2/mask_to_object.json
scene041,phase2,5,23,cable,cable,scenes/scene041/2/labels/sam2_meta/v1.tar:sam2/mask_to_object.json
scene041,phase2,6,87.3,mouse,mouse.3,scenes/scene041/2/labels/sam2_meta/v1.tar:sam2/mask_to_object.json
scene041,phase2,7,25.1,candy_bar,candy_bar.1,scenes/scene041/2/labels/sam2_meta/v1.tar:sam2/mask_to_object.json
scene042,phase0,1,141,tong,tong,scenes/scene042/0/labels/sam2_meta/v1.tar:sam2/mask_to_object.json
scene042,phase0,2,85.1,milk_box,milk_box.1,scenes/scene042/0/labels/sam2_meta/v1.tar:sam2/mask_to_object.json
scene042,phase0,3,114,shampoo_bottle,shampoo_bottle,scenes/scene042/0/labels/sam2_meta/v1.tar:sam2/mask_to_object.json
scene042,phase0,4,89.3,mustard_bottle,mustard_bottle.3,scenes/scene042/0/labels/sam2_meta/v1.tar:sam2/mask_to_object.json
scene042,phase0,5,109,root_beer_bottle,root_beer_bottle,scenes/scene042/0/labels/sam2_meta/v1.tar:sam2/mask_to_object.json
scene042,phase0,6,142,toothpaste,toothpaste,scenes/scene042/0/labels/sam2_meta/v1.tar:sam2/mask_to_object.json
scene042,phase0,7,137,teapot,teapot,scenes/scene042/0/labels/sam2_meta/v1.tar:sam2/mask_to_object.json
scene042,phase1,1,141,tong,tong,scenes/scene042/1/labels/sam2_meta/v1.tar:sam2/mask_to_object.json
scene042,phase1,2,85.1,milk_box,milk_box.1,scenes/scene042/1/labels/sam2_meta/v1.tar:sam2/mask_to_object.json
scene042,phase1,3,114,shampoo_bottle,shampoo_bottle,scenes/scene042/1/labels/sam2_meta/v1.tar:sam2/mask_to_object.json
scene042,phase1,4,89.3,mustard_bottle,mustard_bottle.3,scenes/scene042/1/labels/sam2_meta/v1.tar:sam2/mask_to_object.json
scene042,phase1,5,109,root_beer_bottle,root_beer_bottle,scenes/scene042/1/labels/sam2_meta/v1.tar:sam2/mask_to_object.json
scene042,phase1,6,142,toothpaste,toothpaste,scenes/scene042/1/labels/sam2_meta/v1.tar:sam2/mask_to_object.json
scene042,phase1,7,137,teapot,teapot,scenes/scene042/1/labels/sam2_meta/v1.tar:sam2/mask_to_object.json
scene042,phase2,1,141,tong,tong,scenes/scene042/2/labels/sam2_meta/v1.tar:sam2/mask_to_object.json
scene042,phase2,2,85.1,milk_box,milk_box.1,scenes/scene042/2/labels/sam2_meta/v1.tar:sam2/mask_to_object.json
scene042,phase2,3,114,shampoo_bottle,shampoo_bottle,scenes/scene042/2/labels/sam2_meta/v1.tar:sam2/mask_to_object.json
scene042,phase2,4,89.3,mustard_bottle,mustard_bottle.3,scenes/scene042/2/labels/sam2_meta/v1.tar:sam2/mask_to_object.json
scene042,phase2,5,109,root_beer_bottle,root_beer_bottle,scenes/scene042/2/labels/sam2_meta/v1.tar:sam2/mask_to_object.json
scene042,phase2,6,142,toothpaste,toothpaste,scenes/scene042/2/labels/sam2_meta/v1.tar:sam2/mask_to_object.json
scene042,phase2,7,137,teapot,teapot,scenes/scene042/2/labels/sam2_meta/v1.tar:sam2/mask_to_object.json
scene043,phase0,1,7.1,baking_tray,baking_tray.1,scenes/scene043/0/labels/sam2_meta/v1.tar:sam2/mask_to_object.json
scene043,phase0,2,67,headphone,headphone,scenes/scene043/0/labels/sam2_meta/v1.tar:sam2/mask_to_object.json
scene043,phase0,3,34,cleaning_brush,cleaning_brush,scenes/scene043/0/labels/sam2_meta/v1.tar:sam2/mask_to_object.json
scene043,phase0,4,117.1,shoe,shoe.1,scenes/scene043/0/labels/sam2_meta/v1.tar:sam2/mask_to_object.json
scene043,phase0,5,58.1,glue_bottle,glue_bottle.1,scenes/scene043/0/labels/sam2_meta/v1.tar:sam2/mask_to_object.json
scene043,phase0,6,120.3,soda_can,soda_can.3,scenes/scene043/0/labels/sam2_meta/v1.tar:sam2/mask_to_object.json
scene043,phase0,7,88.2,mug,mug.2,scenes/scene043/0/labels/sam2_meta/v1.tar:sam2/mask_to_object.json
scene043,phase1,1,7.1,baking_tray,baking_tray.1,scenes/scene043/1/labels/sam2_meta/v1.tar:sam2/mask_to_object.json
scene043,phase1,2,67,headphone,headphone,scenes/scene043/1/labels/sam2_meta/v1.tar:sam2/mask_to_object.json
scene043,phase1,3,34,cleaning_brush,cleaning_brush,scenes/scene043/1/labels/sam2_meta/v1.tar:sam2/mask_to_object.json
scene043,phase1,4,117.1,shoe,shoe.1,scenes/scene043/1/labels/sam2_meta/v1.tar:sam2/mask_to_object.json
scene043,phase1,5,58.1,glue_bottle,glue_bottle.1,scenes/scene043/1/labels/sam2_meta/v1.tar:sam2/mask_to_object.json
scene043,phase1,6,120.3,soda_can,soda_can.3,scenes/scene043/1/labels/sam2_meta/v1.tar:sam2/mask_to_object.json
scene043,phase1,7,88.2,mug,mug.2,scenes/scene043/1/labels/sam2_meta/v1.tar:sam2/mask_to_object.json
scene043,phase2,1,7.1,baking_tray,baking_tray.1,scenes/scene043/2/labels/sam2_meta/v1.tar:sam2/mask_to_object.json
scene043,phase2,2,67,headphone,headphone,scenes/scene043/2/labels/sam2_meta/v1.tar:sam2/mask_to_object.json
scene043,phase2,3,34,cleaning_brush,cleaning_brush,scenes/scene043/2/labels/sam2_meta/v1.tar:sam2/mask_to_object.json
scene043,phase2,4,117.1,shoe,shoe.1,scenes/scene043/2/labels/sam2_meta/v1.tar:sam2/mask_to_object.json
scene043,phase2,5,58.1,glue_bottle,glue_bottle.1,scenes/scene043/2/labels/sam2_meta/v1.tar:sam2/mask_to_object.json
scene043,phase2,6,120.3,soda_can,soda_can.3,scenes/scene043/2/labels/sam2_meta/v1.tar:sam2/mask_to_object.json
scene043,phase2,7,88.2,mug,mug.2,scenes/scene043/2/labels/sam2_meta/v1.tar:sam2/mask_to_object.json
scene044,phase0,1,102,power_drill,power_drill,scenes/scene044/0/labels/sam2_meta/v1.tar:sam2/mask_to_object.json
scene044,phase0,2,17.3,book,book.3,scenes/scene044/0/labels/sam2_meta/v1.tar:sam2/mask_to_object.json
scene044,phase0,3,9,banana,banana,scenes/scene044/0/labels/sam2_meta/v1.tar:sam2/mask_to_object.json
scene044,phase0,4,122.1,soup_can,soup_can.1,scenes/scene044/0/labels/sam2_meta/v1.tar:sam2/mask_to_object.json
scene044,phase0,5,5,apple,apple,scenes/scene044/0/labels/sam2_meta/v1.tar:sam2/mask_to_object.json
scene044,phase0,6,135,tape_measure,tape_measure,scenes/scene044/0/labels/sam2_meta/v1.tar:sam2/mask_to_object.json
scene044,phase0,7,83.5,marker,marker.5,scenes/scene044/0/labels/sam2_meta/v1.tar:sam2/mask_to_object.json
scene044,phase1,1,102,power_drill,power_drill,scenes/scene044/1/labels/sam2_meta/v1.tar:sam2/mask_to_object.json
scene044,phase1,2,17.3,book,book.3,scenes/scene044/1/labels/sam2_meta/v1.tar:sam2/mask_to_object.json
scene044,phase1,3,9,banana,banana,scenes/scene044/1/labels/sam2_meta/v1.tar:sam2/mask_to_object.json
scene044,phase1,4,122.1,soup_can,soup_can.1,scenes/scene044/1/labels/sam2_meta/v1.tar:sam2/mask_to_object.json
scene044,phase1,5,5,apple,apple,scenes/scene044/1/labels/sam2_meta/v1.tar:sam2/mask_to_object.json
scene044,phase1,6,135,tape_measure,tape_measure,scenes/scene044/1/labels/sam2_meta/v1.tar:sam2/mask_to_object.json
scene044,phase1,7,83.5,marker,marker.5,scenes/scene044/1/labels/sam2_meta/v1.tar:sam2/mask_to_object.json
scene044,phase2,1,102,power_drill,power_drill,scenes/scene044/2/labels/sam2_meta/v1.tar:sam2/mask_to_object.json
scene044,phase2,2,17.3,book,book.3,scenes/scene044/2/labels/sam2_meta/v1.tar:sam2/mask_to_object.json
scene044,phase2,3,9,banana,banana,scenes/scene044/2/labels/sam2_meta/v1.tar:sam2/mask_to_object.json
scene044,phase2,4,122.1,soup_can,soup_can.1,scenes/scene044/2/labels/sam2_meta/v1.tar:sam2/mask_to_object.json
scene044,phase2,5,5,apple,apple,scenes/scene044/2/labels/sam2_meta/v1.tar:sam2/mask_to_object.json
scene044,phase2,6,135,tape_measure,tape_measure,scenes/scene044/2/labels/sam2_meta/v1.tar:sam2/mask_to_object.json
scene044,phase2,7,83.5,marker,marker.5,scenes/scene044/2/labels/sam2_meta/v1.tar:sam2/mask_to_object.json
scene045,phase0,1,49.1,fry_pan,fry_pan.1,scenes/scene045/0/labels/sam2_meta/v1.tar:sam2/mask_to_object.json
scene045,phase0,2,50,food_bag,food_bag,scenes/scene045/0/labels/sam2_meta/v1.tar:sam2/mask_to_object.json
scene045,phase0,3,78,ladle,ladle,scenes/scene045/0/labels/sam2_meta/v1.tar:sam2/mask_to_object.json
scene045,phase0,4,121,soft_scrub_cleanser_bottle,soft_scrub_cleanser_bottle,scenes/scene045/0/labels/sam2_meta/v1.tar:sam2/mask_to_object.json
scene045,phase0,5,55,game_controller,game_controller,scenes/scene045/0/labels/sam2_meta/v1.tar:sam2/mask_to_object.json
scene045,phase0,6,70,instant_noodle_packet,instant_noodle_packet,scenes/scene045/0/labels/sam2_meta/v1.tar:sam2/mask_to_object.json
scene045,phase0,7,84,meat_can,meat_can,scenes/scene045/0/labels/sam2_meta/v1.tar:sam2/mask_to_object.json
scene045,phase1,1,49.1,fry_pan,fry_pan.1,scenes/scene045/1/labels/sam2_meta/v1.tar:sam2/mask_to_object.json
scene045,phase1,2,50,food_bag,food_bag,scenes/scene045/1/labels/sam2_meta/v1.tar:sam2/mask_to_object.json
scene045,phase1,3,78,ladle,ladle,scenes/scene045/1/labels/sam2_meta/v1.tar:sam2/mask_to_object.json
scene045,phase1,4,121,soft_scrub_cleanser_bottle,soft_scrub_cleanser_bottle,scenes/scene045/1/labels/sam2_meta/v1.tar:sam2/mask_to_object.json
scene045,phase1,5,55,game_controller,game_controller,scenes/scene045/1/labels/sam2_meta/v1.tar:sam2/mask_to_object.json
scene045,phase1,6,70,instant_noodle_packet,instant_noodle_packet,scenes/scene045/1/labels/sam2_meta/v1.tar:sam2/mask_to_object.json
scene045,phase1,7,84,meat_can,meat_can,scenes/scene045/1/labels/sam2_meta/v1.tar:sam2/mask_to_object.json
scene045,phase2,1,49.1,fry_pan,fry_pan.1,scenes/scene045/2/labels/sam2_meta/v1.tar:sam2/mask_to_object.json
scene045,phase2,2,50,food_bag,food_bag,scenes/scene045/2/labels/sam2_meta/v1.tar:sam2/mask_to_object.json
scene045,phase2,3,78,ladle,ladle,scenes/scene045/2/labels/sam2_meta/v1.tar:sam2/mask_to_object.json
scene045,phase2,4,121,soft_scrub_cleanser_bottle,soft_scrub_cleanser_bottle,scenes/scene045/2/labels/sam2_meta/v1.tar:sam2/mask_to_object.json
scene045,phase2,5,55,game_controller,game_controller,scenes/scene045/2/labels/sam2_meta/v1.tar:sam2/mask_to_object.json
scene045,phase2,6,70,instant_noodle_packet,instant_noodle_packet,scenes/scene045/2/labels/sam2_meta/v1.tar:sam2/mask_to_object.json
scene045,phase2,7,84,meat_can,meat_can,scenes/scene045/2/labels/sam2_meta/v1.tar:sam2/mask_to_object.json
scene046,phase0,1,74,kettle,kettle,scenes/scene046/0/labels/sam2_meta/v1.tar:sam2/mask_to_object.json
scene046,phase0,2,66.1,hat,hat.1,scenes/scene046/0/labels/sam2_meta/v1.tar:sam2/mask_to_object.json
scene046,phase0,3,86,milk_jug,milk_jug,scenes/scene046/0/labels/sam2_meta/v1.tar:sam2/mask_to_object.json
scene046,phase0,4,103.2,pringles_can,pringles_can.2,scenes/scene046/0/labels/sam2_meta/v1.tar:sam2/mask_to_object.json
scene046,phase0,5,1,air_duster_can,air_duster_can,scenes/scene046/0/labels/sam2_meta/v1.tar:sam2/mask_to_object.json
scene046,phase0,6,40.1,cup,cup.1,scenes/scene046/0/labels/sam2_meta/v1.tar:sam2/mask_to_object.json
scene046,phase0,7,10,baseball_ball,baseball_ball,scenes/scene046/0/labels/sam2_meta/v1.tar:sam2/mask_to_object.json
scene046,phase1,1,74,kettle,kettle,scenes/scene046/1/labels/sam2_meta/v1.tar:sam2/mask_to_object.json
scene046,phase1,2,66.1,hat,hat.1,scenes/scene046/1/labels/sam2_meta/v1.tar:sam2/mask_to_object.json
scene046,phase1,3,86,milk_jug,milk_jug,scenes/scene046/1/labels/sam2_meta/v1.tar:sam2/mask_to_object.json
scene046,phase1,4,103.2,pringles_can,pringles_can.2,scenes/scene046/1/labels/sam2_meta/v1.tar:sam2/mask_to_object.json
scene046,phase1,5,1,air_duster_can,air_duster_can,scenes/scene046/1/labels/sam2_meta/v1.tar:sam2/mask_to_object.json
scene046,phase1,6,40.1,cup,cup.1,scenes/scene046/1/labels/sam2_meta/v1.tar:sam2/mask_to_object.json
scene046,phase1,7,10,baseball_ball,baseball_ball,scenes/scene046/1/labels/sam2_meta/v1.tar:sam2/mask_to_object.json
scene046,phase2,1,74,kettle,kettle,scenes/scene046/2/labels/sam2_meta/v1.tar:sam2/mask_to_object.json
scene046,phase2,2,66.1,hat,hat.1,scenes/scene046/2/labels/sam2_meta/v1.tar:sam2/mask_to_object.json
scene046,phase2,3,86,milk_jug,milk_jug,scenes/scene046/2/labels/sam2_meta/v1.tar:sam2/mask_to_object.json
scene046,phase2,4,103.2,pringles_can,pringles_can.2,scenes/scene046/2/labels/sam2_meta/v1.tar:sam2/mask_to_object.json
scene046,phase2,5,1,air_duster_can,air_duster_can,scenes/scene046/2/labels/sam2_meta/v1.tar:sam2/mask_to_object.json
scene046,phase2,6,40.1,cup,cup.1,scenes/scene046/2/labels/sam2_meta/v1.tar:sam2/mask_to_object.json
scene046,phase2,7,10,baseball_ball,baseball_ball,scenes/scene046/2/labels/sam2_meta/v1.tar:sam2/mask_to_object.json
scene047,phase0,1,13.2,beanie,beanie.2,scenes/scene047/0/labels/sam2_meta/v1.tar:sam2/mask_to_object.json
scene047,phase0,2,38,cracker_box,cracker_box,scenes/scene047/0/labels/sam2_meta/v1.tar:sam2/mask_to_object.json
scene047,phase0,3,20.1,bowl,bowl.1,scenes/scene047/0/labels/sam2_meta/v1.tar:sam2/mask_to_object.json
scene047,phase0,4,107,remote_controller,remote_controller,scenes/scene047/0/labels/sam2_meta/v1.tar:sam2/mask_to_object.json
scene047,phase0,5,14.1,bear,bear.1,scenes/scene047/0/labels/sam2_meta/v1.tar:sam2/mask_to_object.json
scene047,phase0,6,95,pear,pear,scenes/scene047/0/labels/sam2_meta/v1.tar:sam2/mask_to_object.json
scene047,phase0,7,125,sponge,sponge,scenes/scene047/0/labels/sam2_meta/v1.tar:sam2/mask_to_object.json
scene047,phase1,1,13.2,beanie,beanie.2,scenes/scene047/1/labels/sam2_meta/v1.tar:sam2/mask_to_object.json
scene047,phase1,2,38,cracker_box,cracker_box,scenes/scene047/1/labels/sam2_meta/v1.tar:sam2/mask_to_object.json
scene047,phase1,3,20.1,bowl,bowl.1,scenes/scene047/1/labels/sam2_meta/v1.tar:sam2/mask_to_object.json
scene047,phase1,4,107,remote_controller,remote_controller,scenes/scene047/1/labels/sam2_meta/v1.tar:sam2/mask_to_object.json
scene047,phase1,5,14.1,bear,bear.1,scenes/scene047/1/labels/sam2_meta/v1.tar:sam2/mask_to_object.json
scene047,phase1,6,95,pear,pear,scenes/scene047/1/labels/sam2_meta/v1.tar:sam2/mask_to_object.json
scene047,phase1,7,125,sponge,sponge,scenes/scene047/1/labels/sam2_meta/v1.tar:sam2/mask_to_object.json
scene047,phase2,1,13.2,beanie,beanie.2,scenes/scene047/2/labels/sam2_meta/v1.tar:sam2/mask_to_object.json
scene047,phase2,2,38,cracker_box,cracker_box,scenes/scene047/2/labels/sam2_meta/v1.tar:sam2/mask_to_object.json
scene047,phase2,3,20.1,bowl,bowl.1,scenes/scene047/2/labels/sam2_meta/v1.tar:sam2/mask_to_object.json
scene047,phase2,4,107,remote_controller,remote_controller,scenes/scene047/2/labels/sam2_meta/v1.tar:sam2/mask_to_object.json
scene047,phase2,5,14.1,bear,bear.1,scenes/scene047/2/labels/sam2_meta/v1.tar:sam2/mask_to_object.json
scene047,phase2,6,95,pear,pear,scenes/scene047/2/labels/sam2_meta/v1.tar:sam2/mask_to_object.json
scene047,phase2,7,125,sponge,sponge,scenes/scene047/2/labels/sam2_meta/v1.tar:sam2/mask_to_object.json
scene048,phase0,1,68,helmet,helmet,scenes/scene048/0/labels/sam2_meta/v1.tar:sam2/mask_to_object.json
scene048,phase0,2,43.1,doll,doll.1,scenes/scene048/0/labels/sam2_meta/v1.tar:sam2/mask_to_object.json
scene048,phase0,3,144.2,towel,towel.2,scenes/scene048/0/labels/sam2_meta/v1.tar:sam2/mask_to_object.json
scene048,phase0,4,11.1,basting_brush,basting_brush.1,scenes/scene048/0/labels/sam2_meta/v1.tar:sam2/mask_to_object.json
scene048,phase0,5,133.2,t-handle,t-handle.2,scenes/scene048/0/labels/sam2_meta/v1.tar:sam2/mask_to_object.json
scene048,phase0,6,57.2,glove,glove.2,scenes/scene048/0/labels/sam2_meta/v1.tar:sam2/mask_to_object.json
scene048,phase0,7,62,hair_brush,hairbrush,scenes/scene048/0/labels/sam2_meta/v1.tar:sam2/mask_to_object.json
scene048,phase1,1,68,helmet,helmet,scenes/scene048/1/labels/sam2_meta/v1.tar:sam2/mask_to_object.json
scene048,phase1,2,43.1,doll,doll.1,scenes/scene048/1/labels/sam2_meta/v1.tar:sam2/mask_to_object.json
scene048,phase1,3,144.2,towel,towel.2,scenes/scene048/1/labels/sam2_meta/v1.tar:sam2/mask_to_object.json
scene048,phase1,4,11.1,basting_brush,basting_brush.1,scenes/scene048/1/labels/sam2_meta/v1.tar:sam2/mask_to_object.json
scene048,phase1,5,133.2,t-handle,t-handle.2,scenes/scene048/1/labels/sam2_meta/v1.tar:sam2/mask_to_object.json
scene048,phase1,6,57.2,glove,glove.2,scenes/scene048/1/labels/sam2_meta/v1.tar:sam2/mask_to_object.json
scene048,phase1,7,62,hair_brush,hairbrush,scenes/scene048/1/labels/sam2_meta/v1.tar:sam2/mask_to_object.json
scene048,phase2,1,68,helmet,helmet,scenes/scene048/2/labels/sam2_meta/v1.tar:sam2/mask_to_object.json
scene048,phase2,2,43.1,doll,doll.1,scenes/scene048/2/labels/sam2_meta/v1.tar:sam2/mask_to_object.json
scene048,phase2,3,144.2,towel,towel.2,scenes/scene048/2/labels/sam2_meta/v1.tar:sam2/mask_to_object.json
scene048,phase2,4,11.1,basting_brush,basting_brush.1,scenes/scene048/2/labels/sam2_meta/v1.tar:sam2/mask_to_object.json
scene048,phase2,5,133.2,t-handle,t-handle.2,scenes/scene048/2/labels/sam2_meta/v1.tar:sam2/mask_to_object.json
scene048,phase2,6,57.2,glove,glove.2,scenes/scene048/2/labels/sam2_meta/v1.tar:sam2/mask_to_object.json
scene048,phase2,7,62,hair_brush,hairbrush,scenes/scene048/2/labels/sam2_meta/v1.tar:sam2/mask_to_object.json
scene049,phase0,1,82.2,lion,lion.2,scenes/scene049/0/labels/sam2_meta/v1.tar:sam2/mask_to_object.json
scene049,phase0,2,96.2,peeler,peeler.2,scenes/scene049/0/labels/sam2_meta/v1.tar:sam2/mask_to_object.json
scene049,phase0,3,18.2,boot,boot.2,scenes/scene049/0/labels/sam2_meta/v1.tar:sam2/mask_to_object.json
scene049,phase0,4,127.2,spray_bottle,spray_bottle.2,scenes/scene049/0/labels/sam2_meta/v1.tar:sam2/mask_to_object.json
scene049,phase0,5,71,jar,jar,scenes/scene049/0/labels/sam2_meta/v1.tar:sam2/mask_to_object.json
scene049,phase0,6,37.1,coffee_can,coffee_can.1,scenes/scene049/0/labels/sam2_meta/v1.tar:sam2/mask_to_object.json
scene049,phase0,7,105.2,pump_bottle,pump_bottle.2,scenes/scene049/0/labels/sam2_meta/v1.tar:sam2/mask_to_object.json
scene049,phase1,1,82.2,lion,lion.2,scenes/scene049/1/labels/sam2_meta/v1.tar:sam2/mask_to_object.json
scene049,phase1,2,96.2,peeler,peeler.2,scenes/scene049/1/labels/sam2_meta/v1.tar:sam2/mask_to_object.json
scene049,phase1,3,18.2,boot,boot.2,scenes/scene049/1/labels/sam2_meta/v1.tar:sam2/mask_to_object.json
scene049,phase1,4,127.2,spray_bottle,spray_bottle.2,scenes/scene049/1/labels/sam2_meta/v1.tar:sam2/mask_to_object.json
scene049,phase1,5,71,jar,jar,scenes/scene049/1/labels/sam2_meta/v1.tar:sam2/mask_to_object.json
scene049,phase1,6,37.1,coffee_can,coffee_can.1,scenes/scene049/1/labels/sam2_meta/v1.tar:sam2/mask_to_object.json
scene049,phase1,7,105.2,pump_bottle,pump_bottle.2,scenes/scene049/1/labels/sam2_meta/v1.tar:sam2/mask_to_object.json
scene049,phase2,1,82.2,lion,lion.2,scenes/scene049/2/labels/sam2_meta/v1.tar:sam2/mask_to_object.json
scene049,phase2,2,96.2,peeler,peeler.2,scenes/scene049/2/labels/sam2_meta/v1.tar:sam2/mask_to_object.json
scene049,phase2,3,18.2,boot,boot.2,scenes/scene049/2/labels/sam2_meta/v1.tar:sam2/mask_to_object.json
scene049,phase2,4,127.2,spray_bottle,spray_bottle.2,scenes/scene049/2/labels/sam2_meta/v1.tar:sam2/mask_to_object.json
scene049,phase2,5,71,jar,jar,scenes/scene049/2/labels/sam2_meta/v1.tar:sam2/mask_to_object.json
scene049,phase2,6,37.1,coffee_can,coffee_can.1,scenes/scene049/2/labels/sam2_meta/v1.tar:sam2/mask_to_object.json
scene049,phase2,7,105.2,pump_bottle,pump_bottle.2,scenes/scene049/2/labels/sam2_meta/v1.tar:sam2/mask_to_object.json
scene050,phase0,1,63.2,hammer,hammer.2,scenes/scene050/0/labels/sam2_meta/v1.tar:sam2/mask_to_object.json
scene050,phase0,2,73.2,juice_pouch,juice_pouch.2,scenes/scene050/0/labels/sam2_meta/v1.tar:sam2/mask_to_object.json
scene050,phase0,3,148.2,water_bottle,water_bottle.2,scenes/scene050/0/labels/sam2_meta/v1.tar:sam2/mask_to_object.json
scene050,phase0,4,113.1,scissors,scissors.1,scenes/scene050/0/labels/sam2_meta/v1.tar:sam2/mask_to_object.json
scene050,phase0,5,3,alarm_clock,alarm_clock,scenes/scene050/0/labels/sam2_meta/v1.tar:sam2/mask_to_object.json
scene050,phase0,6,36,coffee_bottle,coffee_bottle,scenes/scene050/0/labels/sam2_meta/v1.tar:sam2/mask_to_object.json
scene050,phase0,7,72.1,jello_box,jello_box.1,scenes/scene050/0/labels/sam2_meta/v1.tar:sam2/mask_to_object.json
scene050,phase1,1,63.2,hammer,hammer.2,scenes/scene050/1/labels/sam2_meta/v1.tar:sam2/mask_to_object.json
scene050,phase1,2,73.2,juice_pouch,juice_pouch.2,scenes/scene050/1/labels/sam2_meta/v1.tar:sam2/mask_to_object.json
scene050,phase1,3,148.2,water_bottle,water_bottle.2,scenes/scene050/1/labels/sam2_meta/v1.tar:sam2/mask_to_object.json
scene050,phase1,4,113.1,scissors,scissors.1,scenes/scene050/1/labels/sam2_meta/v1.tar:sam2/mask_to_object.json
scene050,phase1,5,3,alarm_clock,alarm_clock,scenes/scene050/1/labels/sam2_meta/v1.tar:sam2/mask_to_object.json
scene050,phase1,6,36,coffee_bottle,coffee_bottle,scenes/scene050/1/labels/sam2_meta/v1.tar:sam2/mask_to_object.json
scene050,phase1,7,72.1,jello_box,jello_box.1,scenes/scene050/1/labels/sam2_meta/v1.tar:sam2/mask_to_object.json
scene050,phase2,1,63.2,hammer,hammer.2,scenes/scene050/2/labels/sam2_meta/v1.tar:sam2/mask_to_object.json
scene050,phase2,2,73.2,juice_pouch,juice_pouch.2,scenes/scene050/2/labels/sam2_meta/v1.tar:sam2/mask_to_object.json
scene050,phase2,3,148.2,water_bottle,water_bottle.2,scenes/scene050/2/labels/sam2_meta/v1.tar:sam2/mask_to_object.json
scene050,phase2,4,113.1,scissors,scissors.1,scenes/scene050/2/labels/sam2_meta/v1.tar:sam2/mask_to_object.json
scene050,phase2,5,3,alarm_clock,alarm_clock,scenes/scene050/2/labels/sam2_meta/v1.tar:sam2/mask_to_object.json
scene050,phase2,6,36,coffee_bottle,coffee_bottle,scenes/scene050/2/labels/sam2_meta/v1.tar:sam2/mask_to_object.json
scene050,phase2,7,72.1,jello_box,jello_box.1,scenes/scene050/2/labels/sam2_meta/v1.tar:sam2/mask_to_object.json
scene051,phase0,1,65,handy_pot,handy_pot,scenes/scene051/0/labels/sam2_meta/v1.tar:sam2/mask_to_object.json
scene051,phase0,2,148.2,water_bottle,water_bottle.2,scenes/scene051/0/labels/sam2_meta/v1.tar:sam2/mask_to_object.json
scene051,phase0,3,43.1,doll,doll.1,scenes/scene051/0/labels/sam2_meta/v1.tar:sam2/mask_to_object.json
scene051,phase0,4,71,jar,jar,scenes/scene051/0/labels/sam2_meta/v1.tar:sam2/mask_to_object.json
scene051,phase0,5,88.2,mug,mug.2,scenes/scene051/0/labels/sam2_meta/v1.tar:sam2/mask_to_object.json
scene051,phase0,6,5,apple,apple,scenes/scene051/0/labels/sam2_meta/v1.tar:sam2/mask_to_object.json
scene051,phase0,7,87.3,mouse,mouse.3,scenes/scene051/0/labels/sam2_meta/v1.tar:sam2/mask_to_object.json
scene051,phase1,1,65,handy_pot,handy_pot,scenes/scene051/1/labels/sam2_meta/v1.tar:sam2/mask_to_object.json
scene051,phase1,2,148.2,water_bottle,water_bottle.2,scenes/scene051/1/labels/sam2_meta/v1.tar:sam2/mask_to_object.json
scene051,phase1,3,43.1,doll,doll.1,scenes/scene051/1/labels/sam2_meta/v1.tar:sam2/mask_to_object.json
scene051,phase1,4,71,jar,jar,scenes/scene051/1/labels/sam2_meta/v1.tar:sam2/mask_to_object.json
scene051,phase1,5,88.2,mug,mug.2,scenes/scene051/1/labels/sam2_meta/v1.tar:sam2/mask_to_object.json
scene051,phase1,6,5,apple,apple,scenes/scene051/1/labels/sam2_meta/v1.tar:sam2/mask_to_object.json
scene051,phase1,7,87.3,mouse,mouse.3,scenes/scene051/1/labels/sam2_meta/v1.tar:sam2/mask_to_object.json
scene051,phase2,1,65,handy_pot,handy_pot,scenes/scene051/2/labels/sam2_meta/v1.tar:sam2/mask_to_object.json
scene051,phase2,2,148.2,water_bottle,water_bottle.2,scenes/scene051/2/labels/sam2_meta/v1.tar:sam2/mask_to_object.json
scene051,phase2,3,43.1,doll,doll.1,scenes/scene051/2/labels/sam2_meta/v1.tar:sam2/mask_to_object.json
scene051,phase2,4,71,jar,jar,scenes/scene051/2/labels/sam2_meta/v1.tar:sam2/mask_to_object.json
scene051,phase2,5,88.2,mug,mug.2,scenes/scene051/2/labels/sam2_meta/v1.tar:sam2/mask_to_object.json
scene051,phase2,6,5,apple,apple,scenes/scene051/2/labels/sam2_meta/v1.tar:sam2/mask_to_object.json
scene051,phase2,7,87.3,mouse,mouse.3,scenes/scene051/2/labels/sam2_meta/v1.tar:sam2/mask_to_object.json
scene052,phase0,1,113.1,scissors,scissors.1,scenes/scene052/0/labels/sam2_meta/v1.tar:sam2/mask_to_object.json
scene052,phase0,2,18.2,boot,boot.2,scenes/scene052/0/labels/sam2_meta/v1.tar:sam2/mask_to_object.json
scene052,phase0,3,66.1,hat,hat.1,scenes/scene052/0/labels/sam2_meta/v1.tar:sam2/mask_to_object.json
scene052,phase0,4,68,helmet,helmet,scenes/scene052/0/labels/sam2_meta/v1.tar:sam2/mask_to_object.json
scene052,phase0,5,82.2,lion,lion.2,scenes/scene052/0/labels/sam2_meta/v1.tar:sam2/mask_to_object.json
scene052,phase0,6,86,milk_jug,milk_jug,scenes/scene052/0/labels/sam2_meta/v1.tar:sam2/mask_to_object.json
scene052,phase0,7,107,remote_controller,remote_controller,scenes/scene052/0/labels/sam2_meta/v1.tar:sam2/mask_to_object.json
scene052,phase1,1,113.1,scissors,scissors.1,scenes/scene052/1/labels/sam2_meta/v1.tar:sam2/mask_to_object.json
scene052,phase1,2,18.2,boot,boot.2,scenes/scene052/1/labels/sam2_meta/v1.tar:sam2/mask_to_object.json
scene052,phase1,3,66.1,hat,hat.1,scenes/scene052/1/labels/sam2_meta/v1.tar:sam2/mask_to_object.json
scene052,phase1,4,68,helmet,helmet,scenes/scene052/1/labels/sam2_meta/v1.tar:sam2/mask_to_object.json
scene052,phase1,5,82.2,lion,lion.2,scenes/scene052/1/labels/sam2_meta/v1.tar:sam2/mask_to_object.json
scene052,phase1,6,86,milk_jug,milk_jug,scenes/scene052/1/labels/sam2_meta/v1.tar:sam2/mask_to_object.json
scene052,phase1,7,107,remote_controller,remote_controller,scenes/scene052/1/labels/sam2_meta/v1.tar:sam2/mask_to_object.json
scene052,phase2,1,113.1,scissors,scissors.1,scenes/scene052/2/labels/sam2_meta/v1.tar:sam2/mask_to_object.json
scene052,phase2,2,18.2,boot,boot.2,scenes/scene052/2/labels/sam2_meta/v1.tar:sam2/mask_to_object.json
scene052,phase2,3,66.1,hat,hat.1,scenes/scene052/2/labels/sam2_meta/v1.tar:sam2/mask_to_object.json
scene052,phase2,4,68,helmet,helmet,scenes/scene052/2/labels/sam2_meta/v1.tar:sam2/mask_to_object.json
scene052,phase2,5,82.2,lion,lion.2,scenes/scene052/2/labels/sam2_meta/v1.tar:sam2/mask_to_object.json
scene052,phase2,6,86,milk_jug,milk_jug,scenes/scene052/2/labels/sam2_meta/v1.tar:sam2/mask_to_object.json
scene052,phase2,7,107,remote_controller,remote_controller,scenes/scene052/2/labels/sam2_meta/v1.tar:sam2/mask_to_object.json
scene053,phase0,1,127.2,spray_bottle,spray_bottle.2,scenes/scene053/0/labels/sam2_meta/v1.tar:sam2/mask_to_object.json
scene053,phase0,2,67,headphone,headphone,scenes/scene053/0/labels/sam2_meta/v1.tar:sam2/mask_to_object.json
scene053,phase0,3,11.1,basting_brush,basting_brush.1,scenes/scene053/0/labels/sam2_meta/v1.tar:sam2/mask_to_object.json
scene053,phase0,4,70,instant_noodle_packet,instant_noodle_packet,scenes/scene053/0/labels/sam2_meta/v1.tar:sam2/mask_to_object.json
scene053,phase0,5,144.2,towel,towel.2,scenes/scene053/0/labels/sam2_meta/v1.tar:sam2/mask_to_object.json
scene053,phase0,6,72.1,jello_box,jello_box.1,scenes/scene053/0/labels/sam2_meta/v1.tar:sam2/mask_to_object.json
scene053,phase0,7,117.1,shoe,shoe.1,scenes/scene053/0/labels/sam2_meta/v1.tar:sam2/mask_to_object.json
scene053,phase1,1,127.2,spray_bottle,spray_bottle.2,scenes/scene053/1/labels/sam2_meta/v1.tar:sam2/mask_to_object.json
scene053,phase1,2,67,headphone,headphone,scenes/scene053/1/labels/sam2_meta/v1.tar:sam2/mask_to_object.json
scene053,phase1,3,11.1,basting_brush,basting_brush.1,scenes/scene053/1/labels/sam2_meta/v1.tar:sam2/mask_to_object.json
scene053,phase1,4,70,instant_noodle_packet,instant_noodle_packet,scenes/scene053/1/labels/sam2_meta/v1.tar:sam2/mask_to_object.json
scene053,phase1,5,144.2,towel,towel.2,scenes/scene053/1/labels/sam2_meta/v1.tar:sam2/mask_to_object.json
scene053,phase1,6,72.1,jello_box,jello_box.1,scenes/scene053/1/labels/sam2_meta/v1.tar:sam2/mask_to_object.json
scene053,phase1,7,117.1,shoe,shoe.1,scenes/scene053/1/labels/sam2_meta/v1.tar:sam2/mask_to_object.json
scene053,phase2,1,127.2,spray_bottle,spray_bottle.2,scenes/scene053/2/labels/sam2_meta/v1.tar:sam2/mask_to_object.json
scene053,phase2,2,67,headphone,headphone,scenes/scene053/2/labels/sam2_meta/v1.tar:sam2/mask_to_object.json
scene053,phase2,3,11.1,basting_brush,basting_brush.1,scenes/scene053/2/labels/sam2_meta/v1.tar:sam2/mask_to_object.json
scene053,phase2,4,70,instant_noodle_packet,instant_noodle_packet,scenes/scene053/2/labels/sam2_meta/v1.tar:sam2/mask_to_object.json
scene053,phase2,5,144.2,towel,towel.2,scenes/scene053/2/labels/sam2_meta/v1.tar:sam2/mask_to_object.json
scene053,phase2,6,72.1,jello_box,jello_box.1,scenes/scene053/2/labels/sam2_meta/v1.tar:sam2/mask_to_object.json
scene053,phase2,7,117.1,shoe,shoe.1,scenes/scene053/2/labels/sam2_meta/v1.tar:sam2/mask_to_object.json
scene054,phase0,1,7.1,baking_tray,baking_tray.1,scenes/scene054/0/labels/sam2_meta/v1.tar:sam2/mask_to_object.json
scene054,phase0,2,121,soft_scrub_cleanser_bottle,soft_scrub_cleanser_bottle,scenes/scene054/0/labels/sam2_meta/v1.tar:sam2/mask_to_object.json
scene054,phase0,3,102,power_drill,power_drill,scenes/scene054/0/labels/sam2_meta/v1.tar:sam2/mask_to_object.json
scene054,phase0,4,133.2,t-handle,t-handle.2,scenes/scene054/0/labels/sam2_meta/v1.tar:sam2/mask_to_object.json
scene054,phase0,5,84,meat_can,meat_can,scenes/scene054/0/labels/sam2_meta/v1.tar:sam2/mask_to_object.json
scene054,phase0,6,77.1,knife,knife.1,scenes/scene054/0/labels/sam2_meta/v1.tar:sam2/mask_to_object.json
scene054,phase0,7,95,pear,pear,scenes/scene054/0/labels/sam2_meta/v1.tar:sam2/mask_to_object.json
scene054,phase1,1,7.1,baking_tray,baking_tray.1,scenes/scene054/1/labels/sam2_meta/v1.tar:sam2/mask_to_object.json
scene054,phase1,2,121,soft_scrub_cleanser_bottle,soft_scrub_cleanser_bottle,scenes/scene054/1/labels/sam2_meta/v1.tar:sam2/mask_to_object.json
scene054,phase1,3,102,power_drill,power_drill,scenes/scene054/1/labels/sam2_meta/v1.tar:sam2/mask_to_object.json
scene054,phase1,4,133.2,t-handle,t-handle.2,scenes/scene054/1/labels/sam2_meta/v1.tar:sam2/mask_to_object.json
scene054,phase1,5,84,meat_can,meat_can,scenes/scene054/1/labels/sam2_meta/v1.tar:sam2/mask_to_object.json
scene054,phase1,6,77.1,knife,knife.1,scenes/scene054/1/labels/sam2_meta/v1.tar:sam2/mask_to_object.json
scene054,phase1,7,95,pear,pear,scenes/scene054/1/labels/sam2_meta/v1.tar:sam2/mask_to_object.json
scene054,phase2,1,7.1,baking_tray,baking_tray.1,scenes/scene054/2/labels/sam2_meta/v1.tar:sam2/mask_to_object.json
scene054,phase2,2,121,soft_scrub_cleanser_bottle,soft_scrub_cleanser_bottle,scenes/scene054/2/labels/sam2_meta/v1.tar:sam2/mask_to_object.json
scene054,phase2,3,102,power_drill,power_drill,scenes/scene054/2/labels/sam2_meta/v1.tar:sam2/mask_to_object.json
scene054,phase2,4,133.2,t-handle,t-handle.2,scenes/scene054/2/labels/sam2_meta/v1.tar:sam2/mask_to_object.json
scene054,phase2,5,84,meat_can,meat_can,scenes/scene054/2/labels/sam2_meta/v1.tar:sam2/mask_to_object.json
scene054,phase2,6,77.1,knife,knife.1,scenes/scene054/2/labels/sam2_meta/v1.tar:sam2/mask_to_object.json
scene054,phase2,7,95,pear,pear,scenes/scene054/2/labels/sam2_meta/v1.tar:sam2/mask_to_object.json
scene055,phase0,1,105.2,pump_bottle,pump_bottle.2,scenes/scene055/0/labels/sam2_meta/v1.tar:sam2/mask_to_object.json
scene055,phase0,2,38,cracker_box,cracker_box,scenes/scene055/0/labels/sam2_meta/v1.tar:sam2/mask_to_object.json
scene055,phase0,3,114,shampoo_bottle,shampoo_bottle,scenes/scene055/0/labels/sam2_meta/v1.tar:sam2/mask_to_object.json
scene055,phase0,4,73.2,juice_pouch,juice_pouch.2,scenes/scene055/0/labels/sam2_meta/v1.tar:sam2/mask_to_object.json
scene055,phase0,5,96.2,peeler,peeler.2,scenes/scene055/0/labels/sam2_meta/v1.tar:sam2/mask_to_object.json
scene055,phase0,6,122.1,soup_can,soup_can.1,scenes/scene055/0/labels/sam2_meta/v1.tar:sam2/mask_to_object.json
scene055,phase0,7,83.5,marker,marker.5,scenes/scene055/0/labels/sam2_meta/v1.tar:sam2/mask_to_object.json
scene055,phase1,1,105.2,pump_bottle,pump_bottle.2,scenes/scene055/1/labels/sam2_meta/v1.tar:sam2/mask_to_object.json
scene055,phase1,2,38,cracker_box,cracker_box,scenes/scene055/1/labels/sam2_meta/v1.tar:sam2/mask_to_object.json
scene055,phase1,3,114,shampoo_bottle,shampoo_bottle,scenes/scene055/1/labels/sam2_meta/v1.tar:sam2/mask_to_object.json
scene055,phase1,4,73.2,juice_pouch,juice_pouch.2,scenes/scene055/1/labels/sam2_meta/v1.tar:sam2/mask_to_object.json
scene055,phase1,5,96.2,peeler,peeler.2,scenes/scene055/1/labels/sam2_meta/v1.tar:sam2/mask_to_object.json
scene055,phase1,6,122.1,soup_can,soup_can.1,scenes/scene055/1/labels/sam2_meta/v1.tar:sam2/mask_to_object.json
scene055,phase1,7,83.5,marker,marker.5,scenes/scene055/1/labels/sam2_meta/v1.tar:sam2/mask_to_object.json
scene055,phase2,1,105.2,pump_bottle,pump_bottle.2,scenes/scene055/2/labels/sam2_meta/v1.tar:sam2/mask_to_object.json
scene055,phase2,2,38,cracker_box,cracker_box,scenes/scene055/2/labels/sam2_meta/v1.tar:sam2/mask_to_object.json
scene055,phase2,3,114,shampoo_bottle,shampoo_bottle,scenes/scene055/2/labels/sam2_meta/v1.tar:sam2/mask_to_object.json
scene055,phase2,4,73.2,juice_pouch,juice_pouch.2,scenes/scene055/2/labels/sam2_meta/v1.tar:sam2/mask_to_object.json
scene055,phase2,5,96.2,peeler,peeler.2,scenes/scene055/2/labels/sam2_meta/v1.tar:sam2/mask_to_object.json
scene055,phase2,6,122.1,soup_can,soup_can.1,scenes/scene055/2/labels/sam2_meta/v1.tar:sam2/mask_to_object.json
scene055,phase2,7,83.5,marker,marker.5,scenes/scene055/2/labels/sam2_meta/v1.tar:sam2/mask_to_object.json
scene056,phase0,1,74,kettle,kettle,scenes/scene056/0/labels/sam2_meta/v1.tar:sam2/mask_to_object.json
scene056,phase0,2,63.2,hammer,hammer.2,scenes/scene056/0/labels/sam2_meta/v1.tar:sam2/mask_to_object.json
scene056,phase0,3,20.1,bowl,bowl.1,scenes/scene056/0/labels/sam2_meta/v1.tar:sam2/mask_to_object.json
scene056,phase0,4,147,umbrella,umbrella,scenes/scene056/0/labels/sam2_meta/v1.tar:sam2/mask_to_object.json
scene056,phase0,5,1,air_duster_can,air_duster_can,scenes/scene056/0/labels/sam2_meta/v1.tar:sam2/mask_to_object.json
scene056,phase0,6,109,root_beer_bottle,root_beer_bottle,scenes/scene056/0/labels/sam2_meta/v1.tar:sam2/mask_to_object.json
scene056,phase0,7,142,toothpaste,toothpaste,scenes/scene056/0/labels/sam2_meta/v1.tar:sam2/mask_to_object.json
scene056,phase1,1,74,kettle,kettle,scenes/scene056/1/labels/sam2_meta/v1.tar:sam2/mask_to_object.json
scene056,phase1,2,63.2,hammer,hammer.2,scenes/scene056/1/labels/sam2_meta/v1.tar:sam2/mask_to_object.json
scene056,phase1,3,20.1,bowl,bowl.1,scenes/scene056/1/labels/sam2_meta/v1.tar:sam2/mask_to_object.json
scene056,phase1,4,147,umbrella,umbrella,scenes/scene056/1/labels/sam2_meta/v1.tar:sam2/mask_to_object.json
scene056,phase1,5,1,air_duster_can,air_duster_can,scenes/scene056/1/labels/sam2_meta/v1.tar:sam2/mask_to_object.json
scene056,phase1,6,109,root_beer_bottle,root_beer_bottle,scenes/scene056/1/labels/sam2_meta/v1.tar:sam2/mask_to_object.json
scene056,phase1,7,142,toothpaste,toothpaste,scenes/scene056/1/labels/sam2_meta/v1.tar:sam2/mask_to_object.json
scene056,phase2,1,74,kettle,kettle,scenes/scene056/2/labels/sam2_meta/v1.tar:sam2/mask_to_object.json
scene056,phase2,2,63.2,hammer,hammer.2,scenes/scene056/2/labels/sam2_meta/v1.tar:sam2/mask_to_object.json
scene056,phase2,3,20.1,bowl,bowl.1,scenes/scene056/2/labels/sam2_meta/v1.tar:sam2/mask_to_object.json
scene056,phase2,4,147,umbrella,umbrella,scenes/scene056/2/labels/sam2_meta/v1.tar:sam2/mask_to_object.json
scene056,phase2,5,1,air_duster_can,air_duster_can,scenes/scene056/2/labels/sam2_meta/v1.tar:sam2/mask_to_object.json
scene056,phase2,6,109,root_beer_bottle,root_beer_bottle,scenes/scene056/2/labels/sam2_meta/v1.tar:sam2/mask_to_object.json
scene056,phase2,7,142,toothpaste,toothpaste,scenes/scene056/2/labels/sam2_meta/v1.tar:sam2/mask_to_object.json
scene057,phase0,1,57.2,glove,glove.2,scenes/scene057/0/labels/sam2_meta/v1.tar:sam2/mask_to_object.json
scene057,phase0,2,37.1,coffee_can,coffee_can.1,scenes/scene057/0/labels/sam2_meta/v1.tar:sam2/mask_to_object.json
scene057,phase0,3,3,alarm_clock,alarm_clock,scenes/scene057/0/labels/sam2_meta/v1.tar:sam2/mask_to_object.json
scene057,phase0,4,89.3,mustard_bottle,mustard_bottle.3,scenes/scene057/0/labels/sam2_meta/v1.tar:sam2/mask_to_object.json
scene057,phase0,5,58.1,glue_bottle,glue_bottle.1,scenes/scene057/0/labels/sam2_meta/v1.tar:sam2/mask_to_object.json
scene057,phase0,6,135,tape_measure,tape_measure,scenes/scene057/0/labels/sam2_meta/v1.tar:sam2/mask_to_object.json
scene057,phase0,7,10,baseball_ball,baseball_ball,scenes/scene057/0/labels/sam2_meta/v1.tar:sam2/mask_to_object.json
scene057,phase1,1,57.2,glove,glove.2,scenes/scene057/1/labels/sam2_meta/v1.tar:sam2/mask_to_object.json
scene057,phase1,2,37.1,coffee_can,coffee_can.1,scenes/scene057/1/labels/sam2_meta/v1.tar:sam2/mask_to_object.json
scene057,phase1,3,3,alarm_clock,alarm_clock,scenes/scene057/1/labels/sam2_meta/v1.tar:sam2/mask_to_object.json
scene057,phase1,4,89.3,mustard_bottle,mustard_bottle.3,scenes/scene057/1/labels/sam2_meta/v1.tar:sam2/mask_to_object.json
scene057,phase1,5,58.1,glue_bottle,glue_bottle.1,scenes/scene057/1/labels/sam2_meta/v1.tar:sam2/mask_to_object.json
scene057,phase1,6,135,tape_measure,tape_measure,scenes/scene057/1/labels/sam2_meta/v1.tar:sam2/mask_to_object.json
scene057,phase1,7,10,baseball_ball,baseball_ball,scenes/scene057/1/labels/sam2_meta/v1.tar:sam2/mask_to_object.json
scene057,phase2,1,57.2,glove,glove.2,scenes/scene057/2/labels/sam2_meta/v1.tar:sam2/mask_to_object.json
scene057,phase2,2,37.1,coffee_can,coffee_can.1,scenes/scene057/2/labels/sam2_meta/v1.tar:sam2/mask_to_object.json
scene057,phase2,3,3,alarm_clock,alarm_clock,scenes/scene057/2/labels/sam2_meta/v1.tar:sam2/mask_to_object.json
scene057,phase2,4,89.3,mustard_bottle,mustard_bottle.3,scenes/scene057/2/labels/sam2_meta/v1.tar:sam2/mask_to_object.json
scene057,phase2,5,58.1,glue_bottle,glue_bottle.1,scenes/scene057/2/labels/sam2_meta/v1.tar:sam2/mask_to_object.json
scene057,phase2,6,135,tape_measure,tape_measure,scenes/scene057/2/labels/sam2_meta/v1.tar:sam2/mask_to_object.json
scene057,phase2,7,10,baseball_ball,baseball_ball,scenes/scene057/2/labels/sam2_meta/v1.tar:sam2/mask_to_object.json
scene058,phase0,1,14.1,bear,bear.1,scenes/scene058/0/labels/sam2_meta/v1.tar:sam2/mask_to_object.json
scene058,phase0,2,49.1,fry_pan,fry_pan.1,scenes/scene058/0/labels/sam2_meta/v1.tar:sam2/mask_to_object.json
scene058,phase0,3,78,ladle,ladle,scenes/scene058/0/labels/sam2_meta/v1.tar:sam2/mask_to_object.json
scene058,phase0,4,34,cleaning_brush,cleaning_brush,scenes/scene058/0/labels/sam2_meta/v1.tar:sam2/mask_to_object.json
scene058,phase0,5,124.2,spatula,spatula.2,scenes/scene058/0/labels/sam2_meta/v1.tar:sam2/mask_to_object.json
scene058,phase0,6,62,hair_brush,hairbrush,scenes/scene058/0/labels/sam2_meta/v1.tar:sam2/mask_to_object.json
scene058,phase0,7,40.1,cup,cup.1,scenes/scene058/0/labels/sam2_meta/v1.tar:sam2/mask_to_object.json
scene058,phase1,1,14.1,bear,bear.1,scenes/scene058/1/labels/sam2_meta/v1.tar:sam2/mask_to_object.json
scene058,phase1,2,49.1,fry_pan,fry_pan.1,scenes/scene058/1/labels/sam2_meta/v1.tar:sam2/mask_to_object.json
scene058,phase1,3,78,ladle,ladle,scenes/scene058/1/labels/sam2_meta/v1.tar:sam2/mask_to_object.json
scene058,phase1,4,34,cleaning_brush,cleaning_brush,scenes/scene058/1/labels/sam2_meta/v1.tar:sam2/mask_to_object.json
scene058,phase1,5,124.2,spatula,spatula.2,scenes/scene058/1/labels/sam2_meta/v1.tar:sam2/mask_to_object.json
scene058,phase1,6,62,hair_brush,hairbrush,scenes/scene058/1/labels/sam2_meta/v1.tar:sam2/mask_to_object.json
scene058,phase1,7,40.1,cup,cup.1,scenes/scene058/1/labels/sam2_meta/v1.tar:sam2/mask_to_object.json
scene058,phase2,1,14.1,bear,bear.1,scenes/scene058/2/labels/sam2_meta/v1.tar:sam2/mask_to_object.json
scene058,phase2,2,49.1,fry_pan,fry_pan.1,scenes/scene058/2/labels/sam2_meta/v1.tar:sam2/mask_to_object.json
scene058,phase2,3,78,ladle,ladle,scenes/scene058/2/labels/sam2_meta/v1.tar:sam2/mask_to_object.json
scene058,phase2,4,34,cleaning_brush,cleaning_brush,scenes/scene058/2/labels/sam2_meta/v1.tar:sam2/mask_to_object.json
scene058,phase2,5,124.2,spatula,spatula.2,scenes/scene058/2/labels/sam2_meta/v1.tar:sam2/mask_to_object.json
scene058,phase2,6,62,hair_brush,hairbrush,scenes/scene058/2/labels/sam2_meta/v1.tar:sam2/mask_to_object.json
scene058,phase2,7,40.1,cup,cup.1,scenes/scene058/2/labels/sam2_meta/v1.tar:sam2/mask_to_object.json
scene059,phase0,1,17.3,book,book.3,scenes/scene059/0/labels/sam2_meta/v1.tar:sam2/mask_to_object.json
scene059,phase0,2,141,tong,tong,scenes/scene059/0/labels/sam2_meta/v1.tar:sam2/mask_to_object.json
scene059,phase0,3,50,food_bag,food_bag,scenes/scene059/0/labels/sam2_meta/v1.tar:sam2/mask_to_object.json
scene059,phase0,4,23,cable,cable,scenes/scene059/0/labels/sam2_meta/v1.tar:sam2/mask_to_object.json
scene059,phase0,5,9,banana,banana,scenes/scene059/0/labels/sam2_meta/v1.tar:sam2/mask_to_object.json
scene059,phase0,6,125,sponge,sponge,scenes/scene059/0/labels/sam2_meta/v1.tar:sam2/mask_to_object.json
scene059,phase0,7,25.1,candy_bar,candy_bar.1,scenes/scene059/0/labels/sam2_meta/v1.tar:sam2/mask_to_object.json
scene059,phase1,1,17.3,book,book.3,scenes/scene059/1/labels/sam2_meta/v1.tar:sam2/mask_to_object.json
scene059,phase1,2,141,tong,tong,scenes/scene059/1/labels/sam2_meta/v1.tar:sam2/mask_to_object.json
scene059,phase1,3,50,food_bag,food_bag,scenes/scene059/1/labels/sam2_meta/v1.tar:sam2/mask_to_object.json
scene059,phase1,4,23,cable,cable,scenes/scene059/1/labels/sam2_meta/v1.tar:sam2/mask_to_object.json
scene059,phase1,5,9,banana,banana,scenes/scene059/1/labels/sam2_meta/v1.tar:sam2/mask_to_object.json
scene059,phase1,6,125,sponge,sponge,scenes/scene059/1/labels/sam2_meta/v1.tar:sam2/mask_to_object.json
scene059,phase1,7,25.1,candy_bar,candy_bar.1,scenes/scene059/1/labels/sam2_meta/v1.tar:sam2/mask_to_object.json
scene059,phase2,1,17.3,book,book.3,scenes/scene059/2/labels/sam2_meta/v1.tar:sam2/mask_to_object.json
scene059,phase2,2,141,tong,tong,scenes/scene059/2/labels/sam2_meta/v1.tar:sam2/mask_to_object.json
scene059,phase2,3,50,food_bag,food_bag,scenes/scene059/2/labels/sam2_meta/v1.tar:sam2/mask_to_object.json
scene059,phase2,4,23,cable,cable,scenes/scene059/2/labels/sam2_meta/v1.tar:sam2/mask_to_object.json
scene059,phase2,5,9,banana,banana,scenes/scene059/2/labels/sam2_meta/v1.tar:sam2/mask_to_object.json
scene059,phase2,6,125,sponge,sponge,scenes/scene059/2/labels/sam2_meta/v1.tar:sam2/mask_to_object.json
scene059,phase2,7,25.1,candy_bar,candy_bar.1,scenes/scene059/2/labels/sam2_meta/v1.tar:sam2/mask_to_object.json
scene060,phase0,1,36,coffee_bottle,coffee_bottle,scenes/scene060/0/labels/sam2_meta/v1.tar:sam2/mask_to_object.json
scene060,phase0,2,13.2,beanie,beanie.2,scenes/scene060/0/labels/sam2_meta/v1.tar:sam2/mask_to_object.json
scene060,phase0,3,85.1,milk_box,milk_box.1,scenes/scene060/0/labels/sam2_meta/v1.tar:sam2/mask_to_object.json
scene060,phase0,4,103.2,pringles_can,pringles_can.2,scenes/scene060/0/labels/sam2_meta/v1.tar:sam2/mask_to_object.json
scene060,phase0,5,137,teapot,teapot,scenes/scene060/0/labels/sam2_meta/v1.tar:sam2/mask_to_object.json
scene060,phase0,6,55,game_controller,game_controller,scenes/scene060/0/labels/sam2_meta/v1.tar:sam2/mask_to_object.json
scene060,phase0,7,120.3,soda_can,soda_can.3,scenes/scene060/0/labels/sam2_meta/v1.tar:sam2/mask_to_object.json
scene060,phase1,1,36,coffee_bottle,coffee_bottle,scenes/scene060/1/labels/sam2_meta/v1.tar:sam2/mask_to_object.json
scene060,phase1,2,13.2,beanie,beanie.2,scenes/scene060/1/labels/sam2_meta/v1.tar:sam2/mask_to_object.json
scene060,phase1,3,85.1,milk_box,milk_box.1,scenes/scene060/1/labels/sam2_meta/v1.tar:sam2/mask_to_object.json
scene060,phase1,4,103.2,pringles_can,pringles_can.2,scenes/scene060/1/labels/sam2_meta/v1.tar:sam2/mask_to_object.json
scene060,phase1,5,137,teapot,teapot,scenes/scene060/1/labels/sam2_meta/v1.tar:sam2/mask_to_object.json
scene060,phase1,6,55,game_controller,game_controller,scenes/scene060/1/labels/sam2_meta/v1.tar:sam2/mask_to_object.json
scene060,phase1,7,120.3,soda_can,soda_can.3,scenes/scene060/1/labels/sam2_meta/v1.tar:sam2/mask_to_object.json
scene060,phase2,1,36,coffee_bottle,coffee_bottle,scenes/scene060/2/labels/sam2_meta/v1.tar:sam2/mask_to_object.json
scene060,phase2,2,13.2,beanie,beanie.2,scenes/scene060/2/labels/sam2_meta/v1.tar:sam2/mask_to_object.json
scene060,phase2,3,85.1,milk_box,milk_box.1,scenes/scene060/2/labels/sam2_meta/v1.tar:sam2/mask_to_object.json
scene060,phase2,4,103.2,pringles_can,pringles_can.2,scenes/scene060/2/labels/sam2_meta/v1.tar:sam2/mask_to_object.json
scene060,phase2,5,137,teapot,teapot,scenes/scene060/2/labels/sam2_meta/v1.tar:sam2/mask_to_object.json
scene060,phase2,6,55,game_controller,game_controller,scenes/scene060/2/labels/sam2_meta/v1.tar:sam2/mask_to_object.json
scene060,phase2,7,120.3,soda_can,soda_can.3,scenes/scene060/2/labels/sam2_meta/v1.tar:sam2/mask_to_object.json
scene061,phase0,1,49.1,fry_pan,fry_pan.1,scenes/scene061/0/labels/sam2_meta/v1.tar:sam2/mask_to_object.json
scene061,phase0,2,65,handy_pot,handy_pot,scenes/scene061/0/labels/sam2_meta/v1.tar:sam2/mask_to_object.json
scene061,phase0,3,34,cleaning_brush,cleaning_brush,scenes/scene061/0/labels/sam2_meta/v1.tar:sam2/mask_to_object.json
scene061,phase0,4,11.1,basting_brush,basting_brush.1,scenes/scene061/0/labels/sam2_meta/v1.tar:sam2/mask_to_object.json
scene061,phase0,5,40.1,cup,cup.1,scenes/scene061/0/labels/sam2_meta/v1.tar:sam2/mask_to_object.json
scene061,phase0,6,9,banana,banana,scenes/scene061/0/labels/sam2_meta/v1.tar:sam2/mask_to_object.json
scene061,phase0,7,10,baseball_ball,baseball_ball,scenes/scene061/0/labels/sam2_meta/v1.tar:sam2/mask_to_object.json
scene061,phase1,1,49.1,fry_pan,fry_pan.1,scenes/scene061/1/labels/sam2_meta/v1.tar:sam2/mask_to_object.json
scene061,phase1,2,65,handy_pot,handy_pot,scenes/scene061/1/labels/sam2_meta/v1.tar:sam2/mask_to_object.json
scene061,phase1,3,34,cleaning_brush,cleaning_brush,scenes/scene061/1/labels/sam2_meta/v1.tar:sam2/mask_to_object.json
scene061,phase1,4,11.1,basting_brush,basting_brush.1,scenes/scene061/1/labels/sam2_meta/v1.tar:sam2/mask_to_object.json
scene061,phase1,5,40.1,cup,cup.1,scenes/scene061/1/labels/sam2_meta/v1.tar:sam2/mask_to_object.json
scene061,phase1,6,9,banana,banana,scenes/scene061/1/labels/sam2_meta/v1.tar:sam2/mask_to_object.json
scene061,phase1,7,10,baseball_ball,baseball_ball,scenes/scene061/1/labels/sam2_meta/v1.tar:sam2/mask_to_object.json
scene061,phase2,1,49.1,fry_pan,fry_pan.1,scenes/scene061/2/labels/sam2_meta/v1.tar:sam2/mask_to_object.json
scene061,phase2,2,65,handy_pot,handy_pot,scenes/scene061/2/labels/sam2_meta/v1.tar:sam2/mask_to_object.json
scene061,phase2,3,34,cleaning_brush,cleaning_brush,scenes/scene061/2/labels/sam2_meta/v1.tar:sam2/mask_to_object.json
scene061,phase2,4,11.1,basting_brush,basting_brush.1,scenes/scene061/2/labels/sam2_meta/v1.tar:sam2/mask_to_object.json
scene061,phase2,5,40.1,cup,cup.1,scenes/scene061/2/labels/sam2_meta/v1.tar:sam2/mask_to_object.json
scene061,phase2,6,9,banana,banana,scenes/scene061/2/labels/sam2_meta/v1.tar:sam2/mask_to_object.json
scene061,phase2,7,10,baseball_ball,baseball_ball,scenes/scene061/2/labels/sam2_meta/v1.tar:sam2/mask_to_object.json
scene062,phase0,1,67,headphone,headphone,scenes/scene062/0/labels/sam2_meta/v1.tar:sam2/mask_to_object.json
scene062,phase0,2,86,milk_jug,milk_jug,scenes/scene062/0/labels/sam2_meta/v1.tar:sam2/mask_to_object.json
scene062,phase0,3,82.2,lion,lion.2,scenes/scene062/0/labels/sam2_meta/v1.tar:sam2/mask_to_object.json
scene062,phase0,4,84,meat_can,meat_can,scenes/scene062/0/labels/sam2_meta/v1.tar:sam2/mask_to_object.json
scene062,phase0,5,58.1,glue_bottle,glue_bottle.1,scenes/scene062/0/labels/sam2_meta/v1.tar:sam2/mask_to_object.json
scene062,phase0,6,122.1,soup_can,soup_can.1,scenes/scene062/0/labels/sam2_meta/v1.tar:sam2/mask_to_object.json
scene062,phase0,7,25.1,candy_bar,candy_bar.1,scenes/scene062/0/labels/sam2_meta/v1.tar:sam2/mask_to_object.json
scene062,phase1,1,67,headphone,headphone,scenes/scene062/1/labels/sam2_meta/v1.tar:sam2/mask_to_object.json
scene062,phase1,2,86,milk_jug,milk_jug,scenes/scene062/1/labels/sam2_meta/v1.tar:sam2/mask_to_object.json
scene062,phase1,3,82.2,lion,lion.2,scenes/scene062/1/labels/sam2_meta/v1.tar:sam2/mask_to_object.json
scene062,phase1,4,84,meat_can,meat_can,scenes/scene062/1/labels/sam2_meta/v1.tar:sam2/mask_to_object.json
scene062,phase1,5,58.1,glue_bottle,glue_bottle.1,scenes/scene062/1/labels/sam2_meta/v1.tar:sam2/mask_to_object.json
scene062,phase1,6,122.1,soup_can,soup_can.1,scenes/scene062/1/labels/sam2_meta/v1.tar:sam2/mask_to_object.json
scene062,phase1,7,25.1,candy_bar,candy_bar.1,scenes/scene062/1/labels/sam2_meta/v1.tar:sam2/mask_to_object.json
scene062,phase2,1,67,headphone,headphone,scenes/scene062/2/labels/sam2_meta/v1.tar:sam2/mask_to_object.json
scene062,phase2,2,86,milk_jug,milk_jug,scenes/scene062/2/labels/sam2_meta/v1.tar:sam2/mask_to_object.json
scene062,phase2,3,82.2,lion,lion.2,scenes/scene062/2/labels/sam2_meta/v1.tar:sam2/mask_to_object.json
scene062,phase2,4,84,meat_can,meat_can,scenes/scene062/2/labels/sam2_meta/v1.tar:sam2/mask_to_object.json
scene062,phase2,5,58.1,glue_bottle,glue_bottle.1,scenes/scene062/2/labels/sam2_meta/v1.tar:sam2/mask_to_object.json
scene062,phase2,6,122.1,soup_can,soup_can.1,scenes/scene062/2/labels/sam2_meta/v1.tar:sam2/mask_to_object.json
scene062,phase2,7,25.1,candy_bar,candy_bar.1,scenes/scene062/2/labels/sam2_meta/v1.tar:sam2/mask_to_object.json
scene063,phase0,1,141,tong,tong,scenes/scene063/0/labels/sam2_meta/v1.tar:sam2/mask_to_object.json
scene063,phase0,2,38,cracker_box,cracker_box,scenes/scene063/0/labels/sam2_meta/v1.tar:sam2/mask_to_object.json
scene063,phase0,3,148.2,water_bottle,water_bottle.2,scenes/scene063/0/labels/sam2_meta/v1.tar:sam2/mask_to_object.json
scene063,phase0,4,124.2,spatula,spatula.2,scenes/scene063/0/labels/sam2_meta/v1.tar:sam2/mask_to_object.json
scene063,phase0,5,66.1,hat,hat.1,scenes/scene063/0/labels/sam2_meta/v1.tar:sam2/mask_to_object.json
scene063,phase0,6,77.1,knife,knife.1,scenes/scene063/0/labels/sam2_meta/v1.tar:sam2/mask_to_object.json
scene063,phase0,7,95,pear,pear,scenes/scene063/0/labels/sam2_meta/v1.tar:sam2/mask_to_object.json
scene063,phase1,1,141,tong,tong,scenes/scene063/1/labels/sam2_meta/v1.tar:sam2/mask_to_object.json
scene063,phase1,2,38,cracker_box,cracker_box,scenes/scene063/1/labels/sam2_meta/v1.tar:sam2/mask_to_object.json
scene063,phase1,3,148.2,water_bottle,water_bottle.2,scenes/scene063/1/labels/sam2_meta/v1.tar:sam2/mask_to_object.json
scene063,phase1,4,124.2,spatula,spatula.2,scenes/scene063/1/labels/sam2_meta/v1.tar:sam2/mask_to_object.json
scene063,phase1,5,66.1,hat,hat.1,scenes/scene063/1/labels/sam2_meta/v1.tar:sam2/mask_to_object.json
scene063,phase1,6,77.1,knife,knife.1,scenes/scene063/1/labels/sam2_meta/v1.tar:sam2/mask_to_object.json
scene063,phase1,7,95,pear,pear,scenes/scene063/1/labels/sam2_meta/v1.tar:sam2/mask_to_object.json
scene063,phase2,1,141,tong,tong,scenes/scene063/2/labels/sam2_meta/v1.tar:sam2/mask_to_object.json
scene063,phase2,2,38,cracker_box,cracker_box,scenes/scene063/2/labels/sam2_meta/v1.tar:sam2/mask_to_object.json
scene063,phase2,3,148.2,water_bottle,water_bottle.2,scenes/scene063/2/labels/sam2_meta/v1.tar:sam2/mask_to_object.json
scene063,phase2,4,124.2,spatula,spatula.2,scenes/scene063/2/labels/sam2_meta/v1.tar:sam2/mask_to_object.json
scene063,phase2,5,66.1,hat,hat.1,scenes/scene063/2/labels/sam2_meta/v1.tar:sam2/mask_to_object.json
scene063,phase2,6,77.1,knife,knife.1,scenes/scene063/2/labels/sam2_meta/v1.tar:sam2/mask_to_object.json
scene063,phase2,7,95,pear,pear,scenes/scene063/2/labels/sam2_meta/v1.tar:sam2/mask_to_object.json
scene064,phase0,1,23,cable,cable,scenes/scene064/0/labels/sam2_meta/v1.tar:sam2/mask_to_object.json
scene064,phase0,2,68,helmet,helmet,scenes/scene064/0/labels/sam2_meta/v1.tar:sam2/mask_to_object.json
scene064,phase0,3,147,umbrella,umbrella,scenes/scene064/0/labels/sam2_meta/v1.tar:sam2/mask_to_object.json
scene064,phase0,4,62,hair_brush,hairbrush,scenes/scene064/0/labels/sam2_meta/v1.tar:sam2/mask_to_object.json
scene064,phase0,5,105.2,pump_bottle,pump_bottle.2,scenes/scene064/0/labels/sam2_meta/v1.tar:sam2/mask_to_object.json
scene064,phase0,6,70,instant_noodle_packet,instant_noodle_packet,scenes/scene064/0/labels/sam2_meta/v1.tar:sam2/mask_to_object.json
scene064,phase0,7,83.5,marker,marker.5,scenes/scene064/0/labels/sam2_meta/v1.tar:sam2/mask_to_object.json
scene064,phase1,1,23,cable,cable,scenes/scene064/1/labels/sam2_meta/v1.tar:sam2/mask_to_object.json
scene064,phase1,2,68,helmet,helmet,scenes/scene064/1/labels/sam2_meta/v1.tar:sam2/mask_to_object.json
scene064,phase1,3,147,umbrella,umbrella,scenes/scene064/1/labels/sam2_meta/v1.tar:sam2/mask_to_object.json
scene064,phase1,4,62,hair_brush,hairbrush,scenes/scene064/1/labels/sam2_meta/v1.tar:sam2/mask_to_object.json
scene064,phase1,5,105.2,pump_bottle,pump_bottle.2,scenes/scene064/1/labels/sam2_meta/v1.tar:sam2/mask_to_object.json
scene064,phase1,6,70,instant_noodle_packet,instant_noodle_packet,scenes/scene064/1/labels/sam2_meta/v1.tar:sam2/mask_to_object.json
scene064,phase1,7,83.5,marker,marker.5,scenes/scene064/1/labels/sam2_meta/v1.tar:sam2/mask_to_object.json
scene064,phase2,1,23,cable,cable,scenes/scene064/2/labels/sam2_meta/v1.tar:sam2/mask_to_object.json
scene064,phase2,2,68,helmet,helmet,scenes/scene064/2/labels/sam2_meta/v1.tar:sam2/mask_to_object.json
scene064,phase2,3,147,umbrella,umbrella,scenes/scene064/2/labels/sam2_meta/v1.tar:sam2/mask_to_object.json
scene064,phase2,4,62,hair_brush,hairbrush,scenes/scene064/2/labels/sam2_meta/v1.tar:sam2/mask_to_object.json
scene064,phase2,5,105.2,pump_bottle,pump_bottle.2,scenes/scene064/2/labels/sam2_meta/v1.tar:sam2/mask_to_object.json
scene064,phase2,6,70,instant_noodle_packet,instant_noodle_packet,scenes/scene064/2/labels/sam2_meta/v1.tar:sam2/mask_to_object.json
scene064,phase2,7,83.5,marker,marker.5,scenes/scene064/2/labels/sam2_meta/v1.tar:sam2/mask_to_object.json
scene065,phase0,1,50,food_bag,food_bag,scenes/scene065/0/labels/sam2_meta/v1.tar:sam2/mask_to_object.json
scene065,phase0,2,73.2,juice_pouch,juice_pouch.2,scenes/scene065/0/labels/sam2_meta/v1.tar:sam2/mask_to_object.json
scene065,phase0,3,57.2,glove,glove.2,scenes/scene065/0/labels/sam2_meta/v1.tar:sam2/mask_to_object.json
scene065,phase0,4,72.1,jello_box,jello_box.1,scenes/scene065/0/labels/sam2_meta/v1.tar:sam2/mask_to_object.json
scene065,phase0,5,120.3,soda_can,soda_can.3,scenes/scene065/0/labels/sam2_meta/v1.tar:sam2/mask_to_object.json
scene065,phase0,6,96.2,peeler,peeler.2,scenes/scene065/0/labels/sam2_meta/v1.tar:sam2/mask_to_object.json
scene065,phase0,7,5,apple,apple,scenes/scene065/0/labels/sam2_meta/v1.tar:sam2/mask_to_object.json
scene065,phase1,1,50,food_bag,food_bag,scenes/scene065/1/labels/sam2_meta/v1.tar:sam2/mask_to_object.json
scene065,phase1,2,73.2,juice_pouch,juice_pouch.2,scenes/scene065/1/labels/sam2_meta/v1.tar:sam2/mask_to_object.json
scene065,phase1,3,57.2,glove,glove.2,scenes/scene065/1/labels/sam2_meta/v1.tar:sam2/mask_to_object.json
scene065,phase1,4,72.1,jello_box,jello_box.1,scenes/scene065/1/labels/sam2_meta/v1.tar:sam2/mask_to_object.json
scene065,phase1,5,120.3,soda_can,soda_can.3,scenes/scene065/1/labels/sam2_meta/v1.tar:sam2/mask_to_object.json
scene065,phase1,6,96.2,peeler,peeler.2,scenes/scene065/1/labels/sam2_meta/v1.tar:sam2/mask_to_object.json
scene065,phase1,7,5,apple,apple,scenes/scene065/1/labels/sam2_meta/v1.tar:sam2/mask_to_object.json
scene065,phase2,1,50,food_bag,food_bag,scenes/scene065/2/labels/sam2_meta/v1.tar:sam2/mask_to_object.json
scene065,phase2,2,73.2,juice_pouch,juice_pouch.2,scenes/scene065/2/labels/sam2_meta/v1.tar:sam2/mask_to_object.json
scene065,phase2,3,57.2,glove,glove.2,scenes/scene065/2/labels/sam2_meta/v1.tar:sam2/mask_to_object.json
scene065,phase2,4,72.1,jello_box,jello_box.1,scenes/scene065/2/labels/sam2_meta/v1.tar:sam2/mask_to_object.json
scene065,phase2,5,120.3,soda_can,soda_can.3,scenes/scene065/2/labels/sam2_meta/v1.tar:sam2/mask_to_object.json
scene065,phase2,6,96.2,peeler,peeler.2,scenes/scene065/2/labels/sam2_meta/v1.tar:sam2/mask_to_object.json
scene065,phase2,7,5,apple,apple,scenes/scene065/2/labels/sam2_meta/v1.tar:sam2/mask_to_object.json
scene066,phase0,1,63.2,hammer,hammer.2,scenes/scene066/0/labels/sam2_meta/v1.tar:sam2/mask_to_object.json
scene066,phase0,2,85.1,milk_box,milk_box.1,scenes/scene066/0/labels/sam2_meta/v1.tar:sam2/mask_to_object.json
scene066,phase0,3,109,root_beer_bottle,root_beer_bottle,scenes/scene066/0/labels/sam2_meta/v1.tar:sam2/mask_to_object.json
scene066,phase0,4,114,shampoo_bottle,shampoo_bottle,scenes/scene066/0/labels/sam2_meta/v1.tar:sam2/mask_to_object.json
scene066,phase0,5,88.2,mug,mug.2,scenes/scene066/0/labels/sam2_meta/v1.tar:sam2/mask_to_object.json
scene066,phase0,6,117.1,shoe,shoe.1,scenes/scene066/0/labels/sam2_meta/v1.tar:sam2/mask_to_object.json
scene066,phase0,7,3,alarm_clock,alarm_clock,scenes/scene066/0/labels/sam2_meta/v1.tar:sam2/mask_to_object.json
scene066,phase1,1,63.2,hammer,hammer.2,scenes/scene066/1/labels/sam2_meta/v1.tar:sam2/mask_to_object.json
scene066,phase1,2,85.1,milk_box,milk_box.1,scenes/scene066/1/labels/sam2_meta/v1.tar:sam2/mask_to_object.json
scene066,phase1,3,109,root_beer_bottle,root_beer_bottle,scenes/scene066/1/labels/sam2_meta/v1.tar:sam2/mask_to_object.json
scene066,phase1,4,114,shampoo_bottle,shampoo_bottle,scenes/scene066/1/labels/sam2_meta/v1.tar:sam2/mask_to_object.json
scene066,phase1,5,88.2,mug,mug.2,scenes/scene066/1/labels/sam2_meta/v1.tar:sam2/mask_to_object.json
scene066,phase1,6,117.1,shoe,shoe.1,scenes/scene066/1/labels/sam2_meta/v1.tar:sam2/mask_to_object.json
scene066,phase1,7,3,alarm_clock,alarm_clock,scenes/scene066/1/labels/sam2_meta/v1.tar:sam2/mask_to_object.json
scene066,phase2,1,63.2,hammer,hammer.2,scenes/scene066/2/labels/sam2_meta/v1.tar:sam2/mask_to_object.json
scene066,phase2,2,85.1,milk_box,milk_box.1,scenes/scene066/2/labels/sam2_meta/v1.tar:sam2/mask_to_object.json
scene066,phase2,3,109,root_beer_bottle,root_beer_bottle,scenes/scene066/2/labels/sam2_meta/v1.tar:sam2/mask_to_object.json
scene066,phase2,4,114,shampoo_bottle,shampoo_bottle,scenes/scene066/2/labels/sam2_meta/v1.tar:sam2/mask_to_object.json
scene066,phase2,5,88.2,mug,mug.2,scenes/scene066/2/labels/sam2_meta/v1.tar:sam2/mask_to_object.json
scene066,phase2,6,117.1,shoe,shoe.1,scenes/scene066/2/labels/sam2_meta/v1.tar:sam2/mask_to_object.json
scene066,phase2,7,3,alarm_clock,alarm_clock,scenes/scene066/2/labels/sam2_meta/v1.tar:sam2/mask_to_object.json
scene067,phase0,1,18.2,boot,boot.2,scenes/scene067/0/labels/sam2_meta/v1.tar:sam2/mask_to_object.json
scene067,phase0,2,74,kettle,kettle,scenes/scene067/0/labels/sam2_meta/v1.tar:sam2/mask_to_object.json
scene067,phase0,3,121,soft_scrub_cleanser_bottle,soft_scrub_cleanser_bottle,scenes/scene067/0/labels/sam2_meta/v1.tar:sam2/mask_to_object.json
scene067,phase0,4,36,coffee_bottle,coffee_bottle,scenes/scene067/0/labels/sam2_meta/v1.tar:sam2/mask_to_object.json
scene067,phase0,5,107,remote_controller,remote_controller,scenes/scene067/0/labels/sam2_meta/v1.tar:sam2/mask_to_object.json
scene067,phase0,6,103.2,pringles_can,pringles_can.2,scenes/scene067/0/labels/sam2_meta/v1.tar:sam2/mask_to_object.json
scene067,phase0,7,89.3,mustard_bottle,mustard_bottle.3,scenes/scene067/0/labels/sam2_meta/v1.tar:sam2/mask_to_object.json
scene067,phase1,1,18.2,boot,boot.2,scenes/scene067/1/labels/sam2_meta/v1.tar:sam2/mask_to_object.json
scene067,phase1,2,74,kettle,kettle,scenes/scene067/1/labels/sam2_meta/v1.tar:sam2/mask_to_object.json
scene067,phase1,3,121,soft_scrub_cleanser_bottle,soft_scrub_cleanser_bottle,scenes/scene067/1/labels/sam2_meta/v1.tar:sam2/mask_to_object.json
scene067,phase1,4,36,coffee_bottle,coffee_bottle,scenes/scene067/1/labels/sam2_meta/v1.tar:sam2/mask_to_object.json
scene067,phase1,5,107,remote_controller,remote_controller,scenes/scene067/1/labels/sam2_meta/v1.tar:sam2/mask_to_object.json
scene067,phase1,6,103.2,pringles_can,pringles_can.2,scenes/scene067/1/labels/sam2_meta/v1.tar:sam2/mask_to_object.json
scene067,phase1,7,89.3,mustard_bottle,mustard_bottle.3,scenes/scene067/1/labels/sam2_meta/v1.tar:sam2/mask_to_object.json
scene067,phase2,1,18.2,boot,boot.2,scenes/scene067/2/labels/sam2_meta/v1.tar:sam2/mask_to_object.json
scene067,phase2,2,74,kettle,kettle,scenes/scene067/2/labels/sam2_meta/v1.tar:sam2/mask_to_object.json
scene067,phase2,3,121,soft_scrub_cleanser_bottle,soft_scrub_cleanser_bottle,scenes/scene067/2/labels/sam2_meta/v1.tar:sam2/mask_to_object.json
scene067,phase2,4,36,coffee_bottle,coffee_bottle,scenes/scene067/2/labels/sam2_meta/v1.tar:sam2/mask_to_object.json
scene067,phase2,5,107,remote_controller,remote_controller,scenes/scene067/2/labels/sam2_meta/v1.tar:sam2/mask_to_object.json
scene067,phase2,6,103.2,pringles_can,pringles_can.2,scenes/scene067/2/labels/sam2_meta/v1.tar:sam2/mask_to_object.json
scene067,phase2,7,89.3,mustard_bottle,mustard_bottle.3,scenes/scene067/2/labels/sam2_meta/v1.tar:sam2/mask_to_object.json
scene068,phase0,1,127.2,spray_bottle,spray_bottle.2,scenes/scene068/0/labels/sam2_meta/v1.tar:sam2/mask_to_object.json
scene068,phase0,2,14.1,bear,bear.1,scenes/scene068/0/labels/sam2_meta/v1.tar:sam2/mask_to_object.json
scene068,phase0,3,120.3,soda_can,soda_can.3,scenes/scene068/0/labels/sam2_meta/v1.tar:sam2/mask_to_object.json
scene068,phase0,4,55,game_controller,game_controller,scenes/scene068/0/labels/sam2_meta/v1.tar:sam2/mask_to_object.json
scene068,phase0,5,71,jar,jar,scenes/scene068/0/labels/sam2_meta/v1.tar:sam2/mask_to_object.json
scene068,phase0,6,125,sponge,sponge,scenes/scene068/0/labels/sam2_meta/v1.tar:sam2/mask_to_object.json
scene068,phase0,7,142,toothpaste,toothpaste,scenes/scene068/0/labels/sam2_meta/v1.tar:sam2/mask_to_object.json
scene068,phase1,1,127.2,spray_bottle,spray_bottle.2,scenes/scene068/1/labels/sam2_meta/v1.tar:sam2/mask_to_object.json
scene068,phase1,2,14.1,bear,bear.1,scenes/scene068/1/labels/sam2_meta/v1.tar:sam2/mask_to_object.json
scene068,phase1,3,120.3,soda_can,soda_can.3,scenes/scene068/1/labels/sam2_meta/v1.tar:sam2/mask_to_object.json
scene068,phase1,4,55,game_controller,game_controller,scenes/scene068/1/labels/sam2_meta/v1.tar:sam2/mask_to_object.json
scene068,phase1,5,71,jar,jar,scenes/scene068/1/labels/sam2_meta/v1.tar:sam2/mask_to_object.json
scene068,phase1,6,125,sponge,sponge,scenes/scene068/1/labels/sam2_meta/v1.tar:sam2/mask_to_object.json
scene068,phase1,7,142,toothpaste,toothpaste,scenes/scene068/1/labels/sam2_meta/v1.tar:sam2/mask_to_object.json
scene068,phase2,1,127.2,spray_bottle,spray_bottle.2,scenes/scene068/2/labels/sam2_meta/v1.tar:sam2/mask_to_object.json
scene068,phase2,2,14.1,bear,bear.1,scenes/scene068/2/labels/sam2_meta/v1.tar:sam2/mask_to_object.json
scene068,phase2,3,120.3,soda_can,soda_can.3,scenes/scene068/2/labels/sam2_meta/v1.tar:sam2/mask_to_object.json
scene068,phase2,4,55,game_controller,game_controller,scenes/scene068/2/labels/sam2_meta/v1.tar:sam2/mask_to_object.json
scene068,phase2,5,71,jar,jar,scenes/scene068/2/labels/sam2_meta/v1.tar:sam2/mask_to_object.json
scene068,phase2,6,125,sponge,sponge,scenes/scene068/2/labels/sam2_meta/v1.tar:sam2/mask_to_object.json
scene068,phase2,7,142,toothpaste,toothpaste,scenes/scene068/2/labels/sam2_meta/v1.tar:sam2/mask_to_object.json
scene069,phase0,1,17.3,book,book.3,scenes/scene069/0/labels/sam2_meta/v1.tar:sam2/mask_to_object.json
scene069,phase0,2,137,teapot,teapot,scenes/scene069/0/labels/sam2_meta/v1.tar:sam2/mask_to_object.json
scene069,phase0,3,113.1,scissors,scissors.1,scenes/scene069/0/labels/sam2_meta/v1.tar:sam2/mask_to_object.json
scene069,phase0,4,102,power_drill,power_drill,scenes/scene069/0/labels/sam2_meta/v1.tar:sam2/mask_to_object.json
scene069,phase0,5,37.1,coffee_can,coffee_can.1,scenes/scene069/0/labels/sam2_meta/v1.tar:sam2/mask_to_object.json
scene069,phase0,6,20.1,bowl,bowl.1,scenes/scene069/0/labels/sam2_meta/v1.tar:sam2/mask_to_object.json
scene069,phase0,7,135,tape_measure,tape_measure,scenes/scene069/0/labels/sam2_meta/v1.tar:sam2/mask_to_object.json
scene069,phase1,1,17.3,book,book.3,scenes/scene069/1/labels/sam2_meta/v1.tar:sam2/mask_to_object.json
scene069,phase1,2,137,teapot,teapot,scenes/scene069/1/labels/sam2_meta/v1.tar:sam2/mask_to_object.json
scene069,phase1,3,113.1,scissors,scissors.1,scenes/scene069/1/labels/sam2_meta/v1.tar:sam2/mask_to_object.json
scene069,phase1,4,102,power_drill,power_drill,scenes/scene069/1/labels/sam2_meta/v1.tar:sam2/mask_to_object.json
scene069,phase1,5,37.1,coffee_can,coffee_can.1,scenes/scene069/1/labels/sam2_meta/v1.tar:sam2/mask_to_object.json
scene069,phase1,6,20.1,bowl,bowl.1,scenes/scene069/1/labels/sam2_meta/v1.tar:sam2/mask_to_object.json
scene069,phase1,7,135,tape_measure,tape_measure,scenes/scene069/1/labels/sam2_meta/v1.tar:sam2/mask_to_object.json
scene069,phase2,1,17.3,book,book.3,scenes/scene069/2/labels/sam2_meta/v1.tar:sam2/mask_to_object.json
scene069,phase2,2,137,teapot,teapot,scenes/scene069/2/labels/sam2_meta/v1.tar:sam2/mask_to_object.json
scene069,phase2,3,113.1,scissors,scissors.1,scenes/scene069/2/labels/sam2_meta/v1.tar:sam2/mask_to_object.json
scene069,phase2,4,102,power_drill,power_drill,scenes/scene069/2/labels/sam2_meta/v1.tar:sam2/mask_to_object.json
scene069,phase2,5,37.1,coffee_can,coffee_can.1,scenes/scene069/2/labels/sam2_meta/v1.tar:sam2/mask_to_object.json
scene069,phase2,6,20.1,bowl,bowl.1,scenes/scene069/2/labels/sam2_meta/v1.tar:sam2/mask_to_object.json
scene069,phase2,7,135,tape_measure,tape_measure,scenes/scene069/2/labels/sam2_meta/v1.tar:sam2/mask_to_object.json
scene070,phase0,1,43.1,doll,doll.1,scenes/scene070/0/labels/sam2_meta/v1.tar:sam2/mask_to_object.json
scene070,phase0,2,7.1,baking_tray,baking_tray.1,scenes/scene070/0/labels/sam2_meta/v1.tar:sam2/mask_to_object.json
scene070,phase0,3,13.2,beanie,beanie.2,scenes/scene070/0/labels/sam2_meta/v1.tar:sam2/mask_to_object.json
scene070,phase0,4,144.2,towel,towel.2,scenes/scene070/0/labels/sam2_meta/v1.tar:sam2/mask_to_object.json
scene070,phase0,5,78,ladle,ladle,scenes/scene070/0/labels/sam2_meta/v1.tar:sam2/mask_to_object.json
scene070,phase0,6,133.2,t-handle,t-handle.2,scenes/scene070/0/labels/sam2_meta/v1.tar:sam2/mask_to_object.json
scene070,phase0,7,87.3,mouse,mouse.3,scenes/scene070/0/labels/sam2_meta/v1.tar:sam2/mask_to_object.json
scene070,phase1,1,43.1,doll,doll.1,scenes/scene070/1/labels/sam2_meta/v1.tar:sam2/mask_to_object.json
scene070,phase1,2,7.1,baking_tray,baking_tray.1,scenes/scene070/1/labels/sam2_meta/v1.tar:sam2/mask_to_object.json
scene070,phase1,3,13.2,beanie,beanie.2,scenes/scene070/1/labels/sam2_meta/v1.tar:sam2/mask_to_object.json
scene070,phase1,4,144.2,towel,towel.2,scenes/scene070/1/labels/sam2_meta/v1.tar:sam2/mask_to_object.json
scene070,phase1,5,78,ladle,ladle,scenes/scene070/1/labels/sam2_meta/v1.tar:sam2/mask_to_object.json
scene070,phase1,6,133.2,t-handle,t-handle.2,scenes/scene070/1/labels/sam2_meta/v1.tar:sam2/mask_to_object.json
scene070,phase1,7,87.3,mouse,mouse.3,scenes/scene070/1/labels/sam2_meta/v1.tar:sam2/mask_to_object.json
scene070,phase2,1,43.1,doll,doll.1,scenes/scene070/2/labels/sam2_meta/v1.tar:sam2/mask_to_object.json
scene070,phase2,2,7.1,baking_tray,baking_tray.1,scenes/scene070/2/labels/sam2_meta/v1.tar:sam2/mask_to_object.json
scene070,phase2,3,13.2,beanie,beanie.2,scenes/scene070/2/labels/sam2_meta/v1.tar:sam2/mask_to_object.json
scene070,phase2,4,144.2,towel,towel.2,scenes/scene070/2/labels/sam2_meta/v1.tar:sam2/mask_to_object.json
scene070,phase2,5,78,ladle,ladle,scenes/scene070/2/labels/sam2_meta/v1.tar:sam2/mask_to_object.json
scene070,phase2,6,133.2,t-handle,t-handle.2,scenes/scene070/2/labels/sam2_meta/v1.tar:sam2/mask_to_object.json
scene070,phase2,7,87.3,mouse,mouse.3,scenes/scene070/2/labels/sam2_meta/v1.tar:sam2/mask_to_object.json
scene071,phase0,1,7.1,baking_tray,baking_tray.1,scenes/scene071/0/labels/sam2_meta/v1.tar:sam2/mask_to_object.json
scene071,phase0,2,65,handy_pot,handy_pot,scenes/scene071/0/labels/sam2_meta/v1.tar:sam2/mask_to_object.json
scene071,phase0,3,13.2,beanie,beanie.2,scenes/scene071/0/labels/sam2_meta/v1.tar:sam2/mask_to_object.json
scene071,phase0,4,127.2,spray_bottle,spray_bottle.2,scenes/scene071/0/labels/sam2_meta/v1.tar:sam2/mask_to_object.json
scene071,phase0,5,77.1,knife,knife.1,scenes/scene071/0/labels/sam2_meta/v1.tar:sam2/mask_to_object.json
scene071,phase0,6,102,power_drill,power_drill,scenes/scene071/0/labels/sam2_meta/v1.tar:sam2/mask_to_object.json
scene071,phase0,7,88.2,mug,mug.2,scenes/scene071/0/labels/sam2_meta/v1.tar:sam2/mask_to_object.json
scene071,phase1,1,7.1,baking_tray,baking_tray.1,scenes/scene071/1/labels/sam2_meta/v1.tar:sam2/mask_to_object.json
scene071,phase1,2,65,handy_pot,handy_pot,scenes/scene071/1/labels/sam2_meta/v1.tar:sam2/mask_to_object.json
scene071,phase1,3,13.2,beanie,beanie.2,scenes/scene071/1/labels/sam2_meta/v1.tar:sam2/mask_to_object.json
scene071,phase1,4,127.2,spray_bottle,spray_bottle.2,scenes/scene071/1/labels/sam2_meta/v1.tar:sam2/mask_to_object.json
scene071,phase1,5,77.1,knife,knife.1,scenes/scene071/1/labels/sam2_meta/v1.tar:sam2/mask_to_object.json
scene071,phase1,6,102,power_drill,power_drill,scenes/scene071/1/labels/sam2_meta/v1.tar:sam2/mask_to_object.json
scene071,phase1,7,88.2,mug,mug.2,scenes/scene071/1/labels/sam2_meta/v1.tar:sam2/mask_to_object.json
scene071,phase2,1,7.1,baking_tray,baking_tray.1,scenes/scene071/2/labels/sam2_meta/v1.tar:sam2/mask_to_object.json
scene071,phase2,2,65,handy_pot,handy_pot,scenes/scene071/2/labels/sam2_meta/v1.tar:sam2/mask_to_object.json
scene071,phase2,3,13.2,beanie,beanie.2,scenes/scene071/2/labels/sam2_meta/v1.tar:sam2/mask_to_object.json
scene071,phase2,4,127.2,spray_bottle,spray_bottle.2,scenes/scene071/2/labels/sam2_meta/v1.tar:sam2/mask_to_object.json
scene071,phase2,5,77.1,knife,knife.1,scenes/scene071/2/labels/sam2_meta/v1.tar:sam2/mask_to_object.json
scene071,phase2,6,102,power_drill,power_drill,scenes/scene071/2/labels/sam2_meta/v1.tar:sam2/mask_to_object.json
scene071,phase2,7,88.2,mug,mug.2,scenes/scene071/2/labels/sam2_meta/v1.tar:sam2/mask_to_object.json
scene072,phase0,1,141,tong,tong,scenes/scene072/0/labels/sam2_meta/v1.tar:sam2/mask_to_object.json
scene072,phase0,2,43.1,doll,doll.1,scenes/scene072/0/labels/sam2_meta/v1.tar:sam2/mask_to_object.json
scene072,phase0,3,68,helmet,helmet,scenes/scene072/0/labels/sam2_meta/v1.tar:sam2/mask_to_object.json
scene072,phase0,4,148.2,water_bottle,water_bottle.2,scenes/scene072/0/labels/sam2_meta/v1.tar:sam2/mask_to_object.json
scene072,phase0,5,9,banana,banana,scenes/scene072/0/labels/sam2_meta/v1.tar:sam2/mask_to_object.json
scene072,phase0,6,14.1,bear,bear.1,scenes/scene072/0/labels/sam2_meta/v1.tar:sam2/mask_to_object.json
scene072,phase0,7,103.2,pringles_can,pringles_can.2,scenes/scene072/0/labels/sam2_meta/v1.tar:sam2/mask_to_object.json
scene072,phase1,1,141,tong,tong,scenes/scene072/1/labels/sam2_meta/v1.tar:sam2/mask_to_object.json
scene072,phase1,2,43.1,doll,doll.1,scenes/scene072/1/labels/sam2_meta/v1.tar:sam2/mask_to_object.json
scene072,phase1,3,68,helmet,helmet,scenes/scene072/1/labels/sam2_meta/v1.tar:sam2/mask_to_object.json
scene072,phase1,4,148.2,water_bottle,water_bottle.2,scenes/scene072/1/labels/sam2_meta/v1.tar:sam2/mask_to_object.json
scene072,phase1,5,9,banana,banana,scenes/scene072/1/labels/sam2_meta/v1.tar:sam2/mask_to_object.json
scene072,phase1,6,14.1,bear,bear.1,scenes/scene072/1/labels/sam2_meta/v1.tar:sam2/mask_to_object.json
scene072,phase1,7,103.2,pringles_can,pringles_can.2,scenes/scene072/1/labels/sam2_meta/v1.tar:sam2/mask_to_object.json
scene072,phase2,1,141,tong,tong,scenes/scene072/2/labels/sam2_meta/v1.tar:sam2/mask_to_object.json
scene072,phase2,2,43.1,doll,doll.1,scenes/scene072/2/labels/sam2_meta/v1.tar:sam2/mask_to_object.json
scene072,phase2,3,68,helmet,helmet,scenes/scene072/2/labels/sam2_meta/v1.tar:sam2/mask_to_object.json
scene072,phase2,4,148.2,water_bottle,water_bottle.2,scenes/scene072/2/labels/sam2_meta/v1.tar:sam2/mask_to_object.json
scene072,phase2,5,9,banana,banana,scenes/scene072/2/labels/sam2_meta/v1.tar:sam2/mask_to_object.json
scene072,phase2,6,14.1,bear,bear.1,scenes/scene072/2/labels/sam2_meta/v1.tar:sam2/mask_to_object.json
scene072,phase2,7,103.2,pringles_can,pringles_can.2,scenes/scene072/2/labels/sam2_meta/v1.tar:sam2/mask_to_object.json
scene073,phase0,1,74,kettle,kettle,scenes/scene073/0/labels/sam2_meta/v1.tar:sam2/mask_to_object.json
scene073,phase0,2,23,cable,cable,scenes/scene073/0/labels/sam2_meta/v1.tar:sam2/mask_to_object.json
scene073,phase0,3,107,remote_controller,remote_controller,scenes/scene073/0/labels/sam2_meta/v1.tar:sam2/mask_to_object.json
scene073,phase0,4,36,coffee_bottle,coffee_bottle,scenes/scene073/0/labels/sam2_meta/v1.tar:sam2/mask_to_object.json
scene073,phase0,5,72.1,jello_box,jello_box.1,scenes/scene073/0/labels/sam2_meta/v1.tar:sam2/mask_to_object.json
scene073,phase0,6,137,teapot,teapot,scenes/scene073/0/labels/sam2_meta/v1.tar:sam2/mask_to_object.json
scene073,phase0,7,83.5,marker,marker.5,scenes/scene073/0/labels/sam2_meta/v1.tar:sam2/mask_to_object.json
scene073,phase1,1,74,kettle,kettle,scenes/scene073/1/labels/sam2_meta/v1.tar:sam2/mask_to_object.json
scene073,phase1,2,23,cable,cable,scenes/scene073/1/labels/sam2_meta/v1.tar:sam2/mask_to_object.json
scene073,phase1,3,107,remote_controller,remote_controller,scenes/scene073/1/labels/sam2_meta/v1.tar:sam2/mask_to_object.json
scene073,phase1,4,36,coffee_bottle,coffee_bottle,scenes/scene073/1/labels/sam2_meta/v1.tar:sam2/mask_to_object.json
scene073,phase1,5,72.1,jello_box,jello_box.1,scenes/scene073/1/labels/sam2_meta/v1.tar:sam2/mask_to_object.json
scene073,phase1,6,137,teapot,teapot,scenes/scene073/1/labels/sam2_meta/v1.tar:sam2/mask_to_object.json
scene073,phase1,7,83.5,marker,marker.5,scenes/scene073/1/labels/sam2_meta/v1.tar:sam2/mask_to_object.json
scene073,phase2,1,74,kettle,kettle,scenes/scene073/2/labels/sam2_meta/v1.tar:sam2/mask_to_object.json
scene073,phase2,2,23,cable,cable,scenes/scene073/2/labels/sam2_meta/v1.tar:sam2/mask_to_object.json
scene073,phase2,3,107,remote_controller,remote_controller,scenes/scene073/2/labels/sam2_meta/v1.tar:sam2/mask_to_object.json
scene073,phase2,4,36,coffee_bottle,coffee_bottle,scenes/scene073/2/labels/sam2_meta/v1.tar:sam2/mask_to_object.json
scene073,phase2,5,72.1,jello_box,jello_box.1,scenes/scene073/2/labels/sam2_meta/v1.tar:sam2/mask_to_object.json
scene073,phase2,6,137,teapot,teapot,scenes/scene073/2/labels/sam2_meta/v1.tar:sam2/mask_to_object.json
scene073,phase2,7,83.5,marker,marker.5,scenes/scene073/2/labels/sam2_meta/v1.tar:sam2/mask_to_object.json
scene074,phase0,1,40.1,cup,cup.1,scenes/scene074/0/labels/sam2_meta/v1.tar:sam2/mask_to_object.json
scene074,phase0,2,113.1,scissors,scissors.1,scenes/scene074/0/labels/sam2_meta/v1.tar:sam2/mask_to_object.json
scene074,phase0,3,49.1,fry_pan,fry_pan.1,scenes/scene074/0/labels/sam2_meta/v1.tar:sam2/mask_to_object.json
scene074,phase0,4,121,soft_scrub_cleanser_bottle,soft_scrub_cleanser_bottle,scenes/scene074/0/labels/sam2_meta/v1.tar:sam2/mask_to_object.json
scene074,phase0,5,109,root_beer_bottle,root_beer_bottle,scenes/scene074/0/labels/sam2_meta/v1.tar:sam2/mask_to_object.json
scene074,phase0,6,11.1,basting_brush,basting_brush.1,scenes/scene074/0/labels/sam2_meta/v1.tar:sam2/mask_to_object.json
scene074,phase0,7,142,toothpaste,toothpaste,scenes/scene074/0/labels/sam2_meta/v1.tar:sam2/mask_to_object.json
scene074,phase1,1,40.1,cup,cup.1,scenes/scene074/1/labels/sam2_meta/v1.tar:sam2/mask_to_object.json
scene074,phase1,2,113.1,scissors,scissors.1,scenes/scene074/1/labels/sam2_meta/v1.tar:sam2/mask_to_object.json
scene074,phase1,3,49.1,fry_pan,fry_pan.1,scenes/scene074/1/labels/sam2_meta/v1.tar:sam2/mask_to_object.json
scene074,phase1,4,121,soft_scrub_cleanser_bottle,soft_scrub_cleanser_bottle,scenes/scene074/1/labels/sam2_meta/v1.tar:sam2/mask_to_object.json
scene074,phase1,5,109,root_beer_bottle,root_beer_bottle,scenes/scene074/1/labels/sam2_meta/v1.tar:sam2/mask_to_object.json
scene074,phase1,6,11.1,basting_brush,basting_brush.1,scenes/scene074/1/labels/sam2_meta/v1.tar:sam2/mask_to_object.json
scene074,phase1,7,142,toothpaste,toothpaste,scenes/scene074/1/labels/sam2_meta/v1.tar:sam2/mask_to_object.json
scene074,phase2,1,40.1,cup,cup.1,scenes/scene074/2/labels/sam2_meta/v1.tar:sam2/mask_to_object.json
scene074,phase2,2,113.1,scissors,scissors.1,scenes/scene074/2/labels/sam2_meta/v1.tar:sam2/mask_to_object.json
scene074,phase2,3,49.1,fry_pan,fry_pan.1,scenes/scene074/2/labels/sam2_meta/v1.tar:sam2/mask_to_object.json
scene074,phase2,4,121,soft_scrub_cleanser_bottle,soft_scrub_cleanser_bottle,scenes/scene074/2/labels/sam2_meta/v1.tar:sam2/mask_to_object.json
scene074,phase2,5,109,root_beer_bottle,root_beer_bottle,scenes/scene074/2/labels/sam2_meta/v1.tar:sam2/mask_to_object.json
scene074,phase2,6,11.1,basting_brush,basting_brush.1,scenes/scene074/2/labels/sam2_meta/v1.tar:sam2/mask_to_object.json
scene074,phase2,7,142,toothpaste,toothpaste,scenes/scene074/2/labels/sam2_meta/v1.tar:sam2/mask_to_object.json
scene075,phase0,1,105.2,pump_bottle,pump_bottle.2,scenes/scene075/0/labels/sam2_meta/v1.tar:sam2/mask_to_object.json
scene075,phase0,2,96.2,peeler,peeler.2,scenes/scene075/0/labels/sam2_meta/v1.tar:sam2/mask_to_object.json
scene075,phase0,3,57.2,glove,glove.2,scenes/scene075/0/labels/sam2_meta/v1.tar:sam2/mask_to_object.json
scene075,phase0,4,114,shampoo_bottle,shampoo_bottle,scenes/scene075/0/labels/sam2_meta/v1.tar:sam2/mask_to_object.json
scene075,phase0,5,120.3,soda_can,soda_can.3,scenes/scene075/0/labels/sam2_meta/v1.tar:sam2/mask_to_object.json
scene075,phase0,6,135,tape_measure,tape_measure,scenes/scene075/0/labels/sam2_meta/v1.tar:sam2/mask_to_object.json
scene075,phase0,7,10,baseball_ball,baseball_ball,scenes/scene075/0/labels/sam2_meta/v1.tar:sam2/mask_to_object.json
scene075,phase1,1,105.2,pump_bottle,pump_bottle.2,scenes/scene075/1/labels/sam2_meta/v1.tar:sam2/mask_to_object.json
scene075,phase1,2,96.2,peeler,peeler.2,scenes/scene075/1/labels/sam2_meta/v1.tar:sam2/mask_to_object.json
scene075,phase1,3,57.2,glove,glove.2,scenes/scene075/1/labels/sam2_meta/v1.tar:sam2/mask_to_object.json
scene075,phase1,4,114,shampoo_bottle,shampoo_bottle,scenes/scene075/1/labels/sam2_meta/v1.tar:sam2/mask_to_object.json
scene075,phase1,5,120.3,soda_can,soda_can.3,scenes/scene075/1/labels/sam2_meta/v1.tar:sam2/mask_to_object.json
scene075,phase1,6,135,tape_measure,tape_measure,scenes/scene075/1/labels/sam2_meta/v1.tar:sam2/mask_to_object.json
scene075,phase1,7,10,baseball_ball,baseball_ball,scenes/scene075/1/labels/sam2_meta/v1.tar:sam2/mask_to_object.json
scene075,phase2,1,105.2,pump_bottle,pump_bottle.2,scenes/scene075/2/labels/sam2_meta/v1.tar:sam2/mask_to_object.json
scene075,phase2,2,96.2,peeler,peeler.2,scenes/scene075/2/labels/sam2_meta/v1.tar:sam2/mask_to_object.json
scene075,phase2,3,57.2,glove,glove.2,scenes/scene075/2/labels/sam2_meta/v1.tar:sam2/mask_to_object.json
scene075,phase2,4,114,shampoo_bottle,shampoo_bottle,scenes/scene075/2/labels/sam2_meta/v1.tar:sam2/mask_to_object.json
scene075,phase2,5,120.3,soda_can,soda_can.3,scenes/scene075/2/labels/sam2_meta/v1.tar:sam2/mask_to_object.json
scene075,phase2,6,135,tape_measure,tape_measure,scenes/scene075/2/labels/sam2_meta/v1.tar:sam2/mask_to_object.json
scene075,phase2,7,10,baseball_ball,baseball_ball,scenes/scene075/2/labels/sam2_meta/v1.tar:sam2/mask_to_object.json
scene076,phase0,1,73.2,juice_pouch,juice_pouch.2,scenes/scene076/0/labels/sam2_meta/v1.tar:sam2/mask_to_object.json
scene076,phase0,2,18.2,boot,boot.2,scenes/scene076/0/labels/sam2_meta/v1.tar:sam2/mask_to_object.json
scene076,phase0,3,85.1,milk_box,milk_box.1,scenes/scene076/0/labels/sam2_meta/v1.tar:sam2/mask_to_object.json
scene076,phase0,4,133.2,t-handle,t-handle.2,scenes/scene076/0/labels/sam2_meta/v1.tar:sam2/mask_to_object.json
scene076,phase0,5,124.2,spatula,spatula.2,scenes/scene076/0/labels/sam2_meta/v1.tar:sam2/mask_to_object.json
scene076,phase0,6,25.1,candy_bar,candy_bar.1,scenes/scene076/0/labels/sam2_meta/v1.tar:sam2/mask_to_object.json
scene076,phase0,7,84,meat_can,meat_can,scenes/scene076/0/labels/sam2_meta/v1.tar:sam2/mask_to_object.json
scene076,phase1,1,73.2,juice_pouch,juice_pouch.2,scenes/scene076/1/labels/sam2_meta/v1.tar:sam2/mask_to_object.json
scene076,phase1,2,18.2,boot,boot.2,scenes/scene076/1/labels/sam2_meta/v1.tar:sam2/mask_to_object.json
scene076,phase1,3,85.1,milk_box,milk_box.1,scenes/scene076/1/labels/sam2_meta/v1.tar:sam2/mask_to_object.json
scene076,phase1,4,133.2,t-handle,t-handle.2,scenes/scene076/1/labels/sam2_meta/v1.tar:sam2/mask_to_object.json
scene076,phase1,5,124.2,spatula,spatula.2,scenes/scene076/1/labels/sam2_meta/v1.tar:sam2/mask_to_object.json
scene076,phase1,6,25.1,candy_bar,candy_bar.1,scenes/scene076/1/labels/sam2_meta/v1.tar:sam2/mask_to_object.json
scene076,phase1,7,84,meat_can,meat_can,scenes/scene076/1/labels/sam2_meta/v1.tar:sam2/mask_to_object.json
scene076,phase2,1,73.2,juice_pouch,juice_pouch.2,scenes/scene076/2/labels/sam2_meta/v1.tar:sam2/mask_to_object.json
scene076,phase2,2,18.2,boot,boot.2,scenes/scene076/2/labels/sam2_meta/v1.tar:sam2/mask_to_object.json
scene076,phase2,3,85.1,milk_box,milk_box.1,scenes/scene076/2/labels/sam2_meta/v1.tar:sam2/mask_to_object.json
scene076,phase2,4,133.2,t-handle,t-handle.2,scenes/scene076/2/labels/sam2_meta/v1.tar:sam2/mask_to_object.json
scene076,phase2,5,124.2,spatula,spatula.2,scenes/scene076/2/labels/sam2_meta/v1.tar:sam2/mask_to_object.json
scene076,phase2,6,25.1,candy_bar,candy_bar.1,scenes/scene076/2/labels/sam2_meta/v1.tar:sam2/mask_to_object.json
scene076,phase2,7,84,meat_can,meat_can,scenes/scene076/2/labels/sam2_meta/v1.tar:sam2/mask_to_object.json
scene077,phase0,1,50,food_bag,food_bag,scenes/scene077/0/labels/sam2_meta/v1.tar:sam2/mask_to_object.json
scene077,phase0,2,34,cleaning_brush,cleaning_brush,scenes/scene077/0/labels/sam2_meta/v1.tar:sam2/mask_to_object.json
scene077,phase0,3,67,headphone,headphone,scenes/scene077/0/labels/sam2_meta/v1.tar:sam2/mask_to_object.json
scene077,phase0,4,78,ladle,ladle,scenes/scene077/0/labels/sam2_meta/v1.tar:sam2/mask_to_object.json
scene077,phase0,5,55,game_controller,game_controller,scenes/scene077/0/labels/sam2_meta/v1.tar:sam2/mask_to_object.json
scene077,phase0,6,37.1,coffee_can,coffee_can.1,scenes/scene077/0/labels/sam2_meta/v1.tar:sam2/mask_to_object.json
scene077,phase0,7,5,apple,apple,scenes/scene077/0/labels/sam2_meta/v1.tar:sam2/mask_to_object.json
scene077,phase1,1,50,food_bag,food_bag,scenes/scene077/1/labels/sam2_meta/v1.tar:sam2/mask_to_object.json
scene077,phase1,2,34,cleaning_brush,cleaning_brush,scenes/scene077/1/labels/sam2_meta/v1.tar:sam2/mask_to_object.json
scene077,phase1,3,67,headphone,headphone,scenes/scene077/1/labels/sam2_meta/v1.tar:sam2/mask_to_object.json
scene077,phase1,4,78,ladle,ladle,scenes/scene077/1/labels/sam2_meta/v1.tar:sam2/mask_to_object.json
scene077,phase1,5,55,game_controller,game_controller,scenes/scene077/1/labels/sam2_meta/v1.tar:sam2/mask_to_object.json
scene077,phase1,6,37.1,coffee_can,coffee_can.1,scenes/scene077/1/labels/sam2_meta/v1.tar:sam2/mask_to_object.json
scene077,phase1,7,5,apple,apple,scenes/scene077/1/labels/sam2_meta/v1.tar:sam2/mask_to_object.json
scene077,phase2,1,50,food_bag,food_bag,scenes/scene077/2/labels/sam2_meta/v1.tar:sam2/mask_to_object.json
scene077,phase2,2,34,cleaning_brush,cleaning_brush,scenes/scene077/2/labels/sam2_meta/v1.tar:sam2/mask_to_object.json
scene077,phase2,3,67,headphone,headphone,scenes/scene077/2/labels/sam2_meta/v1.tar:sam2/mask_to_object.json
scene077,phase2,4,78,ladle,ladle,scenes/scene077/2/labels/sam2_meta/v1.tar:sam2/mask_to_object.json
scene077,phase2,5,55,game_controller,game_controller,scenes/scene077/2/labels/sam2_meta/v1.tar:sam2/mask_to_object.json
scene077,phase2,6,37.1,coffee_can,coffee_can.1,scenes/scene077/2/labels/sam2_meta/v1.tar:sam2/mask_to_object.json
scene077,phase2,7,5,apple,apple,scenes/scene077/2/labels/sam2_meta/v1.tar:sam2/mask_to_object.json
scene078,phase0,1,38,cracker_box,cracker_box,scenes/scene078/0/labels/sam2_meta/v1.tar:sam2/mask_to_object.json
scene078,phase0,2,147,umbrella,umbrella,scenes/scene078/0/labels/sam2_meta/v1.tar:sam2/mask_to_object.json
scene078,phase0,3,86,milk_jug,milk_jug,scenes/scene078/0/labels/sam2_meta/v1.tar:sam2/mask_to_object.json
scene078,phase0,4,70,instant_noodle_packet,instant_noodle_packet,scenes/scene078/0/labels/sam2_meta/v1.tar:sam2/mask_to_object.json
scene078,phase0,5,62,hair_brush,hairbrush,scenes/scene078/0/labels/sam2_meta/v1.tar:sam2/mask_to_object.json
scene078,phase0,6,87.3,mouse,mouse.3,scenes/scene078/0/labels/sam2_meta/v1.tar:sam2/mask_to_object.json
scene078,phase0,7,95,pear,pear,scenes/scene078/0/labels/sam2_meta/v1.tar:sam2/mask_to_object.json
scene078,phase1,1,38,cracker_box,cracker_box,scenes/scene078/1/labels/sam2_meta/v1.tar:sam2/mask_to_object.json
scene078,phase1,2,147,umbrella,umbrella,scenes/scene078/1/labels/sam2_meta/v1.tar:sam2/mask_to_object.json
scene078,phase1,3,86,milk_jug,milk_jug,scenes/scene078/1/labels/sam2_meta/v1.tar:sam2/mask_to_object.json
scene078,phase1,4,70,instant_noodle_packet,instant_noodle_packet,scenes/scene078/1/labels/sam2_meta/v1.tar:sam2/mask_to_object.json
scene078,phase1,5,62,hair_brush,hairbrush,scenes/scene078/1/labels/sam2_meta/v1.tar:sam2/mask_to_object.json
scene078,phase1,6,87.3,mouse,mouse.3,scenes/scene078/1/labels/sam2_meta/v1.tar:sam2/mask_to_object.json
scene078,phase1,7,95,pear,pear,scenes/scene078/1/labels/sam2_meta/v1.tar:sam2/mask_to_object.json
scene078,phase2,1,38,cracker_box,cracker_box,scenes/scene078/2/labels/sam2_meta/v1.tar:sam2/mask_to_object.json
scene078,phase2,2,147,umbrella,umbrella,scenes/scene078/2/labels/sam2_meta/v1.tar:sam2/mask_to_object.json
scene078,phase2,3,86,milk_jug,milk_jug,scenes/scene078/2/labels/sam2_meta/v1.tar:sam2/mask_to_object.json
scene078,phase2,4,70,instant_noodle_packet,instant_noodle_packet,scenes/scene078/2/labels/sam2_meta/v1.tar:sam2/mask_to_object.json
scene078,phase2,5,62,hair_brush,hairbrush,scenes/scene078/2/labels/sam2_meta/v1.tar:sam2/mask_to_object.json
scene078,phase2,6,87.3,mouse,mouse.3,scenes/scene078/2/labels/sam2_meta/v1.tar:sam2/mask_to_object.json
scene078,phase2,7,95,pear,pear,scenes/scene078/2/labels/sam2_meta/v1.tar:sam2/mask_to_object.json
scene079,phase0,1,63.2,hammer,hammer.2,scenes/scene079/0/labels/sam2_meta/v1.tar:sam2/mask_to_object.json
scene079,phase0,2,17.3,book,book.3,scenes/scene079/0/labels/sam2_meta/v1.tar:sam2/mask_to_object.json
scene079,phase0,3,117.1,shoe,shoe.1,scenes/scene079/0/labels/sam2_meta/v1.tar:sam2/mask_to_object.json
scene079,phase0,4,3,alarm_clock,alarm_clock,scenes/scene079/0/labels/sam2_meta/v1.tar:sam2/mask_to_object.json
scene079,phase0,5,20.1,bowl,bowl.1,scenes/scene079/0/labels/sam2_meta/v1.tar:sam2/mask_to_object.json
scene079,phase0,6,71,jar,jar,scenes/scene079/0/labels/sam2_meta/v1.tar:sam2/mask_to_object.json
scene079,phase0,7,122.1,soup_can,soup_can.1,scenes/scene079/0/labels/sam2_meta/v1.tar:sam2/mask_to_object.json
scene079,phase1,1,63.2,hammer,hammer.2,scenes/scene079/1/labels/sam2_meta/v1.tar:sam2/mask_to_object.json
scene079,phase1,2,17.3,book,book.3,scenes/scene079/1/labels/sam2_meta/v1.tar:sam2/mask_to_object.json
scene079,phase1,3,117.1,shoe,shoe.1,scenes/scene079/1/labels/sam2_meta/v1.tar:sam2/mask_to_object.json
scene079,phase1,4,3,alarm_clock,alarm_clock,scenes/scene079/1/labels/sam2_meta/v1.tar:sam2/mask_to_object.json
scene079,phase1,5,20.1,bowl,bowl.1,scenes/scene079/1/labels/sam2_meta/v1.tar:sam2/mask_to_object.json
scene079,phase1,6,71,jar,jar,scenes/scene079/1/labels/sam2_meta/v1.tar:sam2/mask_to_object.json
scene079,phase1,7,122.1,soup_can,soup_can.1,scenes/scene079/1/labels/sam2_meta/v1.tar:sam2/mask_to_object.json
scene079,phase2,1,63.2,hammer,hammer.2,scenes/scene079/2/labels/sam2_meta/v1.tar:sam2/mask_to_object.json
scene079,phase2,2,17.3,book,book.3,scenes/scene079/2/labels/sam2_meta/v1.tar:sam2/mask_to_object.json
scene079,phase2,3,117.1,shoe,shoe.1,scenes/scene079/2/labels/sam2_meta/v1.tar:sam2/mask_to_object.json
scene079,phase2,4,3,alarm_clock,alarm_clock,scenes/scene079/2/labels/sam2_meta/v1.tar:sam2/mask_to_object.json
scene079,phase2,5,20.1,bowl,bowl.1,scenes/scene079/2/labels/sam2_meta/v1.tar:sam2/mask_to_object.json
scene079,phase2,6,71,jar,jar,scenes/scene079/2/labels/sam2_meta/v1.tar:sam2/mask_to_object.json
scene079,phase2,7,122.1,soup_can,soup_can.1,scenes/scene079/2/labels/sam2_meta/v1.tar:sam2/mask_to_object.json
scene080,phase0,1,66.1,hat,hat.1,scenes/scene080/0/labels/sam2_meta/v1.tar:sam2/mask_to_object.json
scene080,phase0,2,82.2,lion,lion.2,scenes/scene080/0/labels/sam2_meta/v1.tar:sam2/mask_to_object.json
scene080,phase0,3,1,air_duster_can,air_duster_can,scenes/scene080/0/labels/sam2_meta/v1.tar:sam2/mask_to_object.json
scene080,phase0,4,144.2,towel,towel.2,scenes/scene080/0/labels/sam2_meta/v1.tar:sam2/mask_to_object.json
scene080,phase0,5,58.1,glue_bottle,glue_bottle.1,scenes/scene080/0/labels/sam2_meta/v1.tar:sam2/mask_to_object.json
scene080,phase0,6,89.3,mustard_bottle,mustard_bottle.3,scenes/scene080/0/labels/sam2_meta/v1.tar:sam2/mask_to_object.json
scene080,phase0,7,125,sponge,sponge,scenes/scene080/0/labels/sam2_meta/v1.tar:sam2/mask_to_object.json
scene080,phase1,1,66.1,hat,hat.1,scenes/scene080/1/labels/sam2_meta/v1.tar:sam2/mask_to_object.json
scene080,phase1,2,82.2,lion,lion.2,scenes/scene080/1/labels/sam2_meta/v1.tar:sam2/mask_to_object.json
scene080,phase1,3,1,air_duster_can,air_duster_can,scenes/scene080/1/labels/sam2_meta/v1.tar:sam2/mask_to_object.json
scene080,phase1,4,144.2,towel,towel.2,scenes/scene080/1/labels/sam2_meta/v1.tar:sam2/mask_to_object.json
scene080,phase1,5,58.1,glue_bottle,glue_bottle.1,scenes/scene080/1/labels/sam2_meta/v1.tar:sam2/mask_to_object.json
scene080,phase1,6,89.3,mustard_bottle,mustard_bottle.3,scenes/scene080/1/labels/sam2_meta/v1.tar:sam2/mask_to_object.json
scene080,phase1,7,125,sponge,sponge,scenes/scene080/1/labels/sam2_meta/v1.tar:sam2/mask_to_object.json
scene080,phase2,1,66.1,hat,hat.1,scenes/scene080/2/labels/sam2_meta/v1.tar:sam2/mask_to_object.json
scene080,phase2,2,82.2,lion,lion.2,scenes/scene080/2/labels/sam2_meta/v1.tar:sam2/mask_to_object.json
scene080,phase2,3,1,air_duster_can,air_duster_can,scenes/scene080/2/labels/sam2_meta/v1.tar:sam2/mask_to_object.json
scene080,phase2,4,144.2,towel,towel.2,scenes/scene080/2/labels/sam2_meta/v1.tar:sam2/mask_to_object.json
scene080,phase2,5,58.1,glue_bottle,glue_bottle.1,scenes/scene080/2/labels/sam2_meta/v1.tar:sam2/mask_to_object.json
scene080,phase2,6,89.3,mustard_bottle,mustard_bottle.3,scenes/scene080/2/labels/sam2_meta/v1.tar:sam2/mask_to_object.json
scene080,phase2,7,125,sponge,sponge,scenes/scene080/2/labels/sam2_meta/v1.tar:sam2/mask_to_object.json
scene081,phase0,1,57.2,glove,glove.2,scenes/scene081/0/labels/sam2_meta/v1.tar:sam2/mask_to_object.json
scene081,phase0,2,38,cracker_box,cracker_box,scenes/scene081/0/labels/sam2_meta/v1.tar:sam2/mask_to_object.json
scene081,phase0,3,73.2,juice_pouch,juice_pouch.2,scenes/scene081/0/labels/sam2_meta/v1.tar:sam2/mask_to_object.json
scene081,phase0,4,74,kettle,kettle,scenes/scene081/0/labels/sam2_meta/v1.tar:sam2/mask_to_object.json
scene081,phase0,5,37.1,coffee_can,coffee_can.1,scenes/scene081/0/labels/sam2_meta/v1.tar:sam2/mask_to_object.json
scene081,phase0,6,141,tong,tong,scenes/scene081/0/labels/sam2_meta/v1.tar:sam2/mask_to_object.json
scene081,phase0,7,5,apple,apple,scenes/scene081/0/labels/sam2_meta/v1.tar:sam2/mask_to_object.json
scene081,phase1,1,57.2,glove,glove.2,scenes/scene081/1/labels/sam2_meta/v1.tar:sam2/mask_to_object.json
scene081,phase1,2,38,cracker_box,cracker_box,scenes/scene081/1/labels/sam2_meta/v1.tar:sam2/mask_to_object.json
scene081,phase1,3,73.2,juice_pouch,juice_pouch.2,scenes/scene081/1/labels/sam2_meta/v1.tar:sam2/mask_to_object.json
scene081,phase1,4,74,kettle,kettle,scenes/scene081/1/labels/sam2_meta/v1.tar:sam2/mask_to_object.json
scene081,phase1,5,37.1,coffee_can,coffee_can.1,scenes/scene081/1/labels/sam2_meta/v1.tar:sam2/mask_to_object.json
scene081,phase1,6,141,tong,tong,scenes/scene081/1/labels/sam2_meta/v1.tar:sam2/mask_to_object.json
scene081,phase1,7,5,apple,apple,scenes/scene081/1/labels/sam2_meta/v1.tar:sam2/mask_to_object.json
scene081,phase2,1,57.2,glove,glove.2,scenes/scene081/2/labels/sam2_meta/v1.tar:sam2/mask_to_object.json
scene081,phase2,2,38,cracker_box,cracker_box,scenes/scene081/2/labels/sam2_meta/v1.tar:sam2/mask_to_object.json
scene081,phase2,3,73.2,juice_pouch,juice_pouch.2,scenes/scene081/2/labels/sam2_meta/v1.tar:sam2/mask_to_object.json
scene081,phase2,4,74,kettle,kettle,scenes/scene081/2/labels/sam2_meta/v1.tar:sam2/mask_to_object.json
scene081,phase2,5,37.1,coffee_can,coffee_can.1,scenes/scene081/2/labels/sam2_meta/v1.tar:sam2/mask_to_object.json
scene081,phase2,6,141,tong,tong,scenes/scene081/2/labels/sam2_meta/v1.tar:sam2/mask_to_object.json
scene081,phase2,7,5,apple,apple,scenes/scene081/2/labels/sam2_meta/v1.tar:sam2/mask_to_object.json
scene082,phase0,1,87.3,mouse,mouse.3,scenes/scene082/0/labels/sam2_meta/v1.tar:sam2/mask_to_object.json
scene082,phase0,2,62,hair_brush,hairbrush,scenes/scene082/0/labels/sam2_meta/v1.tar:sam2/mask_to_object.json
scene082,phase0,3,85.1,milk_box,milk_box.1,scenes/scene082/0/labels/sam2_meta/v1.tar:sam2/mask_to_object.json
scene082,phase0,4,67,headphone,headphone,scenes/scene082/0/labels/sam2_meta/v1.tar:sam2/mask_to_object.json
scene082,phase0,5,66.1,hat,hat.1,scenes/scene082/0/labels/sam2_meta/v1.tar:sam2/mask_to_object.json
scene082,phase0,6,105.2,pump_bottle,pump_bottle.2,scenes/scene082/0/labels/sam2_meta/v1.tar:sam2/mask_to_object.json
scene082,phase0,7,125,sponge,sponge,scenes/scene082/0/labels/sam2_meta/v1.tar:sam2/mask_to_object.json
scene082,phase1,1,87.3,mouse,mouse.3,scenes/scene082/1/labels/sam2_meta/v1.tar:sam2/mask_to_object.json
scene082,phase1,2,62,hair_brush,hairbrush,scenes/scene082/1/labels/sam2_meta/v1.tar:sam2/mask_to_object.json
scene082,phase1,3,85.1,milk_box,milk_box.1,scenes/scene082/1/labels/sam2_meta/v1.tar:sam2/mask_to_object.json
scene082,phase1,4,67,headphone,headphone,scenes/scene082/1/labels/sam2_meta/v1.tar:sam2/mask_to_object.json
scene082,phase1,5,66.1,hat,hat.1,scenes/scene082/1/labels/sam2_meta/v1.tar:sam2/mask_to_object.json
scene082,phase1,6,105.2,pump_bottle,pump_bottle.2,scenes/scene082/1/labels/sam2_meta/v1.tar:sam2/mask_to_object.json
scene082,phase1,7,125,sponge,sponge,scenes/scene082/1/labels/sam2_meta/v1.tar:sam2/mask_to_object.json
scene082,phase2,1,87.3,mouse,mouse.3,scenes/scene082/2/labels/sam2_meta/v1.tar:sam2/mask_to_object.json
scene082,phase2,2,62,hair_brush,hairbrush,scenes/scene082/2/labels/sam2_meta/v1.tar:sam2/mask_to_object.json
scene082,phase2,3,85.1,milk_box,milk_box.1,scenes/scene082/2/labels/sam2_meta/v1.tar:sam2/mask_to_object.json
scene082,phase2,4,67,headphone,headphone,scenes/scene082/2/labels/sam2_meta/v1.tar:sam2/mask_to_object.json
scene082,phase2,5,66.1,hat,hat.1,scenes/scene082/2/labels/sam2_meta/v1.tar:sam2/mask_to_object.json
scene082,phase2,6,105.2,pump_bottle,pump_bottle.2,scenes/scene082/2/labels/sam2_meta/v1.tar:sam2/mask_to_object.json
scene082,phase2,7,125,sponge,sponge,scenes/scene082/2/labels/sam2_meta/v1.tar:sam2/mask_to_object.json
scene083,phase0,1,17.3,book,book.3,scenes/scene083/0/labels/sam2_meta/v1.tar:sam2/mask_to_object.json
scene083,phase0,2,49.1,fry_pan,fry_pan.1,scenes/scene083/0/labels/sam2_meta/v1.tar:sam2/mask_to_object.json
scene083,phase0,3,77.1,knife,knife.1,scenes/scene083/0/labels/sam2_meta/v1.tar:sam2/mask_to_object.json
scene083,phase0,4,142,toothpaste,toothpaste,scenes/scene083/0/labels/sam2_meta/v1.tar:sam2/mask_to_object.json
scene083,phase0,5,89.3,mustard_bottle,mustard_bottle.3,scenes/scene083/0/labels/sam2_meta/v1.tar:sam2/mask_to_object.json
scene083,phase0,6,88.2,mug,mug.2,scenes/scene083/0/labels/sam2_meta/v1.tar:sam2/mask_to_object.json
scene083,phase0,7,36,coffee_bottle,coffee_bottle,scenes/scene083/0/labels/sam2_meta/v1.tar:sam2/mask_to_object.json
scene083,phase1,1,17.3,book,book.3,scenes/scene083/1/labels/sam2_meta/v1.tar:sam2/mask_to_object.json
scene083,phase1,2,49.1,fry_pan,fry_pan.1,scenes/scene083/1/labels/sam2_meta/v1.tar:sam2/mask_to_object.json
scene083,phase1,3,77.1,knife,knife.1,scenes/scene083/1/labels/sam2_meta/v1.tar:sam2/mask_to_object.json
scene083,phase1,4,142,toothpaste,toothpaste,scenes/scene083/1/labels/sam2_meta/v1.tar:sam2/mask_to_object.json
scene083,phase1,5,89.3,mustard_bottle,mustard_bottle.3,scenes/scene083/1/labels/sam2_meta/v1.tar:sam2/mask_to_object.json
scene083,phase1,6,88.2,mug,mug.2,scenes/scene083/1/labels/sam2_meta/v1.tar:sam2/mask_to_object.json
scene083,phase1,7,36,coffee_bottle,coffee_bottle,scenes/scene083/1/labels/sam2_meta/v1.tar:sam2/mask_to_object.json
scene083,phase2,1,17.3,book,book.3,scenes/scene083/2/labels/sam2_meta/v1.tar:sam2/mask_to_object.json
scene083,phase2,2,49.1,fry_pan,fry_pan.1,scenes/scene083/2/labels/sam2_meta/v1.tar:sam2/mask_to_object.json
scene083,phase2,3,77.1,knife,knife.1,scenes/scene083/2/labels/sam2_meta/v1.tar:sam2/mask_to_object.json
scene083,phase2,4,142,toothpaste,toothpaste,scenes/scene083/2/labels/sam2_meta/v1.tar:sam2/mask_to_object.json
scene083,phase2,5,89.3,mustard_bottle,mustard_bottle.3,scenes/scene083/2/labels/sam2_meta/v1.tar:sam2/mask_to_object.json
scene083,phase2,6,88.2,mug,mug.2,scenes/scene083/2/labels/sam2_meta/v1.tar:sam2/mask_to_object.json
scene083,phase2,7,36,coffee_bottle,coffee_bottle,scenes/scene083/2/labels/sam2_meta/v1.tar:sam2/mask_to_object.json
scene084,phase0,1,7.1,baking_tray,baking_tray.1,scenes/scene084/0/labels/sam2_meta/v1.tar:sam2/mask_to_object.json
scene084,phase0,2,147,umbrella,umbrella,scenes/scene084/0/labels/sam2_meta/v1.tar:sam2/mask_to_object.json
scene084,phase0,3,10,baseball_ball,baseball_ball,scenes/scene084/0/labels/sam2_meta/v1.tar:sam2/mask_to_object.json
scene084,phase0,4,13.2,beanie,beanie.2,scenes/scene084/0/labels/sam2_meta/v1.tar:sam2/mask_to_object.json
scene084,phase0,5,117.1,shoe,shoe.1,scenes/scene084/0/labels/sam2_meta/v1.tar:sam2/mask_to_object.json
scene084,phase0,6,103.2,pringles_can,pringles_can.2,scenes/scene084/0/labels/sam2_meta/v1.tar:sam2/mask_to_object.json
scene084,phase0,7,135,tape_measure,tape_measure,scenes/scene084/0/labels/sam2_meta/v1.tar:sam2/mask_to_object.json
scene084,phase1,1,7.1,baking_tray,baking_tray.1,scenes/scene084/1/labels/sam2_meta/v1.tar:sam2/mask_to_object.json
scene084,phase1,2,147,umbrella,umbrella,scenes/scene084/1/labels/sam2_meta/v1.tar:sam2/mask_to_object.json
scene084,phase1,3,10,baseball_ball,baseball_ball,scenes/scene084/1/labels/sam2_meta/v1.tar:sam2/mask_to_object.json
scene084,phase1,4,13.2,beanie,beanie.2,scenes/scene084/1/labels/sam2_meta/v1.tar:sam2/mask_to_object.json
scene084,phase1,5,117.1,shoe,shoe.1,scenes/scene084/1/labels/sam2_meta/v1.tar:sam2/mask_to_object.json
scene084,phase1,6,103.2,pringles_can,pringles_can.2,scenes/scene084/1/labels/sam2_meta/v1.tar:sam2/mask_to_object.json
scene084,phase1,7,135,tape_measure,tape_measure,scenes/scene084/1/labels/sam2_meta/v1.tar:sam2/mask_to_object.json
scene084,phase2,1,7.1,baking_tray,baking_tray.1,scenes/scene084/2/labels/sam2_meta/v1.tar:sam2/mask_to_object.json
scene084,phase2,2,147,umbrella,umbrella,scenes/scene084/2/labels/sam2_meta/v1.tar:sam2/mask_to_object.json
scene084,phase2,3,10,baseball_ball,baseball_ball,scenes/scene084/2/labels/sam2_meta/v1.tar:sam2/mask_to_object.json
scene084,phase2,4,13.2,beanie,beanie.2,scenes/scene084/2/labels/sam2_meta/v1.tar:sam2/mask_to_object.json
scene084,phase2,5,117.1,shoe,shoe.1,scenes/scene084/2/labels/sam2_meta/v1.tar:sam2/mask_to_object.json
scene084,phase2,6,103.2,pringles_can,pringles_can.2,scenes/scene084/2/labels/sam2_meta/v1.tar:sam2/mask_to_object.json
scene084,phase2,7,135,tape_measure,tape_measure,scenes/scene084/2/labels/sam2_meta/v1.tar:sam2/mask_to_object.json
scene085,phase0,1,78,ladle,ladle,scenes/scene085/0/labels/sam2_meta/v1.tar:sam2/mask_to_object.json
scene085,phase0,2,102,power_drill,power_drill,scenes/scene085/0/labels/sam2_meta/v1.tar:sam2/mask_to_object.json
scene085,phase0,3,43.1,doll,doll.1,scenes/scene085/0/labels/sam2_meta/v1.tar:sam2/mask_to_object.json
scene085,phase0,4,121,soft_scrub_cleanser_bottle,soft_scrub_cleanser_bottle,scenes/scene085/0/labels/sam2_meta/v1.tar:sam2/mask_to_object.json
scene085,phase0,5,83.5,marker,marker.5,scenes/scene085/0/labels/sam2_meta/v1.tar:sam2/mask_to_object.json
scene085,phase0,6,3,alarm_clock,alarm_clock,scenes/scene085/0/labels/sam2_meta/v1.tar:sam2/mask_to_object.json
scene085,phase0,7,84,meat_can,meat_can,scenes/scene085/0/labels/sam2_meta/v1.tar:sam2/mask_to_object.json
scene085,phase1,1,78,ladle,ladle,scenes/scene085/1/labels/sam2_meta/v1.tar:sam2/mask_to_object.json
scene085,phase1,2,102,power_drill,power_drill,scenes/scene085/1/labels/sam2_meta/v1.tar:sam2/mask_to_object.json
scene085,phase1,3,43.1,doll,doll.1,scenes/scene085/1/labels/sam2_meta/v1.tar:sam2/mask_to_object.json
scene085,phase1,4,121,soft_scrub_cleanser_bottle,soft_scrub_cleanser_bottle,scenes/scene085/1/labels/sam2_meta/v1.tar:sam2/mask_to_object.json
scene085,phase1,5,83.5,marker,marker.5,scenes/scene085/1/labels/sam2_meta/v1.tar:sam2/mask_to_object.json
scene085,phase1,6,3,alarm_clock,alarm_clock,scenes/scene085/1/labels/sam2_meta/v1.tar:sam2/mask_to_object.json
scene085,phase1,7,84,meat_can,meat_can,scenes/scene085/1/labels/sam2_meta/v1.tar:sam2/mask_to_object.json
scene085,phase2,1,78,ladle,ladle,scenes/scene085/2/labels/sam2_meta/v1.tar:sam2/mask_to_object.json
scene085,phase2,2,102,power_drill,power_drill,scenes/scene085/2/labels/sam2_meta/v1.tar:sam2/mask_to_object.json
scene085,phase2,3,43.1,doll,doll.1,scenes/scene085/2/labels/sam2_meta/v1.tar:sam2/mask_to_object.json
scene085,phase2,4,121,soft_scrub_cleanser_bottle,soft_scrub_cleanser_bottle,scenes/scene085/2/labels/sam2_meta/v1.tar:sam2/mask_to_object.json
scene085,phase2,5,83.5,marker,marker.5,scenes/scene085/2/labels/sam2_meta/v1.tar:sam2/mask_to_object.json
scene085,phase2,6,3,alarm_clock,alarm_clock,scenes/scene085/2/labels/sam2_meta/v1.tar:sam2/mask_to_object.json
scene085,phase2,7,84,meat_can,meat_can,scenes/scene085/2/labels/sam2_meta/v1.tar:sam2/mask_to_object.json
scene086,phase0,1,50,food_bag,food_bag,scenes/scene086/0/labels/sam2_meta/v1.tar:sam2/mask_to_object.json
scene086,phase0,2,86,milk_jug,milk_jug,scenes/scene086/0/labels/sam2_meta/v1.tar:sam2/mask_to_object.json
scene086,phase0,3,14.1,bear,bear.1,scenes/scene086/0/labels/sam2_meta/v1.tar:sam2/mask_to_object.json
scene086,phase0,4,114,shampoo_bottle,shampoo_bottle,scenes/scene086/0/labels/sam2_meta/v1.tar:sam2/mask_to_object.json
scene086,phase0,5,124.2,spatula,spatula.2,scenes/scene086/0/labels/sam2_meta/v1.tar:sam2/mask_to_object.json
scene086,phase0,6,58.1,glue_bottle,glue_bottle.1,scenes/scene086/0/labels/sam2_meta/v1.tar:sam2/mask_to_object.json
scene086,phase0,7,95,pear,pear,scenes/scene086/0/labels/sam2_meta/v1.tar:sam2/mask_to_object.json
scene086,phase1,1,50,food_bag,food_bag,scenes/scene086/1/labels/sam2_meta/v1.tar:sam2/mask_to_object.json
scene086,phase1,2,86,milk_jug,milk_jug,scenes/scene086/1/labels/sam2_meta/v1.tar:sam2/mask_to_object.json
scene086,phase1,3,14.1,bear,bear.1,scenes/scene086/1/labels/sam2_meta/v1.tar:sam2/mask_to_object.json
scene086,phase1,4,114,shampoo_bottle,shampoo_bottle,scenes/scene086/1/labels/sam2_meta/v1.tar:sam2/mask_to_object.json
scene086,phase1,5,124.2,spatula,spatula.2,scenes/scene086/1/labels/sam2_meta/v1.tar:sam2/mask_to_object.json
scene086,phase1,6,58.1,glue_bottle,glue_bottle.1,scenes/scene086/1/labels/sam2_meta/v1.tar:sam2/mask_to_object.json
scene086,phase1,7,95,pear,pear,scenes/scene086/1/labels/sam2_meta/v1.tar:sam2/mask_to_object.json
scene086,phase2,1,50,food_bag,food_bag,scenes/scene086/2/labels/sam2_meta/v1.tar:sam2/mask_to_object.json
scene086,phase2,2,86,milk_jug,milk_jug,scenes/scene086/2/labels/sam2_meta/v1.tar:sam2/mask_to_object.json
scene086,phase2,3,14.1,bear,bear.1,scenes/scene086/2/labels/sam2_meta/v1.tar:sam2/mask_to_object.json
scene086,phase2,4,114,shampoo_bottle,shampoo_bottle,scenes/scene086/2/labels/sam2_meta/v1.tar:sam2/mask_to_object.json
scene086,phase2,5,124.2,spatula,spatula.2,scenes/scene086/2/labels/sam2_meta/v1.tar:sam2/mask_to_object.json
scene086,phase2,6,58.1,glue_bottle,glue_bottle.1,scenes/scene086/2/labels/sam2_meta/v1.tar:sam2/mask_to_object.json
scene086,phase2,7,95,pear,pear,scenes/scene086/2/labels/sam2_meta/v1.tar:sam2/mask_to_object.json
scene087,phase0,1,68,helmet,helmet,scenes/scene087/0/labels/sam2_meta/v1.tar:sam2/mask_to_object.json
scene087,phase0,2,82.2,lion,lion.2,scenes/scene087/0/labels/sam2_meta/v1.tar:sam2/mask_to_object.json
scene087,phase0,3,137,teapot,teapot,scenes/scene087/0/labels/sam2_meta/v1.tar:sam2/mask_to_object.json
scene087,phase0,4,127.2,spray_bottle,spray_bottle.2,scenes/scene087/0/labels/sam2_meta/v1.tar:sam2/mask_to_object.json
scene087,phase0,5,55,game_controller,game_controller,scenes/scene087/0/labels/sam2_meta/v1.tar:sam2/mask_to_object.json
scene087,phase0,6,1,air_duster_can,air_duster_can,scenes/scene087/0/labels/sam2_meta/v1.tar:sam2/mask_to_object.json
scene087,phase0,7,133.2,t-handle,t-handle.2,scenes/scene087/0/labels/sam2_meta/v1.tar:sam2/mask_to_object.json
scene087,phase1,1,68,helmet,helmet,scenes/scene087/1/labels/sam2_meta/v1.tar:sam2/mask_to_object.json
scene087,phase1,2,82.2,lion,lion.2,scenes/scene087/1/labels/sam2_meta/v1.tar:sam2/mask_to_object.json
scene087,phase1,3,137,teapot,teapot,scenes/scene087/1/labels/sam2_meta/v1.tar:sam2/mask_to_object.json
scene087,phase1,4,127.2,spray_bottle,spray_bottle.2,scenes/scene087/1/labels/sam2_meta/v1.tar:sam2/mask_to_object.json
scene087,phase1,5,55,game_controller,game_controller,scenes/scene087/1/labels/sam2_meta/v1.tar:sam2/mask_to_object.json
scene087,phase1,6,1,air_duster_can,air_duster_can,scenes/scene087/1/labels/sam2_meta/v1.tar:sam2/mask_to_object.json
scene087,phase1,7,133.2,t-handle,t-handle.2,scenes/scene087/1/labels/sam2_meta/v1.tar:sam2/mask_to_object.json
scene087,phase2,1,68,helmet,helmet,scenes/scene087/2/labels/sam2_meta/v1.tar:sam2/mask_to_object.json
scene087,phase2,2,82.2,lion,lion.2,scenes/scene087/2/labels/sam2_meta/v1.tar:sam2/mask_to_object.json
scene087,phase2,3,137,teapot,teapot,scenes/scene087/2/labels/sam2_meta/v1.tar:sam2/mask_to_object.json
scene087,phase2,4,127.2,spray_bottle,spray_bottle.2,scenes/scene087/2/labels/sam2_meta/v1.tar:sam2/mask_to_object.json
scene087,phase2,5,55,game_controller,game_controller,scenes/scene087/2/labels/sam2_meta/v1.tar:sam2/mask_to_object.json
scene087,phase2,6,1,air_duster_can,air_duster_can,scenes/scene087/2/labels/sam2_meta/v1.tar:sam2/mask_to_object.json
scene087,phase2,7,133.2,t-handle,t-handle.2,scenes/scene087/2/labels/sam2_meta/v1.tar:sam2/mask_to_object.json
scene088,phase0,1,63.2,hammer,hammer.2,scenes/scene088/0/labels/sam2_meta/v1.tar:sam2/mask_to_object.json
scene088,phase0,2,65,handy_pot,handy_pot,scenes/scene088/0/labels/sam2_meta/v1.tar:sam2/mask_to_object.json
scene088,phase0,3,70,instant_noodle_packet,instant_noodle_packet,scenes/scene088/0/labels/sam2_meta/v1.tar:sam2/mask_to_object.json
scene088,phase0,4,72.1,jello_box,jello_box.1,scenes/scene088/0/labels/sam2_meta/v1.tar:sam2/mask_to_object.json
scene088,phase0,5,122.1,soup_can,soup_can.1,scenes/scene088/0/labels/sam2_meta/v1.tar:sam2/mask_to_object.json
scene088,phase0,6,120.3,soda_can,soda_can.3,scenes/scene088/0/labels/sam2_meta/v1.tar:sam2/mask_to_object.json
scene088,phase0,7,25.1,candy_bar,candy_bar.1,scenes/scene088/0/labels/sam2_meta/v1.tar:sam2/mask_to_object.json
scene088,phase1,1,63.2,hammer,hammer.2,scenes/scene088/1/labels/sam2_meta/v1.tar:sam2/mask_to_object.json
scene088,phase1,2,65,handy_pot,handy_pot,scenes/scene088/1/labels/sam2_meta/v1.tar:sam2/mask_to_object.json
scene088,phase1,3,70,instant_noodle_packet,instant_noodle_packet,scenes/scene088/1/labels/sam2_meta/v1.tar:sam2/mask_to_object.json
scene088,phase1,4,72.1,jello_box,jello_box.1,scenes/scene088/1/labels/sam2_meta/v1.tar:sam2/mask_to_object.json
scene088,phase1,5,122.1,soup_can,soup_can.1,scenes/scene088/1/labels/sam2_meta/v1.tar:sam2/mask_to_object.json
scene088,phase1,6,120.3,soda_can,soda_can.3,scenes/scene088/1/labels/sam2_meta/v1.tar:sam2/mask_to_object.json
scene088,phase1,7,25.1,candy_bar,candy_bar.1,scenes/scene088/1/labels/sam2_meta/v1.tar:sam2/mask_to_object.json
scene088,phase2,1,63.2,hammer,hammer.2,scenes/scene088/2/labels/sam2_meta/v1.tar:sam2/mask_to_object.json
scene088,phase2,2,65,handy_pot,handy_pot,scenes/scene088/2/labels/sam2_meta/v1.tar:sam2/mask_to_object.json
scene088,phase2,3,70,instant_noodle_packet,instant_noodle_packet,scenes/scene088/2/labels/sam2_meta/v1.tar:sam2/mask_to_object.json
scene088,phase2,4,72.1,jello_box,jello_box.1,scenes/scene088/2/labels/sam2_meta/v1.tar:sam2/mask_to_object.json
scene088,phase2,5,122.1,soup_can,soup_can.1,scenes/scene088/2/labels/sam2_meta/v1.tar:sam2/mask_to_object.json
scene088,phase2,6,120.3,soda_can,soda_can.3,scenes/scene088/2/labels/sam2_meta/v1.tar:sam2/mask_to_object.json
scene088,phase2,7,25.1,candy_bar,candy_bar.1,scenes/scene088/2/labels/sam2_meta/v1.tar:sam2/mask_to_object.json
scene089,phase0,1,18.2,boot,boot.2,scenes/scene089/0/labels/sam2_meta/v1.tar:sam2/mask_to_object.json
scene089,phase0,2,148.2,water_bottle,water_bottle.2,scenes/scene089/0/labels/sam2_meta/v1.tar:sam2/mask_to_object.json
scene089,phase0,3,34,cleaning_brush,cleaning_brush,scenes/scene089/0/labels/sam2_meta/v1.tar:sam2/mask_to_object.json
scene089,phase0,4,144.2,towel,towel.2,scenes/scene089/0/labels/sam2_meta/v1.tar:sam2/mask_to_object.json
scene089,phase0,5,71,jar,jar,scenes/scene089/0/labels/sam2_meta/v1.tar:sam2/mask_to_object.json
scene089,phase0,6,11.1,basting_brush,basting_brush.1,scenes/scene089/0/labels/sam2_meta/v1.tar:sam2/mask_to_object.json
scene089,phase0,7,107,remote_controller,remote_controller,scenes/scene089/0/labels/sam2_meta/v1.tar:sam2/mask_to_object.json
scene089,phase1,1,18.2,boot,boot.2,scenes/scene089/1/labels/sam2_meta/v1.tar:sam2/mask_to_object.json
scene089,phase1,2,148.2,water_bottle,water_bottle.2,scenes/scene089/1/labels/sam2_meta/v1.tar:sam2/mask_to_object.json
scene089,phase1,3,34,cleaning_brush,cleaning_brush,scenes/scene089/1/labels/sam2_meta/v1.tar:sam2/mask_to_object.json
scene089,phase1,4,144.2,towel,towel.2,scenes/scene089/1/labels/sam2_meta/v1.tar:sam2/mask_to_object.json
scene089,phase1,5,71,jar,jar,scenes/scene089/1/labels/sam2_meta/v1.tar:sam2/mask_to_object.json
scene089,phase1,6,11.1,basting_brush,basting_brush.1,scenes/scene089/1/labels/sam2_meta/v1.tar:sam2/mask_to_object.json
scene089,phase1,7,107,remote_controller,remote_controller,scenes/scene089/1/labels/sam2_meta/v1.tar:sam2/mask_to_object.json
scene089,phase2,1,18.2,boot,boot.2,scenes/scene089/2/labels/sam2_meta/v1.tar:sam2/mask_to_object.json
scene089,phase2,2,148.2,water_bottle,water_bottle.2,scenes/scene089/2/labels/sam2_meta/v1.tar:sam2/mask_to_object.json
scene089,phase2,3,34,cleaning_brush,cleaning_brush,scenes/scene089/2/labels/sam2_meta/v1.tar:sam2/mask_to_object.json
scene089,phase2,4,144.2,towel,towel.2,scenes/scene089/2/labels/sam2_meta/v1.tar:sam2/mask_to_object.json
scene089,phase2,5,71,jar,jar,scenes/scene089/2/labels/sam2_meta/v1.tar:sam2/mask_to_object.json
scene089,phase2,6,11.1,basting_brush,basting_brush.1,scenes/scene089/2/labels/sam2_meta/v1.tar:sam2/mask_to_object.json
scene089,phase2,7,107,remote_controller,remote_controller,scenes/scene089/2/labels/sam2_meta/v1.tar:sam2/mask_to_object.json
scene090,phase0,1,20.1,bowl,bowl.1,scenes/scene090/0/labels/sam2_meta/v1.tar:sam2/mask_to_object.json
scene090,phase0,2,9,banana,banana,scenes/scene090/0/labels/sam2_meta/v1.tar:sam2/mask_to_object.json
scene090,phase0,3,23,cable,cable,scenes/scene090/0/labels/sam2_meta/v1.tar:sam2/mask_to_object.json
scene090,phase0,4,109,root_beer_bottle,root_beer_bottle,scenes/scene090/0/labels/sam2_meta/v1.tar:sam2/mask_to_object.json
scene090,phase0,5,96.2,peeler,peeler.2,scenes/scene090/0/labels/sam2_meta/v1.tar:sam2/mask_to_object.json
scene090,phase0,6,113.1,scissors,scissors.1,scenes/scene090/0/labels/sam2_meta/v1.tar:sam2/mask_to_object.json
scene090,phase0,7,40.1,cup,cup.1,scenes/scene090/0/labels/sam2_meta/v1.tar:sam2/mask_to_object.json
scene090,phase1,1,20.1,bowl,bowl.1,scenes/scene090/1/labels/sam2_meta/v1.tar:sam2/mask_to_object.json
scene090,phase1,2,9,banana,banana,scenes/scene090/1/labels/sam2_meta/v1.tar:sam2/mask_to_object.json
scene090,phase1,3,23,cable,cable,scenes/scene090/1/labels/sam2_meta/v1.tar:sam2/mask_to_object.json
scene090,phase1,4,109,root_beer_bottle,root_beer_bottle,scenes/scene090/1/labels/sam2_meta/v1.tar:sam2/mask_to_object.json
scene090,phase1,5,96.2,peeler,peeler.2,scenes/scene090/1/labels/sam2_meta/v1.tar:sam2/mask_to_object.json
scene090,phase1,6,113.1,scissors,scissors.1,scenes/scene090/1/labels/sam2_meta/v1.tar:sam2/mask_to_object.json
scene090,phase1,7,40.1,cup,cup.1,scenes/scene090/1/labels/sam2_meta/v1.tar:sam2/mask_to_object.json
scene090,phase2,1,20.1,bowl,bowl.1,scenes/scene090/2/labels/sam2_meta/v1.tar:sam2/mask_to_object.json
scene090,phase2,2,9,banana,banana,scenes/scene090/2/labels/sam2_meta/v1.tar:sam2/mask_to_object.json
scene090,phase2,3,23,cable,cable,scenes/scene090/2/labels/sam2_meta/v1.tar:sam2/mask_to_object.json
scene090,phase2,4,109,root_beer_bottle,root_beer_bottle,scenes/scene090/2/labels/sam2_meta/v1.tar:sam2/mask_to_object.json
scene090,phase2,5,96.2,peeler,peeler.2,scenes/scene090/2/labels/sam2_meta/v1.tar:sam2/mask_to_object.json
scene090,phase2,6,113.1,scissors,scissors.1,scenes/scene090/2/labels/sam2_meta/v1.tar:sam2/mask_to_object.json
scene090,phase2,7,40.1,cup,cup.1,scenes/scene090/2/labels/sam2_meta/v1.tar:sam2/mask_to_object.json
scene091,phase0,1,57.2,glove,glove.2,scenes/scene091/0/labels/sam2_meta/v1.tar:sam2/mask_to_object.json
scene091,phase0,2,82.2,lion,lion.2,scenes/scene091/0/labels/sam2_meta/v1.tar:sam2/mask_to_object.json
scene091,phase0,3,124.2,spatula,spatula.2,scenes/scene091/0/labels/sam2_meta/v1.tar:sam2/mask_to_object.json
scene091,phase0,4,105.2,pump_bottle,pump_bottle.2,scenes/scene091/0/labels/sam2_meta/v1.tar:sam2/mask_to_object.json
scene091,phase0,5,55,game_controller,game_controller,scenes/scene091/0/labels/sam2_meta/v1.tar:sam2/mask_to_object.json
scene091,phase0,6,120.3,soda_can,soda_can.3,scenes/scene091/0/labels/sam2_meta/v1.tar:sam2/mask_to_object.json
scene091,phase0,7,95,pear,pear,scenes/scene091/0/labels/sam2_meta/v1.tar:sam2/mask_to_object.json
scene091,phase1,1,57.2,glove,glove.2,scenes/scene091/1/labels/sam2_meta/v1.tar:sam2/mask_to_object.json
scene091,phase1,2,82.2,lion,lion.2,scenes/scene091/1/labels/sam2_meta/v1.tar:sam2/mask_to_object.json
scene091,phase1,3,124.2,spatula,spatula.2,scenes/scene091/1/labels/sam2_meta/v1.tar:sam2/mask_to_object.json
scene091,phase1,4,105.2,pump_bottle,pump_bottle.2,scenes/scene091/1/labels/sam2_meta/v1.tar:sam2/mask_to_object.json
scene091,phase1,5,55,game_controller,game_controller,scenes/scene091/1/labels/sam2_meta/v1.tar:sam2/mask_to_object.json
scene091,phase1,6,120.3,soda_can,soda_can.3,scenes/scene091/1/labels/sam2_meta/v1.tar:sam2/mask_to_object.json
scene091,phase1,7,95,pear,pear,scenes/scene091/1/labels/sam2_meta/v1.tar:sam2/mask_to_object.json
scene091,phase2,1,57.2,glove,glove.2,scenes/scene091/2/labels/sam2_meta/v1.tar:sam2/mask_to_object.json
scene091,phase2,2,82.2,lion,lion.2,scenes/scene091/2/labels/sam2_meta/v1.tar:sam2/mask_to_object.json
scene091,phase2,3,124.2,spatula,spatula.2,scenes/scene091/2/labels/sam2_meta/v1.tar:sam2/mask_to_object.json
scene091,phase2,4,105.2,pump_bottle,pump_bottle.2,scenes/scene091/2/labels/sam2_meta/v1.tar:sam2/mask_to_object.json
scene091,phase2,5,55,game_controller,game_controller,scenes/scene091/2/labels/sam2_meta/v1.tar:sam2/mask_to_object.json
scene091,phase2,6,120.3,soda_can,soda_can.3,scenes/scene091/2/labels/sam2_meta/v1.tar:sam2/mask_to_object.json
scene091,phase2,7,95,pear,pear,scenes/scene091/2/labels/sam2_meta/v1.tar:sam2/mask_to_object.json
scene092,phase0,1,66.1,hat,hat.1,scenes/scene092/0/labels/sam2_meta/v1.tar:sam2/mask_to_object.json
scene092,phase0,2,77.1,knife,knife.1,scenes/scene092/0/labels/sam2_meta/v1.tar:sam2/mask_to_object.json
scene092,phase0,3,68,helmet,helmet,scenes/scene092/0/labels/sam2_meta/v1.tar:sam2/mask_to_object.json
scene092,phase0,4,50,food_bag,food_bag,scenes/scene092/0/labels/sam2_meta/v1.tar:sam2/mask_to_object.json
scene092,phase0,5,85.1,milk_box,milk_box.1,scenes/scene092/0/labels/sam2_meta/v1.tar:sam2/mask_to_object.json
scene092,phase0,6,18.2,boot,boot.2,scenes/scene092/0/labels/sam2_meta/v1.tar:sam2/mask_to_object.json
scene092,phase0,7,67,headphone,headphone,scenes/scene092/0/labels/sam2_meta/v1.tar:sam2/mask_to_object.json
scene092,phase1,1,66.1,hat,hat.1,scenes/scene092/1/labels/sam2_meta/v1.tar:sam2/mask_to_object.json
scene092,phase1,2,77.1,knife,knife.1,scenes/scene092/1/labels/sam2_meta/v1.tar:sam2/mask_to_object.json
scene092,phase1,3,68,helmet,helmet,scenes/scene092/1/labels/sam2_meta/v1.tar:sam2/mask_to_object.json
scene092,phase1,4,50,food_bag,food_bag,scenes/scene092/1/labels/sam2_meta/v1.tar:sam2/mask_to_object.json
scene092,phase1,5,85.1,milk_box,milk_box.1,scenes/scene092/1/labels/sam2_meta/v1.tar:sam2/mask_to_object.json
scene092,phase1,6,18.2,boot,boot.2,scenes/scene092/1/labels/sam2_meta/v1.tar:sam2/mask_to_object.json
scene092,phase1,7,67,headphone,headphone,scenes/scene092/1/labels/sam2_meta/v1.tar:sam2/mask_to_object.json
scene092,phase2,1,66.1,hat,hat.1,scenes/scene092/2/labels/sam2_meta/v1.tar:sam2/mask_to_object.json
scene092,phase2,2,77.1,knife,knife.1,scenes/scene092/2/labels/sam2_meta/v1.tar:sam2/mask_to_object.json
scene092,phase2,3,68,helmet,helmet,scenes/scene092/2/labels/sam2_meta/v1.tar:sam2/mask_to_object.json
scene092,phase2,4,50,food_bag,food_bag,scenes/scene092/2/labels/sam2_meta/v1.tar:sam2/mask_to_object.json
scene092,phase2,5,85.1,milk_box,milk_box.1,scenes/scene092/2/labels/sam2_meta/v1.tar:sam2/mask_to_object.json
scene092,phase2,6,18.2,boot,boot.2,scenes/scene092/2/labels/sam2_meta/v1.tar:sam2/mask_to_object.json
scene092,phase2,7,67,headphone,headphone,scenes/scene092/2/labels/sam2_meta/v1.tar:sam2/mask_to_object.json
scene093,phase0,1,144.2,towel,towel.2,scenes/scene093/0/labels/sam2_meta/v1.tar:sam2/mask_to_object.json
scene093,phase0,2,103.2,pringles_can,pringles_can.2,scenes/scene093/0/labels/sam2_meta/v1.tar:sam2/mask_to_object.json
scene093,phase0,3,62,hair_brush,hairbrush,scenes/scene093/0/labels/sam2_meta/v1.tar:sam2/mask_to_object.json
scene093,phase0,4,133.2,t-handle,t-handle.2,scenes/scene093/0/labels/sam2_meta/v1.tar:sam2/mask_to_object.json
scene093,phase0,5,3,alarm_clock,alarm_clock,scenes/scene093/0/labels/sam2_meta/v1.tar:sam2/mask_to_object.json
scene093,phase0,6,5,apple,apple,scenes/scene093/0/labels/sam2_meta/v1.tar:sam2/mask_to_object.json
scene093,phase0,7,87.3,mouse,mouse.3,scenes/scene093/0/labels/sam2_meta/v1.tar:sam2/mask_to_object.json
scene093,phase1,1,144.2,towel,towel.2,scenes/scene093/1/labels/sam2_meta/v1.tar:sam2/mask_to_object.json
scene093,phase1,2,103.2,pringles_can,pringles_can.2,scenes/scene093/1/labels/sam2_meta/v1.tar:sam2/mask_to_object.json
scene093,phase1,3,62,hair_brush,hairbrush,scenes/scene093/1/labels/sam2_meta/v1.tar:sam2/mask_to_object.json
scene093,phase1,4,133.2,t-handle,t-handle.2,scenes/scene093/1/labels/sam2_meta/v1.tar:sam2/mask_to_object.json
scene093,phase1,5,3,alarm_clock,alarm_clock,scenes/scene093/1/labels/sam2_meta/v1.tar:sam2/mask_to_object.json
scene093,phase1,6,5,apple,apple,scenes/scene093/1/labels/sam2_meta/v1.tar:sam2/mask_to_object.json
scene093,phase1,7,87.3,mouse,mouse.3,scenes/scene093/1/labels/sam2_meta/v1.tar:sam2/mask_to_object.json
scene093,phase2,1,144.2,towel,towel.2,scenes/scene093/2/labels/sam2_meta/v1.tar:sam2/mask_to_object.json
scene093,phase2,2,103.2,pringles_can,pringles_can.2,scenes/scene093/2/labels/sam2_meta/v1.tar:sam2/mask_to_object.json
scene093,phase2,3,62,hair_brush,hairbrush,scenes/scene093/2/labels/sam2_meta/v1.tar:sam2/mask_to_object.json
scene093,phase2,4,133.2,t-handle,t-handle.2,scenes/scene093/2/labels/sam2_meta/v1.tar:sam2/mask_to_object.json
scene093,phase2,5,3,alarm_clock,alarm_clock,scenes/scene093/2/labels/sam2_meta/v1.tar:sam2/mask_to_object.json
scene093,phase2,6,5,apple,apple,scenes/scene093/2/labels/sam2_meta/v1.tar:sam2/mask_to_object.json
scene093,phase2,7,87.3,mouse,mouse.3,scenes/scene093/2/labels/sam2_meta/v1.tar:sam2/mask_to_object.json
scene094,phase0,1,74,kettle,kettle,scenes/scene094/0/labels/sam2_meta/v1.tar:sam2/mask_to_object.json
scene094,phase0,2,89.3,mustard_bottle,mustard_bottle.3,scenes/scene094/0/labels/sam2_meta/v1.tar:sam2/mask_to_object.json
scene094,phase0,3,71,jar,jar,scenes/scene094/0/labels/sam2_meta/v1.tar:sam2/mask_to_object.json
scene094,phase0,4,14.1,bear,bear.1,scenes/scene094/0/labels/sam2_meta/v1.tar:sam2/mask_to_object.json
scene094,phase0,5,114,shampoo_bottle,shampoo_bottle,scenes/scene094/0/labels/sam2_meta/v1.tar:sam2/mask_to_object.json
scene094,phase0,6,142,toothpaste,toothpaste,scenes/scene094/0/labels/sam2_meta/v1.tar:sam2/mask_to_object.json
scene094,phase0,7,9,banana,banana,scenes/scene094/0/labels/sam2_meta/v1.tar:sam2/mask_to_object.json
scene094,phase1,1,74,kettle,kettle,scenes/scene094/1/labels/sam2_meta/v1.tar:sam2/mask_to_object.json
scene094,phase1,2,89.3,mustard_bottle,mustard_bottle.3,scenes/scene094/1/labels/sam2_meta/v1.tar:sam2/mask_to_object.json
scene094,phase1,3,71,jar,jar,scenes/scene094/1/labels/sam2_meta/v1.tar:sam2/mask_to_object.json
scene094,phase1,4,14.1,bear,bear.1,scenes/scene094/1/labels/sam2_meta/v1.tar:sam2/mask_to_object.json
scene094,phase1,5,114,shampoo_bottle,shampoo_bottle,scenes/scene094/1/labels/sam2_meta/v1.tar:sam2/mask_to_object.json
scene094,phase1,6,142,toothpaste,toothpaste,scenes/scene094/1/labels/sam2_meta/v1.tar:sam2/mask_to_object.json
scene094,phase1,7,9,banana,banana,scenes/scene094/1/labels/sam2_meta/v1.tar:sam2/mask_to_object.json
scene094,phase2,1,74,kettle,kettle,scenes/scene094/2/labels/sam2_meta/v1.tar:sam2/mask_to_object.json
scene094,phase2,2,89.3,mustard_bottle,mustard_bottle.3,scenes/scene094/2/labels/sam2_meta/v1.tar:sam2/mask_to_object.json
scene094,phase2,3,71,jar,jar,scenes/scene094/2/labels/sam2_meta/v1.tar:sam2/mask_to_object.json
scene094,phase2,4,14.1,bear,bear.1,scenes/scene094/2/labels/sam2_meta/v1.tar:sam2/mask_to_object.json
scene094,phase2,5,114,shampoo_bottle,shampoo_bottle,scenes/scene094/2/labels/sam2_meta/v1.tar:sam2/mask_to_object.json
scene094,phase2,6,142,toothpaste,toothpaste,scenes/scene094/2/labels/sam2_meta/v1.tar:sam2/mask_to_object.json
scene094,phase2,7,9,banana,banana,scenes/scene094/2/labels/sam2_meta/v1.tar:sam2/mask_to_object.json
scene095,phase0,1,17.3,book,book.3,scenes/scene095/0/labels/sam2_meta/v1.tar:sam2/mask_to_object.json
scene095,phase0,2,127.2,spray_bottle,spray_bottle.2,scenes/scene095/0/labels/sam2_meta/v1.tar:sam2/mask_to_object.json
scene095,phase0,3,147,umbrella,umbrella,scenes/scene095/0/labels/sam2_meta/v1.tar:sam2/mask_to_object.json
scene095,phase0,4,88.2,mug,mug.2,scenes/scene095/0/labels/sam2_meta/v1.tar:sam2/mask_to_object.json
scene095,phase0,5,141,tong,tong,scenes/scene095/0/labels/sam2_meta/v1.tar:sam2/mask_to_object.json
scene095,phase0,6,11.1,basting_brush,basting_brush.1,scenes/scene095/0/labels/sam2_meta/v1.tar:sam2/mask_to_object.json
scene095,phase0,7,135,tape_measure,tape_measure,scenes/scene095/0/labels/sam2_meta/v1.tar:sam2/mask_to_object.json
scene095,phase1,1,17.3,book,book.3,scenes/scene095/1/labels/sam2_meta/v1.tar:sam2/mask_to_object.json
scene095,phase1,2,127.2,spray_bottle,spray_bottle.2,scenes/scene095/1/labels/sam2_meta/v1.tar:sam2/mask_to_object.json
scene095,phase1,3,147,umbrella,umbrella,scenes/scene095/1/labels/sam2_meta/v1.tar:sam2/mask_to_object.json
scene095,phase1,4,88.2,mug,mug.2,scenes/scene095/1/labels/sam2_meta/v1.tar:sam2/mask_to_object.json
scene095,phase1,5,141,tong,tong,scenes/scene095/1/labels/sam2_meta/v1.tar:sam2/mask_to_object.json
scene095,phase1,6,11.1,basting_brush,basting_brush.1,scenes/scene095/1/labels/sam2_meta/v1.tar:sam2/mask_to_object.json
scene095,phase1,7,135,tape_measure,tape_measure,scenes/scene095/1/labels/sam2_meta/v1.tar:sam2/mask_to_object.json
scene095,phase2,1,17.3,book,book.3,scenes/scene095/2/labels/sam2_meta/v1.tar:sam2/mask_to_object.json
scene095,phase2,2,127.2,spray_bottle,spray_bottle.2,scenes/scene095/2/labels/sam2_meta/v1.tar:sam2/mask_to_object.json
scene095,phase2,3,147,umbrella,umbrella,scenes/scene095/2/labels/sam2_meta/v1.tar:sam2/mask_to_object.json
scene095,phase2,4,88.2,mug,mug.2,scenes/scene095/2/labels/sam2_meta/v1.tar:sam2/mask_to_object.json
scene095,phase2,5,141,tong,tong,scenes/scene095/2/labels/sam2_meta/v1.tar:sam2/mask_to_object.json
scene095,phase2,6,11.1,basting_brush,basting_brush.1,scenes/scene095/2/labels/sam2_meta/v1.tar:sam2/mask_to_object.json
scene095,phase2,7,135,tape_measure,tape_measure,scenes/scene095/2/labels/sam2_meta/v1.tar:sam2/mask_to_object.json
scene096,phase0,1,49.1,fry_pan,fry_pan.1,scenes/scene096/0/labels/sam2_meta/v1.tar:sam2/mask_to_object.json
scene096,phase0,2,13.2,beanie,beanie.2,scenes/scene096/0/labels/sam2_meta/v1.tar:sam2/mask_to_object.json
scene096,phase0,3,73.2,juice_pouch,juice_pouch.2,scenes/scene096/0/labels/sam2_meta/v1.tar:sam2/mask_to_object.json
scene096,phase0,4,20.1,bowl,bowl.1,scenes/scene096/0/labels/sam2_meta/v1.tar:sam2/mask_to_object.json
scene096,phase0,5,109,root_beer_bottle,root_beer_bottle,scenes/scene096/0/labels/sam2_meta/v1.tar:sam2/mask_to_object.json
scene096,phase0,6,63.2,hammer,hammer.2,scenes/scene096/0/labels/sam2_meta/v1.tar:sam2/mask_to_object.json
scene096,phase0,7,107,remote_controller,remote_controller,scenes/scene096/0/labels/sam2_meta/v1.tar:sam2/mask_to_object.json
scene096,phase1,1,49.1,fry_pan,fry_pan.1,scenes/scene096/1/labels/sam2_meta/v1.tar:sam2/mask_to_object.json
scene096,phase1,2,13.2,beanie,beanie.2,scenes/scene096/1/labels/sam2_meta/v1.tar:sam2/mask_to_object.json
scene096,phase1,3,73.2,juice_pouch,juice_pouch.2,scenes/scene096/1/labels/sam2_meta/v1.tar:sam2/mask_to_object.json
scene096,phase1,4,20.1,bowl,bowl.1,scenes/scene096/1/labels/sam2_meta/v1.tar:sam2/mask_to_object.json
scene096,phase1,5,109,root_beer_bottle,root_beer_bottle,scenes/scene096/1/labels/sam2_meta/v1.tar:sam2/mask_to_object.json
scene096,phase1,6,63.2,hammer,hammer.2,scenes/scene096/1/labels/sam2_meta/v1.tar:sam2/mask_to_object.json
scene096,phase1,7,107,remote_controller,remote_controller,scenes/scene096/1/labels/sam2_meta/v1.tar:sam2/mask_to_object.json
scene096,phase2,1,49.1,fry_pan,fry_pan.1,scenes/scene096/2/labels/sam2_meta/v1.tar:sam2/mask_to_object.json
scene096,phase2,2,13.2,beanie,beanie.2,scenes/scene096/2/labels/sam2_meta/v1.tar:sam2/mask_to_object.json
scene096,phase2,3,73.2,juice_pouch,juice_pouch.2,scenes/scene096/2/labels/sam2_meta/v1.tar:sam2/mask_to_object.json
scene096,phase2,4,20.1,bowl,bowl.1,scenes/scene096/2/labels/sam2_meta/v1.tar:sam2/mask_to_object.json
scene096,phase2,5,109,root_beer_bottle,root_beer_bottle,scenes/scene096/2/labels/sam2_meta/v1.tar:sam2/mask_to_object.json
scene096,phase2,6,63.2,hammer,hammer.2,scenes/scene096/2/labels/sam2_meta/v1.tar:sam2/mask_to_object.json
scene096,phase2,7,107,remote_controller,remote_controller,scenes/scene096/2/labels/sam2_meta/v1.tar:sam2/mask_to_object.json
scene097,phase0,1,96.2,peeler,peeler.2,scenes/scene097/0/labels/sam2_meta/v1.tar:sam2/mask_to_object.json
scene097,phase0,2,125,sponge,sponge,scenes/scene097/0/labels/sam2_meta/v1.tar:sam2/mask_to_object.json
scene097,phase0,3,37.1,coffee_can,coffee_can.1,scenes/scene097/0/labels/sam2_meta/v1.tar:sam2/mask_to_object.json
scene097,phase0,4,121,soft_scrub_cleanser_bottle,soft_scrub_cleanser_bottle,scenes/scene097/0/labels/sam2_meta/v1.tar:sam2/mask_to_object.json
scene097,phase0,5,1,air_duster_can,air_duster_can,scenes/scene097/0/labels/sam2_meta/v1.tar:sam2/mask_to_object.json
scene097,phase0,6,84,meat_can,meat_can,scenes/scene097/0/labels/sam2_meta/v1.tar:sam2/mask_to_object.json
scene097,phase0,7,25.1,candy_bar,candy_bar.1,scenes/scene097/0/labels/sam2_meta/v1.tar:sam2/mask_to_object.json
scene097,phase1,1,96.2,peeler,peeler.2,scenes/scene097/1/labels/sam2_meta/v1.tar:sam2/mask_to_object.json
scene097,phase1,2,125,sponge,sponge,scenes/scene097/1/labels/sam2_meta/v1.tar:sam2/mask_to_object.json
scene097,phase1,3,37.1,coffee_can,coffee_can.1,scenes/scene097/1/labels/sam2_meta/v1.tar:sam2/mask_to_object.json
scene097,phase1,4,121,soft_scrub_cleanser_bottle,soft_scrub_cleanser_bottle,scenes/scene097/1/labels/sam2_meta/v1.tar:sam2/mask_to_object.json
scene097,phase1,5,1,air_duster_can,air_duster_can,scenes/scene097/1/labels/sam2_meta/v1.tar:sam2/mask_to_object.json
scene097,phase1,6,84,meat_can,meat_can,scenes/scene097/1/labels/sam2_meta/v1.tar:sam2/mask_to_object.json
scene097,phase1,7,25.1,candy_bar,candy_bar.1,scenes/scene097/1/labels/sam2_meta/v1.tar:sam2/mask_to_object.json
scene097,phase2,1,96.2,peeler,peeler.2,scenes/scene097/2/labels/sam2_meta/v1.tar:sam2/mask_to_object.json
scene097,phase2,2,125,sponge,sponge,scenes/scene097/2/labels/sam2_meta/v1.tar:sam2/mask_to_object.json
scene097,phase2,3,37.1,coffee_can,coffee_can.1,scenes/scene097/2/labels/sam2_meta/v1.tar:sam2/mask_to_object.json
scene097,phase2,4,121,soft_scrub_cleanser_bottle,soft_scrub_cleanser_bottle,scenes/scene097/2/labels/sam2_meta/v1.tar:sam2/mask_to_object.json
scene097,phase2,5,1,air_duster_can,air_duster_can,scenes/scene097/2/labels/sam2_meta/v1.tar:sam2/mask_to_object.json
scene097,phase2,6,84,meat_can,meat_can,scenes/scene097/2/labels/sam2_meta/v1.tar:sam2/mask_to_object.json
scene097,phase2,7,25.1,candy_bar,candy_bar.1,scenes/scene097/2/labels/sam2_meta/v1.tar:sam2/mask_to_object.json
scene098,phase0,1,65,handy_pot,handy_pot,scenes/scene098/0/labels/sam2_meta/v1.tar:sam2/mask_to_object.json
scene098,phase0,2,38,cracker_box,cracker_box,scenes/scene098/0/labels/sam2_meta/v1.tar:sam2/mask_to_object.json
scene098,phase0,3,70,instant_noodle_packet,instant_noodle_packet,scenes/scene098/0/labels/sam2_meta/v1.tar:sam2/mask_to_object.json
scene098,phase0,4,34,cleaning_brush,cleaning_brush,scenes/scene098/0/labels/sam2_meta/v1.tar:sam2/mask_to_object.json
scene098,phase0,5,72.1,jello_box,jello_box.1,scenes/scene098/0/labels/sam2_meta/v1.tar:sam2/mask_to_object.json
scene098,phase0,6,58.1,glue_bottle,glue_bottle.1,scenes/scene098/0/labels/sam2_meta/v1.tar:sam2/mask_to_object.json
scene098,phase0,7,122.1,soup_can,soup_can.1,scenes/scene098/0/labels/sam2_meta/v1.tar:sam2/mask_to_object.json
scene098,phase1,1,65,handy_pot,handy_pot,scenes/scene098/1/labels/sam2_meta/v1.tar:sam2/mask_to_object.json
scene098,phase1,2,38,cracker_box,cracker_box,scenes/scene098/1/labels/sam2_meta/v1.tar:sam2/mask_to_object.json
scene098,phase1,3,70,instant_noodle_packet,instant_noodle_packet,scenes/scene098/1/labels/sam2_meta/v1.tar:sam2/mask_to_object.json
scene098,phase1,4,34,cleaning_brush,cleaning_brush,scenes/scene098/1/labels/sam2_meta/v1.tar:sam2/mask_to_object.json
scene098,phase1,5,72.1,jello_box,jello_box.1,scenes/scene098/1/labels/sam2_meta/v1.tar:sam2/mask_to_object.json
scene098,phase1,6,58.1,glue_bottle,glue_bottle.1,scenes/scene098/1/labels/sam2_meta/v1.tar:sam2/mask_to_object.json
scene098,phase1,7,122.1,soup_can,soup_can.1,scenes/scene098/1/labels/sam2_meta/v1.tar:sam2/mask_to_object.json
scene098,phase2,1,65,handy_pot,handy_pot,scenes/scene098/2/labels/sam2_meta/v1.tar:sam2/mask_to_object.json
scene098,phase2,2,38,cracker_box,cracker_box,scenes/scene098/2/labels/sam2_meta/v1.tar:sam2/mask_to_object.json
scene098,phase2,3,70,instant_noodle_packet,instant_noodle_packet,scenes/scene098/2/labels/sam2_meta/v1.tar:sam2/mask_to_object.json
scene098,phase2,4,34,cleaning_brush,cleaning_brush,scenes/scene098/2/labels/sam2_meta/v1.tar:sam2/mask_to_object.json
scene098,phase2,5,72.1,jello_box,jello_box.1,scenes/scene098/2/labels/sam2_meta/v1.tar:sam2/mask_to_object.json
scene098,phase2,6,58.1,glue_bottle,glue_bottle.1,scenes/scene098/2/labels/sam2_meta/v1.tar:sam2/mask_to_object.json
scene098,phase2,7,122.1,soup_can,soup_can.1,scenes/scene098/2/labels/sam2_meta/v1.tar:sam2/mask_to_object.json
scene099,phase0,1,43.1,doll,doll.1,scenes/scene099/0/labels/sam2_meta/v1.tar:sam2/mask_to_object.json
scene099,phase0,2,78,ladle,ladle,scenes/scene099/0/labels/sam2_meta/v1.tar:sam2/mask_to_object.json
scene099,phase0,3,40.1,cup,cup.1,scenes/scene099/0/labels/sam2_meta/v1.tar:sam2/mask_to_object.json
scene099,phase0,4,137,teapot,teapot,scenes/scene099/0/labels/sam2_meta/v1.tar:sam2/mask_to_object.json
scene099,phase0,5,23,cable,cable,scenes/scene099/0/labels/sam2_meta/v1.tar:sam2/mask_to_object.json
scene099,phase0,6,36,coffee_bottle,coffee_bottle,scenes/scene099/0/labels/sam2_meta/v1.tar:sam2/mask_to_object.json
scene099,phase0,7,117.1,shoe,shoe.1,scenes/scene099/0/labels/sam2_meta/v1.tar:sam2/mask_to_object.json
scene099,phase1,1,43.1,doll,doll.1,scenes/scene099/1/labels/sam2_meta/v1.tar:sam2/mask_to_object.json
scene099,phase1,2,78,ladle,ladle,scenes/scene099/1/labels/sam2_meta/v1.tar:sam2/mask_to_object.json
scene099,phase1,3,40.1,cup,cup.1,scenes/scene099/1/labels/sam2_meta/v1.tar:sam2/mask_to_object.json
scene099,phase1,4,137,teapot,teapot,scenes/scene099/1/labels/sam2_meta/v1.tar:sam2/mask_to_object.json
scene099,phase1,5,23,cable,cable,scenes/scene099/1/labels/sam2_meta/v1.tar:sam2/mask_to_object.json
scene099,phase1,6,36,coffee_bottle,coffee_bottle,scenes/scene099/1/labels/sam2_meta/v1.tar:sam2/mask_to_object.json
scene099,phase1,7,117.1,shoe,shoe.1,scenes/scene099/1/labels/sam2_meta/v1.tar:sam2/mask_to_object.json
scene099,phase2,1,43.1,doll,doll.1,scenes/scene099/2/labels/sam2_meta/v1.tar:sam2/mask_to_object.json
scene099,phase2,2,78,ladle,ladle,scenes/scene099/2/labels/sam2_meta/v1.tar:sam2/mask_to_object.json
scene099,phase2,3,40.1,cup,cup.1,scenes/scene099/2/labels/sam2_meta/v1.tar:sam2/mask_to_object.json
scene099,phase2,4,137,teapot,teapot,scenes/scene099/2/labels/sam2_meta/v1.tar:sam2/mask_to_object.json
scene099,phase2,5,23,cable,cable,scenes/scene099/2/labels/sam2_meta/v1.tar:sam2/mask_to_object.json
scene099,phase2,6,36,coffee_bottle,coffee_bottle,scenes/scene099/2/labels/sam2_meta/v1.tar:sam2/mask_to_object.json
scene099,phase2,7,117.1,shoe,shoe.1,scenes/scene099/2/labels/sam2_meta/v1.tar:sam2/mask_to_object.json
scene100,phase0,1,7.1,baking_tray,baking_tray.1,scenes/scene100/0/labels/sam2_meta/v1.tar:sam2/mask_to_object.json
scene100,phase0,2,10,baseball_ball,baseball_ball,scenes/scene100/0/labels/sam2_meta/v1.tar:sam2/mask_to_object.json
scene100,phase0,3,18.2,boot,boot.2,scenes/scene100/0/labels/sam2_meta/v1.tar:sam2/mask_to_object.json
scene100,phase0,4,102,power_drill,power_drill,scenes/scene100/0/labels/sam2_meta/v1.tar:sam2/mask_to_object.json
scene100,phase0,5,86,milk_jug,milk_jug,scenes/scene100/0/labels/sam2_meta/v1.tar:sam2/mask_to_object.json
scene100,phase0,6,148.2,water_bottle,water_bottle.2,scenes/scene100/0/labels/sam2_meta/v1.tar:sam2/mask_to_object.json
scene100,phase0,7,113.1,scissors,scissors.1,scenes/scene100/0/labels/sam2_meta/v1.tar:sam2/mask_to_object.json
scene100,phase0,8,83.5,marker,marker.5,scenes/scene100/0/labels/sam2_meta/v1.tar:sam2/mask_to_object.json
scene100,phase1,1,7.1,baking_tray,baking_tray.1,scenes/scene100/1/labels/sam2_meta/v1.tar:sam2/mask_to_object.json
scene100,phase1,2,10,baseball_ball,baseball_ball,scenes/scene100/1/labels/sam2_meta/v1.tar:sam2/mask_to_object.json
scene100,phase1,3,18.2,boot,boot.2,scenes/scene100/1/labels/sam2_meta/v1.tar:sam2/mask_to_object.json
scene100,phase1,4,102,power_drill,power_drill,scenes/scene100/1/labels/sam2_meta/v1.tar:sam2/mask_to_object.json
scene100,phase1,5,86,milk_jug,milk_jug,scenes/scene100/1/labels/sam2_meta/v1.tar:sam2/mask_to_object.json
scene100,phase1,6,148.2,water_bottle,water_bottle.2,scenes/scene100/1/labels/sam2_meta/v1.tar:sam2/mask_to_object.json
scene100,phase1,7,113.1,scissors,scissors.1,scenes/scene100/1/labels/sam2_meta/v1.tar:sam2/mask_to_object.json
scene100,phase1,8,83.5,marker,marker.5,scenes/scene100/1/labels/sam2_meta/v1.tar:sam2/mask_to_object.json
scene100,phase2,1,7.1,baking_tray,baking_tray.1,scenes/scene100/2/labels/sam2_meta/v1.tar:sam2/mask_to_object.json
scene100,phase2,2,10,baseball_ball,baseball_ball,scenes/scene100/2/labels/sam2_meta/v1.tar:sam2/mask_to_object.json
scene100,phase2,3,18.2,boot,boot.2,scenes/scene100/2/labels/sam2_meta/v1.tar:sam2/mask_to_object.json
scene100,phase2,4,102,power_drill,power_drill,scenes/scene100/2/labels/sam2_meta/v1.tar:sam2/mask_to_object.json
scene100,phase2,5,86,milk_jug,milk_jug,scenes/scene100/2/labels/sam2_meta/v1.tar:sam2/mask_to_object.json
scene100,phase2,6,148.2,water_bottle,water_bottle.2,scenes/scene100/2/labels/sam2_meta/v1.tar:sam2/mask_to_object.json
scene100,phase2,7,113.1,scissors,scissors.1,scenes/scene100/2/labels/sam2_meta/v1.tar:sam2/mask_to_object.json
scene100,phase2,8,83.5,marker,marker.5,scenes/scene100/2/labels/sam2_meta/v1.tar:sam2/mask_to_object.json
