scene_id,phase,local_mask_id,object_id,global_object_id,source_catalog_id,object_name,class_name,questionnaire_path,sos_path,sos_data_path,mask_source
scene001,phase0,1,lion.2,39,82.2,lion,lion,objects_meta/lion.2/questionnaire.json,objects/lion.2/,objects/lion.2/,scenes/scene001/0/labels/sam2_meta/v1.tar:sam2/mask_to_object.json
scene001,phase0,2,boot.2,11,18.2,boot,boot,objects_meta/boot.2/questionnaire.json,objects/boot.2/,objects/boot.2/,scenes/scene001/0/labels/sam2_meta/v1.tar:sam2/mask_to_object.json
scene001,phase0,3,hammer.2,27,63.2,hammer,hammer,objects_meta/hammer.2/questionnaire.json,objects/hammer.2/,objects/hammer.2/,scenes/scene001/0/labels/sam2_meta/v1.tar:sam2/mask_to_object.json
scene001,phase0,4,air_duster_can,1,1,air_duster_can,air_duster_can,objects_meta/air_duster_can/questionnaire.json,objects/air_duster_can/,objects/air_duster_can/,scenes/scene001/0/labels/sam2_meta/v1.tar:sam2/mask_to_object.json
scene001,phase0,5,doll.1,20,43.1,doll,doll,objects_meta/doll.1/questionnaire.json,objects/doll.1/,objects/doll.1/,scenes/scene001/0/labels/sam2_meta/v1.tar:sam2/mask_to_object.json
scene001,phase0,6,alarm_clock,2,3,alarm_clock,alarm_clock,objects_meta/alarm_clock/questionnaire.json,objects/alarm_clock/,objects/alarm_clock/,scenes/scene001/0/labels/sam2_meta/v1.tar:sam2/mask_to_object.json
scene001,phase0,7,game_controller,23,55,game_controller,game_controller,objects_meta/game_controller/questionnaire.json,objects/game_controller/,objects/game_controller/,scenes/scene001/0/labels/sam2_meta/v1.tar:sam2/mask_to_object.json
scene001,phase1,1,lion.2,39,82.2,lion,lion,objects_meta/lion.2/questionnaire.json,objects/lion.2/,objects/lion.2/,scenes/scene001/1/labels/sam2_meta/v1.tar:sam2/mask_to_object.json
scene001,phase1,2,boot.2,11,18.2,boot,boot,objects_meta/boot.2/questionnaire.json,objects/boot.2/,objects/boot.2/,scenes/scene001/1/labels/sam2_meta/v1.tar:sam2/mask_to_object.json
scene001,phase1,3,hammer.2,27,63.2,hammer,hammer,objects_meta/hammer.2/questionnaire.json,objects/hammer.2/,objects/hammer.2/,scenes/scene001/1/labels/sam2_meta/v1.tar:sam2/mask_to_object.json
scene001,phase1,4,air_duster_can,1,1,air_duster_can,air_duster_can,objects_meta/air_duster_can/questionnaire.json,objects/air_duster_can/,objects/air_duster_can/,scenes/scene001/1/labels/sam2_meta/v1.tar:sam2/mask_to_object.json
scene001,phase1,5,doll.1,20,43.1,doll,doll,objects_meta/doll.1/questionnaire.json,objects/doll.1/,objects/doll.1/,scenes/scene001/1/labels/sam2_meta/v1.tar:sam2/mask_to_object.json
scene001,phase1,6,alarm_clock,2,3,alarm_clock,alarm_clock,objects_meta/alarm_clock/questionnaire.json,objects/alarm_clock/,objects/alarm_clock/,scenes/scene001/1/labels/sam2_meta/v1.tar:sam2/mask_to_object.json
scene001,phase1,7,game_controller,23,55,game_controller,game_controller,objects_meta/game_controller/questionnaire.json,objects/game_controller/,objects/game_controller/,scenes/scene001/1/labels/sam2_meta/v1.tar:sam2/mask_to_object.json
scene001,phase2,1,lion.2,39,82.2,lion,lion,objects_meta/lion.2/questionnaire.json,objects/lion.2/,objects/lion.2/,scenes/scene001/2/labels/sam2_meta/v1.tar:sam2/mask_to_object.json
scene001,phase2,2,boot.2,11,18.2,boot,boot,objects_meta/boot.2/questionnaire.json,objects/boot.2/,objects/boot.2/,scenes/scene001/2/labels/sam2_meta/v1.tar:sam2/mask_to_object.json
scene001,phase2,3,hammer.2,27,63.2,hammer,hammer,objects_meta/hammer.2/questionnaire.json,objects/hammer.2/,objects/hammer.2/,scenes/scene001/2/labels/sam2_meta/v1.tar:sam2/mask_to_object.json
scene001,phase2,4,air_duster_can,1,1,air_duster_can,air_duster_can,objects_meta/air_duster_can/questionnaire.json,objects/air_duster_can/,objects/air_duster_can/,scenes/scene001/2/labels/sam2_meta/v1.tar:sam2/mask_to_object.json
scene001,phase2,5,doll.1,20,43.1,doll,doll,objects_meta/doll.1/questionnaire.json,objects/doll.1/,objects/doll.1/,scenes/scene001/2/labels/sam2_meta/v1.tar:sam2/mask_to_object.json
scene001,phase2,6,alarm_clock,2,3,alarm_clock,alarm_clock,objects_meta/alarm_clock/questionnaire.json,objects/alarm_clock/,objects/alarm_clock/,scenes/scene001/2/labels/sam2_meta/v1.tar:sam2/mask_to_object.json
scene001,phase2,7,game_controller,23,55,game_controller,game_controller,objects_meta/game_controller/questionnaire.json,objects/game_controller/,objects/game_controller/,scenes/scene001/2/labels/sam2_meta/v1.tar:sam2/mask_to_object.json
scene002,phase0,1,handy_pot,28,65,handy_pot,handy_pot,objects_meta/handy_pot/questionnaire.json,objects/handy_pot/,objects/handy_pot/,scenes/scene002/0/labels/sam2_meta/v1.tar:sam2/mask_to_object.json
scene002,phase0,2,milk_box.1,42,85.1,milk_box,milk_box,objects_meta/milk_box.1/questionnaire.json,objects/milk_box.1/,objects/milk_box.1/,scenes/scene002/0/labels/sam2_meta/v1.tar:sam2/mask_to_object.json
scene002,phase0,3,tong,66,141,tong,tong,objects_meta/tong/questionnaire.json,objects/tong/,objects/tong/,scenes/scene002/0/labels/sam2_meta/v1.tar:sam2/mask_to_object.json
scene002,phase0,4,mustard_bottle.3,46,89.3,mustard_bottle,mustard_bottle,objects_meta/mustard_bottle.3/questionnaire.json,objects/mustard_bottle.3/,objects/mustard_bottle.3/,scenes/scene002/0/labels/sam2_meta/v1.tar:sam2/mask_to_object.json
scene002,phase0,5,remote_controller,52,107,remote_controller,remote_controller,objects_meta/remote_controller/questionnaire.json,objects/remote_controller/,objects/remote_controller/,scenes/scene002/0/labels/sam2_meta/v1.tar:sam2/mask_to_object.json
scene002,phase0,6,knife.1,37,77.1,knife,knife,objects_meta/knife.1/questionnaire.json,objects/knife.1/,objects/knife.1/,scenes/scene002/0/labels/sam2_meta/v1.tar:sam2/mask_to_object.json
scene002,phase0,7,shoe.1,56,117.1,shoe,shoe,objects_meta/shoe.1/questionnaire.json,objects/shoe.1/,objects/shoe.1/,scenes/scene002/0/labels/sam2_meta/v1.tar:sam2/mask_to_object.json
scene002,phase1,1,handy_pot,28,65,handy_pot,handy_pot,objects_meta/handy_pot/questionnaire.json,objects/handy_pot/,objects/handy_pot/,scenes/scene002/1/labels/sam2_meta/v1.tar:sam2/mask_to_object.json
scene002,phase1,2,milk_box.1,42,85.1,milk_box,milk_box,objects_meta/milk_box.1/questionnaire.json,objects/milk_box.1/,objects/milk_box.1/,scenes/scene002/1/labels/sam2_meta/v1.tar:sam2/mask_to_object.json
scene002,phase1,3,tong,66,141,tong,tong,objects_meta/tong/questionnaire.json,objects/tong/,objects/tong/,scenes/scene002/1/labels/sam2_meta/v1.tar:sam2/mask_to_object.json
scene002,phase1,4,mustard_bottle.3,46,89.3,mustard_bottle,mustard_bottle,objects_meta/mustard_bottle.3/questionnaire.json,objects/mustard_bottle.3/,objects/mustard_bottle.3/,scenes/scene002/1/labels/sam2_meta/v1.tar:sam2/mask_to_object.json
scene002,phase1,5,remote_controller,52,107,remote_controller,remote_controller,objects_meta/remote_controller/questionnaire.json,objects/remote_controller/,objects/remote_controller/,scenes/scene002/1/labels/sam2_meta/v1.tar:sam2/mask_to_object.json
scene002,phase1,6,knife.1,37,77.1,knife,knife,objects_meta/knife.1/questionnaire.json,objects/knife.1/,objects/knife.1/,scenes/scene002/1/labels/sam2_meta/v1.tar:sam2/mask_to_object.json
scene002,phase1,7,shoe.1,56,117.1,shoe,shoe,objects_meta/shoe.1/questionnaire.json,objects/shoe.1/,objects/shoe.1/,scenes/scene002/1/labels/sam2_meta/v1.tar:sam2/mask_to_object.json
scene002,phase2,1,handy_pot,28,65,handy_pot,handy_pot,objects_meta/handy_pot/questionnaire.json,objects/handy_pot/,objects/handy_pot/,scenes/scene002/2/labels/sam2_meta/v1.tar:sam2/mask_to_object.json
scene002,phase2,2,milk_box.1,42,85.1,milk_box,milk_box,objects_meta/milk_box.1/questionnaire.json,objects/milk_box.1/,objects/milk_box.1/,scenes/scene002/2/labels/sam2_meta/v1.tar:sam2/mask_to_object.json
scene002,phase2,3,tong,66,141,tong,tong,objects_meta/tong/questionnaire.json,objects/tong/,objects/tong/,scenes/scene002/2/labels/sam2_meta/v1.tar:sam2/mask_to_object.json
scene002,phase2,4,mustard_bottle.3,46,89.3,mustard_bottle,mustard_bottle,objects_meta/mustard_bottle.3/questionnaire.json,objects/mustard_bottle.3/,objects/mustard_bottle.3/,scenes/scene002/2/labels/sam2_meta/v1.tar:sam2/mask_to_object.json
scene002,phase2,5,remote_controller,52,107,remote_controller,remote_controller,objects_meta/remote_controller/questionnaire.json,objects/remote_controller/,objects/remote_controller/,scenes/scene002/2/labels/sam2_meta/v1.tar:sam2/mask_to_object.json
scene002,phase2,6,knife.1,37,77.1,knife,knife,objects_meta/knife.1/questionnaire.json,objects/knife.1/,objects/knife.1/,scenes/scene002/2/labels/sam2_meta/v1.tar:sam2/mask_to_object.json
scene002,phase2,7,shoe.1,56,117.1,shoe,shoe,objects_meta/shoe.1/questionnaire.json,objects/shoe.1/,objects/shoe.1/,scenes/scene002/2/labels/sam2_meta/v1.tar:sam2/mask_to_object.json
scene003,phase0,1,helmet,31,68,helmet,helmet,objects_meta/helmet/questionnaire.json,objects/helmet/,objects/helmet/,scenes/scene003/0/labels/sam2_meta/v1.tar:sam2/mask_to_object.json
scene003,phase0,2,power_drill,49,102,power_drill,power_drill,objects_meta/power_drill/questionnaire.json,objects/power_drill/,objects/power_drill/,scenes/scene003/0/labels/sam2_meta/v1.tar:sam2/mask_to_object.json
scene003,phase0,3,pump_bottle.2,51,105.2,pump_bottle,pump_bottle,objects_meta/pump_bottle.2/questionnaire.json,objects/pump_bottle.2/,objects/pump_bottle.2/,scenes/scene003/0/labels/sam2_meta/v1.tar:sam2/mask_to_object.json
scene003,phase0,4,bear.1,9,14.1,bear,bear,objects_meta/bear.1/questionnaire.json,objects/bear.1/,objects/bear.1/,scenes/scene003/0/labels/sam2_meta/v1.tar:sam2/mask_to_object.json
scene003,phase0,5,scissors.1,54,113.1,scissors,scissors,objects_meta/scissors.1/questionnaire.json,objects/scissors.1/,objects/scissors.1/,scenes/scene003/0/labels/sam2_meta/v1.tar:sam2/mask_to_object.json
scene003,phase0,6,pringles_can.2,50,103.2,pringles_can,pringles_can,objects_meta/pringles_can.2/questionnaire.json,objects/pringles_can.2/,objects/pringles_can.2/,scenes/scene003/0/labels/sam2_meta/v1.tar:sam2/mask_to_object.json
scene003,phase0,7,apple,3,5,apple,apple,objects_meta/apple/questionnaire.json,objects/apple/,objects/apple/,scenes/scene003/0/labels/sam2_meta/v1.tar:sam2/mask_to_object.json
scene003,phase1,1,helmet,31,68,helmet,helmet,objects_meta/helmet/questionnaire.json,objects/helmet/,objects/helmet/,scenes/scene003/1/labels/sam2_meta/v1.tar:sam2/mask_to_object.json
scene003,phase1,2,power_drill,49,102,power_drill,power_drill,objects_meta/power_drill/questionnaire.json,objects/power_drill/,objects/power_drill/,scenes/scene003/1/labels/sam2_meta/v1.tar:sam2/mask_to_object.json
scene003,phase1,3,pump_bottle.2,51,105.2,pump_bottle,pump_bottle,objects_meta/pump_bottle.2/questionnaire.json,objects/pump_bottle.2/,objects/pump_bottle.2/,scenes/scene003/1/labels/sam2_meta/v1.tar:sam2/mask_to_object.json
scene003,phase1,4,bear.1,9,14.1,bear,bear,objects_meta/bear.1/questionnaire.json,objects/bear.1/,objects/bear.1/,scenes/scene003/1/labels/sam2_meta/v1.tar:sam2/mask_to_object.json
scene003,phase1,5,scissors.1,54,113.1,scissors,scissors,objects_meta/scissors.1/questionnaire.json,objects/scissors.1/,objects/scissors.1/,scenes/scene003/1/labels/sam2_meta/v1.tar:sam2/mask_to_object.json
scene003,phase1,6,pringles_can.2,50,103.2,pringles_can,pringles_can,objects_meta/pringles_can.2/questionnaire.json,objects/pringles_can.2/,objects/pringles_can.2/,scenes/scene003/1/labels/sam2_meta/v1.tar:sam2/mask_to_object.json
scene003,phase1,7,apple,3,5,apple,apple,objects_meta/apple/questionnaire.json,objects/apple/,objects/apple/,scenes/scene003/1/labels/sam2_meta/v1.tar:sam2/mask_to_object.json
scene003,phase2,1,helmet,31,68,helmet,helmet,objects_meta/helmet/questionnaire.json,objects/helmet/,objects/helmet/,scenes/scene003/2/labels/sam2_meta/v1.tar:sam2/mask_to_object.json
scene003,phase2,2,power_drill,49,102,power_drill,power_drill,objects_meta/power_drill/questionnaire.json,objects/power_drill/,objects/power_drill/,scenes/scene003/2/labels/sam2_meta/v1.tar:sam2/mask_to_object.json
scene003,phase2,3,pump_bottle.2,51,105.2,pump_bottle,pump_bottle,objects_meta/pump_bottle.2/questionnaire.json,objects/pump_bottle.2/,objects/pump_bottle.2/,scenes/scene003/2/labels/sam2_meta/v1.tar:sam2/mask_to_object.json
scene003,phase2,4,bear.1,9,14.1,bear,bear,objects_meta/bear.1/questionnaire.json,objects/bear.1/,objects/bear.1/,scenes/scene003/2/labels/sam2_meta/v1.tar:sam2/mask_to_object.json
scene003,phase2,5,scissors.1,54,113.1,scissors,scissors,objects_meta/scissors.1/questionnaire.json,objects/scissors.1/,objects/scissors.1/,scenes/scene003/2/labels/sam2_meta/v1.tar:sam2/mask_to_object.json
scene003,phase2,6,pringles_can.2,50,103.2,pringles_can,pringles_can,objects_meta/pringles_can.2/questionnaire.json,objects/pringles_can.2/,objects/pringles_can.2/,scenes/scene003/2/labels/sam2_meta/v1.tar:sam2/mask_to_object.json
scene003,phase2,7,apple,3,5,apple,apple,objects_meta/apple/questionnaire.json,objects/apple/,objects/apple/,scenes/scene003/2/labels/sam2_meta/v1.tar:sam2/mask_to_object.json
scene004,phase0,1,baking_tray.1,4,7.1,baking_tray,baking_tray,objects_meta/baking_tray.1/questionnaire.json,objects/baking_tray.1/,objects/baking_tray.1/,scenes/scene004/0/labels/sam2_meta/v1.tar:sam2/mask_to_object.json
scene004,phase0,2,spray_bottle.2,62,127.2,spray_bottle,spray_bottle,objects_meta/spray_bottle.2/questionnaire.json,objects/spray_bottle.2/,objects/spray_bottle.2/,scenes/scene004/0/labels/sam2_meta/v1.tar:sam2/mask_to_object.json
scene004,phase0,3,shampoo_bottle,55,114,shampoo_bottle,shampoo_bottle,objects_meta/shampoo_bottle/questionnaire.json,objects/shampoo_bottle/,objects/shampoo_bottle/,scenes/scene004/0/labels/sam2_meta/v1.tar:sam2/mask_to_object.json
scene004,phase0,4,umbrella,69,147,umbrella,umbrella,objects_meta/umbrella/questionnaire.json,objects/umbrella/,objects/umbrella/,scenes/scene004/0/labels/sam2_meta/v1.tar:sam2/mask_to_object.json
scene004,phase0,5,teapot,65,137,teapot,teapot,objects_meta/teapot/questionnaire.json,objects/teapot/,objects/teapot/,scenes/scene004/0/labels/sam2_meta/v1.tar:sam2/mask_to_object.json
scene004,phase0,6,candy_bar.1,14,25.1,candy_bar,candy_bar,objects_meta/candy_bar.1/questionnaire.json,objects/candy_bar.1/,objects/candy_bar.1/,scenes/scene004/0/labels/sam2_meta/v1.tar:sam2/mask_to_object.json
scene004,phase0,7,mouse.3,44,87.3,mouse,mouse,objects_meta/mouse.3/questionnaire.json,objects/mouse.3/,objects/mouse.3/,scenes/scene004/0/labels/sam2_meta/v1.tar:sam2/mask_to_object.json
scene004,phase1,1,baking_tray.1,4,7.1,baking_tray,baking_tray,objects_meta/baking_tray.1/questionnaire.json,objects/baking_tray.1/,objects/baking_tray.1/,scenes/scene004/1/labels/sam2_meta/v1.tar:sam2/mask_to_object.json
scene004,phase1,2,spray_bottle.2,62,127.2,spray_bottle,spray_bottle,objects_meta/spray_bottle.2/questionnaire.json,objects/spray_bottle.2/,objects/spray_bottle.2/,scenes/scene004/1/labels/sam2_meta/v1.tar:sam2/mask_to_object.json
scene004,phase1,3,shampoo_bottle,55,114,shampoo_bottle,shampoo_bottle,objects_meta/shampoo_bottle/questionnaire.json,objects/shampoo_bottle/,objects/shampoo_bottle/,scenes/scene004/1/labels/sam2_meta/v1.tar:sam2/mask_to_object.json
scene004,phase1,4,umbrella,69,147,umbrella,umbrella,objects_meta/umbrella/questionnaire.json,objects/umbrella/,objects/umbrella/,scenes/scene004/1/labels/sam2_meta/v1.tar:sam2/mask_to_object.json
scene004,phase1,5,teapot,65,137,teapot,teapot,objects_meta/teapot/questionnaire.json,objects/teapot/,objects/teapot/,scenes/scene004/1/labels/sam2_meta/v1.tar:sam2/mask_to_object.json
scene004,phase1,6,candy_bar.1,14,25.1,candy_bar,candy_bar,objects_meta/candy_bar.1/questionnaire.json,objects/candy_bar.1/,objects/candy_bar.1/,scenes/scene004/1/labels/sam2_meta/v1.tar:sam2/mask_to_object.json
scene004,phase1,7,mouse.3,44,87.3,mouse,mouse,objects_meta/mouse.3/questionnaire.json,objects/mouse.3/,objects/mouse.3/,scenes/scene004/1/labels/sam2_meta/v1.tar:sam2/mask_to_object.json
scene004,phase2,1,baking_tray.1,4,7.1,baking_tray,baking_tray,objects_meta/baking_tray.1/questionnaire.json,objects/baking_tray.1/,objects/baking_tray.1/,scenes/scene004/2/labels/sam2_meta/v1.tar:sam2/mask_to_object.json
scene004,phase2,2,spray_bottle.2,62,127.2,spray_bottle,spray_bottle,objects_meta/spray_bottle.2/questionnaire.json,objects/spray_bottle.2/,objects/spray_bottle.2/,scenes/scene004/2/labels/sam2_meta/v1.tar:sam2/mask_to_object.json
scene004,phase2,3,shampoo_bottle,55,114,shampoo_bottle,shampoo_bottle,objects_meta/shampoo_bottle/questionnaire.json,objects/shampoo_bottle/,objects/shampoo_bottle/,scenes/scene004/2/labels/sam2_meta/v1.tar:sam2/mask_to_object.json
scene004,phase2,4,umbrella,69,147,umbrella,umbrella,objects_meta/umbrella/questionnaire.json,objects/umbrella/,objects/umbrella/,scenes/scene004/2/labels/sam2_meta/v1.tar:sam2/mask_to_object.json
scene004,phase2,5,teapot,65,137,teapot,teapot,objects_meta/teapot/questionnaire.json,objects/teapot/,objects/teapot/,scenes/scene004/2/labels/sam2_meta/v1.tar:sam2/mask_to_object.json
scene004,phase2,6,candy_bar.1,14,25.1,candy_bar,candy_bar,objects_meta/candy_bar.1/questionnaire.json,objects/candy_bar.1/,objects/candy_bar.1/,scenes/scene004/2/labels/sam2_meta/v1.tar:sam2/mask_to_object.json
scene004,phase2,7,mouse.3,44,87.3,mouse,mouse,objects_meta/mouse.3/questionnaire.json,objects/mouse.3/,objects/mouse.3/,scenes/scene004/2/labels/sam2_meta/v1.tar:sam2/mask_to_object.json
scene005,phase0,1,basting_brush.1,7,11.1,basting_brush,basting_brush,objects_meta/basting_brush.1/questionnaire.json,objects/basting_brush.1/,objects/basting_brush.1/,scenes/scene005/0/labels/sam2_meta/v1.tar:sam2/mask_to_object.json
scene005,phase0,2,coffee_can.1,17,37.1,coffee_can,coffee_can,objects_meta/coffee_can.1/questionnaire.json,objects/coffee_can.1/,objects/coffee_can.1/,scenes/scene005/0/labels/sam2_meta/v1.tar:sam2/mask_to_object.json
scene005,phase0,3,cable,13,23,cable,cable,objects_meta/cable/questionnaire.json,objects/cable/,objects/cable/,scenes/scene005/0/labels/sam2_meta/v1.tar:sam2/mask_to_object.json
scene005,phase0,4,spatula.2,60,124.2,spatula,spatula,objects_meta/spatula.2/questionnaire.json,objects/spatula.2/,objects/spatula.2/,scenes/scene005/0/labels/sam2_meta/v1.tar:sam2/mask_to_object.json
scene005,phase0,5,cup.1,19,40.1,cup,cup,objects_meta/cup.1/questionnaire.json,objects/cup.1/,objects/cup.1/,scenes/scene005/0/labels/sam2_meta/v1.tar:sam2/mask_to_object.json
scene005,phase0,6,glue_bottle.1,25,58.1,glue_bottle,glue_bottle,objects_meta/glue_bottle.1/questionnaire.json,objects/glue_bottle.1/,objects/glue_bottle.1/,scenes/scene005/0/labels/sam2_meta/v1.tar:sam2/mask_to_object.json
scene005,phase0,7,t-handle.2,63,133.2,t-handle,t-handle,objects_meta/t-handle.2/questionnaire.json,objects/t-handle.2/,objects/t-handle.2/,scenes/scene005/0/labels/sam2_meta/v1.tar:sam2/mask_to_object.json
scene005,phase1,1,basting_brush.1,7,11.1,basting_brush,basting_brush,objects_meta/basting_brush.1/questionnaire.json,objects/basting_brush.1/,objects/basting_brush.1/,scenes/scene005/1/labels/sam2_meta/v1.tar:sam2/mask_to_object.json
scene005,phase1,2,coffee_can.1,17,37.1,coffee_can,coffee_can,objects_meta/coffee_can.1/questionnaire.json,objects/coffee_can.1/,objects/coffee_can.1/,scenes/scene005/1/labels/sam2_meta/v1.tar:sam2/mask_to_object.json
scene005,phase1,3,cable,13,23,cable,cable,objects_meta/cable/questionnaire.json,objects/cable/,objects/cable/,scenes/scene005/1/labels/sam2_meta/v1.tar:sam2/mask_to_object.json
scene005,phase1,4,spatula.2,60,124.2,spatula,spatula,objects_meta/spatula.2/questionnaire.json,objects/spatula.2/,objects/spatula.2/,scenes/scene005/1/labels/sam2_meta/v1.tar:sam2/mask_to_object.json
scene005,phase1,5,cup.1,19,40.1,cup,cup,objects_meta/cup.1/questionnaire.json,objects/cup.1/,objects/cup.1/,scenes/scene005/1/labels/sam2_meta/v1.tar:sam2/mask_to_object.json
scene005,phase1,6,glue_bottle.1,25,58.1,glue_bottle,glue_bottle,objects_meta/glue_bottle.1/questionnaire.json,objects/glue_bottle.1/,objects/glue_bottle.1/,scenes/scene005/1/labels/sam2_meta/v1.tar:sam2/mask_to_object.json
scene005,phase1,7,t-handle.2,63,133.2,t-handle,t-handle,objects_meta/t-handle.2/questionnaire.json,objects/t-handle.2/,objects/t-handle.2/,scenes/scene005/1/labels/sam2_meta/v1.tar:sam2/mask_to_object.json
scene005,phase2,1,basting_brush.1,7,11.1,basting_brush,basting_brush,objects_meta/basting_brush.1/questionnaire.json,objects/basting_brush.1/,objects/basting_brush.1/,scenes/scene005/2/labels/sam2_meta/v1.tar:sam2/mask_to_object.json
scene005,phase2,2,coffee_can.1,17,37.1,coffee_can,coffee_can,objects_meta/coffee_can.1/questionnaire.json,objects/coffee_can.1/,objects/coffee_can.1/,scenes/scene005/2/labels/sam2_meta/v1.tar:sam2/mask_to_object.json
scene005,phase2,3,cable,13,23,cable,cable,objects_meta/cable/questionnaire.json,objects/cable/,objects/cable/,scenes/scene005/2/labels/sam2_meta/v1.tar:sam2/mask_to_object.json
scene005,phase2,4,spatula.2,60,124.2,spatula,spatula,objects_meta/spatula.2/questionnaire.json,objects/spatula.2/,objects/spatula.2/,scenes/scene005/2/labels/sam2_meta/v1.tar:sam2/mask_to_object.json
scene005,phase2,5,cup.1,19,40.1,cup,cup,objects_meta/cup.1/questionnaire.json,objects/cup.1/,objects/cup.1/,scenes/scene005/2/labels/sam2_meta/v1.tar:sam2/mask_to_object.json
scene005,phase2,6,glue_bottle.1,25,58.1,glue_bottle,glue_bottle,objects_meta/glue_bottle.1/questionnaire.json,objects/glue_bottle.1/,objects/glue_bottle.1/,scenes/scene005/2/labels/sam2_meta/v1.tar:sam2/mask_to_object.json
scene005,phase2,7,t-handle.2,63,133.2,t-handle,t-handle,objects_meta/t-handle.2/questionnaire.json,objects/t-handle.2/,objects/t-handle.2/,scenes/scene005/2/labels/sam2_meta/v1.tar:sam2/mask_to_object.json
scene006,phase0,1,ladle,38,78,ladle,ladle,objects_meta/ladle/questionnaire.json,objects/ladle/,objects/ladle/,scenes/scene006/0/labels/sam2_meta/v1.tar:sam2/mask_to_object.json
scene006,phase0,2,cleaning_brush,15,34,cleaning_brush,cleaning_brush,objects_meta/cleaning_brush/questionnaire.json,objects/cleaning_brush/,objects/cleaning_brush/,scenes/scene006/0/labels/sam2_meta/v1.tar:sam2/mask_to_object.json
scene006,phase0,3,bowl.1,12,20.1,bowl,bowl,objects_meta/bowl.1/questionnaire.json,objects/bowl.1/,objects/bowl.1/,scenes/scene006/0/labels/sam2_meta/v1.tar:sam2/mask_to_object.json
scene006,phase0,4,instant_noodle_packet,32,70,instant_noodle_packet,instant_noodle_packet,objects_meta/instant_noodle_packet/questionnaire.json,objects/instant_noodle_packet/,objects/instant_noodle_packet/,scenes/scene006/0/labels/sam2_meta/v1.tar:sam2/mask_to_object.json
scene006,phase0,5,jello_box.1,34,72.1,jello_box,jello_box,objects_meta/jello_box.1/questionnaire.json,objects/jello_box.1/,objects/jello_box.1/,scenes/scene006/0/labels/sam2_meta/v1.tar:sam2/mask_to_object.json
scene006,phase0,6,soup_can.1,59,122.1,soup_can,soup_can,objects_meta/soup_can.1/questionnaire.json,objects/soup_can.1/,objects/soup_can.1/,scenes/scene006/0/labels/sam2_meta/v1.tar:sam2/mask_to_object.json
scene006,phase0,7,headphone,30,67,headphone,headphone,objects_meta/headphone/questionnaire.json,objects/headphone/,objects/headphone/,scenes/scene006/0/labels/sam2_meta/v1.tar:sam2/mask_to_object.json
scene006,phase1,1,ladle,38,78,ladle,ladle,objects_meta/ladle/questionnaire.json,objects/ladle/,objects/ladle/,scenes/scene006/1/labels/sam2_meta/v1.tar:sam2/mask_to_object.json
scene006,phase1,2,cleaning_brush,15,34,cleaning_brush,cleaning_brush,objects_meta/cleaning_brush/questionnaire.json,objects/cleaning_brush/,objects/cleaning_brush/,scenes/scene006/1/labels/sam2_meta/v1.tar:sam2/mask_to_object.json
scene006,phase1,3,bowl.1,12,20.1,bowl,bowl,objects_meta/bowl.1/questionnaire.json,objects/bowl.1/,objects/bowl.1/,scenes/scene006/1/labels/sam2_meta/v1.tar:sam2/mask_to_object.json
scene006,phase1,4,instant_noodle_packet,32,70,instant_noodle_packet,instant_noodle_packet,objects_meta/instant_noodle_packet/questionnaire.json,objects/instant_noodle_packet/,objects/instant_noodle_packet/,scenes/scene006/1/labels/sam2_meta/v1.tar:sam2/mask_to_object.json
scene006,phase1,5,jello_box.1,34,72.1,jello_box,jello_box,objects_meta/jello_box.1/questionnaire.json,objects/jello_box.1/,objects/jello_box.1/,scenes/scene006/1/labels/sam2_meta/v1.tar:sam2/mask_to_object.json
scene006,phase1,6,soup_can.1,59,122.1,soup_can,soup_can,objects_meta/soup_can.1/questionnaire.json,objects/soup_can.1/,objects/soup_can.1/,scenes/scene006/1/labels/sam2_meta/v1.tar:sam2/mask_to_object.json
scene006,phase1,7,headphone,30,67,headphone,headphone,objects_meta/headphone/questionnaire.json,objects/headphone/,objects/headphone/,scenes/scene006/1/labels/sam2_meta/v1.tar:sam2/mask_to_object.json
scene006,phase2,1,ladle,38,78,ladle,ladle,objects_meta/ladle/questionnaire.json,objects/ladle/,objects/ladle/,scenes/scene006/2/labels/sam2_meta/v1.tar:sam2/mask_to_object.json
scene006,phase2,2,cleaning_brush,15,34,cleaning_brush,cleaning_brush,objects_meta/cleaning_brush/questionnaire.json,objects/cleaning_brush/,objects/cleaning_brush/,scenes/scene006/2/labels/sam2_meta/v1.tar:sam2/mask_to_object.json
scene006,phase2,3,bowl.1,12,20.1,bowl,bowl,objects_meta/bowl.1/questionnaire.json,objects/bowl.1/,objects/bowl.1/,scenes/scene006/2/labels/sam2_meta/v1.tar:sam2/mask_to_object.json
scene006,phase2,4,instant_noodle_packet,32,70,instant_noodle_packet,instant_noodle_packet,objects_meta/instant_noodle_packet/questionnaire.json,objects/instant_noodle_packet/,objects/instant_noodle_packet/,scenes/scene006/2/labels/sam2_meta/v1.tar:sam2/mask_to_object.json
scene006,phase2,5,jello_box.1,34,72.1,jello_box,jello_box,objects_meta/jello_box.1/questionnaire.json,objects/jello_box.1/,objects/jello_box.1/,scenes/scene006/2/labels/sam2_meta/v1.tar:sam2/mask_to_object.json
scene006,phase2,6,soup_can.1,59,122.1,soup_can,soup_can,objects_meta/soup_can.1/questionnaire.json,objects/soup_can.1/,objects/soup_can.1/,scenes/scene006/2/labels/sam2_meta/v1.tar:sam2/mask_to_object.json
scene006,phase2,7,headphone,30,67,headphone,headphone,objects_meta/headphone/questionnaire.json,objects/headphone/,objects/headphone/,scenes/scene006/2/labels/sam2_meta/v1.tar:sam2/mask_to_object.json
scene007,phase0,1,soft_scrub_cleanser_bottle,58,121,soft_scrub_cleanser_bottle,soft_scrub_cleanser_bottle,objects_meta/soft_scrub_cleanser_bottle/questionnaire.json,objects/soft_scrub_cleanser_bottle/,objects/soft_scrub_cleanser_bottle/,scenes/scene007/0/labels/sam2_meta/v1.tar:sam2/mask_to_object.json
scene007,phase0,2,food_bag,22,50,food_bag,food_bag,objects_meta/food_bag/questionnaire.json,objects/food_bag/,objects/food_bag/,scenes/scene007/0/labels/sam2_meta/v1.tar:sam2/mask_to_object.json
scene007,phase0,3,milk_jug,43,86,milk_jug,milk_jug,objects_meta/milk_jug/questionnaire.json,objects/milk_jug/,objects/milk_jug/,scenes/scene007/0/labels/sam2_meta/v1.tar:sam2/mask_to_object.json
scene007,phase0,4,toothpaste,67,142,toothpaste,toothpaste,objects_meta/toothpaste/questionnaire.json,objects/toothpaste/,objects/toothpaste/,scenes/scene007/0/labels/sam2_meta/v1.tar:sam2/mask_to_object.json
scene007,phase0,5,coffee_bottle,16,36,coffee_bottle,coffee_bottle,objects_meta/coffee_bottle/questionnaire.json,objects/coffee_bottle/,objects/coffee_bottle/,scenes/scene007/0/labels/sam2_meta/v1.tar:sam2/mask_to_object.json
scene007,phase0,6,tape_measure,64,135,tape_measure,tape_measure,objects_meta/tape_measure/questionnaire.json,objects/tape_measure/,objects/tape_measure/,scenes/scene007/0/labels/sam2_meta/v1.tar:sam2/mask_to_object.json
scene007,phase0,7,marker.5,40,83.5,marker,marker,objects_meta/marker.5/questionnaire.json,objects/marker.5/,objects/marker.5/,scenes/scene007/0/labels/sam2_meta/v1.tar:sam2/mask_to_object.json
scene007,phase1,1,soft_scrub_cleanser_bottle,58,121,soft_scrub_cleanser_bottle,soft_scrub_cleanser_bottle,objects_meta/soft_scrub_cleanser_bottle/questionnaire.json,objects/soft_scrub_cleanser_bottle/,objects/soft_scrub_cleanser_bottle/,scenes/scene007/1/labels/sam2_meta/v1.tar:sam2/mask_to_object.json
scene007,phase1,2,food_bag,22,50,food_bag,food_bag,objects_meta/food_bag/questionnaire.json,objects/food_bag/,objects/food_bag/,scenes/scene007/1/labels/sam2_meta/v1.tar:sam2/mask_to_object.json
scene007,phase1,3,milk_jug,43,86,milk_jug,milk_jug,objects_meta/milk_jug/questionnaire.json,objects/milk_jug/,objects/milk_jug/,scenes/scene007/1/labels/sam2_meta/v1.tar:sam2/mask_to_object.json
scene007,phase1,4,toothpaste,67,142,toothpaste,toothpaste,objects_meta/toothpaste/questionnaire.json,objects/toothpaste/,objects/toothpaste/,scenes/scene007/1/labels/sam2_meta/v1.tar:sam2/mask_to_object.json
scene007,phase1,5,coffee_bottle,16,36,coffee_bottle,coffee_bottle,objects_meta/coffee_bottle/questionnaire.json,objects/coffee_bottle/,objects/coffee_bottle/,scenes/scene007/1/labels/sam2_meta/v1.tar:sam2/mask_to_object.json
scene007,phase1,6,tape_measure,64,135,tape_measure,tape_measure,objects_meta/tape_measure/questionnaire.json,objects/tape_measure/,objects/tape_measure/,scenes/scene007/1/labels/sam2_meta/v1.tar:sam2/mask_to_object.json
scene007,phase1,7,marker.5,40,83.5,marker,marker,objects_meta/marker.5/questionnaire.json,objects/marker.5/,objects/marker.5/,scenes/scene007/1/labels/sam2_meta/v1.tar:sam2/mask_to_object.json
scene007,phase2,1,soft_scrub_cleanser_bottle,58,121,soft_scrub_cleanser_bottle,soft_scrub_cleanser_bottle,objects_meta/soft_scrub_cleanser_bottle/questionnaire.json,objects/soft_scrub_cleanser_bottle/,objects/soft_scrub_cleanser_bottle/,scenes/scene007/2/labels/sam2_meta/v1.tar:sam2/mask_to_object.json
scene007,phase2,2,food_bag,22,50,food_bag,food_bag,objects_meta/food_bag/questionnaire.json,objects/food_bag/,objects/food_bag/,scenes/scene007/2/labels/sam2_meta/v1.tar:sam2/mask_to_object.json
scene007,phase2,3,milk_jug,43,86,milk_jug,milk_jug,objects_meta/milk_jug/questionnaire.json,objects/milk_jug/,objects/milk_jug/,scenes/scene007/2/labels/sam2_meta/v1.tar:sam2/mask_to_object.json
scene007,phase2,4,toothpaste,67,142,toothpaste,toothpaste,objects_meta/toothpaste/questionnaire.json,objects/toothpaste/,objects/toothpaste/,scenes/scene007/2/labels/sam2_meta/v1.tar:sam2/mask_to_object.json
scene007,phase2,5,coffee_bottle,16,36,coffee_bottle,coffee_bottle,objects_meta/coffee_bottle/questionnaire.json,objects/coffee_bottle/,objects/coffee_bottle/,scenes/scene007/2/labels/sam2_meta/v1.tar:sam2/mask_to_object.json
scene007,phase2,6,tape_measure,64,135,tape_measure,tape_measure,objects_meta/tape_measure/questionnaire.json,objects/tape_measure/,objects/tape_measure/,scenes/scene007/2/labels/sam2_meta/v1.tar:sam2/mask_to_object.json
scene007,phase2,7,marker.5,40,83.5,marker,marker,objects_meta/marker.5/questionnaire.json,objects/marker.5/,objects/marker.5/,scenes/scene007/2/labels/sam2_meta/v1.tar:sam2/mask_to_object.json
scene008,phase0,1,beanie.2,8,13.2,beanie,beanie,objects_meta/beanie.2/questionnaire.json,objects/beanie.2/,objects/beanie.2/,scenes/scene008/0/labels/sam2_meta/v1.tar:sam2/mask_to_object.json
scene008,phase0,2,juice_pouch.2,35,73.2,juice_pouch,juice_pouch,objects_meta/juice_pouch.2/questionnaire.json,objects/juice_pouch.2/,objects/juice_pouch.2/,scenes/scene008/0/labels/sam2_meta/v1.tar:sam2/mask_to_object.json
scene008,phase0,3,peeler.2,48,96.2,peeler,peeler,objects_meta/peeler.2/questionnaire.json,objects/peeler.2/,objects/peeler.2/,scenes/scene008/0/labels/sam2_meta/v1.tar:sam2/mask_to_object.json
scene008,phase0,4,glove.2,24,57.2,glove,glove,objects_meta/glove.2/questionnaire.json,objects/glove.2/,objects/glove.2/,scenes/scene008/0/labels/sam2_meta/v1.tar:sam2/mask_to_object.json
scene008,phase0,5,banana,5,9,banana,banana,objects_meta/banana/questionnaire.json,objects/banana/,objects/banana/,scenes/scene008/0/labels/sam2_meta/v1.tar:sam2/mask_to_object.json
scene008,phase0,6,root_beer_bottle,53,109,root_beer_bottle,root_beer_bottle,objects_meta/root_beer_bottle/questionnaire.json,objects/root_beer_bottle/,objects/root_beer_bottle/,scenes/scene008/0/labels/sam2_meta/v1.tar:sam2/mask_to_object.json
scene008,phase0,7,pear,47,95,pear,pear,objects_meta/pear/questionnaire.json,objects/pear/,objects/pear/,scenes/scene008/0/labels/sam2_meta/v1.tar:sam2/mask_to_object.json
scene008,phase1,1,beanie.2,8,13.2,beanie,beanie,objects_meta/beanie.2/questionnaire.json,objects/beanie.2/,objects/beanie.2/,scenes/scene008/1/labels/sam2_meta/v1.tar:sam2/mask_to_object.json
scene008,phase1,2,juice_pouch.2,35,73.2,juice_pouch,juice_pouch,objects_meta/juice_pouch.2/questionnaire.json,objects/juice_pouch.2/,objects/juice_pouch.2/,scenes/scene008/1/labels/sam2_meta/v1.tar:sam2/mask_to_object.json
scene008,phase1,3,peeler.2,48,96.2,peeler,peeler,objects_meta/peeler.2/questionnaire.json,objects/peeler.2/,objects/peeler.2/,scenes/scene008/1/labels/sam2_meta/v1.tar:sam2/mask_to_object.json
scene008,phase1,4,glove.2,24,57.2,glove,glove,objects_meta/glove.2/questionnaire.json,objects/glove.2/,objects/glove.2/,scenes/scene008/1/labels/sam2_meta/v1.tar:sam2/mask_to_object.json
scene008,phase1,5,banana,5,9,banana,banana,objects_meta/banana/questionnaire.json,objects/banana/,objects/banana/,scenes/scene008/1/labels/sam2_meta/v1.tar:sam2/mask_to_object.json
scene008,phase1,6,root_beer_bottle,53,109,root_beer_bottle,root_beer_bottle,objects_meta/root_beer_bottle/questionnaire.json,objects/root_beer_bottle/,objects/root_beer_bottle/,scenes/scene008/1/labels/sam2_meta/v1.tar:sam2/mask_to_object.json
scene008,phase1,7,pear,47,95,pear,pear,objects_meta/pear/questionnaire.json,objects/pear/,objects/pear/,scenes/scene008/1/labels/sam2_meta/v1.tar:sam2/mask_to_object.json
scene008,phase2,1,beanie.2,8,13.2,beanie,beanie,objects_meta/beanie.2/questionnaire.json,objects/beanie.2/,objects/beanie.2/,scenes/scene008/2/labels/sam2_meta/v1.tar:sam2/mask_to_object.json
scene008,phase2,2,juice_pouch.2,35,73.2,juice_pouch,juice_pouch,objects_meta/juice_pouch.2/questionnaire.json,objects/juice_pouch.2/,objects/juice_pouch.2/,scenes/scene008/2/labels/sam2_meta/v1.tar:sam2/mask_to_object.json
scene008,phase2,3,peeler.2,48,96.2,peeler,peeler,objects_meta/peeler.2/questionnaire.json,objects/peeler.2/,objects/peeler.2/,scenes/scene008/2/labels/sam2_meta/v1.tar:sam2/mask_to_object.json
scene008,phase2,4,glove.2,24,57.2,glove,glove,objects_meta/glove.2/questionnaire.json,objects/glove.2/,objects/glove.2/,scenes/scene008/2/labels/sam2_meta/v1.tar:sam2/mask_to_object.json
scene008,phase2,5,banana,5,9,banana,banana,objects_meta/banana/questionnaire.json,objects/banana/,objects/banana/,scenes/scene008/2/labels/sam2_meta/v1.tar:sam2/mask_to_object.json
scene008,phase2,6,root_beer_bottle,53,109,root_beer_bottle,root_beer_bottle,objects_meta/root_beer_bottle/questionnaire.json,objects/root_beer_bottle/,objects/root_beer_bottle/,scenes/scene008/2/labels/sam2_meta/v1.tar:sam2/mask_to_object.json
scene008,phase2,7,pear,47,95,pear,pear,objects_meta/pear/questionnaire.json,objects/pear/,objects/pear/,scenes/scene008/2/labels/sam2_meta/v1.tar:sam2/mask_to_object.json
scene009,phase0,1,fry_pan.1,21,49.1,fry_pan,fry_pan,objects_meta/fry_pan.1/questionnaire.json,objects/fry_pan.1/,objects/fry_pan.1/,scenes/scene009/0/labels/sam2_meta/v1.tar:sam2/mask_to_object.json
scene009,phase0,2,kettle,36,74,kettle,kettle,objects_meta/kettle/questionnaire.json,objects/kettle/,objects/kettle/,scenes/scene009/0/labels/sam2_meta/v1.tar:sam2/mask_to_object.json
scene009,phase0,3,hairbrush,26,62,hair_brush,hair_brush,objects_meta/hairbrush/questionnaire.json,objects/hairbrush/,objects/hairbrush/,scenes/scene009/0/labels/sam2_meta/v1.tar:sam2/mask_to_object.json
scene009,phase0,4,jar,33,71,jar,jar,objects_meta/jar/questionnaire.json,objects/jar/,objects/jar/,scenes/scene009/0/labels/sam2_meta/v1.tar:sam2/mask_to_object.json
scene009,phase0,5,soda_can.3,57,120.3,soda_can,soda_can,objects_meta/soda_can.3/questionnaire.json,objects/soda_can.3/,objects/soda_can.3/,scenes/scene009/0/labels/sam2_meta/v1.tar:sam2/mask_to_object.json
scene009,phase0,6,sponge,61,125,sponge,sponge,objects_meta/sponge/questionnaire.json,objects/sponge/,objects/sponge/,scenes/scene009/0/labels/sam2_meta/v1.tar:sam2/mask_to_object.json
scene009,phase0,7,baseball_ball,6,10,baseball_ball,baseball_ball,objects_meta/baseball_ball/questionnaire.json,objects/baseball_ball/,objects/baseball_ball/,scenes/scene009/0/labels/sam2_meta/v1.tar:sam2/mask_to_object.json
scene009,phase1,1,fry_pan.1,21,49.1,fry_pan,fry_pan,objects_meta/fry_pan.1/questionnaire.json,objects/fry_pan.1/,objects/fry_pan.1/,scenes/scene009/1/labels/sam2_meta/v1.tar:sam2/mask_to_object.json
scene009,phase1,2,kettle,36,74,kettle,kettle,objects_meta/kettle/questionnaire.json,objects/kettle/,objects/kettle/,scenes/scene009/1/labels/sam2_meta/v1.tar:sam2/mask_to_object.json
scene009,phase1,3,hairbrush,26,62,hair_brush,hair_brush,objects_meta/hairbrush/questionnaire.json,objects/hairbrush/,objects/hairbrush/,scenes/scene009/1/labels/sam2_meta/v1.tar:sam2/mask_to_object.json
scene009,phase1,4,jar,33,71,jar,jar,objects_meta/jar/questionnaire.json,objects/jar/,objects/jar/,scenes/scene009/1/labels/sam2_meta/v1.tar:sam2/mask_to_object.json
scene009,phase1,5,soda_can.3,57,120.3,soda_can,soda_can,objects_meta/soda_can.3/questionnaire.json,objects/soda_can.3/,objects/soda_can.3/,scenes/scene009/1/labels/sam2_meta/v1.tar:sam2/mask_to_object.json
scene009,phase1,6,sponge,61,125,sponge,sponge,objects_meta/sponge/questionnaire.json,objects/sponge/,objects/sponge/,scenes/scene009/1/labels/sam2_meta/v1.tar:sam2/mask_to_object.json
scene009,phase1,7,baseball_ball,6,10,baseball_ball,baseball_ball,objects_meta/baseball_ball/questionnaire.json,objects/baseball_ball/,objects/baseball_ball/,scenes/scene009/1/labels/sam2_meta/v1.tar:sam2/mask_to_object.json
scene009,phase2,1,fry_pan.1,21,49.1,fry_pan,fry_pan,objects_meta/fry_pan.1/questionnaire.json,objects/fry_pan.1/,objects/fry_pan.1/,scenes/scene009/2/labels/sam2_meta/v1.tar:sam2/mask_to_object.json
scene009,phase2,2,kettle,36,74,kettle,kettle,objects_meta/kettle/questionnaire.json,objects/kettle/,objects/kettle/,scenes/scene009/2/labels/sam2_meta/v1.tar:sam2/mask_to_object.json
scene009,phase2,3,hairbrush,26,62,hair_brush,hair_brush,objects_meta/hairbrush/questionnaire.json,objects/hairbrush/,objects/hairbrush/,scenes/scene009/2/labels/sam2_meta/v1.tar:sam2/mask_to_object.json
scene009,phase2,4,jar,33,71,jar,jar,objects_meta/jar/questionnaire.json,objects/jar/,objects/jar/,scenes/scene009/2/labels/sam2_meta/v1.tar:sam2/mask_to_object.json
scene009,phase2,5,soda_can.3,57,120.3,soda_can,soda_can,objects_meta/soda_can.3/questionnaire.json,objects/soda_can.3/,objects/soda_can.3/,scenes/scene009/2/labels/sam2_meta/v1.tar:sam2/mask_to_object.json
scene009,phase2,6,sponge,61,125,sponge,sponge,objects_meta/sponge/questionnaire.json,objects/sponge/,objects/sponge/,scenes/scene009/2/labels/sam2_meta/v1.tar:sam2/mask_to_object.json
scene009,phase2,7,baseball_ball,6,10,baseball_ball,baseball_ball,objects_meta/baseball_ball/questionnaire.json,objects/baseball_ball/,objects/baseball_ball/,scenes/scene009/2/labels/sam2_meta/v1.tar:sam2/mask_to_object.json
scene010,phase0,1,cracker_box,18,38,cracker_box,cracker_box,objects_meta/cracker_box/questionnaire.json,objects/cracker_box/,objects/cracker_box/,scenes/scene010/0/labels/sam2_meta/v1.tar:sam2/mask_to_object.json
scene010,phase0,2,hat.1,29,66.1,hat,hat,objects_meta/hat.1/questionnaire.json,objects/hat.1/,objects/hat.1/,scenes/scene010/0/labels/sam2_meta/v1.tar:sam2/mask_to_object.json
scene010,phase0,3,towel.2,68,144.2,towel,towel,objects_meta/towel.2/questionnaire.json,objects/towel.2/,objects/towel.2/,scenes/scene010/0/labels/sam2_meta/v1.tar:sam2/mask_to_object.json
scene010,phase0,4,book.3,10,17.3,book,book,objects_meta/book.3/questionnaire.json,objects/book.3/,objects/book.3/,scenes/scene010/0/labels/sam2_meta/v1.tar:sam2/mask_to_object.json
scene010,phase0,5,water_bottle.2,70,148.2,water_bottle,water_bottle,objects_meta/water_bottle.2/questionnaire.json,objects/water_bottle.2/,objects/water_bottle.2/,scenes/scene010/0/labels/sam2_meta/v1.tar:sam2/mask_to_object.json
scene010,phase0,6,mug.2,45,88.2,mug,mug,objects_meta/mug.2/questionnaire.json,objects/mug.2/,objects/mug.2/,scenes/scene010/0/labels/sam2_meta/v1.tar:sam2/mask_to_object.json
scene010,phase0,7,meat_can,41,84,meat_can,meat_can,objects_meta/meat_can/questionnaire.json,objects/meat_can/,objects/meat_can/,scenes/scene010/0/labels/sam2_meta/v1.tar:sam2/mask_to_object.json
scene010,phase1,1,cracker_box,18,38,cracker_box,cracker_box,objects_meta/cracker_box/questionnaire.json,objects/cracker_box/,objects/cracker_box/,scenes/scene010/1/labels/sam2_meta/v1.tar:sam2/mask_to_object.json
scene010,phase1,2,hat.1,29,66.1,hat,hat,objects_meta/hat.1/questionnaire.json,objects/hat.1/,objects/hat.1/,scenes/scene010/1/labels/sam2_meta/v1.tar:sam2/mask_to_object.json
scene010,phase1,3,towel.2,68,144.2,towel,towel,objects_meta/towel.2/questionnaire.json,objects/towel.2/,objects/towel.2/,scenes/scene010/1/labels/sam2_meta/v1.tar:sam2/mask_to_object.json
scene010,phase1,4,book.3,10,17.3,book,book,objects_meta/book.3/questionnaire.json,objects/book.3/,objects/book.3/,scenes/scene010/1/labels/sam2_meta/v1.tar:sam2/mask_to_object.json
scene010,phase1,5,water_bottle.2,70,148.2,water_bottle,water_bottle,objects_meta/water_bottle.2/questionnaire.json,objects/water_bottle.2/,objects/water_bottle.2/,scenes/scene010/1/labels/sam2_meta/v1.tar:sam2/mask_to_object.json
scene010,phase1,6,mug.2,45,88.2,mug,mug,objects_meta/mug.2/questionnaire.json,objects/mug.2/,objects/mug.2/,scenes/scene010/1/labels/sam2_meta/v1.tar:sam2/mask_to_object.json
scene010,phase1,7,meat_can,41,84,meat_can,meat_can,objects_meta/meat_can/questionnaire.json,objects/meat_can/,objects/meat_can/,scenes/scene010/1/labels/sam2_meta/v1.tar:sam2/mask_to_object.json
scene010,phase2,1,cracker_box,18,38,cracker_box,cracker_box,objects_meta/cracker_box/questionnaire.json,objects/cracker_box/,objects/cracker_box/,scenes/scene010/2/labels/sam2_meta/v1.tar:sam2/mask_to_object.json
scene010,phase2,2,hat.1,29,66.1,hat,hat,objects_meta/hat.1/questionnaire.json,objects/hat.1/,objects/hat.1/,scenes/scene010/2/labels/sam2_meta/v1.tar:sam2/mask_to_object.json
scene010,phase2,3,towel.2,68,144.2,towel,towel,objects_meta/towel.2/questionnaire.json,objects/towel.2/,objects/towel.2/,scenes/scene010/2/labels/sam2_meta/v1.tar:sam2/mask_to_object.json
scene010,phase2,4,book.3,10,17.3,book,book,objects_meta/book.3/questionnaire.json,objects/book.3/,objects/book.3/,scenes/scene010/2/labels/sam2_meta/v1.tar:sam2/mask_to_object.json
scene010,phase2,5,water_bottle.2,70,148.2,water_bottle,water_bottle,objects_meta/water_bottle.2/questionnaire.json,objects/water_bottle.2/,objects/water_bottle.2/,scenes/scene010/2/labels/sam2_meta/v1.tar:sam2/mask_to_object.json
scene010,phase2,6,mug.2,45,88.2,mug,mug,objects_meta/mug.2/questionnaire.json,objects/mug.2/,objects/mug.2/,scenes/scene010/2/labels/sam2_meta/v1.tar:sam2/mask_to_object.json
scene010,phase2,7,meat_can,41,84,meat_can,meat_can,objects_meta/meat_can/questionnaire.json,objects/meat_can/,objects/meat_can/,scenes/scene010/2/labels/sam2_meta/v1.tar:sam2/mask_to_object.json
scene011,phase0,1,baking_tray.1,4,7.1,baking_tray,baking_tray,objects_meta/baking_tray.1/questionnaire.json,objects/baking_tray.1/,objects/baking_tray.1/,scenes/scene011/0/labels/sam2_meta/v1.tar:sam2/mask_to_object.json
scene011,phase0,2,hat.1,29,66.1,hat,hat,objects_meta/hat.1/questionnaire.json,objects/hat.1/,objects/hat.1/,scenes/scene011/0/labels/sam2_meta/v1.tar:sam2/mask_to_object.json
scene011,phase0,3,headphone,30,67,headphone,headphone,objects_meta/headphone/questionnaire.json,objects/headphone/,objects/headphone/,scenes/scene011/0/labels/sam2_meta/v1.tar:sam2/mask_to_object.json
scene011,phase0,4,shoe.1,56,117.1,shoe,shoe,objects_meta/shoe.1/questionnaire.json,objects/shoe.1/,objects/shoe.1/,scenes/scene011/0/labels/sam2_meta/v1.tar:sam2/mask_to_object.json
scene011,phase0,5,mustard_bottle.3,46,89.3,mustard_bottle,mustard_bottle,objects_meta/mustard_bottle.3/questionnaire.json,objects/mustard_bottle.3/,objects/mustard_bottle.3/,scenes/scene011/0/labels/sam2_meta/v1.tar:sam2/mask_to_object.json
scene011,phase0,6,scissors.1,54,113.1,scissors,scissors,objects_meta/scissors.1/questionnaire.json,objects/scissors.1/,objects/scissors.1/,scenes/scene011/0/labels/sam2_meta/v1.tar:sam2/mask_to_object.json
scene011,phase0,7,apple,3,5,apple,apple,objects_meta/apple/questionnaire.json,objects/apple/,objects/apple/,scenes/scene011/0/labels/sam2_meta/v1.tar:sam2/mask_to_object.json
scene011,phase1,1,baking_tray.1,4,7.1,baking_tray,baking_tray,objects_meta/baking_tray.1/questionnaire.json,objects/baking_tray.1/,objects/baking_tray.1/,scenes/scene011/1/labels/sam2_meta/v1.tar:sam2/mask_to_object.json
scene011,phase1,2,hat.1,29,66.1,hat,hat,objects_meta/hat.1/questionnaire.json,objects/hat.1/,objects/hat.1/,scenes/scene011/1/labels/sam2_meta/v1.tar:sam2/mask_to_object.json
scene011,phase1,3,headphone,30,67,headphone,headphone,objects_meta/headphone/questionnaire.json,objects/headphone/,objects/headphone/,scenes/scene011/1/labels/sam2_meta/v1.tar:sam2/mask_to_object.json
scene011,phase1,4,shoe.1,56,117.1,shoe,shoe,objects_meta/shoe.1/questionnaire.json,objects/shoe.1/,objects/shoe.1/,scenes/scene011/1/labels/sam2_meta/v1.tar:sam2/mask_to_object.json
scene011,phase1,5,mustard_bottle.3,46,89.3,mustard_bottle,mustard_bottle,objects_meta/mustard_bottle.3/questionnaire.json,objects/mustard_bottle.3/,objects/mustard_bottle.3/,scenes/scene011/1/labels/sam2_meta/v1.tar:sam2/mask_to_object.json
scene011,phase1,6,scissors.1,54,113.1,scissors,scissors,objects_meta/scissors.1/questionnaire.json,objects/scissors.1/,objects/scissors.1/,scenes/scene011/1/labels/sam2_meta/v1.tar:sam2/mask_to_object.json
scene011,phase1,7,apple,3,5,apple,apple,objects_meta/apple/questionnaire.json,objects/apple/,objects/apple/,scenes/scene011/1/labels/sam2_meta/v1.tar:sam2/mask_to_object.json
scene011,phase2,1,baking_tray.1,4,7.1,baking_tray,baking_tray,objects_meta/baking_tray.1/questionnaire.json,objects/baking_tray.1/,objects/baking_tray.1/,scenes/scene011/2/labels/sam2_meta/v1.tar:sam2/mask_to_object.json
scene011,phase2,2,hat.1,29,66.1,hat,hat,objects_meta/hat.1/questionnaire.json,objects/hat.1/,objects/hat.1/,scenes/scene011/2/labels/sam2_meta/v1.tar:sam2/mask_to_object.json
scene011,phase2,3,headphone,30,67,headphone,headphone,objects_meta/headphone/questionnaire.json,objects/headphone/,objects/headphone/,scenes/scene011/2/labels/sam2_meta/v1.tar:sam2/mask_to_object.json
scene011,phase2,4,shoe.1,56,117.1,shoe,shoe,objects_meta/shoe.1/questionnaire.json,objects/shoe.1/,objects/shoe.1/,scenes/scene011/2/labels/sam2_meta/v1.tar:sam2/mask_to_object.json
scene011,phase2,5,mustard_bottle.3,46,89.3,mustard_bottle,mustard_bottle,objects_meta/mustard_bottle.3/questionnaire.json,objects/mustard_bottle.3/,objects/mustard_bottle.3/,scenes/scene011/2/labels/sam2_meta/v1.tar:sam2/mask_to_object.json
scene011,phase2,6,scissors.1,54,113.1,scissors,scissors,objects_meta/scissors.1/questionnaire.json,objects/scissors.1/,objects/scissors.1/,scenes/scene011/2/labels/sam2_meta/v1.tar:sam2/mask_to_object.json
scene011,phase2,7,apple,3,5,apple,apple,objects_meta/apple/questionnaire.json,objects/apple/,objects/apple/,scenes/scene011/2/labels/sam2_meta/v1.tar:sam2/mask_to_object.json
scene012,phase0,1,root_beer_bottle,53,109,root_beer_bottle,root_beer_bottle,objects_meta/root_beer_bottle/questionnaire.json,objects/root_beer_bottle/,objects/root_beer_bottle/,scenes/scene012/0/labels/sam2_meta/v1.tar:sam2/mask_to_object.json
scene012,phase0,2,tong,66,141,tong,tong,objects_meta/tong/questionnaire.json,objects/tong/,objects/tong/,scenes/scene012/0/labels/sam2_meta/v1.tar:sam2/mask_to_object.json
scene012,phase0,3,teapot,65,137,teapot,teapot,objects_meta/teapot/questionnaire.json,objects/teapot/,objects/teapot/,scenes/scene012/0/labels/sam2_meta/v1.tar:sam2/mask_to_object.json
scene012,phase0,4,peeler.2,48,96.2,peeler,peeler,objects_meta/peeler.2/questionnaire.json,objects/peeler.2/,objects/peeler.2/,scenes/scene012/0/labels/sam2_meta/v1.tar:sam2/mask_to_object.json
scene012,phase0,5,alarm_clock,2,3,alarm_clock,alarm_clock,objects_meta/alarm_clock/questionnaire.json,objects/alarm_clock/,objects/alarm_clock/,scenes/scene012/0/labels/sam2_meta/v1.tar:sam2/mask_to_object.json
scene012,phase0,6,soda_can.3,57,120.3,soda_can,soda_can,objects_meta/soda_can.3/questionnaire.json,objects/soda_can.3/,objects/soda_can.3/,scenes/scene012/0/labels/sam2_meta/v1.tar:sam2/mask_to_object.json
scene012,phase0,7,candy_bar.1,14,25.1,candy_bar,candy_bar,objects_meta/candy_bar.1/questionnaire.json,objects/candy_bar.1/,objects/candy_bar.1/,scenes/scene012/0/labels/sam2_meta/v1.tar:sam2/mask_to_object.json
scene012,phase1,1,root_beer_bottle,53,109,root_beer_bottle,root_beer_bottle,objects_meta/root_beer_bottle/questionnaire.json,objects/root_beer_bottle/,objects/root_beer_bottle/,scenes/scene012/1/labels/sam2_meta/v1.tar:sam2/mask_to_object.json
scene012,phase1,2,tong,66,141,tong,tong,objects_meta/tong/questionnaire.json,objects/tong/,objects/tong/,scenes/scene012/1/labels/sam2_meta/v1.tar:sam2/mask_to_object.json
scene012,phase1,3,teapot,65,137,teapot,teapot,objects_meta/teapot/questionnaire.json,objects/teapot/,objects/teapot/,scenes/scene012/1/labels/sam2_meta/v1.tar:sam2/mask_to_object.json
scene012,phase1,4,peeler.2,48,96.2,peeler,peeler,objects_meta/peeler.2/questionnaire.json,objects/peeler.2/,objects/peeler.2/,scenes/scene012/1/labels/sam2_meta/v1.tar:sam2/mask_to_object.json
scene012,phase1,5,alarm_clock,2,3,alarm_clock,alarm_clock,objects_meta/alarm_clock/questionnaire.json,objects/alarm_clock/,objects/alarm_clock/,scenes/scene012/1/labels/sam2_meta/v1.tar:sam2/mask_to_object.json
scene012,phase1,6,soda_can.3,57,120.3,soda_can,soda_can,objects_meta/soda_can.3/questionnaire.json,objects/soda_can.3/,objects/soda_can.3/,scenes/scene012/1/labels/sam2_meta/v1.tar:sam2/mask_to_object.json
scene012,phase1,7,candy_bar.1,14,25.1,candy_bar,candy_bar,objects_meta/candy_bar.1/questionnaire.json,objects/candy_bar.1/,objects/candy_bar.1/,scenes/scene012/1/labels/sam2_meta/v1.tar:sam2/mask_to_object.json
scene012,phase2,1,root_beer_bottle,53,109,root_beer_bottle,root_beer_bottle,objects_meta/root_beer_bottle/questionnaire.json,objects/root_beer_bottle/,objects/root_beer_bottle/,scenes/scene012/2/labels/sam2_meta/v1.tar:sam2/mask_to_object.json
scene012,phase2,2,tong,66,141,tong,tong,objects_meta/tong/questionnaire.json,objects/tong/,objects/tong/,scenes/scene012/2/labels/sam2_meta/v1.tar:sam2/mask_to_object.json
scene012,phase2,3,teapot,65,137,teapot,teapot,objects_meta/teapot/questionnaire.json,objects/teapot/,objects/teapot/,scenes/scene012/2/labels/sam2_meta/v1.tar:sam2/mask_to_object.json
scene012,phase2,4,peeler.2,48,96.2,peeler,peeler,objects_meta/peeler.2/questionnaire.json,objects/peeler.2/,objects/peeler.2/,scenes/scene012/2/labels/sam2_meta/v1.tar:sam2/mask_to_object.json
scene012,phase2,5,alarm_clock,2,3,alarm_clock,alarm_clock,objects_meta/alarm_clock/questionnaire.json,objects/alarm_clock/,objects/alarm_clock/,scenes/scene012/2/labels/sam2_meta/v1.tar:sam2/mask_to_object.json
scene012,phase2,6,soda_can.3,57,120.3,soda_can,soda_can,objects_meta/soda_can.3/questionnaire.json,objects/soda_can.3/,objects/soda_can.3/,scenes/scene012/2/labels/sam2_meta/v1.tar:sam2/mask_to_object.json
scene012,phase2,7,candy_bar.1,14,25.1,candy_bar,candy_bar,objects_meta/candy_bar.1/questionnaire.json,objects/candy_bar.1/,objects/candy_bar.1/,scenes/scene012/2/labels/sam2_meta/v1.tar:sam2/mask_to_object.json
scene013,phase0,1,food_bag,22,50,food_bag,food_bag,objects_meta/food_bag/questionnaire.json,objects/food_bag/,objects/food_bag/,scenes/scene013/0/labels/sam2_meta/v1.tar:sam2/mask_to_object.json
scene013,phase0,2,helmet,31,68,helmet,helmet,objects_meta/helmet/questionnaire.json,objects/helmet/,objects/helmet/,scenes/scene013/0/labels/sam2_meta/v1.tar:sam2/mask_to_object.json
scene013,phase0,3,lion.2,39,82.2,lion,lion,objects_meta/lion.2/questionnaire.json,objects/lion.2/,objects/lion.2/,scenes/scene013/0/labels/sam2_meta/v1.tar:sam2/mask_to_object.json
scene013,phase0,4,cup.1,19,40.1,cup,cup,objects_meta/cup.1/questionnaire.json,objects/cup.1/,objects/cup.1/,scenes/scene013/0/labels/sam2_meta/v1.tar:sam2/mask_to_object.json
scene013,phase0,5,sponge,61,125,sponge,sponge,objects_meta/sponge/questionnaire.json,objects/sponge/,objects/sponge/,scenes/scene013/0/labels/sam2_meta/v1.tar:sam2/mask_to_object.json
scene013,phase0,6,soup_can.1,59,122.1,soup_can,soup_can,objects_meta/soup_can.1/questionnaire.json,objects/soup_can.1/,objects/soup_can.1/,scenes/scene013/0/labels/sam2_meta/v1.tar:sam2/mask_to_object.json
scene013,phase0,7,baseball_ball,6,10,baseball_ball,baseball_ball,objects_meta/baseball_ball/questionnaire.json,objects/baseball_ball/,objects/baseball_ball/,scenes/scene013/0/labels/sam2_meta/v1.tar:sam2/mask_to_object.json
scene013,phase1,1,food_bag,22,50,food_bag,food_bag,objects_meta/food_bag/questionnaire.json,objects/food_bag/,objects/food_bag/,scenes/scene013/1/labels/sam2_meta/v1.tar:sam2/mask_to_object.json
scene013,phase1,2,helmet,31,68,helmet,helmet,objects_meta/helmet/questionnaire.json,objects/helmet/,objects/helmet/,scenes/scene013/1/labels/sam2_meta/v1.tar:sam2/mask_to_object.json
scene013,phase1,3,lion.2,39,82.2,lion,lion,objects_meta/lion.2/questionnaire.json,objects/lion.2/,objects/lion.2/,scenes/scene013/1/labels/sam2_meta/v1.tar:sam2/mask_to_object.json
scene013,phase1,4,cup.1,19,40.1,cup,cup,objects_meta/cup.1/questionnaire.json,objects/cup.1/,objects/cup.1/,scenes/scene013/1/labels/sam2_meta/v1.tar:sam2/mask_to_object.json
scene013,phase1,5,sponge,61,125,sponge,sponge,objects_meta/sponge/questionnaire.json,objects/sponge/,objects/sponge/,scenes/scene013/1/labels/sam2_meta/v1.tar:sam2/mask_to_object.json
scene013,phase1,6,soup_can.1,59,122.1,soup_can,soup_can,objects_meta/soup_can.1/questionnaire.json,objects/soup_can.1/,objects/soup_can.1/,scenes/scene013/1/labels/sam2_meta/v1.tar:sam2/mask_to_object.json
scene013,phase1,7,baseball_ball,6,10,baseball_ball,baseball_ball,objects_meta/baseball_ball/questionnaire.json,objects/baseball_ball/,objects/baseball_ball/,scenes/scene013/1/labels/sam2_meta/v1.tar:sam2/mask_to_object.json
scene013,phase2,1,food_bag,22,50,food_bag,food_bag,objects_meta/food_bag/questionnaire.json,objects/food_bag/,objects/food_bag/,scenes/scene013/2/labels/sam2_meta/v1.tar:sam2/mask_to_object.json
scene013,phase2,2,helmet,31,68,helmet,helmet,objects_meta/helmet/questionnaire.json,objects/helmet/,objects/helmet/,scenes/scene013/2/labels/sam2_meta/v1.tar:sam2/mask_to_object.json
scene013,phase2,3,lion.2,39,82.2,lion,lion,objects_meta/lion.2/questionnaire.json,objects/lion.2/,objects/lion.2/,scenes/scene013/2/labels/sam2_meta/v1.tar:sam2/mask_to_object.json
scene013,phase2,4,cup.1,19,40.1,cup,cup,objects_meta/cup.1/questionnaire.json,objects/cup.1/,objects/cup.1/,scenes/scene013/2/labels/sam2_meta/v1.tar:sam2/mask_to_object.json
scene013,phase2,5,sponge,61,125,sponge,sponge,objects_meta/sponge/questionnaire.json,objects/sponge/,objects/sponge/,scenes/scene013/2/labels/sam2_meta/v1.tar:sam2/mask_to_object.json
scene013,phase2,6,soup_can.1,59,122.1,soup_can,soup_can,objects_meta/soup_can.1/questionnaire.json,objects/soup_can.1/,objects/soup_can.1/,scenes/scene013/2/labels/sam2_meta/v1.tar:sam2/mask_to_object.json
scene013,phase2,7,baseball_ball,6,10,baseball_ball,baseball_ball,objects_meta/baseball_ball/questionnaire.json,objects/baseball_ball/,objects/baseball_ball/,scenes/scene013/2/labels/sam2_meta/v1.tar:sam2/mask_to_object.json
scene014,phase0,1,milk_box.1,42,85.1,milk_box,milk_box,objects_meta/milk_box.1/questionnaire.json,objects/milk_box.1/,objects/milk_box.1/,scenes/scene014/0/labels/sam2_meta/v1.tar:sam2/mask_to_object.json
scene014,phase0,2,hammer.2,27,63.2,hammer,hammer,objects_meta/hammer.2/questionnaire.json,objects/hammer.2/,objects/hammer.2/,scenes/scene014/0/labels/sam2_meta/v1.tar:sam2/mask_to_object.json
scene014,phase0,3,ladle,38,78,ladle,ladle,objects_meta/ladle/questionnaire.json,objects/ladle/,objects/ladle/,scenes/scene014/0/labels/sam2_meta/v1.tar:sam2/mask_to_object.json
scene014,phase0,4,water_bottle.2,70,148.2,water_bottle,water_bottle,objects_meta/water_bottle.2/questionnaire.json,objects/water_bottle.2/,objects/water_bottle.2/,scenes/scene014/0/labels/sam2_meta/v1.tar:sam2/mask_to_object.json
scene014,phase0,5,glove.2,24,57.2,glove,glove,objects_meta/glove.2/questionnaire.json,objects/glove.2/,objects/glove.2/,scenes/scene014/0/labels/sam2_meta/v1.tar:sam2/mask_to_object.json
scene014,phase0,6,banana,5,9,banana,banana,objects_meta/banana/questionnaire.json,objects/banana/,objects/banana/,scenes/scene014/0/labels/sam2_meta/v1.tar:sam2/mask_to_object.json
scene014,phase0,7,tape_measure,64,135,tape_measure,tape_measure,objects_meta/tape_measure/questionnaire.json,objects/tape_measure/,objects/tape_measure/,scenes/scene014/0/labels/sam2_meta/v1.tar:sam2/mask_to_object.json
scene014,phase1,1,milk_box.1,42,85.1,milk_box,milk_box,objects_meta/milk_box.1/questionnaire.json,objects/milk_box.1/,objects/milk_box.1/,scenes/scene014/1/labels/sam2_meta/v1.tar:sam2/mask_to_object.json
scene014,phase1,2,hammer.2,27,63.2,hammer,hammer,objects_meta/hammer.2/questionnaire.json,objects/hammer.2/,objects/hammer.2/,scenes/scene014/1/labels/sam2_meta/v1.tar:sam2/mask_to_object.json
scene014,phase1,3,ladle,38,78,ladle,ladle,objects_meta/ladle/questionnaire.json,objects/ladle/,objects/ladle/,scenes/scene014/1/labels/sam2_meta/v1.tar:sam2/mask_to_object.json
scene014,phase1,4,water_bottle.2,70,148.2,water_bottle,water_bottle,objects_meta/water_bottle.2/questionnaire.json,objects/water_bottle.2/,objects/water_bottle.2/,scenes/scene014/1/labels/sam2_meta/v1.tar:sam2/mask_to_object.json
scene014,phase1,5,glove.2,24,57.2,glove,glove,objects_meta/glove.2/questionnaire.json,objects/glove.2/,objects/glove.2/,scenes/scene014/1/labels/sam2_meta/v1.tar:sam2/mask_to_object.json
scene014,phase1,6,banana,5,9,banana,banana,objects_meta/banana/questionnaire.json,objects/banana/,objects/banana/,scenes/scene014/1/labels/sam2_meta/v1.tar:sam2/mask_to_object.json
scene014,phase1,7,tape_measure,64,135,tape_measure,tape_measure,objects_meta/tape_measure/questionnaire.json,objects/tape_measure/,objects/tape_measure/,scenes/scene014/1/labels/sam2_meta/v1.tar:sam2/mask_to_object.json
scene014,phase2,1,milk_box.1,42,85.1,milk_box,milk_box,objects_meta/milk_box.1/questionnaire.json,objects/milk_box.1/,objects/milk_box.1/,scenes/scene014/2/labels/sam2_meta/v1.tar:sam2/mask_to_object.json
scene014,phase2,2,hammer.2,27,63.2,hammer,hammer,objects_meta/hammer.2/questionnaire.json,objects/hammer.2/,objects/hammer.2/,scenes/scene014/2/labels/sam2_meta/v1.tar:sam2/mask_to_object.json
scene014,phase2,3,ladle,38,78,ladle,ladle,objects_meta/ladle/questionnaire.json,objects/ladle/,objects/ladle/,scenes/scene014/2/labels/sam2_meta/v1.tar:sam2/mask_to_object.json
scene014,phase2,4,water_bottle.2,70,148.2,water_bottle,water_bottle,objects_meta/water_bottle.2/questionnaire.json,objects/water_bottle.2/,objects/water_bottle.2/,scenes/scene014/2/labels/sam2_meta/v1.tar:sam2/mask_to_object.json
scene014,phase2,5,glove.2,24,57.2,glove,glove,objects_meta/glove.2/questionnaire.json,objects/glove.2/,objects/glove.2/,scenes/scene014/2/labels/sam2_meta/v1.tar:sam2/mask_to_object.json
scene014,phase2,6,banana,5,9,banana,banana,objects_meta/banana/questionnaire.json,objects/banana/,objects/banana/,scenes/scene014/2/labels/sam2_meta/v1.tar:sam2/mask_to_object.json
scene014,phase2,7,tape_measure,64,135,tape_measure,tape_measure,objects_meta/tape_measure/questionnaire.json,objects/tape_measure/,objects/tape_measure/,scenes/scene014/2/labels/sam2_meta/v1.tar:sam2/mask_to_object.json
scene015,phase0,1,soft_scrub_cleanser_bottle,58,121,soft_scrub_cleanser_bottle,soft_scrub_cleanser_bottle,objects_meta/soft_scrub_cleanser_bottle/questionnaire.json,objects/soft_scrub_cleanser_bottle/,objects/soft_scrub_cleanser_bottle/,scenes/scene015/0/labels/sam2_meta/v1.tar:sam2/mask_to_object.json
scene015,phase0,2,bear.1,9,14.1,bear,bear,objects_meta/bear.1/questionnaire.json,objects/bear.1/,objects/bear.1/,scenes/scene015/0/labels/sam2_meta/v1.tar:sam2/mask_to_object.json
scene015,phase0,3,coffee_can.1,17,37.1,coffee_can,coffee_can,objects_meta/coffee_can.1/questionnaire.json,objects/coffee_can.1/,objects/coffee_can.1/,scenes/scene015/0/labels/sam2_meta/v1.tar:sam2/mask_to_object.json
scene015,phase0,4,jello_box.1,34,72.1,jello_box,jello_box,objects_meta/jello_box.1/questionnaire.json,objects/jello_box.1/,objects/jello_box.1/,scenes/scene015/0/labels/sam2_meta/v1.tar:sam2/mask_to_object.json
scene015,phase0,5,instant_noodle_packet,32,70,instant_noodle_packet,instant_noodle_packet,objects_meta/instant_noodle_packet/questionnaire.json,objects/instant_noodle_packet/,objects/instant_noodle_packet/,scenes/scene015/0/labels/sam2_meta/v1.tar:sam2/mask_to_object.json
scene015,phase0,6,glue_bottle.1,25,58.1,glue_bottle,glue_bottle,objects_meta/glue_bottle.1/questionnaire.json,objects/glue_bottle.1/,objects/glue_bottle.1/,scenes/scene015/0/labels/sam2_meta/v1.tar:sam2/mask_to_object.json
scene015,phase0,7,toothpaste,67,142,toothpaste,toothpaste,objects_meta/toothpaste/questionnaire.json,objects/toothpaste/,objects/toothpaste/,scenes/scene015/0/labels/sam2_meta/v1.tar:sam2/mask_to_object.json
scene015,phase1,1,soft_scrub_cleanser_bottle,58,121,soft_scrub_cleanser_bottle,soft_scrub_cleanser_bottle,objects_meta/soft_scrub_cleanser_bottle/questionnaire.json,objects/soft_scrub_cleanser_bottle/,objects/soft_scrub_cleanser_bottle/,scenes/scene015/1/labels/sam2_meta/v1.tar:sam2/mask_to_object.json
scene015,phase1,2,bear.1,9,14.1,bear,bear,objects_meta/bear.1/questionnaire.json,objects/bear.1/,objects/bear.1/,scenes/scene015/1/labels/sam2_meta/v1.tar:sam2/mask_to_object.json
scene015,phase1,3,coffee_can.1,17,37.1,coffee_can,coffee_can,objects_meta/coffee_can.1/questionnaire.json,objects/coffee_can.1/,objects/coffee_can.1/,scenes/scene015/1/labels/sam2_meta/v1.tar:sam2/mask_to_object.json
scene015,phase1,4,jello_box.1,34,72.1,jello_box,jello_box,objects_meta/jello_box.1/questionnaire.json,objects/jello_box.1/,objects/jello_box.1/,scenes/scene015/1/labels/sam2_meta/v1.tar:sam2/mask_to_object.json
scene015,phase1,5,instant_noodle_packet,32,70,instant_noodle_packet,instant_noodle_packet,objects_meta/instant_noodle_packet/questionnaire.json,objects/instant_noodle_packet/,objects/instant_noodle_packet/,scenes/scene015/1/labels/sam2_meta/v1.tar:sam2/mask_to_object.json
scene015,phase1,6,glue_bottle.1,25,58.1,glue_bottle,glue_bottle,objects_meta/glue_bottle.1/questionnaire.json,objects/glue_bottle.1/,objects/glue_bottle.1/,scenes/scene015/1/labels/sam2_meta/v1.tar:sam2/mask_to_object.json
scene015,phase1,7,toothpaste,67,142,toothpaste,toothpaste,objects_meta/toothpaste/questionnaire.json,objects/toothpaste/,objects/toothpaste/,scenes/scene015/1/labels/sam2_meta/v1.tar:sam2/mask_to_object.json
scene015,phase2,1,soft_scrub_cleanser_bottle,58,121,soft_scrub_cleanser_bottle,soft_scrub_cleanser_bottle,objects_meta/soft_scrub_cleanser_bottle/questionnaire.json,objects/soft_scrub_cleanser_bottle/,objects/soft_scrub_cleanser_bottle/,scenes/scene015/2/labels/sam2_meta/v1.tar:sam2/mask_to_object.json
scene015,phase2,2,bear.1,9,14.1,bear,bear,objects_meta/bear.1/questionnaire.json,objects/bear.1/,objects/bear.1/,scenes/scene015/2/labels/sam2_meta/v1.tar:sam2/mask_to_object.json
scene015,phase2,3,coffee_can.1,17,37.1,coffee_can,coffee_can,objects_meta/coffee_can.1/questionnaire.json,objects/coffee_can.1/,objects/coffee_can.1/,scenes/scene015/2/labels/sam2_meta/v1.tar:sam2/mask_to_object.json
scene015,phase2,4,jello_box.1,34,72.1,jello_box,jello_box,objects_meta/jello_box.1/questionnaire.json,objects/jello_box.1/,objects/jello_box.1/,scenes/scene015/2/labels/sam2_meta/v1.tar:sam2/mask_to_object.json
scene015,phase2,5,instant_noodle_packet,32,70,instant_noodle_packet,instant_noodle_packet,objects_meta/instant_noodle_packet/questionnaire.json,objects/instant_noodle_packet/,objects/instant_noodle_packet/,scenes/scene015/2/labels/sam2_meta/v1.tar:sam2/mask_to_object.json
scene015,phase2,6,glue_bottle.1,25,58.1,glue_bottle,glue_bottle,objects_meta/glue_bottle.1/questionnaire.json,objects/glue_bottle.1/,objects/glue_bottle.1/,scenes/scene015/2/labels/sam2_meta/v1.tar:sam2/mask_to_object.json
scene015,phase2,7,toothpaste,67,142,toothpaste,toothpaste,objects_meta/toothpaste/questionnaire.json,objects/toothpaste/,objects/toothpaste/,scenes/scene015/2/labels/sam2_meta/v1.tar:sam2/mask_to_object.json
scene016,phase0,1,book.3,10,17.3,book,book,objects_meta/book.3/questionnaire.json,objects/book.3/,objects/book.3/,scenes/scene016/0/labels/sam2_meta/v1.tar:sam2/mask_to_object.json
scene016,phase0,2,power_drill,49,102,power_drill,power_drill,objects_meta/power_drill/questionnaire.json,objects/power_drill/,objects/power_drill/,scenes/scene016/0/labels/sam2_meta/v1.tar:sam2/mask_to_object.json
scene016,phase0,3,cleaning_brush,15,34,cleaning_brush,cleaning_brush,objects_meta/cleaning_brush/questionnaire.json,objects/cleaning_brush/,objects/cleaning_brush/,scenes/scene016/0/labels/sam2_meta/v1.tar:sam2/mask_to_object.json
scene016,phase0,4,mug.2,45,88.2,mug,mug,objects_meta/mug.2/questionnaire.json,objects/mug.2/,objects/mug.2/,scenes/scene016/0/labels/sam2_meta/v1.tar:sam2/mask_to_object.json
scene016,phase0,5,coffee_bottle,16,36,coffee_bottle,coffee_bottle,objects_meta/coffee_bottle/questionnaire.json,objects/coffee_bottle/,objects/coffee_bottle/,scenes/scene016/0/labels/sam2_meta/v1.tar:sam2/mask_to_object.json
scene016,phase0,6,t-handle.2,63,133.2,t-handle,t-handle,objects_meta/t-handle.2/questionnaire.json,objects/t-handle.2/,objects/t-handle.2/,scenes/scene016/0/labels/sam2_meta/v1.tar:sam2/mask_to_object.json
scene016,phase0,7,pear,47,95,pear,pear,objects_meta/pear/questionnaire.json,objects/pear/,objects/pear/,scenes/scene016/0/labels/sam2_meta/v1.tar:sam2/mask_to_object.json
scene016,phase1,1,book.3,10,17.3,book,book,objects_meta/book.3/questionnaire.json,objects/book.3/,objects/book.3/,scenes/scene016/1/labels/sam2_meta/v1.tar:sam2/mask_to_object.json
scene016,phase1,2,power_drill,49,102,power_drill,power_drill,objects_meta/power_drill/questionnaire.json,objects/power_drill/,objects/power_drill/,scenes/scene016/1/labels/sam2_meta/v1.tar:sam2/mask_to_object.json
scene016,phase1,3,cleaning_brush,15,34,cleaning_brush,cleaning_brush,objects_meta/cleaning_brush/questionnaire.json,objects/cleaning_brush/,objects/cleaning_brush/,scenes/scene016/1/labels/sam2_meta/v1.tar:sam2/mask_to_object.json
scene016,phase1,4,mug.2,45,88.2,mug,mug,objects_meta/mug.2/questionnaire.json,objects/mug.2/,objects/mug.2/,scenes/scene016/1/labels/sam2_meta/v1.tar:sam2/mask_to_object.json
scene016,phase1,5,coffee_bottle,16,36,coffee_bottle,coffee_bottle,objects_meta/coffee_bottle/questionnaire.json,objects/coffee_bottle/,objects/coffee_bottle/,scenes/scene016/1/labels/sam2_meta/v1.tar:sam2/mask_to_object.json
scene016,phase1,6,t-handle.2,63,133.2,t-handle,t-handle,objects_meta/t-handle.2/questionnaire.json,objects/t-handle.2/,objects/t-handle.2/,scenes/scene016/1/labels/sam2_meta/v1.tar:sam2/mask_to_object.json
scene016,phase1,7,pear,47,95,pear,pear,objects_meta/pear/questionnaire.json,objects/pear/,objects/pear/,scenes/scene016/1/labels/sam2_meta/v1.tar:sam2/mask_to_object.json
scene016,phase2,1,book.3,10,17.3,book,book,objects_meta/book.3/questionnaire.json,objects/book.3/,objects/book.3/,scenes/scene016/2/labels/sam2_meta/v1.tar:sam2/mask_to_object.json
scene016,phase2,2,power_drill,49,102,power_drill,power_drill,objects_meta/power_drill/questionnaire.json,objects/power_drill/,objects/power_drill/,scenes/scene016/2/labels/sam2_meta/v1.tar:sam2/mask_to_object.json
scene016,phase2,3,cleaning_brush,15,34,cleaning_brush,cleaning_brush,objects_meta/cleaning_brush/questionnaire.json,objects/cleaning_brush/,objects/cleaning_brush/,scenes/scene016/2/labels/sam2_meta/v1.tar:sam2/mask_to_object.json
scene016,phase2,4,mug.2,45,88.2,mug,mug,objects_meta/mug.2/questionnaire.json,objects/mug.2/,objects/mug.2/,scenes/scene016/2/labels/sam2_meta/v1.tar:sam2/mask_to_object.json
scene016,phase2,5,coffee_bottle,16,36,coffee_bottle,coffee_bottle,objects_meta/coffee_bottle/questionnaire.json,objects/coffee_bottle/,objects/coffee_bottle/,scenes/scene016/2/labels/sam2_meta/v1.tar:sam2/mask_to_object.json
scene016,phase2,6,t-handle.2,63,133.2,t-handle,t-handle,objects_meta/t-handle.2/questionnaire.json,objects/t-handle.2/,objects/t-handle.2/,scenes/scene016/2/labels/sam2_meta/v1.tar:sam2/mask_to_object.json
scene016,phase2,7,pear,47,95,pear,pear,objects_meta/pear/questionnaire.json,objects/pear/,objects/pear/,scenes/scene016/2/labels/sam2_meta/v1.tar:sam2/mask_to_object.json
scene017,phase0,1,kettle,36,74,kettle,kettle,objects_meta/kettle/questionnaire.json,objects/kettle/,objects/kettle/,scenes/scene017/0/labels/sam2_meta/v1.tar:sam2/mask_to_object.json
scene017,phase0,2,spray_bottle.2,62,127.2,spray_bottle,spray_bottle,objects_meta/spray_bottle.2/questionnaire.json,objects/spray_bottle.2/,objects/spray_bottle.2/,scenes/scene017/0/labels/sam2_meta/v1.tar:sam2/mask_to_object.json
scene017,phase0,3,juice_pouch.2,35,73.2,juice_pouch,juice_pouch,objects_meta/juice_pouch.2/questionnaire.json,objects/juice_pouch.2/,objects/juice_pouch.2/,scenes/scene017/0/labels/sam2_meta/v1.tar:sam2/mask_to_object.json
scene017,phase0,4,game_controller,23,55,game_controller,game_controller,objects_meta/game_controller/questionnaire.json,objects/game_controller/,objects/game_controller/,scenes/scene017/0/labels/sam2_meta/v1.tar:sam2/mask_to_object.json
scene017,phase0,5,meat_can,41,84,meat_can,meat_can,objects_meta/meat_can/questionnaire.json,objects/meat_can/,objects/meat_can/,scenes/scene017/0/labels/sam2_meta/v1.tar:sam2/mask_to_object.json
scene017,phase0,6,mouse.3,44,87.3,mouse,mouse,objects_meta/mouse.3/questionnaire.json,objects/mouse.3/,objects/mouse.3/,scenes/scene017/0/labels/sam2_meta/v1.tar:sam2/mask_to_object.json
scene017,phase0,7,marker.5,40,83.5,marker,marker,objects_meta/marker.5/questionnaire.json,objects/marker.5/,objects/marker.5/,scenes/scene017/0/labels/sam2_meta/v1.tar:sam2/mask_to_object.json
scene017,phase1,1,kettle,36,74,kettle,kettle,objects_meta/kettle/questionnaire.json,objects/kettle/,objects/kettle/,scenes/scene017/1/labels/sam2_meta/v1.tar:sam2/mask_to_object.json
scene017,phase1,2,spray_bottle.2,62,127.2,spray_bottle,spray_bottle,objects_meta/spray_bottle.2/questionnaire.json,objects/spray_bottle.2/,objects/spray_bottle.2/,scenes/scene017/1/labels/sam2_meta/v1.tar:sam2/mask_to_object.json
scene017,phase1,3,juice_pouch.2,35,73.2,juice_pouch,juice_pouch,objects_meta/juice_pouch.2/questionnaire.json,objects/juice_pouch.2/,objects/juice_pouch.2/,scenes/scene017/1/labels/sam2_meta/v1.tar:sam2/mask_to_object.json
scene017,phase1,4,game_controller,23,55,game_controller,game_controller,objects_meta/game_controller/questionnaire.json,objects/game_controller/,objects/game_controller/,scenes/scene017/1/labels/sam2_meta/v1.tar:sam2/mask_to_object.json
scene017,phase1,5,meat_can,41,84,meat_can,meat_can,objects_meta/meat_can/questionnaire.json,objects/meat_can/,objects/meat_can/,scenes/scene017/1/labels/sam2_meta/v1.tar:sam2/mask_to_object.json
scene017,phase1,6,mouse.3,44,87.3,mouse,mouse,objects_meta/mouse.3/questionnaire.json,objects/mouse.3/,objects/mouse.3/,scenes/scene017/1/labels/sam2_meta/v1.tar:sam2/mask_to_object.json
scene017,phase1,7,marker.5,40,83.5,marker,marker,objects_meta/marker.5/questionnaire.json,objects/marker.5/,objects/marker.5/,scenes/scene017/1/labels/sam2_meta/v1.tar:sam2/mask_to_object.json
scene017,phase2,1,kettle,36,74,kettle,kettle,objects_meta/kettle/questionnaire.json,objects/kettle/,objects/kettle/,scenes/scene017/2/labels/sam2_meta/v1.tar:sam2/mask_to_object.json
scene017,phase2,2,spray_bottle.2,62,127.2,spray_bottle,spray_bottle,objects_meta/spray_bottle.2/questionnaire.json,objects/spray_bottle.2/,objects/spray_bottle.2/,scenes/scene017/2/labels/sam2_meta/v1.tar:sam2/mask_to_object.json
scene017,phase2,3,juice_pouch.2,35,73.2,juice_pouch,juice_pouch,objects_meta/juice_pouch.2/questionnaire.json,objects/juice_pouch.2/,objects/juice_pouch.2/,scenes/scene017/2/labels/sam2_meta/v1.tar:sam2/mask_to_object.json
scene017,phase2,4,game_controller,23,55,game_controller,game_controller,objects_meta/game_controller/questionnaire.json,objects/game_controller/,objects/game_controller/,scenes/scene017/2/labels/sam2_meta/v1.tar:sam2/mask_to_object.json
scene017,phase2,5,meat_can,41,84,meat_can,meat_can,objects_meta/meat_can/questionnaire.json,objects/meat_can/,objects/meat_can/,scenes/scene017/2/labels/sam2_meta/v1.tar:sam2/mask_to_object.json
scene017,phase2,6,mouse.3,44,87.3,mouse,mouse,objects_meta/mouse.3/questionnaire.json,objects/mouse.3/,objects/mouse.3/,scenes/scene017/2/labels/sam2_meta/v1.tar:sam2/mask_to_object.json
scene017,phase2,7,marker.5,40,83.5,marker,marker,objects_meta/marker.5/questionnaire.json,objects/marker.5/,objects/marker.5/,scenes/scene017/2/labels/sam2_meta/v1.tar:sam2/mask_to_object.json
scene018,phase0,1,handy_pot,28,65,handy_pot,handy_pot,objects_meta/handy_pot/questionnaire.json,objects/handy_pot/,objects/handy_pot/,scenes/scene018/0/labels/sam2_meta/v1.tar:sam2/mask_to_object.json
scene018,phase0,2,milk_jug,43,86,milk_jug,milk_jug,objects_meta/milk_jug/questionnaire.json,objects/milk_jug/,objects/milk_jug/,scenes/scene018/0/labels/sam2_meta/v1.tar:sam2/mask_to_object.json
scene018,phase0,3,boot.2,11,18.2,boot,boot,objects_meta/boot.2/questionnaire.json,objects/boot.2/,objects/boot.2/,scenes/scene018/0/labels/sam2_meta/v1.tar:sam2/mask_to_object.json
scene018,phase0,4,doll.1,20,43.1,doll,doll,objects_meta/doll.1/questionnaire.json,objects/doll.1/,objects/doll.1/,scenes/scene018/0/labels/sam2_meta/v1.tar:sam2/mask_to_object.json
scene018,phase0,5,basting_brush.1,7,11.1,basting_brush,basting_brush,objects_meta/basting_brush.1/questionnaire.json,objects/basting_brush.1/,objects/basting_brush.1/,scenes/scene018/0/labels/sam2_meta/v1.tar:sam2/mask_to_object.json
scene018,phase0,6,remote_controller,52,107,remote_controller,remote_controller,objects_meta/remote_controller/questionnaire.json,objects/remote_controller/,objects/remote_controller/,scenes/scene018/0/labels/sam2_meta/v1.tar:sam2/mask_to_object.json
scene018,phase1,1,handy_pot,28,65,handy_pot,handy_pot,objects_meta/handy_pot/questionnaire.json,objects/handy_pot/,objects/handy_pot/,scenes/scene018/1/labels/sam2_meta/v1.tar:sam2/mask_to_object.json
scene018,phase1,2,milk_jug,43,86,milk_jug,milk_jug,objects_meta/milk_jug/questionnaire.json,objects/milk_jug/,objects/milk_jug/,scenes/scene018/1/labels/sam2_meta/v1.tar:sam2/mask_to_object.json
scene018,phase1,3,boot.2,11,18.2,boot,boot,objects_meta/boot.2/questionnaire.json,objects/boot.2/,objects/boot.2/,scenes/scene018/1/labels/sam2_meta/v1.tar:sam2/mask_to_object.json
scene018,phase1,4,doll.1,20,43.1,doll,doll,objects_meta/doll.1/questionnaire.json,objects/doll.1/,objects/doll.1/,scenes/scene018/1/labels/sam2_meta/v1.tar:sam2/mask_to_object.json
scene018,phase1,5,basting_brush.1,7,11.1,basting_brush,basting_brush,objects_meta/basting_brush.1/questionnaire.json,objects/basting_brush.1/,objects/basting_brush.1/,scenes/scene018/1/labels/sam2_meta/v1.tar:sam2/mask_to_object.json
scene018,phase1,6,remote_controller,52,107,remote_controller,remote_controller,objects_meta/remote_controller/questionnaire.json,objects/remote_controller/,objects/remote_controller/,scenes/scene018/1/labels/sam2_meta/v1.tar:sam2/mask_to_object.json
scene018,phase2,1,handy_pot,28,65,handy_pot,handy_pot,objects_meta/handy_pot/questionnaire.json,objects/handy_pot/,objects/handy_pot/,scenes/scene018/2/labels/sam2_meta/v1.tar:sam2/mask_to_object.json
scene018,phase2,2,milk_jug,43,86,milk_jug,milk_jug,objects_meta/milk_jug/questionnaire.json,objects/milk_jug/,objects/milk_jug/,scenes/scene018/2/labels/sam2_meta/v1.tar:sam2/mask_to_object.json
scene018,phase2,3,boot.2,11,18.2,boot,boot,objects_meta/boot.2/questionnaire.json,objects/boot.2/,objects/boot.2/,scenes/scene018/2/labels/sam2_meta/v1.tar:sam2/mask_to_object.json
scene018,phase2,4,doll.1,20,43.1,doll,doll,objects_meta/doll.1/questionnaire.json,objects/doll.1/,objects/doll.1/,scenes/scene018/2/labels/sam2_meta/v1.tar:sam2/mask_to_object.json
scene018,phase2,5,basting_brush.1,7,11.1,basting_brush,basting_brush,objects_meta/basting_brush.1/questionnaire.json,objects/basting_brush.1/,objects/basting_brush.1/,scenes/scene018/2/labels/sam2_meta/v1.tar:sam2/mask_to_object.json
scene018,phase2,6,remote_controller,52,107,remote_controller,remote_controller,objects_meta/remote_controller/questionnaire.json,objects/remote_controller/,objects/remote_controller/,scenes/scene018/2/labels/sam2_meta/v1.tar:sam2/mask_to_object.json
scene019,phase0,1,fry_pan.1,21,49.1,fry_pan,fry_pan,objects_meta/fry_pan.1/questionnaire.json,objects/fry_pan.1/,objects/fry_pan.1/,scenes/scene019/0/labels/sam2_meta/v1.tar:sam2/mask_to_object.json
scene019,phase0,2,beanie.2,8,13.2,beanie,beanie,objects_meta/beanie.2/questionnaire.json,objects/beanie.2/,objects/beanie.2/,scenes/scene019/0/labels/sam2_meta/v1.tar:sam2/mask_to_object.json
scene019,phase0,3,towel.2,68,144.2,towel,towel,objects_meta/towel.2/questionnaire.json,objects/towel.2/,objects/towel.2/,scenes/scene019/0/labels/sam2_meta/v1.tar:sam2/mask_to_object.json
scene019,phase0,4,pringles_can.2,50,103.2,pringles_can,pringles_can,objects_meta/pringles_can.2/questionnaire.json,objects/pringles_can.2/,objects/pringles_can.2/,scenes/scene019/0/labels/sam2_meta/v1.tar:sam2/mask_to_object.json
scene019,phase0,5,umbrella,69,147,umbrella,umbrella,objects_meta/umbrella/questionnaire.json,objects/umbrella/,objects/umbrella/,scenes/scene019/0/labels/sam2_meta/v1.tar:sam2/mask_to_object.json
scene019,phase0,6,shampoo_bottle,55,114,shampoo_bottle,shampoo_bottle,objects_meta/shampoo_bottle/questionnaire.json,objects/shampoo_bottle/,objects/shampoo_bottle/,scenes/scene019/0/labels/sam2_meta/v1.tar:sam2/mask_to_object.json
scene019,phase0,7,knife.1,37,77.1,knife,knife,objects_meta/knife.1/questionnaire.json,objects/knife.1/,objects/knife.1/,scenes/scene019/0/labels/sam2_meta/v1.tar:sam2/mask_to_object.json
scene019,phase1,1,fry_pan.1,21,49.1,fry_pan,fry_pan,objects_meta/fry_pan.1/questionnaire.json,objects/fry_pan.1/,objects/fry_pan.1/,scenes/scene019/1/labels/sam2_meta/v1.tar:sam2/mask_to_object.json
scene019,phase1,2,beanie.2,8,13.2,beanie,beanie,objects_meta/beanie.2/questionnaire.json,objects/beanie.2/,objects/beanie.2/,scenes/scene019/1/labels/sam2_meta/v1.tar:sam2/mask_to_object.json
scene019,phase1,3,towel.2,68,144.2,towel,towel,objects_meta/towel.2/questionnaire.json,objects/towel.2/,objects/towel.2/,scenes/scene019/1/labels/sam2_meta/v1.tar:sam2/mask_to_object.json
scene019,phase1,4,pringles_can.2,50,103.2,pringles_can,pringles_can,objects_meta/pringles_can.2/questionnaire.json,objects/pringles_can.2/,objects/pringles_can.2/,scenes/scene019/1/labels/sam2_meta/v1.tar:sam2/mask_to_object.json
scene019,phase1,5,umbrella,69,147,umbrella,umbrella,objects_meta/umbrella/questionnaire.json,objects/umbrella/,objects/umbrella/,scenes/scene019/1/labels/sam2_meta/v1.tar:sam2/mask_to_object.json
scene019,phase1,6,shampoo_bottle,55,114,shampoo_bottle,shampoo_bottle,objects_meta/shampoo_bottle/questionnaire.json,objects/shampoo_bottle/,objects/shampoo_bottle/,scenes/scene019/1/labels/sam2_meta/v1.tar:sam2/mask_to_object.json
scene019,phase1,7,knife.1,37,77.1,knife,knife,objects_meta/knife.1/questionnaire.json,objects/knife.1/,objects/knife.1/,scenes/scene019/1/labels/sam2_meta/v1.tar:sam2/mask_to_object.json
scene019,phase2,1,fry_pan.1,21,49.1,fry_pan,fry_pan,objects_meta/fry_pan.1/questionnaire.json,objects/fry_pan.1/,objects/fry_pan.1/,scenes/scene019/2/labels/sam2_meta/v1.tar:sam2/mask_to_object.json
scene019,phase2,2,beanie.2,8,13.2,beanie,beanie,objects_meta/beanie.2/questionnaire.json,objects/beanie.2/,objects/beanie.2/,scenes/scene019/2/labels/sam2_meta/v1.tar:sam2/mask_to_object.json
scene019,phase2,3,towel.2,68,144.2,towel,towel,objects_meta/towel.2/questionnaire.json,objects/towel.2/,objects/towel.2/,scenes/scene019/2/labels/sam2_meta/v1.tar:sam2/mask_to_object.json
scene019,phase2,4,pringles_can.2,50,103.2,pringles_can,pringles_can,objects_meta/pringles_can.2/questionnaire.json,objects/pringles_can.2/,objects/pringles_can.2/,scenes/scene019/2/labels/sam2_meta/v1.tar:sam2/mask_to_object.json
scene019,phase2,5,umbrella,69,147,umbrella,umbrella,objects_meta/umbrella/questionnaire.json,objects/umbrella/,objects/umbrella/,scenes/scene019/2/labels/sam2_meta/v1.tar:sam2/mask_to_object.json
scene019,phase2,6,shampoo_bottle,55,114,shampoo_bottle,shampoo_bottle,objects_meta/shampoo_bottle/questionnaire.json,objects/shampoo_bottle/,objects/shampoo_bottle/,scenes/scene019/2/labels/sam2_meta/v1.tar:sam2/mask_to_object.json
scene019,phase2,7,knife.1,37,77.1,knife,knife,objects_meta/knife.1/questionnaire.json,objects/knife.1/,objects/knife.1/,scenes/scene019/2/labels/sam2_meta/v1.tar:sam2/mask_to_object.json
scene020,phase0,1,air_duster_can,1,1,air_duster_can,air_duster_can,objects_meta/air_duster_can/questionnaire.json,objects/air_duster_can/,objects/air_duster_can/,scenes/scene020/0/labels/sam2_meta/v1.tar:sam2/mask_to_object.json
scene020,phase0,2,cracker_box,18,38,cracker_box,cracker_box,objects_meta/cracker_box/questionnaire.json,objects/cracker_box/,objects/cracker_box/,scenes/scene020/0/labels/sam2_meta/v1.tar:sam2/mask_to_object.json
scene020,phase0,3,cable,13,23,cable,cable,objects_meta/cable/questionnaire.json,objects/cable/,objects/cable/,scenes/scene020/0/labels/sam2_meta/v1.tar:sam2/mask_to_object.json
scene020,phase0,4,hairbrush,26,62,hair_brush,hair_brush,objects_meta/hairbrush/questionnaire.json,objects/hairbrush/,objects/hairbrush/,scenes/scene020/0/labels/sam2_meta/v1.tar:sam2/mask_to_object.json
scene020,phase0,5,spatula.2,60,124.2,spatula,spatula,objects_meta/spatula.2/questionnaire.json,objects/spatula.2/,objects/spatula.2/,scenes/scene020/0/labels/sam2_meta/v1.tar:sam2/mask_to_object.json
scene020,phase0,6,bowl.1,12,20.1,bowl,bowl,objects_meta/bowl.1/questionnaire.json,objects/bowl.1/,objects/bowl.1/,scenes/scene020/0/labels/sam2_meta/v1.tar:sam2/mask_to_object.json
scene020,phase0,7,jar,33,71,jar,jar,objects_meta/jar/questionnaire.json,objects/jar/,objects/jar/,scenes/scene020/0/labels/sam2_meta/v1.tar:sam2/mask_to_object.json
scene020,phase1,1,air_duster_can,1,1,air_duster_can,air_duster_can,objects_meta/air_duster_can/questionnaire.json,objects/air_duster_can/,objects/air_duster_can/,scenes/scene020/1/labels/sam2_meta/v1.tar:sam2/mask_to_object.json
scene020,phase1,2,cracker_box,18,38,cracker_box,cracker_box,objects_meta/cracker_box/questionnaire.json,objects/cracker_box/,objects/cracker_box/,scenes/scene020/1/labels/sam2_meta/v1.tar:sam2/mask_to_object.json
scene020,phase1,3,cable,13,23,cable,cable,objects_meta/cable/questionnaire.json,objects/cable/,objects/cable/,scenes/scene020/1/labels/sam2_meta/v1.tar:sam2/mask_to_object.json
scene020,phase1,4,hairbrush,26,62,hair_brush,hair_brush,objects_meta/hairbrush/questionnaire.json,objects/hairbrush/,objects/hairbrush/,scenes/scene020/1/labels/sam2_meta/v1.tar:sam2/mask_to_object.json
scene020,phase1,5,spatula.2,60,124.2,spatula,spatula,objects_meta/spatula.2/questionnaire.json,objects/spatula.2/,objects/spatula.2/,scenes/scene020/1/labels/sam2_meta/v1.tar:sam2/mask_to_object.json
scene020,phase1,6,bowl.1,12,20.1,bowl,bowl,objects_meta/bowl.1/questionnaire.json,objects/bowl.1/,objects/bowl.1/,scenes/scene020/1/labels/sam2_meta/v1.tar:sam2/mask_to_object.json
scene020,phase1,7,jar,33,71,jar,jar,objects_meta/jar/questionnaire.json,objects/jar/,objects/jar/,scenes/scene020/1/labels/sam2_meta/v1.tar:sam2/mask_to_object.json
scene020,phase2,1,air_duster_can,1,1,air_duster_can,air_duster_can,objects_meta/air_duster_can/questionnaire.json,objects/air_duster_can/,objects/air_duster_can/,scenes/scene020/2/labels/sam2_meta/v1.tar:sam2/mask_to_object.json
scene020,phase2,2,cracker_box,18,38,cracker_box,cracker_box,objects_meta/cracker_box/questionnaire.json,objects/cracker_box/,objects/cracker_box/,scenes/scene020/2/labels/sam2_meta/v1.tar:sam2/mask_to_object.json
scene020,phase2,3,cable,13,23,cable,cable,objects_meta/cable/questionnaire.json,objects/cable/,objects/cable/,scenes/scene020/2/labels/sam2_meta/v1.tar:sam2/mask_to_object.json
scene020,phase2,4,hairbrush,26,62,hair_brush,hair_brush,objects_meta/hairbrush/questionnaire.json,objects/hairbrush/,objects/hairbrush/,scenes/scene020/2/labels/sam2_meta/v1.tar:sam2/mask_to_object.json
scene020,phase2,5,spatula.2,60,124.2,spatula,spatula,objects_meta/spatula.2/questionnaire.json,objects/spatula.2/,objects/spatula.2/,scenes/scene020/2/labels/sam2_meta/v1.tar:sam2/mask_to_object.json
scene020,phase2,6,bowl.1,12,20.1,bowl,bowl,objects_meta/bowl.1/questionnaire.json,objects/bowl.1/,objects/bowl.1/,scenes/scene020/2/labels/sam2_meta/v1.tar:sam2/mask_to_object.json
scene020,phase2,7,jar,33,71,jar,jar,objects_meta/jar/questionnaire.json,objects/jar/,objects/jar/,scenes/scene020/2/labels/sam2_meta/v1.tar:sam2/mask_to_object.json
scene021,phase0,1,handy_pot,28,65,handy_pot,handy_pot,objects_meta/handy_pot/questionnaire.json,objects/handy_pot/,objects/handy_pot/,scenes/scene021/0/labels/sam2_meta/v1.tar:sam2/mask_to_object.json
scene021,phase0,2,basting_brush.1,7,11.1,basting_brush,basting_brush,objects_meta/basting_brush.1/questionnaire.json,objects/basting_brush.1/,objects/basting_brush.1/,scenes/scene021/0/labels/sam2_meta/v1.tar:sam2/mask_to_object.json
scene021,phase0,3,doll.1,20,43.1,doll,doll,objects_meta/doll.1/questionnaire.json,objects/doll.1/,objects/doll.1/,scenes/scene021/0/labels/sam2_meta/v1.tar:sam2/mask_to_object.json
scene021,phase0,4,cable,13,23,cable,cable,objects_meta/cable/questionnaire.json,objects/cable/,objects/cable/,scenes/scene021/0/labels/sam2_meta/v1.tar:sam2/mask_to_object.json
scene021,phase0,5,hammer.2,27,63.2,hammer,hammer,objects_meta/hammer.2/questionnaire.json,objects/hammer.2/,objects/hammer.2/,scenes/scene021/0/labels/sam2_meta/v1.tar:sam2/mask_to_object.json
scene021,phase0,6,banana,5,9,banana,banana,objects_meta/banana/questionnaire.json,objects/banana/,objects/banana/,scenes/scene021/0/labels/sam2_meta/v1.tar:sam2/mask_to_object.json
scene021,phase0,7,t-handle.2,63,133.2,t-handle,t-handle,objects_meta/t-handle.2/questionnaire.json,objects/t-handle.2/,objects/t-handle.2/,scenes/scene021/0/labels/sam2_meta/v1.tar:sam2/mask_to_object.json
scene021,phase1,1,handy_pot,28,65,handy_pot,handy_pot,objects_meta/handy_pot/questionnaire.json,objects/handy_pot/,objects/handy_pot/,scenes/scene021/1/labels/sam2_meta/v1.tar:sam2/mask_to_object.json
scene021,phase1,2,basting_brush.1,7,11.1,basting_brush,basting_brush,objects_meta/basting_brush.1/questionnaire.json,objects/basting_brush.1/,objects/basting_brush.1/,scenes/scene021/1/labels/sam2_meta/v1.tar:sam2/mask_to_object.json
scene021,phase1,3,doll.1,20,43.1,doll,doll,objects_meta/doll.1/questionnaire.json,objects/doll.1/,objects/doll.1/,scenes/scene021/1/labels/sam2_meta/v1.tar:sam2/mask_to_object.json
scene021,phase1,4,cable,13,23,cable,cable,objects_meta/cable/questionnaire.json,objects/cable/,objects/cable/,scenes/scene021/1/labels/sam2_meta/v1.tar:sam2/mask_to_object.json
scene021,phase1,5,hammer.2,27,63.2,hammer,hammer,objects_meta/hammer.2/questionnaire.json,objects/hammer.2/,objects/hammer.2/,scenes/scene021/1/labels/sam2_meta/v1.tar:sam2/mask_to_object.json
scene021,phase1,6,banana,5,9,banana,banana,objects_meta/banana/questionnaire.json,objects/banana/,objects/banana/,scenes/scene021/1/labels/sam2_meta/v1.tar:sam2/mask_to_object.json
scene021,phase1,7,t-handle.2,63,133.2,t-handle,t-handle,objects_meta/t-handle.2/questionnaire.json,objects/t-handle.2/,objects/t-handle.2/,scenes/scene021/1/labels/sam2_meta/v1.tar:sam2/mask_to_object.json
scene021,phase2,1,handy_pot,28,65,handy_pot,handy_pot,objects_meta/handy_pot/questionnaire.json,objects/handy_pot/,objects/handy_pot/,scenes/scene021/2/labels/sam2_meta/v1.tar:sam2/mask_to_object.json
scene021,phase2,2,basting_brush.1,7,11.1,basting_brush,basting_brush,objects_meta/basting_brush.1/questionnaire.json,objects/basting_brush.1/,objects/basting_brush.1/,scenes/scene021/2/labels/sam2_meta/v1.tar:sam2/mask_to_object.json
scene021,phase2,3,doll.1,20,43.1,doll,doll,objects_meta/doll.1/questionnaire.json,objects/doll.1/,objects/doll.1/,scenes/scene021/2/labels/sam2_meta/v1.tar:sam2/mask_to_object.json
scene021,phase2,4,cable,13,23,cable,cable,objects_meta/cable/questionnaire.json,objects/cable/,objects/cable/,scenes/scene021/2/labels/sam2_meta/v1.tar:sam2/mask_to_object.json
scene021,phase2,5,hammer.2,27,63.2,hammer,hammer,objects_meta/hammer.2/questionnaire.json,objects/hammer.2/,objects/hammer.2/,scenes/scene021/2/labels/sam2_meta/v1.tar:sam2/mask_to_object.json
scene021,phase2,6,banana,5,9,banana,banana,objects_meta/banana/questionnaire.json,objects/banana/,objects/banana/,scenes/scene021/2/labels/sam2_meta/v1.tar:sam2/mask_to_object.json
scene021,phase2,7,t-handle.2,63,133.2,t-handle,t-handle,objects_meta/t-handle.2/questionnaire.json,objects/t-handle.2/,objects/t-handle.2/,scenes/scene021/2/labels/sam2_meta/v1.tar:sam2/mask_to_object.json
scene022,phase0,1,root_beer_bottle,53,109,root_beer_bottle,root_beer_bottle,objects_meta/root_beer_bottle/questionnaire.json,objects/root_beer_bottle/,objects/root_beer_bottle/,scenes/scene022/0/labels/sam2_meta/v1.tar:sam2/mask_to_object.json
scene022,phase0,2,shoe.1,56,117.1,shoe,shoe,objects_meta/shoe.1/questionnaire.json,objects/shoe.1/,objects/shoe.1/,scenes/scene022/0/labels/sam2_meta/v1.tar:sam2/mask_to_object.json
scene022,phase0,3,instant_noodle_packet,32,70,instant_noodle_packet,instant_noodle_packet,objects_meta/instant_noodle_packet/questionnaire.json,objects/instant_noodle_packet/,objects/instant_noodle_packet/,scenes/scene022/0/labels/sam2_meta/v1.tar:sam2/mask_to_object.json
scene022,phase0,4,glue_bottle.1,25,58.1,glue_bottle,glue_bottle,objects_meta/glue_bottle.1/questionnaire.json,objects/glue_bottle.1/,objects/glue_bottle.1/,scenes/scene022/0/labels/sam2_meta/v1.tar:sam2/mask_to_object.json
scene022,phase0,5,remote_controller,52,107,remote_controller,remote_controller,objects_meta/remote_controller/questionnaire.json,objects/remote_controller/,objects/remote_controller/,scenes/scene022/0/labels/sam2_meta/v1.tar:sam2/mask_to_object.json
scene022,phase0,6,candy_bar.1,14,25.1,candy_bar,candy_bar,objects_meta/candy_bar.1/questionnaire.json,objects/candy_bar.1/,objects/candy_bar.1/,scenes/scene022/0/labels/sam2_meta/v1.tar:sam2/mask_to_object.json
scene022,phase0,7,pear,47,95,pear,pear,objects_meta/pear/questionnaire.json,objects/pear/,objects/pear/,scenes/scene022/0/labels/sam2_meta/v1.tar:sam2/mask_to_object.json
scene022,phase1,1,root_beer_bottle,53,109,root_beer_bottle,root_beer_bottle,objects_meta/root_beer_bottle/questionnaire.json,objects/root_beer_bottle/,objects/root_beer_bottle/,scenes/scene022/1/labels/sam2_meta/v1.tar:sam2/mask_to_object.json
scene022,phase1,2,shoe.1,56,117.1,shoe,shoe,objects_meta/shoe.1/questionnaire.json,objects/shoe.1/,objects/shoe.1/,scenes/scene022/1/labels/sam2_meta/v1.tar:sam2/mask_to_object.json
scene022,phase1,3,instant_noodle_packet,32,70,instant_noodle_packet,instant_noodle_packet,objects_meta/instant_noodle_packet/questionnaire.json,objects/instant_noodle_packet/,objects/instant_noodle_packet/,scenes/scene022/1/labels/sam2_meta/v1.tar:sam2/mask_to_object.json
scene022,phase1,4,glue_bottle.1,25,58.1,glue_bottle,glue_bottle,objects_meta/glue_bottle.1/questionnaire.json,objects/glue_bottle.1/,objects/glue_bottle.1/,scenes/scene022/1/labels/sam2_meta/v1.tar:sam2/mask_to_object.json
scene022,phase1,5,remote_controller,52,107,remote_controller,remote_controller,objects_meta/remote_controller/questionnaire.json,objects/remote_controller/,objects/remote_controller/,scenes/scene022/1/labels/sam2_meta/v1.tar:sam2/mask_to_object.json
scene022,phase1,6,candy_bar.1,14,25.1,candy_bar,candy_bar,objects_meta/candy_bar.1/questionnaire.json,objects/candy_bar.1/,objects/candy_bar.1/,scenes/scene022/1/labels/sam2_meta/v1.tar:sam2/mask_to_object.json
scene022,phase1,7,pear,47,95,pear,pear,objects_meta/pear/questionnaire.json,objects/pear/,objects/pear/,scenes/scene022/1/labels/sam2_meta/v1.tar:sam2/mask_to_object.json
scene022,phase2,1,root_beer_bottle,53,109,root_beer_bottle,root_beer_bottle,objects_meta/root_beer_bottle/questionnaire.json,objects/root_beer_bottle/,objects/root_beer_bottle/,scenes/scene022/2/labels/sam2_meta/v1.tar:sam2/mask_to_object.json
scene022,phase2,2,shoe.1,56,117.1,shoe,shoe,objects_meta/shoe.1/questionnaire.json,objects/shoe.1/,objects/shoe.1/,scenes/scene022/2/labels/sam2_meta/v1.tar:sam2/mask_to_object.json
scene022,phase2,3,instant_noodle_packet,32,70,instant_noodle_packet,instant_noodle_packet,objects_meta/instant_noodle_packet/questionnaire.json,objects/instant_noodle_packet/,objects/instant_noodle_packet/,scenes/scene022/2/labels/sam2_meta/v1.tar:sam2/mask_to_object.json
scene022,phase2,4,glue_bottle.1,25,58.1,glue_bottle,glue_bottle,objects_meta/glue_bottle.1/questionnaire.json,objects/glue_bottle.1/,objects/glue_bottle.1/,scenes/scene022/2/labels/sam2_meta/v1.tar:sam2/mask_to_object.json
scene022,phase2,5,remote_controller,52,107,remote_controller,remote_controller,objects_meta/remote_controller/questionnaire.json,objects/remote_controller/,objects/remote_controller/,scenes/scene022/2/labels/sam2_meta/v1.tar:sam2/mask_to_object.json
scene022,phase2,6,candy_bar.1,14,25.1,candy_bar,candy_bar,objects_meta/candy_bar.1/questionnaire.json,objects/candy_bar.1/,objects/candy_bar.1/,scenes/scene022/2/labels/sam2_meta/v1.tar:sam2/mask_to_object.json
scene022,phase2,7,pear,47,95,pear,pear,objects_meta/pear/questionnaire.json,objects/pear/,objects/pear/,scenes/scene022/2/labels/sam2_meta/v1.tar:sam2/mask_to_object.json
scene023,phase0,1,mouse.3,44,87.3,mouse,mouse,objects_meta/mouse.3/questionnaire.json,objects/mouse.3/,objects/mouse.3/,scenes/scene023/0/labels/sam2_meta/v1.tar:sam2/mask_to_object.json
scene023,phase0,2,coffee_can.1,17,37.1,coffee_can,coffee_can,objects_meta/coffee_can.1/questionnaire.json,objects/coffee_can.1/,objects/coffee_can.1/,scenes/scene023/0/labels/sam2_meta/v1.tar:sam2/mask_to_object.json
scene023,phase0,3,baking_tray.1,4,7.1,baking_tray,baking_tray,objects_meta/baking_tray.1/questionnaire.json,objects/baking_tray.1/,objects/baking_tray.1/,scenes/scene023/0/labels/sam2_meta/v1.tar:sam2/mask_to_object.json
scene023,phase0,4,lion.2,39,82.2,lion,lion,objects_meta/lion.2/questionnaire.json,objects/lion.2/,objects/lion.2/,scenes/scene023/0/labels/sam2_meta/v1.tar:sam2/mask_to_object.json
scene023,phase0,5,bowl.1,12,20.1,bowl,bowl,objects_meta/bowl.1/questionnaire.json,objects/bowl.1/,objects/bowl.1/,scenes/scene023/0/labels/sam2_meta/v1.tar:sam2/mask_to_object.json
scene023,phase0,6,milk_box.1,42,85.1,milk_box,milk_box,objects_meta/milk_box.1/questionnaire.json,objects/milk_box.1/,objects/milk_box.1/,scenes/scene023/0/labels/sam2_meta/v1.tar:sam2/mask_to_object.json
scene023,phase0,7,hairbrush,26,62,hair_brush,hair_brush,objects_meta/hairbrush/questionnaire.json,objects/hairbrush/,objects/hairbrush/,scenes/scene023/0/labels/sam2_meta/v1.tar:sam2/mask_to_object.json
scene023,phase1,1,mouse.3,44,87.3,mouse,mouse,objects_meta/mouse.3/questionnaire.json,objects/mouse.3/,objects/mouse.3/,scenes/scene023/1/labels/sam2_meta/v1.tar:sam2/mask_to_object.json
scene023,phase1,2,coffee_can.1,17,37.1,coffee_can,coffee_can,objects_meta/coffee_can.1/questionnaire.json,objects/coffee_can.1/,objects/coffee_can.1/,scenes/scene023/1/labels/sam2_meta/v1.tar:sam2/mask_to_object.json
scene023,phase1,3,baking_tray.1,4,7.1,baking_tray,baking_tray,objects_meta/baking_tray.1/questionnaire.json,objects/baking_tray.1/,objects/baking_tray.1/,scenes/scene023/1/labels/sam2_meta/v1.tar:sam2/mask_to_object.json
scene023,phase1,4,lion.2,39,82.2,lion,lion,objects_meta/lion.2/questionnaire.json,objects/lion.2/,objects/lion.2/,scenes/scene023/1/labels/sam2_meta/v1.tar:sam2/mask_to_object.json
scene023,phase1,5,bowl.1,12,20.1,bowl,bowl,objects_meta/bowl.1/questionnaire.json,objects/bowl.1/,objects/bowl.1/,scenes/scene023/1/labels/sam2_meta/v1.tar:sam2/mask_to_object.json
scene023,phase1,6,milk_box.1,42,85.1,milk_box,milk_box,objects_meta/milk_box.1/questionnaire.json,objects/milk_box.1/,objects/milk_box.1/,scenes/scene023/1/labels/sam2_meta/v1.tar:sam2/mask_to_object.json
scene023,phase1,7,hairbrush,26,62,hair_brush,hair_brush,objects_meta/hairbrush/questionnaire.json,objects/hairbrush/,objects/hairbrush/,scenes/scene023/1/labels/sam2_meta/v1.tar:sam2/mask_to_object.json
scene023,phase2,1,mouse.3,44,87.3,mouse,mouse,objects_meta/mouse.3/questionnaire.json,objects/mouse.3/,objects/mouse.3/,scenes/scene023/2/labels/sam2_meta/v1.tar:sam2/mask_to_object.json
scene023,phase2,2,coffee_can.1,17,37.1,coffee_can,coffee_can,objects_meta/coffee_can.1/questionnaire.json,objects/coffee_can.1/,objects/coffee_can.1/,scenes/scene023/2/labels/sam2_meta/v1.tar:sam2/mask_to_object.json
scene023,phase2,3,baking_tray.1,4,7.1,baking_tray,baking_tray,objects_meta/baking_tray.1/questionnaire.json,objects/baking_tray.1/,objects/baking_tray.1/,scenes/scene023/2/labels/sam2_meta/v1.tar:sam2/mask_to_object.json
scene023,phase2,4,lion.2,39,82.2,lion,lion,objects_meta/lion.2/questionnaire.json,objects/lion.2/,objects/lion.2/,scenes/scene023/2/labels/sam2_meta/v1.tar:sam2/mask_to_object.json
scene023,phase2,5,bowl.1,12,20.1,bowl,bowl,objects_meta/bowl.1/questionnaire.json,objects/bowl.1/,objects/bowl.1/,scenes/scene023/2/labels/sam2_meta/v1.tar:sam2/mask_to_object.json
scene023,phase2,6,milk_box.1,42,85.1,milk_box,milk_box,objects_meta/milk_box.1/questionnaire.json,objects/milk_box.1/,objects/milk_box.1/,scenes/scene023/2/labels/sam2_meta/v1.tar:sam2/mask_to_object.json
scene023,phase2,7,hairbrush,26,62,hair_brush,hair_brush,objects_meta/hairbrush/questionnaire.json,objects/hairbrush/,objects/hairbrush/,scenes/scene023/2/labels/sam2_meta/v1.tar:sam2/mask_to_object.json
scene024,phase0,1,cracker_box,18,38,cracker_box,cracker_box,objects_meta/cracker_box/questionnaire.json,objects/cracker_box/,objects/cracker_box/,scenes/scene024/0/labels/sam2_meta/v1.tar:sam2/mask_to_object.json
scene024,phase0,2,bear.1,9,14.1,bear,bear,objects_meta/bear.1/questionnaire.json,objects/bear.1/,objects/bear.1/,scenes/scene024/0/labels/sam2_meta/v1.tar:sam2/mask_to_object.json
scene024,phase0,3,cleaning_brush,15,34,cleaning_brush,cleaning_brush,objects_meta/cleaning_brush/questionnaire.json,objects/cleaning_brush/,objects/cleaning_brush/,scenes/scene024/0/labels/sam2_meta/v1.tar:sam2/mask_to_object.json
scene024,phase0,4,cup.1,19,40.1,cup,cup,objects_meta/cup.1/questionnaire.json,objects/cup.1/,objects/cup.1/,scenes/scene024/0/labels/sam2_meta/v1.tar:sam2/mask_to_object.json
scene024,phase0,5,alarm_clock,2,3,alarm_clock,alarm_clock,objects_meta/alarm_clock/questionnaire.json,objects/alarm_clock/,objects/alarm_clock/,scenes/scene024/0/labels/sam2_meta/v1.tar:sam2/mask_to_object.json
scene024,phase0,6,sponge,61,125,sponge,sponge,objects_meta/sponge/questionnaire.json,objects/sponge/,objects/sponge/,scenes/scene024/0/labels/sam2_meta/v1.tar:sam2/mask_to_object.json
scene024,phase0,7,coffee_bottle,16,36,coffee_bottle,coffee_bottle,objects_meta/coffee_bottle/questionnaire.json,objects/coffee_bottle/,objects/coffee_bottle/,scenes/scene024/0/labels/sam2_meta/v1.tar:sam2/mask_to_object.json
scene024,phase1,1,cracker_box,18,38,cracker_box,cracker_box,objects_meta/cracker_box/questionnaire.json,objects/cracker_box/,objects/cracker_box/,scenes/scene024/1/labels/sam2_meta/v1.tar:sam2/mask_to_object.json
scene024,phase1,2,bear.1,9,14.1,bear,bear,objects_meta/bear.1/questionnaire.json,objects/bear.1/,objects/bear.1/,scenes/scene024/1/labels/sam2_meta/v1.tar:sam2/mask_to_object.json
scene024,phase1,3,cleaning_brush,15,34,cleaning_brush,cleaning_brush,objects_meta/cleaning_brush/questionnaire.json,objects/cleaning_brush/,objects/cleaning_brush/,scenes/scene024/1/labels/sam2_meta/v1.tar:sam2/mask_to_object.json
scene024,phase1,4,cup.1,19,40.1,cup,cup,objects_meta/cup.1/questionnaire.json,objects/cup.1/,objects/cup.1/,scenes/scene024/1/labels/sam2_meta/v1.tar:sam2/mask_to_object.json
scene024,phase1,5,alarm_clock,2,3,alarm_clock,alarm_clock,objects_meta/alarm_clock/questionnaire.json,objects/alarm_clock/,objects/alarm_clock/,scenes/scene024/1/labels/sam2_meta/v1.tar:sam2/mask_to_object.json
scene024,phase1,6,sponge,61,125,sponge,sponge,objects_meta/sponge/questionnaire.json,objects/sponge/,objects/sponge/,scenes/scene024/1/labels/sam2_meta/v1.tar:sam2/mask_to_object.json
scene024,phase1,7,coffee_bottle,16,36,coffee_bottle,coffee_bottle,objects_meta/coffee_bottle/questionnaire.json,objects/coffee_bottle/,objects/coffee_bottle/,scenes/scene024/1/labels/sam2_meta/v1.tar:sam2/mask_to_object.json
scene024,phase2,1,cracker_box,18,38,cracker_box,cracker_box,objects_meta/cracker_box/questionnaire.json,objects/cracker_box/,objects/cracker_box/,scenes/scene024/2/labels/sam2_meta/v1.tar:sam2/mask_to_object.json
scene024,phase2,2,bear.1,9,14.1,bear,bear,objects_meta/bear.1/questionnaire.json,objects/bear.1/,objects/bear.1/,scenes/scene024/2/labels/sam2_meta/v1.tar:sam2/mask_to_object.json
scene024,phase2,3,cleaning_brush,15,34,cleaning_brush,cleaning_brush,objects_meta/cleaning_brush/questionnaire.json,objects/cleaning_brush/,objects/cleaning_brush/,scenes/scene024/2/labels/sam2_meta/v1.tar:sam2/mask_to_object.json
scene024,phase2,4,cup.1,19,40.1,cup,cup,objects_meta/cup.1/questionnaire.json,objects/cup.1/,objects/cup.1/,scenes/scene024/2/labels/sam2_meta/v1.tar:sam2/mask_to_object.json
scene024,phase2,5,alarm_clock,2,3,alarm_clock,alarm_clock,objects_meta/alarm_clock/questionnaire.json,objects/alarm_clock/,objects/alarm_clock/,scenes/scene024/2/labels/sam2_meta/v1.tar:sam2/mask_to_object.json
scene024,phase2,6,sponge,61,125,sponge,sponge,objects_meta/sponge/questionnaire.json,objects/sponge/,objects/sponge/,scenes/scene024/2/labels/sam2_meta/v1.tar:sam2/mask_to_object.json
scene024,phase2,7,coffee_bottle,16,36,coffee_bottle,coffee_bottle,objects_meta/coffee_bottle/questionnaire.json,objects/coffee_bottle/,objects/coffee_bottle/,scenes/scene024/2/labels/sam2_meta/v1.tar:sam2/mask_to_object.json
scene025,phase0,1,headphone,30,67,headphone,headphone,objects_meta/headphone/questionnaire.json,objects/headphone/,objects/headphone/,scenes/scene025/0/labels/sam2_meta/v1.tar:sam2/mask_to_object.json
scene025,phase0,2,tape_measure,64,135,tape_measure,tape_measure,objects_meta/tape_measure/questionnaire.json,objects/tape_measure/,objects/tape_measure/,scenes/scene025/0/labels/sam2_meta/v1.tar:sam2/mask_to_object.json
scene025,phase0,3,kettle,36,74,kettle,kettle,objects_meta/kettle/questionnaire.json,objects/kettle/,objects/kettle/,scenes/scene025/0/labels/sam2_meta/v1.tar:sam2/mask_to_object.json
scene025,phase0,4,juice_pouch.2,35,73.2,juice_pouch,juice_pouch,objects_meta/juice_pouch.2/questionnaire.json,objects/juice_pouch.2/,objects/juice_pouch.2/,scenes/scene025/0/labels/sam2_meta/v1.tar:sam2/mask_to_object.json
scene025,phase0,5,spray_bottle.2,62,127.2,spray_bottle,spray_bottle,objects_meta/spray_bottle.2/questionnaire.json,objects/spray_bottle.2/,objects/spray_bottle.2/,scenes/scene025/0/labels/sam2_meta/v1.tar:sam2/mask_to_object.json
scene025,phase0,6,shampoo_bottle,55,114,shampoo_bottle,shampoo_bottle,objects_meta/shampoo_bottle/questionnaire.json,objects/shampoo_bottle/,objects/shampoo_bottle/,scenes/scene025/0/labels/sam2_meta/v1.tar:sam2/mask_to_object.json
scene025,phase0,7,mug.2,45,88.2,mug,mug,objects_meta/mug.2/questionnaire.json,objects/mug.2/,objects/mug.2/,scenes/scene025/0/labels/sam2_meta/v1.tar:sam2/mask_to_object.json
scene025,phase1,1,headphone,30,67,headphone,headphone,objects_meta/headphone/questionnaire.json,objects/headphone/,objects/headphone/,scenes/scene025/1/labels/sam2_meta/v1.tar:sam2/mask_to_object.json
scene025,phase1,2,tape_measure,64,135,tape_measure,tape_measure,objects_meta/tape_measure/questionnaire.json,objects/tape_measure/,objects/tape_measure/,scenes/scene025/1/labels/sam2_meta/v1.tar:sam2/mask_to_object.json
scene025,phase1,3,kettle,36,74,kettle,kettle,objects_meta/kettle/questionnaire.json,objects/kettle/,objects/kettle/,scenes/scene025/1/labels/sam2_meta/v1.tar:sam2/mask_to_object.json
scene025,phase1,4,juice_pouch.2,35,73.2,juice_pouch,juice_pouch,objects_meta/juice_pouch.2/questionnaire.json,objects/juice_pouch.2/,objects/juice_pouch.2/,scenes/scene025/1/labels/sam2_meta/v1.tar:sam2/mask_to_object.json
scene025,phase1,5,spray_bottle.2,62,127.2,spray_bottle,spray_bottle,objects_meta/spray_bottle.2/questionnaire.json,objects/spray_bottle.2/,objects/spray_bottle.2/,scenes/scene025/1/labels/sam2_meta/v1.tar:sam2/mask_to_object.json
scene025,phase1,6,shampoo_bottle,55,114,shampoo_bottle,shampoo_bottle,objects_meta/shampoo_bottle/questionnaire.json,objects/shampoo_bottle/,objects/shampoo_bottle/,scenes/scene025/1/labels/sam2_meta/v1.tar:sam2/mask_to_object.json
scene025,phase1,7,mug.2,45,88.2,mug,mug,objects_meta/mug.2/questionnaire.json,objects/mug.2/,objects/mug.2/,scenes/scene025/1/labels/sam2_meta/v1.tar:sam2/mask_to_object.json
scene025,phase2,1,headphone,30,67,headphone,headphone,objects_meta/headphone/questionnaire.json,objects/headphone/,objects/headphone/,scenes/scene025/2/labels/sam2_meta/v1.tar:sam2/mask_to_object.json
scene025,phase2,2,tape_measure,64,135,tape_measure,tape_measure,objects_meta/tape_measure/questionnaire.json,objects/tape_measure/,objects/tape_measure/,scenes/scene025/2/labels/sam2_meta/v1.tar:sam2/mask_to_object.json
scene025,phase2,3,kettle,36,74,kettle,kettle,objects_meta/kettle/questionnaire.json,objects/kettle/,objects/kettle/,scenes/scene025/2/labels/sam2_meta/v1.tar:sam2/mask_to_object.json
scene025,phase2,4,juice_pouch.2,35,73.2,juice_pouch,juice_pouch,objects_meta/juice_pouch.2/questionnaire.json,objects/juice_pouch.2/,objects/juice_pouch.2/,scenes/scene025/2/labels/sam2_meta/v1.tar:sam2/mask_to_object.json
scene025,phase2,5,spray_bottle.2,62,127.2,spray_bottle,spray_bottle,objects_meta/spray_bottle.2/questionnaire.json,objects/spray_bottle.2/,objects/spray_bottle.2/,scenes/scene025/2/labels/sam2_meta/v1.tar:sam2/mask_to_object.json
scene025,phase2,6,shampoo_bottle,55,114,shampoo_bottle,shampoo_bottle,objects_meta/shampoo_bottle/questionnaire.json,objects/shampoo_bottle/,objects/shampoo_bottle/,scenes/scene025/2/labels/sam2_meta/v1.tar:sam2/mask_to_object.json
scene025,phase2,7,mug.2,45,88.2,mug,mug,objects_meta/mug.2/questionnaire.json,objects/mug.2/,objects/mug.2/,scenes/scene025/2/labels/sam2_meta/v1.tar:sam2/mask_to_object.json
scene026,phase0,1,baseball_ball,6,10,baseball_ball,baseball_ball,objects_meta/baseball_ball/questionnaire.json,objects/baseball_ball/,objects/baseball_ball/,scenes/scene026/0/labels/sam2_meta/v1.tar:sam2/mask_to_object.json
scene026,phase0,2,power_drill,49,102,power_drill,power_drill,objects_meta/power_drill/questionnaire.json,objects/power_drill/,objects/power_drill/,scenes/scene026/0/labels/sam2_meta/v1.tar:sam2/mask_to_object.json
scene026,phase0,3,fry_pan.1,21,49.1,fry_pan,fry_pan,objects_meta/fry_pan.1/questionnaire.json,objects/fry_pan.1/,objects/fry_pan.1/,scenes/scene026/0/labels/sam2_meta/v1.tar:sam2/mask_to_object.json
scene026,phase0,4,milk_jug,43,86,milk_jug,milk_jug,objects_meta/milk_jug/questionnaire.json,objects/milk_jug/,objects/milk_jug/,scenes/scene026/0/labels/sam2_meta/v1.tar:sam2/mask_to_object.json
scene026,phase0,5,peeler.2,48,96.2,peeler,peeler,objects_meta/peeler.2/questionnaire.json,objects/peeler.2/,objects/peeler.2/,scenes/scene026/0/labels/sam2_meta/v1.tar:sam2/mask_to_object.json
scene026,phase0,6,ladle,38,78,ladle,ladle,objects_meta/ladle/questionnaire.json,objects/ladle/,objects/ladle/,scenes/scene026/0/labels/sam2_meta/v1.tar:sam2/mask_to_object.json
scene026,phase0,7,teapot,65,137,teapot,teapot,objects_meta/teapot/questionnaire.json,objects/teapot/,objects/teapot/,scenes/scene026/0/labels/sam2_meta/v1.tar:sam2/mask_to_object.json
scene026,phase1,1,baseball_ball,6,10,baseball_ball,baseball_ball,objects_meta/baseball_ball/questionnaire.json,objects/baseball_ball/,objects/baseball_ball/,scenes/scene026/1/labels/sam2_meta/v1.tar:sam2/mask_to_object.json
scene026,phase1,2,power_drill,49,102,power_drill,power_drill,objects_meta/power_drill/questionnaire.json,objects/power_drill/,objects/power_drill/,scenes/scene026/1/labels/sam2_meta/v1.tar:sam2/mask_to_object.json
scene026,phase1,3,fry_pan.1,21,49.1,fry_pan,fry_pan,objects_meta/fry_pan.1/questionnaire.json,objects/fry_pan.1/,objects/fry_pan.1/,scenes/scene026/1/labels/sam2_meta/v1.tar:sam2/mask_to_object.json
scene026,phase1,4,milk_jug,43,86,milk_jug,milk_jug,objects_meta/milk_jug/questionnaire.json,objects/milk_jug/,objects/milk_jug/,scenes/scene026/1/labels/sam2_meta/v1.tar:sam2/mask_to_object.json
scene026,phase1,5,peeler.2,48,96.2,peeler,peeler,objects_meta/peeler.2/questionnaire.json,objects/peeler.2/,objects/peeler.2/,scenes/scene026/1/labels/sam2_meta/v1.tar:sam2/mask_to_object.json
scene026,phase1,6,ladle,38,78,ladle,ladle,objects_meta/ladle/questionnaire.json,objects/ladle/,objects/ladle/,scenes/scene026/1/labels/sam2_meta/v1.tar:sam2/mask_to_object.json
scene026,phase1,7,teapot,65,137,teapot,teapot,objects_meta/teapot/questionnaire.json,objects/teapot/,objects/teapot/,scenes/scene026/1/labels/sam2_meta/v1.tar:sam2/mask_to_object.json
scene026,phase2,1,baseball_ball,6,10,baseball_ball,baseball_ball,objects_meta/baseball_ball/questionnaire.json,objects/baseball_ball/,objects/baseball_ball/,scenes/scene026/2/labels/sam2_meta/v1.tar:sam2/mask_to_object.json
scene026,phase2,2,power_drill,49,102,power_drill,power_drill,objects_meta/power_drill/questionnaire.json,objects/power_drill/,objects/power_drill/,scenes/scene026/2/labels/sam2_meta/v1.tar:sam2/mask_to_object.json
scene026,phase2,3,fry_pan.1,21,49.1,fry_pan,fry_pan,objects_meta/fry_pan.1/questionnaire.json,objects/fry_pan.1/,objects/fry_pan.1/,scenes/scene026/2/labels/sam2_meta/v1.tar:sam2/mask_to_object.json
scene026,phase2,4,milk_jug,43,86,milk_jug,milk_jug,objects_meta/milk_jug/questionnaire.json,objects/milk_jug/,objects/milk_jug/,scenes/scene026/2/labels/sam2_meta/v1.tar:sam2/mask_to_object.json
scene026,phase2,5,peeler.2,48,96.2,peeler,peeler,objects_meta/peeler.2/questionnaire.json,objects/peeler.2/,objects/peeler.2/,scenes/scene026/2/labels/sam2_meta/v1.tar:sam2/mask_to_object.json
scene026,phase2,6,ladle,38,78,ladle,ladle,objects_meta/ladle/questionnaire.json,objects/ladle/,objects/ladle/,scenes/scene026/2/labels/sam2_meta/v1.tar:sam2/mask_to_object.json
scene026,phase2,7,teapot,65,137,teapot,teapot,objects_meta/teapot/questionnaire.json,objects/teapot/,objects/teapot/,scenes/scene026/2/labels/sam2_meta/v1.tar:sam2/mask_to_object.json
scene027,phase0,1,food_bag,22,50,food_bag,food_bag,objects_meta/food_bag/questionnaire.json,objects/food_bag/,objects/food_bag/,scenes/scene027/0/labels/sam2_meta/v1.tar:sam2/mask_to_object.json
scene027,phase0,2,book.3,10,17.3,book,book,objects_meta/book.3/questionnaire.json,objects/book.3/,objects/book.3/,scenes/scene027/0/labels/sam2_meta/v1.tar:sam2/mask_to_object.json
scene027,phase0,3,tong,66,141,tong,tong,objects_meta/tong/questionnaire.json,objects/tong/,objects/tong/,scenes/scene027/0/labels/sam2_meta/v1.tar:sam2/mask_to_object.json
scene027,phase0,4,spatula.2,60,124.2,spatula,spatula,objects_meta/spatula.2/questionnaire.json,objects/spatula.2/,objects/spatula.2/,scenes/scene027/0/labels/sam2_meta/v1.tar:sam2/mask_to_object.json
scene027,phase0,5,air_duster_can,1,1,air_duster_can,air_duster_can,objects_meta/air_duster_can/questionnaire.json,objects/air_duster_can/,objects/air_duster_can/,scenes/scene027/0/labels/sam2_meta/v1.tar:sam2/mask_to_object.json
scene027,phase0,6,pringles_can.2,50,103.2,pringles_can,pringles_can,objects_meta/pringles_can.2/questionnaire.json,objects/pringles_can.2/,objects/pringles_can.2/,scenes/scene027/0/labels/sam2_meta/v1.tar:sam2/mask_to_object.json
scene027,phase0,7,meat_can,41,84,meat_can,meat_can,objects_meta/meat_can/questionnaire.json,objects/meat_can/,objects/meat_can/,scenes/scene027/0/labels/sam2_meta/v1.tar:sam2/mask_to_object.json
scene027,phase1,1,food_bag,22,50,food_bag,food_bag,objects_meta/food_bag/questionnaire.json,objects/food_bag/,objects/food_bag/,scenes/scene027/1/labels/sam2_meta/v1.tar:sam2/mask_to_object.json
scene027,phase1,2,book.3,10,17.3,book,book,objects_meta/book.3/questionnaire.json,objects/book.3/,objects/book.3/,scenes/scene027/1/labels/sam2_meta/v1.tar:sam2/mask_to_object.json
scene027,phase1,3,tong,66,141,tong,tong,objects_meta/tong/questionnaire.json,objects/tong/,objects/tong/,scenes/scene027/1/labels/sam2_meta/v1.tar:sam2/mask_to_object.json
scene027,phase1,4,spatula.2,60,124.2,spatula,spatula,objects_meta/spatula.2/questionnaire.json,objects/spatula.2/,objects/spatula.2/,scenes/scene027/1/labels/sam2_meta/v1.tar:sam2/mask_to_object.json
scene027,phase1,5,air_duster_can,1,1,air_duster_can,air_duster_can,objects_meta/air_duster_can/questionnaire.json,objects/air_duster_can/,objects/air_duster_can/,scenes/scene027/1/labels/sam2_meta/v1.tar:sam2/mask_to_object.json
scene027,phase1,6,pringles_can.2,50,103.2,pringles_can,pringles_can,objects_meta/pringles_can.2/questionnaire.json,objects/pringles_can.2/,objects/pringles_can.2/,scenes/scene027/1/labels/sam2_meta/v1.tar:sam2/mask_to_object.json
scene027,phase1,7,meat_can,41,84,meat_can,meat_can,objects_meta/meat_can/questionnaire.json,objects/meat_can/,objects/meat_can/,scenes/scene027/1/labels/sam2_meta/v1.tar:sam2/mask_to_object.json
scene027,phase2,1,food_bag,22,50,food_bag,food_bag,objects_meta/food_bag/questionnaire.json,objects/food_bag/,objects/food_bag/,scenes/scene027/2/labels/sam2_meta/v1.tar:sam2/mask_to_object.json
scene027,phase2,2,book.3,10,17.3,book,book,objects_meta/book.3/questionnaire.json,objects/book.3/,objects/book.3/,scenes/scene027/2/labels/sam2_meta/v1.tar:sam2/mask_to_object.json
scene027,phase2,3,tong,66,141,tong,tong,objects_meta/tong/questionnaire.json,objects/tong/,objects/tong/,scenes/scene027/2/labels/sam2_meta/v1.tar:sam2/mask_to_object.json
scene027,phase2,4,spatula.2,60,124.2,spatula,spatula,objects_meta/spatula.2/questionnaire.json,objects/spatula.2/,objects/spatula.2/,scenes/scene027/2/labels/sam2_meta/v1.tar:sam2/mask_to_object.json
scene027,phase2,5,air_duster_can,1,1,air_duster_can,air_duster_can,objects_meta/air_duster_can/questionnaire.json,objects/air_duster_can/,objects/air_duster_can/,scenes/scene027/2/labels/sam2_meta/v1.tar:sam2/mask_to_object.json
scene027,phase2,6,pringles_can.2,50,103.2,pringles_can,pringles_can,objects_meta/pringles_can.2/questionnaire.json,objects/pringles_can.2/,objects/pringles_can.2/,scenes/scene027/2/labels/sam2_meta/v1.tar:sam2/mask_to_object.json
scene027,phase2,7,meat_can,41,84,meat_can,meat_can,objects_meta/meat_can/questionnaire.json,objects/meat_can/,objects/meat_can/,scenes/scene027/2/labels/sam2_meta/v1.tar:sam2/mask_to_object.json
scene028,phase0,1,beanie.2,8,13.2,beanie,beanie,objects_meta/beanie.2/questionnaire.json,objects/beanie.2/,objects/beanie.2/,scenes/scene028/0/labels/sam2_meta/v1.tar:sam2/mask_to_object.json
scene028,phase0,2,soft_scrub_cleanser_bottle,58,121,soft_scrub_cleanser_bottle,soft_scrub_cleanser_bottle,objects_meta/soft_scrub_cleanser_bottle/questionnaire.json,objects/soft_scrub_cleanser_bottle/,objects/soft_scrub_cleanser_bottle/,scenes/scene028/0/labels/sam2_meta/v1.tar:sam2/mask_to_object.json
scene028,phase0,3,hat.1,29,66.1,hat,hat,objects_meta/hat.1/questionnaire.json,objects/hat.1/,objects/hat.1/,scenes/scene028/0/labels/sam2_meta/v1.tar:sam2/mask_to_object.json
scene028,phase0,4,scissors.1,54,113.1,scissors,scissors,objects_meta/scissors.1/questionnaire.json,objects/scissors.1/,objects/scissors.1/,scenes/scene028/0/labels/sam2_meta/v1.tar:sam2/mask_to_object.json
scene028,phase0,5,jar,33,71,jar,jar,objects_meta/jar/questionnaire.json,objects/jar/,objects/jar/,scenes/scene028/0/labels/sam2_meta/v1.tar:sam2/mask_to_object.json
scene028,phase0,6,game_controller,23,55,game_controller,game_controller,objects_meta/game_controller/questionnaire.json,objects/game_controller/,objects/game_controller/,scenes/scene028/0/labels/sam2_meta/v1.tar:sam2/mask_to_object.json
scene028,phase0,7,soup_can.1,59,122.1,soup_can,soup_can,objects_meta/soup_can.1/questionnaire.json,objects/soup_can.1/,objects/soup_can.1/,scenes/scene028/0/labels/sam2_meta/v1.tar:sam2/mask_to_object.json
scene028,phase1,1,beanie.2,8,13.2,beanie,beanie,objects_meta/beanie.2/questionnaire.json,objects/beanie.2/,objects/beanie.2/,scenes/scene028/1/labels/sam2_meta/v1.tar:sam2/mask_to_object.json
scene028,phase1,2,soft_scrub_cleanser_bottle,58,121,soft_scrub_cleanser_bottle,soft_scrub_cleanser_bottle,objects_meta/soft_scrub_cleanser_bottle/questionnaire.json,objects/soft_scrub_cleanser_bottle/,objects/soft_scrub_cleanser_bottle/,scenes/scene028/1/labels/sam2_meta/v1.tar:sam2/mask_to_object.json
scene028,phase1,3,hat.1,29,66.1,hat,hat,objects_meta/hat.1/questionnaire.json,objects/hat.1/,objects/hat.1/,scenes/scene028/1/labels/sam2_meta/v1.tar:sam2/mask_to_object.json
scene028,phase1,4,scissors.1,54,113.1,scissors,scissors,objects_meta/scissors.1/questionnaire.json,objects/scissors.1/,objects/scissors.1/,scenes/scene028/1/labels/sam2_meta/v1.tar:sam2/mask_to_object.json
scene028,phase1,5,jar,33,71,jar,jar,objects_meta/jar/questionnaire.json,objects/jar/,objects/jar/,scenes/scene028/1/labels/sam2_meta/v1.tar:sam2/mask_to_object.json
scene028,phase1,6,game_controller,23,55,game_controller,game_controller,objects_meta/game_controller/questionnaire.json,objects/game_controller/,objects/game_controller/,scenes/scene028/1/labels/sam2_meta/v1.tar:sam2/mask_to_object.json
scene028,phase1,7,soup_can.1,59,122.1,soup_can,soup_can,objects_meta/soup_can.1/questionnaire.json,objects/soup_can.1/,objects/soup_can.1/,scenes/scene028/1/labels/sam2_meta/v1.tar:sam2/mask_to_object.json
scene028,phase2,1,beanie.2,8,13.2,beanie,beanie,objects_meta/beanie.2/questionnaire.json,objects/beanie.2/,objects/beanie.2/,scenes/scene028/2/labels/sam2_meta/v1.tar:sam2/mask_to_object.json
scene028,phase2,2,soft_scrub_cleanser_bottle,58,121,soft_scrub_cleanser_bottle,soft_scrub_cleanser_bottle,objects_meta/soft_scrub_cleanser_bottle/questionnaire.json,objects/soft_scrub_cleanser_bottle/,objects/soft_scrub_cleanser_bottle/,scenes/scene028/2/labels/sam2_meta/v1.tar:sam2/mask_to_object.json
scene028,phase2,3,hat.1,29,66.1,hat,hat,objects_meta/hat.1/questionnaire.json,objects/hat.1/,objects/hat.1/,scenes/scene028/2/labels/sam2_meta/v1.tar:sam2/mask_to_object.json
scene028,phase2,4,scissors.1,54,113.1,scissors,scissors,objects_meta/scissors.1/questionnaire.json,objects/scissors.1/,objects/scissors.1/,scenes/scene028/2/labels/sam2_meta/v1.tar:sam2/mask_to_object.json
scene028,phase2,5,jar,33,71,jar,jar,objects_meta/jar/questionnaire.json,objects/jar/,objects/jar/,scenes/scene028/2/labels/sam2_meta/v1.tar:sam2/mask_to_object.json
scene028,phase2,6,game_controller,23,55,game_controller,game_controller,objects_meta/game_controller/questionnaire.json,objects/game_controller/,objects/game_controller/,scenes/scene028/2/labels/sam2_meta/v1.tar:sam2/mask_to_object.json
scene028,phase2,7,soup_can.1,59,122.1,soup_can,soup_can,objects_meta/soup_can.1/questionnaire.json,objects/soup_can.1/,objects/soup_can.1/,scenes/scene028/2/labels/sam2_meta/v1.tar:sam2/mask_to_object.json
scene029,phase0,1,helmet,31,68,helmet,helmet,objects_meta/helmet/questionnaire.json,objects/helmet/,objects/helmet/,scenes/scene029/0/labels/sam2_meta/v1.tar:sam2/mask_to_object.json
scene029,phase0,2,water_bottle.2,70,148.2,water_bottle,water_bottle,objects_meta/water_bottle.2/questionnaire.json,objects/water_bottle.2/,objects/water_bottle.2/,scenes/scene029/0/labels/sam2_meta/v1.tar:sam2/mask_to_object.json
scene029,phase0,3,boot.2,11,18.2,boot,boot,objects_meta/boot.2/questionnaire.json,objects/boot.2/,objects/boot.2/,scenes/scene029/0/labels/sam2_meta/v1.tar:sam2/mask_to_object.json
scene029,phase0,4,pump_bottle.2,51,105.2,pump_bottle,pump_bottle,objects_meta/pump_bottle.2/questionnaire.json,objects/pump_bottle.2/,objects/pump_bottle.2/,scenes/scene029/0/labels/sam2_meta/v1.tar:sam2/mask_to_object.json
scene029,phase0,5,jello_box.1,34,72.1,jello_box,jello_box,objects_meta/jello_box.1/questionnaire.json,objects/jello_box.1/,objects/jello_box.1/,scenes/scene029/0/labels/sam2_meta/v1.tar:sam2/mask_to_object.json
scene029,phase0,6,glove.2,24,57.2,glove,glove,objects_meta/glove.2/questionnaire.json,objects/glove.2/,objects/glove.2/,scenes/scene029/0/labels/sam2_meta/v1.tar:sam2/mask_to_object.json
scene029,phase0,7,mustard_bottle.3,46,89.3,mustard_bottle,mustard_bottle,objects_meta/mustard_bottle.3/questionnaire.json,objects/mustard_bottle.3/,objects/mustard_bottle.3/,scenes/scene029/0/labels/sam2_meta/v1.tar:sam2/mask_to_object.json
scene029,phase1,1,helmet,31,68,helmet,helmet,objects_meta/helmet/questionnaire.json,objects/helmet/,objects/helmet/,scenes/scene029/1/labels/sam2_meta/v1.tar:sam2/mask_to_object.json
scene029,phase1,2,water_bottle.2,70,148.2,water_bottle,water_bottle,objects_meta/water_bottle.2/questionnaire.json,objects/water_bottle.2/,objects/water_bottle.2/,scenes/scene029/1/labels/sam2_meta/v1.tar:sam2/mask_to_object.json
scene029,phase1,3,boot.2,11,18.2,boot,boot,objects_meta/boot.2/questionnaire.json,objects/boot.2/,objects/boot.2/,scenes/scene029/1/labels/sam2_meta/v1.tar:sam2/mask_to_object.json
scene029,phase1,4,pump_bottle.2,51,105.2,pump_bottle,pump_bottle,objects_meta/pump_bottle.2/questionnaire.json,objects/pump_bottle.2/,objects/pump_bottle.2/,scenes/scene029/1/labels/sam2_meta/v1.tar:sam2/mask_to_object.json
scene029,phase1,5,jello_box.1,34,72.1,jello_box,jello_box,objects_meta/jello_box.1/questionnaire.json,objects/jello_box.1/,objects/jello_box.1/,scenes/scene029/1/labels/sam2_meta/v1.tar:sam2/mask_to_object.json
scene029,phase1,6,glove.2,24,57.2,glove,glove,objects_meta/glove.2/questionnaire.json,objects/glove.2/,objects/glove.2/,scenes/scene029/1/labels/sam2_meta/v1.tar:sam2/mask_to_object.json
scene029,phase1,7,mustard_bottle.3,46,89.3,mustard_bottle,mustard_bottle,objects_meta/mustard_bottle.3/questionnaire.json,objects/mustard_bottle.3/,objects/mustard_bottle.3/,scenes/scene029/1/labels/sam2_meta/v1.tar:sam2/mask_to_object.json
scene029,phase2,1,helmet,31,68,helmet,helmet,objects_meta/helmet/questionnaire.json,objects/helmet/,objects/helmet/,scenes/scene029/2/labels/sam2_meta/v1.tar:sam2/mask_to_object.json
scene029,phase2,2,water_bottle.2,70,148.2,water_bottle,water_bottle,objects_meta/water_bottle.2/questionnaire.json,objects/water_bottle.2/,objects/water_bottle.2/,scenes/scene029/2/labels/sam2_meta/v1.tar:sam2/mask_to_object.json
scene029,phase2,3,boot.2,11,18.2,boot,boot,objects_meta/boot.2/questionnaire.json,objects/boot.2/,objects/boot.2/,scenes/scene029/2/labels/sam2_meta/v1.tar:sam2/mask_to_object.json
scene029,phase2,4,pump_bottle.2,51,105.2,pump_bottle,pump_bottle,objects_meta/pump_bottle.2/questionnaire.json,objects/pump_bottle.2/,objects/pump_bottle.2/,scenes/scene029/2/labels/sam2_meta/v1.tar:sam2/mask_to_object.json
scene029,phase2,5,jello_box.1,34,72.1,jello_box,jello_box,objects_meta/jello_box.1/questionnaire.json,objects/jello_box.1/,objects/jello_box.1/,scenes/scene029/2/labels/sam2_meta/v1.tar:sam2/mask_to_object.json
scene029,phase2,6,glove.2,24,57.2,glove,glove,objects_meta/glove.2/questionnaire.json,objects/glove.2/,objects/glove.2/,scenes/scene029/2/labels/sam2_meta/v1.tar:sam2/mask_to_object.json
scene029,phase2,7,mustard_bottle.3,46,89.3,mustard_bottle,mustard_bottle,objects_meta/mustard_bottle.3/questionnaire.json,objects/mustard_bottle.3/,objects/mustard_bottle.3/,scenes/scene029/2/labels/sam2_meta/v1.tar:sam2/mask_to_object.json
scene030,phase0,1,umbrella,69,147,umbrella,umbrella,objects_meta/umbrella/questionnaire.json,objects/umbrella/,objects/umbrella/,scenes/scene030/0/labels/sam2_meta/v1.tar:sam2/mask_to_object.json
scene030,phase0,2,towel.2,68,144.2,towel,towel,objects_meta/towel.2/questionnaire.json,objects/towel.2/,objects/towel.2/,scenes/scene030/0/labels/sam2_meta/v1.tar:sam2/mask_to_object.json
scene030,phase0,3,toothpaste,67,142,toothpaste,toothpaste,objects_meta/toothpaste/questionnaire.json,objects/toothpaste/,objects/toothpaste/,scenes/scene030/0/labels/sam2_meta/v1.tar:sam2/mask_to_object.json
scene030,phase0,4,knife.1,37,77.1,knife,knife,objects_meta/knife.1/questionnaire.json,objects/knife.1/,objects/knife.1/,scenes/scene030/0/labels/sam2_meta/v1.tar:sam2/mask_to_object.json
scene030,phase0,5,soda_can.3,57,120.3,soda_can,soda_can,objects_meta/soda_can.3/questionnaire.json,objects/soda_can.3/,objects/soda_can.3/,scenes/scene030/0/labels/sam2_meta/v1.tar:sam2/mask_to_object.json
scene030,phase0,6,marker.5,40,83.5,marker,marker,objects_meta/marker.5/questionnaire.json,objects/marker.5/,objects/marker.5/,scenes/scene030/0/labels/sam2_meta/v1.tar:sam2/mask_to_object.json
scene030,phase0,7,apple,3,5,apple,apple,objects_meta/apple/questionnaire.json,objects/apple/,objects/apple/,scenes/scene030/0/labels/sam2_meta/v1.tar:sam2/mask_to_object.json
scene030,phase1,1,umbrella,69,147,umbrella,umbrella,objects_meta/umbrella/questionnaire.json,objects/umbrella/,objects/umbrella/,scenes/scene030/1/labels/sam2_meta/v1.tar:sam2/mask_to_object.json
scene030,phase1,2,towel.2,68,144.2,towel,towel,objects_meta/towel.2/questionnaire.json,objects/towel.2/,objects/towel.2/,scenes/scene030/1/labels/sam2_meta/v1.tar:sam2/mask_to_object.json
scene030,phase1,3,toothpaste,67,142,toothpaste,toothpaste,objects_meta/toothpaste/questionnaire.json,objects/toothpaste/,objects/toothpaste/,scenes/scene030/1/labels/sam2_meta/v1.tar:sam2/mask_to_object.json
scene030,phase1,4,knife.1,37,77.1,knife,knife,objects_meta/knife.1/questionnaire.json,objects/knife.1/,objects/knife.1/,scenes/scene030/1/labels/sam2_meta/v1.tar:sam2/mask_to_object.json
scene030,phase1,5,soda_can.3,57,120.3,soda_can,soda_can,objects_meta/soda_can.3/questionnaire.json,objects/soda_can.3/,objects/soda_can.3/,scenes/scene030/1/labels/sam2_meta/v1.tar:sam2/mask_to_object.json
scene030,phase1,6,marker.5,40,83.5,marker,marker,objects_meta/marker.5/questionnaire.json,objects/marker.5/,objects/marker.5/,scenes/scene030/1/labels/sam2_meta/v1.tar:sam2/mask_to_object.json
scene030,phase1,7,apple,3,5,apple,apple,objects_meta/apple/questionnaire.json,objects/apple/,objects/apple/,scenes/scene030/1/labels/sam2_meta/v1.tar:sam2/mask_to_object.json
scene030,phase2,1,umbrella,69,147,umbrella,umbrella,objects_meta/umbrella/questionnaire.json,objects/umbrella/,objects/umbrella/,scenes/scene030/2/labels/sam2_meta/v1.tar:sam2/mask_to_object.json
scene030,phase2,2,towel.2,68,144.2,towel,towel,objects_meta/towel.2/questionnaire.json,objects/towel.2/,objects/towel.2/,scenes/scene030/2/labels/sam2_meta/v1.tar:sam2/mask_to_object.json
scene030,phase2,3,toothpaste,67,142,toothpaste,toothpaste,objects_meta/toothpaste/questionnaire.json,objects/toothpaste/,objects/toothpaste/,scenes/scene030/2/labels/sam2_meta/v1.tar:sam2/mask_to_object.json
scene030,phase2,4,knife.1,37,77.1,knife,knife,objects_meta/knife.1/questionnaire.json,objects/knife.1/,objects/knife.1/,scenes/scene030/2/labels/sam2_meta/v1.tar:sam2/mask_to_object.json
scene030,phase2,5,soda_can.3,57,120.3,soda_can,soda_can,objects_meta/soda_can.3/questionnaire.json,objects/soda_can.3/,objects/soda_can.3/,scenes/scene030/2/labels/sam2_meta/v1.tar:sam2/mask_to_object.json
scene030,phase2,6,marker.5,40,83.5,marker,marker,objects_meta/marker.5/questionnaire.json,objects/marker.5/,objects/marker.5/,scenes/scene030/2/labels/sam2_meta/v1.tar:sam2/mask_to_object.json
scene030,phase2,7,apple,3,5,apple,apple,objects_meta/apple/questionnaire.json,objects/apple/,objects/apple/,scenes/scene030/2/labels/sam2_meta/v1.tar:sam2/mask_to_object.json
scene031,phase0,1,hat.1,29,66.1,hat,hat,objects_meta/hat.1/questionnaire.json,objects/hat.1/,objects/hat.1/,scenes/scene031/0/labels/sam2_meta/v1.tar:sam2/mask_to_object.json
scene031,phase0,2,ladle,38,78,ladle,ladle,objects_meta/ladle/questionnaire.json,objects/ladle/,objects/ladle/,scenes/scene031/0/labels/sam2_meta/v1.tar:sam2/mask_to_object.json
scene031,phase0,3,beanie.2,8,13.2,beanie,beanie,objects_meta/beanie.2/questionnaire.json,objects/beanie.2/,objects/beanie.2/,scenes/scene031/0/labels/sam2_meta/v1.tar:sam2/mask_to_object.json
scene031,phase0,4,shoe.1,56,117.1,shoe,shoe,objects_meta/shoe.1/questionnaire.json,objects/shoe.1/,objects/shoe.1/,scenes/scene031/0/labels/sam2_meta/v1.tar:sam2/mask_to_object.json
scene031,phase0,5,teapot,65,137,teapot,teapot,objects_meta/teapot/questionnaire.json,objects/teapot/,objects/teapot/,scenes/scene031/0/labels/sam2_meta/v1.tar:sam2/mask_to_object.json
scene031,phase0,6,soft_scrub_cleanser_bottle,58,121,soft_scrub_cleanser_bottle,soft_scrub_cleanser_bottle,objects_meta/soft_scrub_cleanser_bottle/questionnaire.json,objects/soft_scrub_cleanser_bottle/,objects/soft_scrub_cleanser_bottle/,scenes/scene031/0/labels/sam2_meta/v1.tar:sam2/mask_to_object.json
scene031,phase0,7,sponge,61,125,sponge,sponge,objects_meta/sponge/questionnaire.json,objects/sponge/,objects/sponge/,scenes/scene031/0/labels/sam2_meta/v1.tar:sam2/mask_to_object.json
scene031,phase1,1,hat.1,29,66.1,hat,hat,objects_meta/hat.1/questionnaire.json,objects/hat.1/,objects/hat.1/,scenes/scene031/1/labels/sam2_meta/v1.tar:sam2/mask_to_object.json
scene031,phase1,2,ladle,38,78,ladle,ladle,objects_meta/ladle/questionnaire.json,objects/ladle/,objects/ladle/,scenes/scene031/1/labels/sam2_meta/v1.tar:sam2/mask_to_object.json
scene031,phase1,3,beanie.2,8,13.2,beanie,beanie,objects_meta/beanie.2/questionnaire.json,objects/beanie.2/,objects/beanie.2/,scenes/scene031/1/labels/sam2_meta/v1.tar:sam2/mask_to_object.json
scene031,phase1,4,shoe.1,56,117.1,shoe,shoe,objects_meta/shoe.1/questionnaire.json,objects/shoe.1/,objects/shoe.1/,scenes/scene031/1/labels/sam2_meta/v1.tar:sam2/mask_to_object.json
scene031,phase1,5,teapot,65,137,teapot,teapot,objects_meta/teapot/questionnaire.json,objects/teapot/,objects/teapot/,scenes/scene031/1/labels/sam2_meta/v1.tar:sam2/mask_to_object.json
scene031,phase1,6,soft_scrub_cleanser_bottle,58,121,soft_scrub_cleanser_bottle,soft_scrub_cleanser_bottle,objects_meta/soft_scrub_cleanser_bottle/questionnaire.json,objects/soft_scrub_cleanser_bottle/,objects/soft_scrub_cleanser_bottle/,scenes/scene031/1/labels/sam2_meta/v1.tar:sam2/mask_to_object.json
scene031,phase1,7,sponge,61,125,sponge,sponge,objects_meta/sponge/questionnaire.json,objects/sponge/,objects/sponge/,scenes/scene031/1/labels/sam2_meta/v1.tar:sam2/mask_to_object.json
scene031,phase2,1,hat.1,29,66.1,hat,hat,objects_meta/hat.1/questionnaire.json,objects/hat.1/,objects/hat.1/,scenes/scene031/2/labels/sam2_meta/v1.tar:sam2/mask_to_object.json
scene031,phase2,2,ladle,38,78,ladle,ladle,objects_meta/ladle/questionnaire.json,objects/ladle/,objects/ladle/,scenes/scene031/2/labels/sam2_meta/v1.tar:sam2/mask_to_object.json
scene031,phase2,3,beanie.2,8,13.2,beanie,beanie,objects_meta/beanie.2/questionnaire.json,objects/beanie.2/,objects/beanie.2/,scenes/scene031/2/labels/sam2_meta/v1.tar:sam2/mask_to_object.json
scene031,phase2,4,shoe.1,56,117.1,shoe,shoe,objects_meta/shoe.1/questionnaire.json,objects/shoe.1/,objects/shoe.1/,scenes/scene031/2/labels/sam2_meta/v1.tar:sam2/mask_to_object.json
scene031,phase2,5,teapot,65,137,teapot,teapot,objects_meta/teapot/questionnaire.json,objects/teapot/,objects/teapot/,scenes/scene031/2/labels/sam2_meta/v1.tar:sam2/mask_to_object.json
scene031,phase2,6,soft_scrub_cleanser_bottle,58,121,soft_scrub_cleanser_bottle,soft_scrub_cleanser_bottle,objects_meta/soft_scrub_cleanser_bottle/questionnaire.json,objects/soft_scrub_cleanser_bottle/,objects/soft_scrub_cleanser_bottle/,scenes/scene031/2/labels/sam2_meta/v1.tar:sam2/mask_to_object.json
scene031,phase2,7,sponge,61,125,sponge,sponge,objects_meta/sponge/questionnaire.json,objects/sponge/,objects/sponge/,scenes/scene031/2/labels/sam2_meta/v1.tar:sam2/mask_to_object.json
scene032,phase0,1,doll.1,20,43.1,doll,doll,objects_meta/doll.1/questionnaire.json,objects/doll.1/,objects/doll.1/,scenes/scene032/0/labels/sam2_meta/v1.tar:sam2/mask_to_object.json
scene032,phase0,2,t-handle.2,63,133.2,t-handle,t-handle,objects_meta/t-handle.2/questionnaire.json,objects/t-handle.2/,objects/t-handle.2/,scenes/scene032/0/labels/sam2_meta/v1.tar:sam2/mask_to_object.json
scene032,phase0,3,hairbrush,26,62,hair_brush,hair_brush,objects_meta/hairbrush/questionnaire.json,objects/hairbrush/,objects/hairbrush/,scenes/scene032/0/labels/sam2_meta/v1.tar:sam2/mask_to_object.json
scene032,phase0,4,glue_bottle.1,25,58.1,glue_bottle,glue_bottle,objects_meta/glue_bottle.1/questionnaire.json,objects/glue_bottle.1/,objects/glue_bottle.1/,scenes/scene032/0/labels/sam2_meta/v1.tar:sam2/mask_to_object.json
scene032,phase0,5,jar,33,71,jar,jar,objects_meta/jar/questionnaire.json,objects/jar/,objects/jar/,scenes/scene032/0/labels/sam2_meta/v1.tar:sam2/mask_to_object.json
scene032,phase0,6,mug.2,45,88.2,mug,mug,objects_meta/mug.2/questionnaire.json,objects/mug.2/,objects/mug.2/,scenes/scene032/0/labels/sam2_meta/v1.tar:sam2/mask_to_object.json
scene032,phase0,7,banana,5,9,banana,banana,objects_meta/banana/questionnaire.json,objects/banana/,objects/banana/,scenes/scene032/0/labels/sam2_meta/v1.tar:sam2/mask_to_object.json
scene032,phase1,1,doll.1,20,43.1,doll,doll,objects_meta/doll.1/questionnaire.json,objects/doll.1/,objects/doll.1/,scenes/scene032/1/labels/sam2_meta/v1.tar:sam2/mask_to_object.json
scene032,phase1,2,t-handle.2,63,133.2,t-handle,t-handle,objects_meta/t-handle.2/questionnaire.json,objects/t-handle.2/,objects/t-handle.2/,scenes/scene032/1/labels/sam2_meta/v1.tar:sam2/mask_to_object.json
scene032,phase1,3,hairbrush,26,62,hair_brush,hair_brush,objects_meta/hairbrush/questionnaire.json,objects/hairbrush/,objects/hairbrush/,scenes/scene032/1/labels/sam2_meta/v1.tar:sam2/mask_to_object.json
scene032,phase1,4,glue_bottle.1,25,58.1,glue_bottle,glue_bottle,objects_meta/glue_bottle.1/questionnaire.json,objects/glue_bottle.1/,objects/glue_bottle.1/,scenes/scene032/1/labels/sam2_meta/v1.tar:sam2/mask_to_object.json
scene032,phase1,5,jar,33,71,jar,jar,objects_meta/jar/questionnaire.json,objects/jar/,objects/jar/,scenes/scene032/1/labels/sam2_meta/v1.tar:sam2/mask_to_object.json
scene032,phase1,6,mug.2,45,88.2,mug,mug,objects_meta/mug.2/questionnaire.json,objects/mug.2/,objects/mug.2/,scenes/scene032/1/labels/sam2_meta/v1.tar:sam2/mask_to_object.json
scene032,phase1,7,banana,5,9,banana,banana,objects_meta/banana/questionnaire.json,objects/banana/,objects/banana/,scenes/scene032/1/labels/sam2_meta/v1.tar:sam2/mask_to_object.json
scene032,phase2,1,doll.1,20,43.1,doll,doll,objects_meta/doll.1/questionnaire.json,objects/doll.1/,objects/doll.1/,scenes/scene032/2/labels/sam2_meta/v1.tar:sam2/mask_to_object.json
scene032,phase2,2,t-handle.2,63,133.2,t-handle,t-handle,objects_meta/t-handle.2/questionnaire.json,objects/t-handle.2/,objects/t-handle.2/,scenes/scene032/2/labels/sam2_meta/v1.tar:sam2/mask_to_object.json
scene032,phase2,3,hairbrush,26,62,hair_brush,hair_brush,objects_meta/hairbrush/questionnaire.json,objects/hairbrush/,objects/hairbrush/,scenes/scene032/2/labels/sam2_meta/v1.tar:sam2/mask_to_object.json
scene032,phase2,4,glue_bottle.1,25,58.1,glue_bottle,glue_bottle,objects_meta/glue_bottle.1/questionnaire.json,objects/glue_bottle.1/,objects/glue_bottle.1/,scenes/scene032/2/labels/sam2_meta/v1.tar:sam2/mask_to_object.json
scene032,phase2,5,jar,33,71,jar,jar,objects_meta/jar/questionnaire.json,objects/jar/,objects/jar/,scenes/scene032/2/labels/sam2_meta/v1.tar:sam2/mask_to_object.json
scene032,phase2,6,mug.2,45,88.2,mug,mug,objects_meta/mug.2/questionnaire.json,objects/mug.2/,objects/mug.2/,scenes/scene032/2/labels/sam2_meta/v1.tar:sam2/mask_to_object.json
scene032,phase2,7,banana,5,9,banana,banana,objects_meta/banana/questionnaire.json,objects/banana/,objects/banana/,scenes/scene032/2/labels/sam2_meta/v1.tar:sam2/mask_to_object.json
scene033,phase0,1,air_duster_can,1,1,air_duster_can,air_duster_can,objects_meta/air_duster_can/questionnaire.json,objects/air_duster_can/,objects/air_duster_can/,scenes/scene033/0/labels/sam2_meta/v1.tar:sam2/mask_to_object.json
scene033,phase0,2,cleaning_brush,15,34,cleaning_brush,cleaning_brush,objects_meta/cleaning_brush/questionnaire.json,objects/cleaning_brush/,objects/cleaning_brush/,scenes/scene033/0/labels/sam2_meta/v1.tar:sam2/mask_to_object.json
scene033,phase0,3,root_beer_bottle,53,109,root_beer_bottle,root_beer_bottle,objects_meta/root_beer_bottle/questionnaire.json,objects/root_beer_bottle/,objects/root_beer_bottle/,scenes/scene033/0/labels/sam2_meta/v1.tar:sam2/mask_to_object.json
scene033,phase0,4,cable,13,23,cable,cable,objects_meta/cable/questionnaire.json,objects/cable/,objects/cable/,scenes/scene033/0/labels/sam2_meta/v1.tar:sam2/mask_to_object.json
scene033,phase0,5,towel.2,68,144.2,towel,towel,objects_meta/towel.2/questionnaire.json,objects/towel.2/,objects/towel.2/,scenes/scene033/0/labels/sam2_meta/v1.tar:sam2/mask_to_object.json
scene033,phase0,6,scissors.1,54,113.1,scissors,scissors,objects_meta/scissors.1/questionnaire.json,objects/scissors.1/,objects/scissors.1/,scenes/scene033/0/labels/sam2_meta/v1.tar:sam2/mask_to_object.json
scene033,phase0,7,marker.5,40,83.5,marker,marker,objects_meta/marker.5/questionnaire.json,objects/marker.5/,objects/marker.5/,scenes/scene033/0/labels/sam2_meta/v1.tar:sam2/mask_to_object.json
scene033,phase1,1,air_duster_can,1,1,air_duster_can,air_duster_can,objects_meta/air_duster_can/questionnaire.json,objects/air_duster_can/,objects/air_duster_can/,scenes/scene033/1/labels/sam2_meta/v1.tar:sam2/mask_to_object.json
scene033,phase1,2,cleaning_brush,15,34,cleaning_brush,cleaning_brush,objects_meta/cleaning_brush/questionnaire.json,objects/cleaning_brush/,objects/cleaning_brush/,scenes/scene033/1/labels/sam2_meta/v1.tar:sam2/mask_to_object.json
scene033,phase1,3,root_beer_bottle,53,109,root_beer_bottle,root_beer_bottle,objects_meta/root_beer_bottle/questionnaire.json,objects/root_beer_bottle/,objects/root_beer_bottle/,scenes/scene033/1/labels/sam2_meta/v1.tar:sam2/mask_to_object.json
scene033,phase1,4,cable,13,23,cable,cable,objects_meta/cable/questionnaire.json,objects/cable/,objects/cable/,scenes/scene033/1/labels/sam2_meta/v1.tar:sam2/mask_to_object.json
scene033,phase1,5,towel.2,68,144.2,towel,towel,objects_meta/towel.2/questionnaire.json,objects/towel.2/,objects/towel.2/,scenes/scene033/1/labels/sam2_meta/v1.tar:sam2/mask_to_object.json
scene033,phase1,6,scissors.1,54,113.1,scissors,scissors,objects_meta/scissors.1/questionnaire.json,objects/scissors.1/,objects/scissors.1/,scenes/scene033/1/labels/sam2_meta/v1.tar:sam2/mask_to_object.json
scene033,phase1,7,marker.5,40,83.5,marker,marker,objects_meta/marker.5/questionnaire.json,objects/marker.5/,objects/marker.5/,scenes/scene033/1/labels/sam2_meta/v1.tar:sam2/mask_to_object.json
scene033,phase2,1,air_duster_can,1,1,air_duster_can,air_duster_can,objects_meta/air_duster_can/questionnaire.json,objects/air_duster_can/,objects/air_duster_can/,scenes/scene033/2/labels/sam2_meta/v1.tar:sam2/mask_to_object.json
scene033,phase2,2,cleaning_brush,15,34,cleaning_brush,cleaning_brush,objects_meta/cleaning_brush/questionnaire.json,objects/cleaning_brush/,objects/cleaning_brush/,scenes/scene033/2/labels/sam2_meta/v1.tar:sam2/mask_to_object.json
scene033,phase2,3,root_beer_bottle,53,109,root_beer_bottle,root_beer_bottle,objects_meta/root_beer_bottle/questionnaire.json,objects/root_beer_bottle/,objects/root_beer_bottle/,scenes/scene033/2/labels/sam2_meta/v1.tar:sam2/mask_to_object.json
scene033,phase2,4,cable,13,23,cable,cable,objects_meta/cable/questionnaire.json,objects/cable/,objects/cable/,scenes/scene033/2/labels/sam2_meta/v1.tar:sam2/mask_to_object.json
scene033,phase2,5,towel.2,68,144.2,towel,towel,objects_meta/towel.2/questionnaire.json,objects/towel.2/,objects/towel.2/,scenes/scene033/2/labels/sam2_meta/v1.tar:sam2/mask_to_object.json
scene033,phase2,6,scissors.1,54,113.1,scissors,scissors,objects_meta/scissors.1/questionnaire.json,objects/scissors.1/,objects/scissors.1/,scenes/scene033/2/labels/sam2_meta/v1.tar:sam2/mask_to_object.json
scene033,phase2,7,marker.5,40,83.5,marker,marker,objects_meta/marker.5/questionnaire.json,objects/marker.5/,objects/marker.5/,scenes/scene033/2/labels/sam2_meta/v1.tar:sam2/mask_to_object.json
scene034,phase0,1,spray_bottle.2,62,127.2,spray_bottle,spray_bottle,objects_meta/spray_bottle.2/questionnaire.json,objects/spray_bottle.2/,objects/spray_bottle.2/,scenes/scene034/0/labels/sam2_meta/v1.tar:sam2/mask_to_object.json
scene034,phase0,2,cup.1,19,40.1,cup,cup,objects_meta/cup.1/questionnaire.json,objects/cup.1/,objects/cup.1/,scenes/scene034/0/labels/sam2_meta/v1.tar:sam2/mask_to_object.json
scene034,phase0,3,shampoo_bottle,55,114,shampoo_bottle,shampoo_bottle,objects_meta/shampoo_bottle/questionnaire.json,objects/shampoo_bottle/,objects/shampoo_bottle/,scenes/scene034/0/labels/sam2_meta/v1.tar:sam2/mask_to_object.json
scene034,phase0,4,bowl.1,12,20.1,bowl,bowl,objects_meta/bowl.1/questionnaire.json,objects/bowl.1/,objects/bowl.1/,scenes/scene034/0/labels/sam2_meta/v1.tar:sam2/mask_to_object.json
scene034,phase0,5,coffee_bottle,16,36,coffee_bottle,coffee_bottle,objects_meta/coffee_bottle/questionnaire.json,objects/coffee_bottle/,objects/coffee_bottle/,scenes/scene034/0/labels/sam2_meta/v1.tar:sam2/mask_to_object.json
scene034,phase0,6,meat_can,41,84,meat_can,meat_can,objects_meta/meat_can/questionnaire.json,objects/meat_can/,objects/meat_can/,scenes/scene034/0/labels/sam2_meta/v1.tar:sam2/mask_to_object.json
scene034,phase0,7,spatula.2,60,124.2,spatula,spatula,objects_meta/spatula.2/questionnaire.json,objects/spatula.2/,objects/spatula.2/,scenes/scene034/0/labels/sam2_meta/v1.tar:sam2/mask_to_object.json
scene034,phase1,1,spray_bottle.2,62,127.2,spray_bottle,spray_bottle,objects_meta/spray_bottle.2/questionnaire.json,objects/spray_bottle.2/,objects/spray_bottle.2/,scenes/scene034/1/labels/sam2_meta/v1.tar:sam2/mask_to_object.json
scene034,phase1,2,cup.1,19,40.1,cup,cup,objects_meta/cup.1/questionnaire.json,objects/cup.1/,objects/cup.1/,scenes/scene034/1/labels/sam2_meta/v1.tar:sam2/mask_to_object.json
scene034,phase1,3,shampoo_bottle,55,114,shampoo_bottle,shampoo_bottle,objects_meta/shampoo_bottle/questionnaire.json,objects/shampoo_bottle/,objects/shampoo_bottle/,scenes/scene034/1/labels/sam2_meta/v1.tar:sam2/mask_to_object.json
scene034,phase1,4,bowl.1,12,20.1,bowl,bowl,objects_meta/bowl.1/questionnaire.json,objects/bowl.1/,objects/bowl.1/,scenes/scene034/1/labels/sam2_meta/v1.tar:sam2/mask_to_object.json
scene034,phase1,5,coffee_bottle,16,36,coffee_bottle,coffee_bottle,objects_meta/coffee_bottle/questionnaire.json,objects/coffee_bottle/,objects/coffee_bottle/,scenes/scene034/1/labels/sam2_meta/v1.tar:sam2/mask_to_object.json
scene034,phase1,6,meat_can,41,84,meat_can,meat_can,objects_meta/meat_can/questionnaire.json,objects/meat_can/,objects/meat_can/,scenes/scene034/1/labels/sam2_meta/v1.tar:sam2/mask_to_object.json
scene034,phase1,7,spatula.2,60,124.2,spatula,spatula,objects_meta/spatula.2/questionnaire.json,objects/spatula.2/,objects/spatula.2/,scenes/scene034/1/labels/sam2_meta/v1.tar:sam2/mask_to_object.json
scene034,phase2,1,spray_bottle.2,62,127.2,spray_bottle,spray_bottle,objects_meta/spray_bottle.2/questionnaire.json,objects/spray_bottle.2/,objects/spray_bottle.2/,scenes/scene034/2/labels/sam2_meta/v1.tar:sam2/mask_to_object.json
scene034,phase2,2,cup.1,19,40.1,cup,cup,objects_meta/cup.1/questionnaire.json,objects/cup.1/,objects/cup.1/,scenes/scene034/2/labels/sam2_meta/v1.tar:sam2/mask_to_object.json
scene034,phase2,3,shampoo_bottle,55,114,shampoo_bottle,shampoo_bottle,objects_meta/shampoo_bottle/questionnaire.json,objects/shampoo_bottle/,objects/shampoo_bottle/,scenes/scene034/2/labels/sam2_meta/v1.tar:sam2/mask_to_object.json
scene034,phase2,4,bowl.1,12,20.1,bowl,bowl,objects_meta/bowl.1/questionnaire.json,objects/bowl.1/,objects/bowl.1/,scenes/scene034/2/labels/sam2_meta/v1.tar:sam2/mask_to_object.json
scene034,phase2,5,coffee_bottle,16,36,coffee_bottle,coffee_bottle,objects_meta/coffee_bottle/questionnaire.json,objects/coffee_bottle/,objects/coffee_bottle/,scenes/scene034/2/labels/sam2_meta/v1.tar:sam2/mask_to_object.json
scene034,phase2,6,meat_can,41,84,meat_can,meat_can,objects_meta/meat_can/questionnaire.json,objects/meat_can/,objects/meat_can/,scenes/scene034/2/labels/sam2_meta/v1.tar:sam2/mask_to_object.json
scene034,phase2,7,spatula.2,60,124.2,spatula,spatula,objects_meta/spatula.2/questionnaire.json,objects/spatula.2/,objects/spatula.2/,scenes/scene034/2/labels/sam2_meta/v1.tar:sam2/mask_to_object.json
scene035,phase0,1,power_drill,49,102,power_drill,power_drill,objects_meta/power_drill/questionnaire.json,objects/power_drill/,objects/power_drill/,scenes/scene035/0/labels/sam2_meta/v1.tar:sam2/mask_to_object.json
scene035,phase0,2,pringles_can.2,50,103.2,pringles_can,pringles_can,objects_meta/pringles_can.2/questionnaire.json,objects/pringles_can.2/,objects/pringles_can.2/,scenes/scene035/0/labels/sam2_meta/v1.tar:sam2/mask_to_object.json
scene035,phase0,3,umbrella,69,147,umbrella,umbrella,objects_meta/umbrella/questionnaire.json,objects/umbrella/,objects/umbrella/,scenes/scene035/0/labels/sam2_meta/v1.tar:sam2/mask_to_object.json
scene035,phase0,4,alarm_clock,2,3,alarm_clock,alarm_clock,objects_meta/alarm_clock/questionnaire.json,objects/alarm_clock/,objects/alarm_clock/,scenes/scene035/0/labels/sam2_meta/v1.tar:sam2/mask_to_object.json
scene035,phase0,5,soup_can.1,59,122.1,soup_can,soup_can,objects_meta/soup_can.1/questionnaire.json,objects/soup_can.1/,objects/soup_can.1/,scenes/scene035/0/labels/sam2_meta/v1.tar:sam2/mask_to_object.json
scene035,phase0,6,soda_can.3,57,120.3,soda_can,soda_can,objects_meta/soda_can.3/questionnaire.json,objects/soda_can.3/,objects/soda_can.3/,scenes/scene035/0/labels/sam2_meta/v1.tar:sam2/mask_to_object.json
scene035,phase0,7,tape_measure,64,135,tape_measure,tape_measure,objects_meta/tape_measure/questionnaire.json,objects/tape_measure/,objects/tape_measure/,scenes/scene035/0/labels/sam2_meta/v1.tar:sam2/mask_to_object.json
scene035,phase1,1,power_drill,49,102,power_drill,power_drill,objects_meta/power_drill/questionnaire.json,objects/power_drill/,objects/power_drill/,scenes/scene035/1/labels/sam2_meta/v1.tar:sam2/mask_to_object.json
scene035,phase1,2,pringles_can.2,50,103.2,pringles_can,pringles_can,objects_meta/pringles_can.2/questionnaire.json,objects/pringles_can.2/,objects/pringles_can.2/,scenes/scene035/1/labels/sam2_meta/v1.tar:sam2/mask_to_object.json
scene035,phase1,3,umbrella,69,147,umbrella,umbrella,objects_meta/umbrella/questionnaire.json,objects/umbrella/,objects/umbrella/,scenes/scene035/1/labels/sam2_meta/v1.tar:sam2/mask_to_object.json
scene035,phase1,4,alarm_clock,2,3,alarm_clock,alarm_clock,objects_meta/alarm_clock/questionnaire.json,objects/alarm_clock/,objects/alarm_clock/,scenes/scene035/1/labels/sam2_meta/v1.tar:sam2/mask_to_object.json
scene035,phase1,5,soup_can.1,59,122.1,soup_can,soup_can,objects_meta/soup_can.1/questionnaire.json,objects/soup_can.1/,objects/soup_can.1/,scenes/scene035/1/labels/sam2_meta/v1.tar:sam2/mask_to_object.json
scene035,phase1,6,soda_can.3,57,120.3,soda_can,soda_can,objects_meta/soda_can.3/questionnaire.json,objects/soda_can.3/,objects/soda_can.3/,scenes/scene035/1/labels/sam2_meta/v1.tar:sam2/mask_to_object.json
scene035,phase1,7,tape_measure,64,135,tape_measure,tape_measure,objects_meta/tape_measure/questionnaire.json,objects/tape_measure/,objects/tape_measure/,scenes/scene035/1/labels/sam2_meta/v1.tar:sam2/mask_to_object.json
scene035,phase2,1,power_drill,49,102,power_drill,power_drill,objects_meta/power_drill/questionnaire.json,objects/power_drill/,objects/power_drill/,scenes/scene035/2/labels/sam2_meta/v1.tar:sam2/mask_to_object.json
scene035,phase2,2,pringles_can.2,50,103.2,pringles_can,pringles_can,objects_meta/pringles_can.2/questionnaire.json,objects/pringles_can.2/,objects/pringles_can.2/,scenes/scene035/2/labels/sam2_meta/v1.tar:sam2/mask_to_object.json
scene035,phase2,3,umbrella,69,147,umbrella,umbrella,objects_meta/umbrella/questionnaire.json,objects/umbrella/,objects/umbrella/,scenes/scene035/2/labels/sam2_meta/v1.tar:sam2/mask_to_object.json
scene035,phase2,4,alarm_clock,2,3,alarm_clock,alarm_clock,objects_meta/alarm_clock/questionnaire.json,objects/alarm_clock/,objects/alarm_clock/,scenes/scene035/2/labels/sam2_meta/v1.tar:sam2/mask_to_object.json
scene035,phase2,5,soup_can.1,59,122.1,soup_can,soup_can,objects_meta/soup_can.1/questionnaire.json,objects/soup_can.1/,objects/soup_can.1/,scenes/scene035/2/labels/sam2_meta/v1.tar:sam2/mask_to_object.json
scene035,phase2,6,soda_can.3,57,120.3,soda_can,soda_can,objects_meta/soda_can.3/questionnaire.json,objects/soda_can.3/,objects/soda_can.3/,scenes/scene035/2/labels/sam2_meta/v1.tar:sam2/mask_to_object.json
scene035,phase2,7,tape_measure,64,135,tape_measure,tape_measure,objects_meta/tape_measure/questionnaire.json,objects/tape_measure/,objects/tape_measure/,scenes/scene035/2/labels/sam2_meta/v1.tar:sam2/mask_to_object.json
scene036,phase0,1,boot.2,11,18.2,boot,boot,objects_meta/boot.2/questionnaire.json,objects/boot.2/,objects/boot.2/,scenes/scene036/0/labels/sam2_meta/v1.tar:sam2/mask_to_object.json
scene036,phase0,2,juice_pouch.2,35,73.2,juice_pouch,juice_pouch,objects_meta/juice_pouch.2/questionnaire.json,objects/juice_pouch.2/,objects/juice_pouch.2/,scenes/scene036/0/labels/sam2_meta/v1.tar:sam2/mask_to_object.json
scene036,phase0,3,cracker_box,18,38,cracker_box,cracker_box,objects_meta/cracker_box/questionnaire.json,objects/cracker_box/,objects/cracker_box/,scenes/scene036/0/labels/sam2_meta/v1.tar:sam2/mask_to_object.json
scene036,phase0,4,glove.2,24,57.2,glove,glove,objects_meta/glove.2/questionnaire.json,objects/glove.2/,objects/glove.2/,scenes/scene036/0/labels/sam2_meta/v1.tar:sam2/mask_to_object.json
scene036,phase0,5,pump_bottle.2,51,105.2,pump_bottle,pump_bottle,objects_meta/pump_bottle.2/questionnaire.json,objects/pump_bottle.2/,objects/pump_bottle.2/,scenes/scene036/0/labels/sam2_meta/v1.tar:sam2/mask_to_object.json
scene036,phase0,6,mustard_bottle.3,46,89.3,mustard_bottle,mustard_bottle,objects_meta/mustard_bottle.3/questionnaire.json,objects/mustard_bottle.3/,objects/mustard_bottle.3/,scenes/scene036/0/labels/sam2_meta/v1.tar:sam2/mask_to_object.json
scene036,phase0,7,toothpaste,67,142,toothpaste,toothpaste,objects_meta/toothpaste/questionnaire.json,objects/toothpaste/,objects/toothpaste/,scenes/scene036/0/labels/sam2_meta/v1.tar:sam2/mask_to_object.json
scene036,phase1,1,boot.2,11,18.2,boot,boot,objects_meta/boot.2/questionnaire.json,objects/boot.2/,objects/boot.2/,scenes/scene036/1/labels/sam2_meta/v1.tar:sam2/mask_to_object.json
scene036,phase1,2,juice_pouch.2,35,73.2,juice_pouch,juice_pouch,objects_meta/juice_pouch.2/questionnaire.json,objects/juice_pouch.2/,objects/juice_pouch.2/,scenes/scene036/1/labels/sam2_meta/v1.tar:sam2/mask_to_object.json
scene036,phase1,3,cracker_box,18,38,cracker_box,cracker_box,objects_meta/cracker_box/questionnaire.json,objects/cracker_box/,objects/cracker_box/,scenes/scene036/1/labels/sam2_meta/v1.tar:sam2/mask_to_object.json
scene036,phase1,4,glove.2,24,57.2,glove,glove,objects_meta/glove.2/questionnaire.json,objects/glove.2/,objects/glove.2/,scenes/scene036/1/labels/sam2_meta/v1.tar:sam2/mask_to_object.json
scene036,phase1,5,pump_bottle.2,51,105.2,pump_bottle,pump_bottle,objects_meta/pump_bottle.2/questionnaire.json,objects/pump_bottle.2/,objects/pump_bottle.2/,scenes/scene036/1/labels/sam2_meta/v1.tar:sam2/mask_to_object.json
scene036,phase1,6,mustard_bottle.3,46,89.3,mustard_bottle,mustard_bottle,objects_meta/mustard_bottle.3/questionnaire.json,objects/mustard_bottle.3/,objects/mustard_bottle.3/,scenes/scene036/1/labels/sam2_meta/v1.tar:sam2/mask_to_object.json
scene036,phase1,7,toothpaste,67,142,toothpaste,toothpaste,objects_meta/toothpaste/questionnaire.json,objects/toothpaste/,objects/toothpaste/,scenes/scene036/1/labels/sam2_meta/v1.tar:sam2/mask_to_object.json
scene036,phase2,1,boot.2,11,18.2,boot,boot,objects_meta/boot.2/questionnaire.json,objects/boot.2/,objects/boot.2/,scenes/scene036/2/labels/sam2_meta/v1.tar:sam2/mask_to_object.json
scene036,phase2,2,juice_pouch.2,35,73.2,juice_pouch,juice_pouch,objects_meta/juice_pouch.2/questionnaire.json,objects/juice_pouch.2/,objects/juice_pouch.2/,scenes/scene036/2/labels/sam2_meta/v1.tar:sam2/mask_to_object.json
scene036,phase2,3,cracker_box,18,38,cracker_box,cracker_box,objects_meta/cracker_box/questionnaire.json,objects/cracker_box/,objects/cracker_box/,scenes/scene036/2/labels/sam2_meta/v1.tar:sam2/mask_to_object.json
scene036,phase2,4,glove.2,24,57.2,glove,glove,objects_meta/glove.2/questionnaire.json,objects/glove.2/,objects/glove.2/,scenes/scene036/2/labels/sam2_meta/v1.tar:sam2/mask_to_object.json
scene036,phase2,5,pump_bottle.2,51,105.2,pump_bottle,pump_bottle,objects_meta/pump_bottle.2/questionnaire.json,objects/pump_bottle.2/,objects/pump_bottle.2/,scenes/scene036/2/labels/sam2_meta/v1.tar:sam2/mask_to_object.json
scene036,phase2,6,mustard_bottle.3,46,89.3,mustard_bottle,mustard_bottle,objects_meta/mustard_bottle.3/questionnaire.json,objects/mustard_bottle.3/,objects/mustard_bottle.3/,scenes/scene036/2/labels/sam2_meta/v1.tar:sam2/mask_to_object.json
scene036,phase2,7,toothpaste,67,142,toothpaste,toothpaste,objects_meta/toothpaste/questionnaire.json,objects/toothpaste/,objects/toothpaste/,scenes/scene036/2/labels/sam2_meta/v1.tar:sam2/mask_to_object.json
scene037,phase0,1,food_bag,22,50,food_bag,food_bag,objects_meta/food_bag/questionnaire.json,objects/food_bag/,objects/food_bag/,scenes/scene037/0/labels/sam2_meta/v1.tar:sam2/mask_to_object.json
scene037,phase0,2,kettle,36,74,kettle,kettle,objects_meta/kettle/questionnaire.json,objects/kettle/,objects/kettle/,scenes/scene037/0/labels/sam2_meta/v1.tar:sam2/mask_to_object.json
scene037,phase0,3,lion.2,39,82.2,lion,lion,objects_meta/lion.2/questionnaire.json,objects/lion.2/,objects/lion.2/,scenes/scene037/0/labels/sam2_meta/v1.tar:sam2/mask_to_object.json
scene037,phase0,4,headphone,30,67,headphone,headphone,objects_meta/headphone/questionnaire.json,objects/headphone/,objects/headphone/,scenes/scene037/0/labels/sam2_meta/v1.tar:sam2/mask_to_object.json
scene037,phase0,5,basting_brush.1,7,11.1,basting_brush,basting_brush,objects_meta/basting_brush.1/questionnaire.json,objects/basting_brush.1/,objects/basting_brush.1/,scenes/scene037/0/labels/sam2_meta/v1.tar:sam2/mask_to_object.json
scene037,phase0,6,jello_box.1,34,72.1,jello_box,jello_box,objects_meta/jello_box.1/questionnaire.json,objects/jello_box.1/,objects/jello_box.1/,scenes/scene037/0/labels/sam2_meta/v1.tar:sam2/mask_to_object.json
scene037,phase0,7,apple,3,5,apple,apple,objects_meta/apple/questionnaire.json,objects/apple/,objects/apple/,scenes/scene037/0/labels/sam2_meta/v1.tar:sam2/mask_to_object.json
scene037,phase1,1,food_bag,22,50,food_bag,food_bag,objects_meta/food_bag/questionnaire.json,objects/food_bag/,objects/food_bag/,scenes/scene037/1/labels/sam2_meta/v1.tar:sam2/mask_to_object.json
scene037,phase1,2,kettle,36,74,kettle,kettle,objects_meta/kettle/questionnaire.json,objects/kettle/,objects/kettle/,scenes/scene037/1/labels/sam2_meta/v1.tar:sam2/mask_to_object.json
scene037,phase1,3,lion.2,39,82.2,lion,lion,objects_meta/lion.2/questionnaire.json,objects/lion.2/,objects/lion.2/,scenes/scene037/1/labels/sam2_meta/v1.tar:sam2/mask_to_object.json
scene037,phase1,4,headphone,30,67,headphone,headphone,objects_meta/headphone/questionnaire.json,objects/headphone/,objects/headphone/,scenes/scene037/1/labels/sam2_meta/v1.tar:sam2/mask_to_object.json
scene037,phase1,5,basting_brush.1,7,11.1,basting_brush,basting_brush,objects_meta/basting_brush.1/questionnaire.json,objects/basting_brush.1/,objects/basting_brush.1/,scenes/scene037/1/labels/sam2_meta/v1.tar:sam2/mask_to_object.json
scene037,phase1,6,jello_box.1,34,72.1,jello_box,jello_box,objects_meta/jello_box.1/questionnaire.json,objects/jello_box.1/,objects/jello_box.1/,scenes/scene037/1/labels/sam2_meta/v1.tar:sam2/mask_to_object.json
scene037,phase1,7,apple,3,5,apple,apple,objects_meta/apple/questionnaire.json,objects/apple/,objects/apple/,scenes/scene037/1/labels/sam2_meta/v1.tar:sam2/mask_to_object.json
scene037,phase2,1,food_bag,22,50,food_bag,food_bag,objects_meta/food_bag/questionnaire.json,objects/food_bag/,objects/food_bag/,scenes/scene037/2/labels/sam2_meta/v1.tar:sam2/mask_to_object.json
scene037,phase2,2,kettle,36,74,kettle,kettle,objects_meta/kettle/questionnaire.json,objects/kettle/,objects/kettle/,scenes/scene037/2/labels/sam2_meta/v1.tar:sam2/mask_to_object.json
scene037,phase2,3,lion.2,39,82.2,lion,lion,objects_meta/lion.2/questionnaire.json,objects/lion.2/,objects/lion.2/,scenes/scene037/2/labels/sam2_meta/v1.tar:sam2/mask_to_object.json
scene037,phase2,4,headphone,30,67,headphone,headphone,objects_meta/headphone/questionnaire.json,objects/headphone/,objects/headphone/,scenes/scene037/2/labels/sam2_meta/v1.tar:sam2/mask_to_object.json
scene037,phase2,5,basting_brush.1,7,11.1,basting_brush,basting_brush,objects_meta/basting_brush.1/questionnaire.json,objects/basting_brush.1/,objects/basting_brush.1/,scenes/scene037/2/labels/sam2_meta/v1.tar:sam2/mask_to_object.json
scene037,phase2,6,jello_box.1,34,72.1,jello_box,jello_box,objects_meta/jello_box.1/questionnaire.json,objects/jello_box.1/,objects/jello_box.1/,scenes/scene037/2/labels/sam2_meta/v1.tar:sam2/mask_to_object.json
scene037,phase2,7,apple,3,5,apple,apple,objects_meta/apple/questionnaire.json,objects/apple/,objects/apple/,scenes/scene037/2/labels/sam2_meta/v1.tar:sam2/mask_to_object.json
scene038,phase0,1,baking_tray.1,4,7.1,baking_tray,baking_tray,objects_meta/baking_tray.1/questionnaire.json,objects/baking_tray.1/,objects/baking_tray.1/,scenes/scene038/0/labels/sam2_meta/v1.tar:sam2/mask_to_object.json
scene038,phase0,2,tong,66,141,tong,tong,objects_meta/tong/questionnaire.json,objects/tong/,objects/tong/,scenes/scene038/0/labels/sam2_meta/v1.tar:sam2/mask_to_object.json
scene038,phase0,3,milk_jug,43,86,milk_jug,milk_jug,objects_meta/milk_jug/questionnaire.json,objects/milk_jug/,objects/milk_jug/,scenes/scene038/0/labels/sam2_meta/v1.tar:sam2/mask_to_object.json
scene038,phase0,4,hammer.2,27,63.2,hammer,hammer,objects_meta/hammer.2/questionnaire.json,objects/hammer.2/,objects/hammer.2/,scenes/scene038/0/labels/sam2_meta/v1.tar:sam2/mask_to_object.json
scene038,phase0,5,water_bottle.2,70,148.2,water_bottle,water_bottle,objects_meta/water_bottle.2/questionnaire.json,objects/water_bottle.2/,objects/water_bottle.2/,scenes/scene038/0/labels/sam2_meta/v1.tar:sam2/mask_to_object.json
scene038,phase0,6,knife.1,37,77.1,knife,knife,objects_meta/knife.1/questionnaire.json,objects/knife.1/,objects/knife.1/,scenes/scene038/0/labels/sam2_meta/v1.tar:sam2/mask_to_object.json
scene038,phase0,7,pear,47,95,pear,pear,objects_meta/pear/questionnaire.json,objects/pear/,objects/pear/,scenes/scene038/0/labels/sam2_meta/v1.tar:sam2/mask_to_object.json
scene038,phase1,1,baking_tray.1,4,7.1,baking_tray,baking_tray,objects_meta/baking_tray.1/questionnaire.json,objects/baking_tray.1/,objects/baking_tray.1/,scenes/scene038/1/labels/sam2_meta/v1.tar:sam2/mask_to_object.json
scene038,phase1,2,tong,66,141,tong,tong,objects_meta/tong/questionnaire.json,objects/tong/,objects/tong/,scenes/scene038/1/labels/sam2_meta/v1.tar:sam2/mask_to_object.json
scene038,phase1,3,milk_jug,43,86,milk_jug,milk_jug,objects_meta/milk_jug/questionnaire.json,objects/milk_jug/,objects/milk_jug/,scenes/scene038/1/labels/sam2_meta/v1.tar:sam2/mask_to_object.json
scene038,phase1,4,hammer.2,27,63.2,hammer,hammer,objects_meta/hammer.2/questionnaire.json,objects/hammer.2/,objects/hammer.2/,scenes/scene038/1/labels/sam2_meta/v1.tar:sam2/mask_to_object.json
scene038,phase1,5,water_bottle.2,70,148.2,water_bottle,water_bottle,objects_meta/water_bottle.2/questionnaire.json,objects/water_bottle.2/,objects/water_bottle.2/,scenes/scene038/1/labels/sam2_meta/v1.tar:sam2/mask_to_object.json
scene038,phase1,6,knife.1,37,77.1,knife,knife,objects_meta/knife.1/questionnaire.json,objects/knife.1/,objects/knife.1/,scenes/scene038/1/labels/sam2_meta/v1.tar:sam2/mask_to_object.json
scene038,phase1,7,pear,47,95,pear,pear,objects_meta/pear/questionnaire.json,objects/pear/,objects/pear/,scenes/scene038/1/labels/sam2_meta/v1.tar:sam2/mask_to_object.json
scene038,phase2,1,baking_tray.1,4,7.1,baking_tray,baking_tray,objects_meta/baking_tray.1/questionnaire.json,objects/baking_tray.1/,objects/baking_tray.1/,scenes/scene038/2/labels/sam2_meta/v1.tar:sam2/mask_to_object.json
scene038,phase2,2,tong,66,141,tong,tong,objects_meta/tong/questionnaire.json,objects/tong/,objects/tong/,scenes/scene038/2/labels/sam2_meta/v1.tar:sam2/mask_to_object.json
scene038,phase2,3,milk_jug,43,86,milk_jug,milk_jug,objects_meta/milk_jug/questionnaire.json,objects/milk_jug/,objects/milk_jug/,scenes/scene038/2/labels/sam2_meta/v1.tar:sam2/mask_to_object.json
scene038,phase2,4,hammer.2,27,63.2,hammer,hammer,objects_meta/hammer.2/questionnaire.json,objects/hammer.2/,objects/hammer.2/,scenes/scene038/2/labels/sam2_meta/v1.tar:sam2/mask_to_object.json
scene038,phase2,5,water_bottle.2,70,148.2,water_bottle,water_bottle,objects_meta/water_bottle.2/questionnaire.json,objects/water_bottle.2/,objects/water_bottle.2/,scenes/scene038/2/labels/sam2_meta/v1.tar:sam2/mask_to_object.json
scene038,phase2,6,knife.1,37,77.1,knife,knife,objects_meta/knife.1/questionnaire.json,objects/knife.1/,objects/knife.1/,scenes/scene038/2/labels/sam2_meta/v1.tar:sam2/mask_to_object.json
scene038,phase2,7,pear,47,95,pear,pear,objects_meta/pear/questionnaire.json,objects/pear/,objects/pear/,scenes/scene038/2/labels/sam2_meta/v1.tar:sam2/mask_to_object.json
scene039,phase0,1,candy_bar.1,14,25.1,candy_bar,candy_bar,objects_meta/candy_bar.1/questionnaire.json,objects/candy_bar.1/,objects/candy_bar.1/,scenes/scene039/0/labels/sam2_meta/v1.tar:sam2/mask_to_object.json
scene039,phase0,2,fry_pan.1,21,49.1,fry_pan,fry_pan,objects_meta/fry_pan.1/questionnaire.json,objects/fry_pan.1/,objects/fry_pan.1/,scenes/scene039/0/labels/sam2_meta/v1.tar:sam2/mask_to_object.json
scene039,phase0,3,helmet,31,68,helmet,helmet,objects_meta/helmet/questionnaire.json,objects/helmet/,objects/helmet/,scenes/scene039/0/labels/sam2_meta/v1.tar:sam2/mask_to_object.json
scene039,phase0,4,peeler.2,48,96.2,peeler,peeler,objects_meta/peeler.2/questionnaire.json,objects/peeler.2/,objects/peeler.2/,scenes/scene039/0/labels/sam2_meta/v1.tar:sam2/mask_to_object.json
scene039,phase0,5,coffee_can.1,17,37.1,coffee_can,coffee_can,objects_meta/coffee_can.1/questionnaire.json,objects/coffee_can.1/,objects/coffee_can.1/,scenes/scene039/0/labels/sam2_meta/v1.tar:sam2/mask_to_object.json
scene039,phase0,6,baseball_ball,6,10,baseball_ball,baseball_ball,objects_meta/baseball_ball/questionnaire.json,objects/baseball_ball/,objects/baseball_ball/,scenes/scene039/0/labels/sam2_meta/v1.tar:sam2/mask_to_object.json
scene039,phase0,7,mouse.3,44,87.3,mouse,mouse,objects_meta/mouse.3/questionnaire.json,objects/mouse.3/,objects/mouse.3/,scenes/scene039/0/labels/sam2_meta/v1.tar:sam2/mask_to_object.json
scene039,phase1,1,candy_bar.1,14,25.1,candy_bar,candy_bar,objects_meta/candy_bar.1/questionnaire.json,objects/candy_bar.1/,objects/candy_bar.1/,scenes/scene039/1/labels/sam2_meta/v1.tar:sam2/mask_to_object.json
scene039,phase1,2,fry_pan.1,21,49.1,fry_pan,fry_pan,objects_meta/fry_pan.1/questionnaire.json,objects/fry_pan.1/,objects/fry_pan.1/,scenes/scene039/1/labels/sam2_meta/v1.tar:sam2/mask_to_object.json
scene039,phase1,3,helmet,31,68,helmet,helmet,objects_meta/helmet/questionnaire.json,objects/helmet/,objects/helmet/,scenes/scene039/1/labels/sam2_meta/v1.tar:sam2/mask_to_object.json
scene039,phase1,4,peeler.2,48,96.2,peeler,peeler,objects_meta/peeler.2/questionnaire.json,objects/peeler.2/,objects/peeler.2/,scenes/scene039/1/labels/sam2_meta/v1.tar:sam2/mask_to_object.json
scene039,phase1,5,coffee_can.1,17,37.1,coffee_can,coffee_can,objects_meta/coffee_can.1/questionnaire.json,objects/coffee_can.1/,objects/coffee_can.1/,scenes/scene039/1/labels/sam2_meta/v1.tar:sam2/mask_to_object.json
scene039,phase1,6,baseball_ball,6,10,baseball_ball,baseball_ball,objects_meta/baseball_ball/questionnaire.json,objects/baseball_ball/,objects/baseball_ball/,scenes/scene039/1/labels/sam2_meta/v1.tar:sam2/mask_to_object.json
scene039,phase1,7,mouse.3,44,87.3,mouse,mouse,objects_meta/mouse.3/questionnaire.json,objects/mouse.3/,objects/mouse.3/,scenes/scene039/1/labels/sam2_meta/v1.tar:sam2/mask_to_object.json
scene039,phase2,1,candy_bar.1,14,25.1,candy_bar,candy_bar,objects_meta/candy_bar.1/questionnaire.json,objects/candy_bar.1/,objects/candy_bar.1/,scenes/scene039/2/labels/sam2_meta/v1.tar:sam2/mask_to_object.json
scene039,phase2,2,fry_pan.1,21,49.1,fry_pan,fry_pan,objects_meta/fry_pan.1/questionnaire.json,objects/fry_pan.1/,objects/fry_pan.1/,scenes/scene039/2/labels/sam2_meta/v1.tar:sam2/mask_to_object.json
scene039,phase2,3,helmet,31,68,helmet,helmet,objects_meta/helmet/questionnaire.json,objects/helmet/,objects/helmet/,scenes/scene039/2/labels/sam2_meta/v1.tar:sam2/mask_to_object.json
scene039,phase2,4,peeler.2,48,96.2,peeler,peeler,objects_meta/peeler.2/questionnaire.json,objects/peeler.2/,objects/peeler.2/,scenes/scene039/2/labels/sam2_meta/v1.tar:sam2/mask_to_object.json
scene039,phase2,5,coffee_can.1,17,37.1,coffee_can,coffee_can,objects_meta/coffee_can.1/questionnaire.json,objects/coffee_can.1/,objects/coffee_can.1/,scenes/scene039/2/labels/sam2_meta/v1.tar:sam2/mask_to_object.json
scene039,phase2,6,baseball_ball,6,10,baseball_ball,baseball_ball,objects_meta/baseball_ball/questionnaire.json,objects/baseball_ball/,objects/baseball_ball/,scenes/scene039/2/labels/sam2_meta/v1.tar:sam2/mask_to_object.json
scene039,phase2,7,mouse.3,44,87.3,mouse,mouse,objects_meta/mouse.3/questionnaire.json,objects/mouse.3/,objects/mouse.3/,scenes/scene039/2/labels/sam2_meta/v1.tar:sam2/mask_to_object.json
scene040,phase0,1,handy_pot,28,65,handy_pot,handy_pot,objects_meta/handy_pot/questionnaire.json,objects/handy_pot/,objects/handy_pot/,scenes/scene040/0/labels/sam2_meta/v1.tar:sam2/mask_to_object.json
scene040,phase0,2,book.3,10,17.3,book,book,objects_meta/book.3/questionnaire.json,objects/book.3/,objects/book.3/,scenes/scene040/0/labels/sam2_meta/v1.tar:sam2/mask_to_object.json
scene040,phase0,3,bear.1,9,14.1,bear,bear,objects_meta/bear.1/questionnaire.json,objects/bear.1/,objects/bear.1/,scenes/scene040/0/labels/sam2_meta/v1.tar:sam2/mask_to_object.json
scene040,phase0,4,milk_box.1,42,85.1,milk_box,milk_box,objects_meta/milk_box.1/questionnaire.json,objects/milk_box.1/,objects/milk_box.1/,scenes/scene040/0/labels/sam2_meta/v1.tar:sam2/mask_to_object.json
scene040,phase0,5,instant_noodle_packet,32,70,instant_noodle_packet,instant_noodle_packet,objects_meta/instant_noodle_packet/questionnaire.json,objects/instant_noodle_packet/,objects/instant_noodle_packet/,scenes/scene040/0/labels/sam2_meta/v1.tar:sam2/mask_to_object.json
scene040,phase0,6,game_controller,23,55,game_controller,game_controller,objects_meta/game_controller/questionnaire.json,objects/game_controller/,objects/game_controller/,scenes/scene040/0/labels/sam2_meta/v1.tar:sam2/mask_to_object.json
scene040,phase0,7,remote_controller,52,107,remote_controller,remote_controller,objects_meta/remote_controller/questionnaire.json,objects/remote_controller/,objects/remote_controller/,scenes/scene040/0/labels/sam2_meta/v1.tar:sam2/mask_to_object.json
scene040,phase1,1,handy_pot,28,65,handy_pot,handy_pot,objects_meta/handy_pot/questionnaire.json,objects/handy_pot/,objects/handy_pot/,scenes/scene040/1/labels/sam2_meta/v1.tar:sam2/mask_to_object.json
scene040,phase1,2,book.3,10,17.3,book,book,objects_meta/book.3/questionnaire.json,objects/book.3/,objects/book.3/,scenes/scene040/1/labels/sam2_meta/v1.tar:sam2/mask_to_object.json
scene040,phase1,3,bear.1,9,14.1,bear,bear,objects_meta/bear.1/questionnaire.json,objects/bear.1/,objects/bear.1/,scenes/scene040/1/labels/sam2_meta/v1.tar:sam2/mask_to_object.json
scene040,phase1,4,milk_box.1,42,85.1,milk_box,milk_box,objects_meta/milk_box.1/questionnaire.json,objects/milk_box.1/,objects/milk_box.1/,scenes/scene040/1/labels/sam2_meta/v1.tar:sam2/mask_to_object.json
scene040,phase1,5,instant_noodle_packet,32,70,instant_noodle_packet,instant_noodle_packet,objects_meta/instant_noodle_packet/questionnaire.json,objects/instant_noodle_packet/,objects/instant_noodle_packet/,scenes/scene040/1/labels/sam2_meta/v1.tar:sam2/mask_to_object.json
scene040,phase1,6,game_controller,23,55,game_controller,game_controller,objects_meta/game_controller/questionnaire.json,objects/game_controller/,objects/game_controller/,scenes/scene040/1/labels/sam2_meta/v1.tar:sam2/mask_to_object.json
scene040,phase1,7,remote_controller,52,107,remote_controller,remote_controller,objects_meta/remote_controller/questionnaire.json,objects/remote_controller/,objects/remote_controller/,scenes/scene040/1/labels/sam2_meta/v1.tar:sam2/mask_to_object.json
scene040,phase2,1,handy_pot,28,65,handy_pot,handy_pot,objects_meta/handy_pot/questionnaire.json,objects/handy_pot/,objects/handy_pot/,scenes/scene040/2/labels/sam2_meta/v1.tar:sam2/mask_to_object.json
scene040,phase2,2,book.3,10,17.3,book,book,objects_meta/book.3/questionnaire.json,objects/book.3/,objects/book.3/,scenes/scene040/2/labels/sam2_meta/v1.tar:sam2/mask_to_object.json
scene040,phase2,3,bear.1,9,14.1,bear,bear,objects_meta/bear.1/questionnaire.json,objects/bear.1/,objects/bear.1/,scenes/scene040/2/labels/sam2_meta/v1.tar:sam2/mask_to_object.json
scene040,phase2,4,milk_box.1,42,85.1,milk_box,milk_box,objects_meta/milk_box.1/questionnaire.json,objects/milk_box.1/,objects/milk_box.1/,scenes/scene040/2/labels/sam2_meta/v1.tar:sam2/mask_to_object.json
scene040,phase2,5,instant_noodle_packet,32,70,instant_noodle_packet,instant_noodle_packet,objects_meta/instant_noodle_packet/questionnaire.json,objects/instant_noodle_packet/,objects/instant_noodle_packet/,scenes/scene040/2/labels/sam2_meta/v1.tar:sam2/mask_to_object.json
scene040,phase2,6,game_controller,23,55,game_controller,game_controller,objects_meta/game_controller/questionnaire.json,objects/game_controller/,objects/game_controller/,scenes/scene040/2/labels/sam2_meta/v1.tar:sam2/mask_to_object.json
scene040,phase2,7,remote_controller,52,107,remote_controller,remote_controller,objects_meta/remote_controller/questionnaire.json,objects/remote_controller/,objects/remote_controller/,scenes/scene040/2/labels/sam2_meta/v1.tar:sam2/mask_to_object.json
scene041,phase0,1,handy_pot,28,65,handy_pot,handy_pot,objects_meta/handy_pot/questionnaire.json,objects/handy_pot/,objects/handy_pot/,scenes/scene041/0/labels/sam2_meta/v1.tar:sam2/mask_to_object.json
scene041,phase0,2,umbrella,69,147,umbrella,umbrella,objects_meta/umbrella/questionnaire.json,objects/umbrella/,objects/umbrella/,scenes/scene041/0/labels/sam2_meta/v1.tar:sam2/mask_to_object.json
scene041,phase0,3,spatula.2,60,124.2,spatula,spatula,objects_meta/spatula.2/questionnaire.json,objects/spatula.2/,objects/spatula.2/,scenes/scene041/0/labels/sam2_meta/v1.tar:sam2/mask_to_object.json
scene041,phase0,4,knife.1,37,77.1,knife,knife,objects_meta/knife.1/questionnaire.json,objects/knife.1/,objects/knife.1/,scenes/scene041/0/labels/sam2_meta/v1.tar:sam2/mask_to_object.json
scene041,phase0,5,cable,13,23,cable,cable,objects_meta/cable/questionnaire.json,objects/cable/,objects/cable/,scenes/scene041/0/labels/sam2_meta/v1.tar:sam2/mask_to_object.json
scene041,phase0,6,mouse.3,44,87.3,mouse,mouse,objects_meta/mouse.3/questionnaire.json,objects/mouse.3/,objects/mouse.3/,scenes/scene041/0/labels/sam2_meta/v1.tar:sam2/mask_to_object.json
scene041,phase0,7,candy_bar.1,14,25.1,candy_bar,candy_bar,objects_meta/candy_bar.1/questionnaire.json,objects/candy_bar.1/,objects/candy_bar.1/,scenes/scene041/0/labels/sam2_meta/v1.tar:sam2/mask_to_object.json
scene041,phase1,1,handy_pot,28,65,handy_pot,handy_pot,objects_meta/handy_pot/questionnaire.json,objects/handy_pot/,objects/handy_pot/,scenes/scene041/1/labels/sam2_meta/v1.tar:sam2/mask_to_object.json
scene041,phase1,2,umbrella,69,147,umbrella,umbrella,objects_meta/umbrella/questionnaire.json,objects/umbrella/,objects/umbrella/,scenes/scene041/1/labels/sam2_meta/v1.tar:sam2/mask_to_object.json
scene041,phase1,3,spatula.2,60,124.2,spatula,spatula,objects_meta/spatula.2/questionnaire.json,objects/spatula.2/,objects/spatula.2/,scenes/scene041/1/labels/sam2_meta/v1.tar:sam2/mask_to_object.json
scene041,phase1,4,knife.1,37,77.1,knife,knife,objects_meta/knife.1/questionnaire.json,objects/knife.1/,objects/knife.1/,scenes/scene041/1/labels/sam2_meta/v1.tar:sam2/mask_to_object.json
scene041,phase1,5,cable,13,23,cable,cable,objects_meta/cable/questionnaire.json,objects/cable/,objects/cable/,scenes/scene041/1/labels/sam2_meta/v1.tar:sam2/mask_to_object.json
scene041,phase1,6,mouse.3,44,87.3,mouse,mouse,objects_meta/mouse.3/questionnaire.json,objects/mouse.3/,objects/mouse.3/,scenes/scene041/1/labels/sam2_meta/v1.tar:sam2/mask_to_object.json
scene041,phase1,7,candy_bar.1,14,25.1,candy_bar,candy_bar,objects_meta/candy_bar.1/questionnaire.json,objects/candy_bar.1/,objects/candy_bar.1/,scenes/scene041/1/labels/sam2_meta/v1.tar:sam2/mask_to_object.json
scene041,phase2,1,handy_pot,28,65,handy_pot,handy_pot,objects_meta/handy_pot/questionnaire.json,objects/handy_pot/,objects/handy_pot/,scenes/scene041/2/labels/sam2_meta/v1.tar:sam2/mask_to_object.json
scene041,phase2,2,umbrella,69,147,umbrella,umbrella,objects_meta/umbrella/questionnaire.json,objects/umbrella/,objects/umbrella/,scenes/scene041/2/labels/sam2_meta/v1.tar:sam2/mask_to_object.json
scene041,phase2,3,spatula.2,60,124.2,spatula,spatula,objects_meta/spatula.2/questionnaire.json,objects/spatula.2/,objects/spatula.2/,scenes/scene041/2/labels/sam2_meta/v1.tar:sam2/mask_to_object.json
scene041,phase2,4,knife.1,37,77.1,knife,knife,objects_meta/knife.1/questionnaire.json,objects/knife.1/,objects/knife.1/,scenes/scene041/2/labels/sam2_meta/v1.tar:sam2/mask_to_object.json
scene041,phase2,5,cable,13,23,cable,cable,objects_meta/cable/questionnaire.json,objects/cable/,objects/cable/,scenes/scene041/2/labels/sam2_meta/v1.tar:sam2/mask_to_object.json
scene041,phase2,6,mouse.3,44,87.3,mouse,mouse,objects_meta/mouse.3/questionnaire.json,objects/mouse.3/,objects/mouse.3/,scenes/scene041/2/labels/sam2_meta/v1.tar:sam2/mask_to_object.json
scene041,phase2,7,candy_bar.1,14,25.1,candy_bar,candy_bar,objects_meta/candy_bar.1/questionnaire.json,objects/candy_bar.1/,objects/candy_bar.1/,scenes/scene041/2/labels/sam2_meta/v1.tar:sam2/mask_to_object.json
scene042,phase0,1,tong,66,141,tong,tong,objects_meta/tong/questionnaire.json,objects/tong/,objects/tong/,scenes/scene042/0/labels/sam2_meta/v1.tar:sam2/mask_to_object.json
scene042,phase0,2,milk_box.1,42,85.1,milk_box,milk_box,objects_meta/milk_box.1/questionnaire.json,objects/milk_box.1/,objects/milk_box.1/,scenes/scene042/0/labels/sam2_meta/v1.tar:sam2/mask_to_object.json
scene042,phase0,3,shampoo_bottle,55,114,shampoo_bottle,shampoo_bottle,objects_meta/shampoo_bottle/questionnaire.json,objects/shampoo_bottle/,objects/shampoo_bottle/,scenes/scene042/0/labels/sam2_meta/v1.tar:sam2/mask_to_object.json
scene042,phase0,4,mustard_bottle.3,46,89.3,mustard_bottle,mustard_bottle,objects_meta/mustard_bottle.3/questionnaire.json,objects/mustard_bottle.3/,objects/mustard_bottle.3/,scenes/scene042/0/labels/sam2_meta/v1.tar:sam2/mask_to_object.json
scene042,phase0,5,root_beer_bottle,53,109,root_beer_bottle,root_beer_bottle,objects_meta/root_beer_bottle/questionnaire.json,objects/root_beer_bottle/,objects/root_beer_bottle/,scenes/scene042/0/labels/sam2_meta/v1.tar:sam2/mask_to_object.json
scene042,phase0,6,toothpaste,67,142,toothpaste,toothpaste,objects_meta/toothpaste/questionnaire.json,objects/toothpaste/,objects/toothpaste/,scenes/scene042/0/labels/sam2_meta/v1.tar:sam2/mask_to_object.json
scene042,phase0,7,teapot,65,137,teapot,teapot,objects_meta/teapot/questionnaire.json,objects/teapot/,objects/teapot/,scenes/scene042/0/labels/sam2_meta/v1.tar:sam2/mask_to_object.json
scene042,phase1,1,tong,66,141,tong,tong,objects_meta/tong/questionnaire.json,objects/tong/,objects/tong/,scenes/scene042/1/labels/sam2_meta/v1.tar:sam2/mask_to_object.json
scene042,phase1,2,milk_box.1,42,85.1,milk_box,milk_box,objects_meta/milk_box.1/questionnaire.json,objects/milk_box.1/,objects/milk_box.1/,scenes/scene042/1/labels/sam2_meta/v1.tar:sam2/mask_to_object.json
scene042,phase1,3,shampoo_bottle,55,114,shampoo_bottle,shampoo_bottle,objects_meta/shampoo_bottle/questionnaire.json,objects/shampoo_bottle/,objects/shampoo_bottle/,scenes/scene042/1/labels/sam2_meta/v1.tar:sam2/mask_to_object.json
scene042,phase1,4,mustard_bottle.3,46,89.3,mustard_bottle,mustard_bottle,objects_meta/mustard_bottle.3/questionnaire.json,objects/mustard_bottle.3/,objects/mustard_bottle.3/,scenes/scene042/1/labels/sam2_meta/v1.tar:sam2/mask_to_object.json
scene042,phase1,5,root_beer_bottle,53,109,root_beer_bottle,root_beer_bottle,objects_meta/root_beer_bottle/questionnaire.json,objects/root_beer_bottle/,objects/root_beer_bottle/,scenes/scene042/1/labels/sam2_meta/v1.tar:sam2/mask_to_object.json
scene042,phase1,6,toothpaste,67,142,toothpaste,toothpaste,objects_meta/toothpaste/questionnaire.json,objects/toothpaste/,objects/toothpaste/,scenes/scene042/1/labels/sam2_meta/v1.tar:sam2/mask_to_object.json
scene042,phase1,7,teapot,65,137,teapot,teapot,objects_meta/teapot/questionnaire.json,objects/teapot/,objects/teapot/,scenes/scene042/1/labels/sam2_meta/v1.tar:sam2/mask_to_object.json
scene042,phase2,1,tong,66,141,tong,tong,objects_meta/tong/questionnaire.json,objects/tong/,objects/tong/,scenes/scene042/2/labels/sam2_meta/v1.tar:sam2/mask_to_object.json
scene042,phase2,2,milk_box.1,42,85.1,milk_box,milk_box,objects_meta/milk_box.1/questionnaire.json,objects/milk_box.1/,objects/milk_box.1/,scenes/scene042/2/labels/sam2_meta/v1.tar:sam2/mask_to_object.json
scene042,phase2,3,shampoo_bottle,55,114,shampoo_bottle,shampoo_bottle,objects_meta/shampoo_bottle/questionnaire.json,objects/shampoo_bottle/,objects/shampoo_bottle/,scenes/scene042/2/labels/sam2_meta/v1.tar:sam2/mask_to_object.json
scene042,phase2,4,mustard_bottle.3,46,89.3,mustard_bottle,mustard_bottle,objects_meta/mustard_bottle.3/questionnaire.json,objects/mustard_bottle.3/,objects/mustard_bottle.3/,scenes/scene042/2/labels/sam2_meta/v1.tar:sam2/mask_to_object.json
scene042,phase2,5,root_beer_bottle,53,109,root_beer_bottle,root_beer_bottle,objects_meta/root_beer_bottle/questionnaire.json,objects/root_beer_bottle/,objects/root_beer_bottle/,scenes/scene042/2/labels/sam2_meta/v1.tar:sam2/mask_to_object.json
scene042,phase2,6,toothpaste,67,142,toothpaste,toothpaste,objects_meta/toothpaste/questionnaire.json,objects/toothpaste/,objects/toothpaste/,scenes/scene042/2/labels/sam2_meta/v1.tar:sam2/mask_to_object.json
scene042,phase2,7,teapot,65,137,teapot,teapot,objects_meta/teapot/questionnaire.json,objects/teapot/,objects/teapot/,scenes/scene042/2/labels/sam2_meta/v1.tar:sam2/mask_to_object.json
scene043,phase0,1,baking_tray.1,4,7.1,baking_tray,baking_tray,objects_meta/baking_tray.1/questionnaire.json,objects/baking_tray.1/,objects/baking_tray.1/,scenes/scene043/0/labels/sam2_meta/v1.tar:sam2/mask_to_object.json
scene043,phase0,2,headphone,30,67,headphone,headphone,objects_meta/headphone/questionnaire.json,objects/headphone/,objects/headphone/,scenes/scene043/0/labels/sam2_meta/v1.tar:sam2/mask_to_object.json
scene043,phase0,3,cleaning_brush,15,34,cleaning_brush,cleaning_brush,objects_meta/cleaning_brush/questionnaire.json,objects/cleaning_brush/,objects/cleaning_brush/,scenes/scene043/0/labels/sam2_meta/v1.tar:sam2/mask_to_object.json
scene043,phase0,4,shoe.1,56,117.1,shoe,shoe,objects_meta/shoe.1/questionnaire.json,objects/shoe.1/,objects/shoe.1/,scenes/scene043/0/labels/sam2_meta/v1.tar:sam2/mask_to_object.json
scene043,phase0,5,glue_bottle.1,25,58.1,glue_bottle,glue_bottle,objects_meta/glue_bottle.1/questionnaire.json,objects/glue_bottle.1/,objects/glue_bottle.1/,scenes/scene043/0/labels/sam2_meta/v1.tar:sam2/mask_to_object.json
scene043,phase0,6,soda_can.3,57,120.3,soda_can,soda_can,objects_meta/soda_can.3/questionnaire.json,objects/soda_can.3/,objects/soda_can.3/,scenes/scene043/0/labels/sam2_meta/v1.tar:sam2/mask_to_object.json
scene043,phase0,7,mug.2,45,88.2,mug,mug,objects_meta/mug.2/questionnaire.json,objects/mug.2/,objects/mug.2/,scenes/scene043/0/labels/sam2_meta/v1.tar:sam2/mask_to_object.json
scene043,phase1,1,baking_tray.1,4,7.1,baking_tray,baking_tray,objects_meta/baking_tray.1/questionnaire.json,objects/baking_tray.1/,objects/baking_tray.1/,scenes/scene043/1/labels/sam2_meta/v1.tar:sam2/mask_to_object.json
scene043,phase1,2,headphone,30,67,headphone,headphone,objects_meta/headphone/questionnaire.json,objects/headphone/,objects/headphone/,scenes/scene043/1/labels/sam2_meta/v1.tar:sam2/mask_to_object.json
scene043,phase1,3,cleaning_brush,15,34,cleaning_brush,cleaning_brush,objects_meta/cleaning_brush/questionnaire.json,objects/cleaning_brush/,objects/cleaning_brush/,scenes/scene043/1/labels/sam2_meta/v1.tar:sam2/mask_to_object.json
scene043,phase1,4,shoe.1,56,117.1,shoe,shoe,objects_meta/shoe.1/questionnaire.json,objects/shoe.1/,objects/shoe.1/,scenes/scene043/1/labels/sam2_meta/v1.tar:sam2/mask_to_object.json
scene043,phase1,5,glue_bottle.1,25,58.1,glue_bottle,glue_bottle,objects_meta/glue_bottle.1/questionnaire.json,objects/glue_bottle.1/,objects/glue_bottle.1/,scenes/scene043/1/labels/sam2_meta/v1.tar:sam2/mask_to_object.json
scene043,phase1,6,soda_can.3,57,120.3,soda_can,soda_can,objects_meta/soda_can.3/questionnaire.json,objects/soda_can.3/,objects/soda_can.3/,scenes/scene043/1/labels/sam2_meta/v1.tar:sam2/mask_to_object.json
scene043,phase1,7,mug.2,45,88.2,mug,mug,objects_meta/mug.2/questionnaire.json,objects/mug.2/,objects/mug.2/,scenes/scene043/1/labels/sam2_meta/v1.tar:sam2/mask_to_object.json
scene043,phase2,1,baking_tray.1,4,7.1,baking_tray,baking_tray,objects_meta/baking_tray.1/questionnaire.json,objects/baking_tray.1/,objects/baking_tray.1/,scenes/scene043/2/labels/sam2_meta/v1.tar:sam2/mask_to_object.json
scene043,phase2,2,headphone,30,67,headphone,headphone,objects_meta/headphone/questionnaire.json,objects/headphone/,objects/headphone/,scenes/scene043/2/labels/sam2_meta/v1.tar:sam2/mask_to_object.json
scene043,phase2,3,cleaning_brush,15,34,cleaning_brush,cleaning_brush,objects_meta/cleaning_brush/questionnaire.json,objects/cleaning_brush/,objects/cleaning_brush/,scenes/scene043/2/labels/sam2_meta/v1.tar:sam2/mask_to_object.json
scene043,phase2,4,shoe.1,56,117.1,shoe,shoe,objects_meta/shoe.1/questionnaire.json,objects/shoe.1/,objects/shoe.1/,scenes/scene043/2/labels/sam2_meta/v1.tar:sam2/mask_to_object.json
scene043,phase2,5,glue_bottle.1,25,58.1,glue_bottle,glue_bottle,objects_meta/glue_bottle.1/questionnaire.json,objects/glue_bottle.1/,objects/glue_bottle.1/,scenes/scene043/2/labels/sam2_meta/v1.tar:sam2/mask_to_object.json
scene043,phase2,6,soda_can.3,57,120.3,soda_can,soda_can,objects_meta/soda_can.3/questionnaire.json,objects/soda_can.3/,objects/soda_can.3/,scenes/scene043/2/labels/sam2_meta/v1.tar:sam2/mask_to_object.json
scene043,phase2,7,mug.2,45,88.2,mug,mug,objects_meta/mug.2/questionnaire.json,objects/mug.2/,objects/mug.2/,scenes/scene043/2/labels/sam2_meta/v1.tar:sam2/mask_to_object.json
scene044,phase0,1,power_drill,49,102,power_drill,power_drill,objects_meta/power_drill/questionnaire.json,objects/power_drill/,objects/power_drill/,scenes/scene044/0/labels/sam2_meta/v1.tar:sam2/mask_to_object.json
scene044,phase0,2,book.3,10,17.3,book,book,objects_meta/book.3/questionnaire.json,objects/book.3/,objects/book.3/,scenes/scene044/0/labels/sam2_meta/v1.tar:sam2/mask_to_object.json
scene044,phase0,3,banana,5,9,banana,banana,objects_meta/banana/questionnaire.json,objects/banana/,objects/banana/,scenes/scene044/0/labels/sam2_meta/v1.tar:sam2/mask_to_object.json
scene044,phase0,4,soup_can.1,59,122.1,soup_can,soup_can,objects_meta/soup_can.1/questionnaire.json,objects/soup_can.1/,objects/soup_can.1/,scenes/scene044/0/labels/sam2_meta/v1.tar:sam2/mask_to_object.json
scene044,phase0,5,apple,3,5,apple,apple,objects_meta/apple/questionnaire.json,objects/apple/,objects/apple/,scenes/scene044/0/labels/sam2_meta/v1.tar:sam2/mask_to_object.json
scene044,phase0,6,tape_measure,64,135,tape_measure,tape_measure,objects_meta/tape_measure/questionnaire.json,objects/tape_measure/,objects/tape_measure/,scenes/scene044/0/labels/sam2_meta/v1.tar:sam2/mask_to_object.json
scene044,phase0,7,marker.5,40,83.5,marker,marker,objects_meta/marker.5/questionnaire.json,objects/marker.5/,objects/marker.5/,scenes/scene044/0/labels/sam2_meta/v1.tar:sam2/mask_to_object.json
scene044,phase1,1,power_drill,49,102,power_drill,power_drill,objects_meta/power_drill/questionnaire.json,objects/power_drill/,objects/power_drill/,scenes/scene044/1/labels/sam2_meta/v1.tar:sam2/mask_to_object.json
scene044,phase1,2,book.3,10,17.3,book,book,objects_meta/book.3/questionnaire.json,objects/book.3/,objects/book.3/,scenes/scene044/1/labels/sam2_meta/v1.tar:sam2/mask_to_object.json
scene044,phase1,3,banana,5,9,banana,banana,objects_meta/banana/questionnaire.json,objects/banana/,objects/banana/,scenes/scene044/1/labels/sam2_meta/v1.tar:sam2/mask_to_object.json
scene044,phase1,4,soup_can.1,59,122.1,soup_can,soup_can,objects_meta/soup_can.1/questionnaire.json,objects/soup_can.1/,objects/soup_can.1/,scenes/scene044/1/labels/sam2_meta/v1.tar:sam2/mask_to_object.json
scene044,phase1,5,apple,3,5,apple,apple,objects_meta/apple/questionnaire.json,objects/apple/,objects/apple/,scenes/scene044/1/labels/sam2_meta/v1.tar:sam2/mask_to_object.json
scene044,phase1,6,tape_measure,64,135,tape_measure,tape_measure,objects_meta/tape_measure/questionnaire.json,objects/tape_measure/,objects/tape_measure/,scenes/scene044/1/labels/sam2_meta/v1.tar:sam2/mask_to_object.json
scene044,phase1,7,marker.5,40,83.5,marker,marker,objects_meta/marker.5/questionnaire.json,objects/marker.5/,objects/marker.5/,scenes/scene044/1/labels/sam2_meta/v1.tar:sam2/mask_to_object.json
scene044,phase2,1,power_drill,49,102,power_drill,power_drill,objects_meta/power_drill/questionnaire.json,objects/power_drill/,objects/power_drill/,scenes/scene044/2/labels/sam2_meta/v1.tar:sam2/mask_to_object.json
scene044,phase2,2,book.3,10,17.3,book,book,objects_meta/book.3/questionnaire.json,objects/book.3/,objects/book.3/,scenes/scene044/2/labels/sam2_meta/v1.tar:sam2/mask_to_object.json
scene044,phase2,3,banana,5,9,banana,banana,objects_meta/banana/questionnaire.json,objects/banana/,objects/banana/,scenes/scene044/2/labels/sam2_meta/v1.tar:sam2/mask_to_object.json
scene044,phase2,4,soup_can.1,59,122.1,soup_can,soup_can,objects_meta/soup_can.1/questionnaire.json,objects/soup_can.1/,objects/soup_can.1/,scenes/scene044/2/labels/sam2_meta/v1.tar:sam2/mask_to_object.json
scene044,phase2,5,apple,3,5,apple,apple,objects_meta/apple/questionnaire.json,objects/apple/,objects/apple/,scenes/scene044/2/labels/sam2_meta/v1.tar:sam2/mask_to_object.json
scene044,phase2,6,tape_measure,64,135,tape_measure,tape_measure,objects_meta/tape_measure/questionnaire.json,objects/tape_measure/,objects/tape_measure/,scenes/scene044/2/labels/sam2_meta/v1.tar:sam2/mask_to_object.json
scene044,phase2,7,marker.5,40,83.5,marker,marker,objects_meta/marker.5/questionnaire.json,objects/marker.5/,objects/marker.5/,scenes/scene044/2/labels/sam2_meta/v1.tar:sam2/mask_to_object.json
scene045,phase0,1,fry_pan.1,21,49.1,fry_pan,fry_pan,objects_meta/fry_pan.1/questionnaire.json,objects/fry_pan.1/,objects/fry_pan.1/,scenes/scene045/0/labels/sam2_meta/v1.tar:sam2/mask_to_object.json
scene045,phase0,2,food_bag,22,50,food_bag,food_bag,objects_meta/food_bag/questionnaire.json,objects/food_bag/,objects/food_bag/,scenes/scene045/0/labels/sam2_meta/v1.tar:sam2/mask_to_object.json
scene045,phase0,3,ladle,38,78,ladle,ladle,objects_meta/ladle/questionnaire.json,objects/ladle/,objects/ladle/,scenes/scene045/0/labels/sam2_meta/v1.tar:sam2/mask_to_object.json
scene045,phase0,4,soft_scrub_cleanser_bottle,58,121,soft_scrub_cleanser_bottle,soft_scrub_cleanser_bottle,objects_meta/soft_scrub_cleanser_bottle/questionnaire.json,objects/soft_scrub_cleanser_bottle/,objects/soft_scrub_cleanser_bottle/,scenes/scene045/0/labels/sam2_meta/v1.tar:sam2/mask_to_object.json
scene045,phase0,5,game_controller,23,55,game_controller,game_controller,objects_meta/game_controller/questionnaire.json,objects/game_controller/,objects/game_controller/,scenes/scene045/0/labels/sam2_meta/v1.tar:sam2/mask_to_object.json
scene045,phase0,6,instant_noodle_packet,32,70,instant_noodle_packet,instant_noodle_packet,objects_meta/instant_noodle_packet/questionnaire.json,objects/instant_noodle_packet/,objects/instant_noodle_packet/,scenes/scene045/0/labels/sam2_meta/v1.tar:sam2/mask_to_object.json
scene045,phase0,7,meat_can,41,84,meat_can,meat_can,objects_meta/meat_can/questionnaire.json,objects/meat_can/,objects/meat_can/,scenes/scene045/0/labels/sam2_meta/v1.tar:sam2/mask_to_object.json
scene045,phase1,1,fry_pan.1,21,49.1,fry_pan,fry_pan,objects_meta/fry_pan.1/questionnaire.json,objects/fry_pan.1/,objects/fry_pan.1/,scenes/scene045/1/labels/sam2_meta/v1.tar:sam2/mask_to_object.json
scene045,phase1,2,food_bag,22,50,food_bag,food_bag,objects_meta/food_bag/questionnaire.json,objects/food_bag/,objects/food_bag/,scenes/scene045/1/labels/sam2_meta/v1.tar:sam2/mask_to_object.json
scene045,phase1,3,ladle,38,78,ladle,ladle,objects_meta/ladle/questionnaire.json,objects/ladle/,objects/ladle/,scenes/scene045/1/labels/sam2_meta/v1.tar:sam2/mask_to_object.json
scene045,phase1,4,soft_scrub_cleanser_bottle,58,121,soft_scrub_cleanser_bottle,soft_scrub_cleanser_bottle,objects_meta/soft_scrub_cleanser_bottle/questionnaire.json,objects/soft_scrub_cleanser_bottle/,objects/soft_scrub_cleanser_bottle/,scenes/scene045/1/labels/sam2_meta/v1.tar:sam2/mask_to_object.json
scene045,phase1,5,game_controller,23,55,game_controller,game_controller,objects_meta/game_controller/questionnaire.json,objects/game_controller/,objects/game_controller/,scenes/scene045/1/labels/sam2_meta/v1.tar:sam2/mask_to_object.json
scene045,phase1,6,instant_noodle_packet,32,70,instant_noodle_packet,instant_noodle_packet,objects_meta/instant_noodle_packet/questionnaire.json,objects/instant_noodle_packet/,objects/instant_noodle_packet/,scenes/scene045/1/labels/sam2_meta/v1.tar:sam2/mask_to_object.json
scene045,phase1,7,meat_can,41,84,meat_can,meat_can,objects_meta/meat_can/questionnaire.json,objects/meat_can/,objects/meat_can/,scenes/scene045/1/labels/sam2_meta/v1.tar:sam2/mask_to_object.json
scene045,phase2,1,fry_pan.1,21,49.1,fry_pan,fry_pan,objects_meta/fry_pan.1/questionnaire.json,objects/fry_pan.1/,objects/fry_pan.1/,scenes/scene045/2/labels/sam2_meta/v1.tar:sam2/mask_to_object.json
scene045,phase2,2,food_bag,22,50,food_bag,food_bag,objects_meta/food_bag/questionnaire.json,objects/food_bag/,objects/food_bag/,scenes/scene045/2/labels/sam2_meta/v1.tar:sam2/mask_to_object.json
scene045,phase2,3,ladle,38,78,ladle,ladle,objects_meta/ladle/questionnaire.json,objects/ladle/,objects/ladle/,scenes/scene045/2/labels/sam2_meta/v1.tar:sam2/mask_to_object.json
scene045,phase2,4,soft_scrub_cleanser_bottle,58,121,soft_scrub_cleanser_bottle,soft_scrub_cleanser_bottle,objects_meta/soft_scrub_cleanser_bottle/questionnaire.json,objects/soft_scrub_cleanser_bottle/,objects/soft_scrub_cleanser_bottle/,scenes/scene045/2/labels/sam2_meta/v1.tar:sam2/mask_to_object.json
scene045,phase2,5,game_controller,23,55,game_controller,game_controller,objects_meta/game_controller/questionnaire.json,objects/game_controller/,objects/game_controller/,scenes/scene045/2/labels/sam2_meta/v1.tar:sam2/mask_to_object.json
scene045,phase2,6,instant_noodle_packet,32,70,instant_noodle_packet,instant_noodle_packet,objects_meta/instant_noodle_packet/questionnaire.json,objects/instant_noodle_packet/,objects/instant_noodle_packet/,scenes/scene045/2/labels/sam2_meta/v1.tar:sam2/mask_to_object.json
scene045,phase2,7,meat_can,41,84,meat_can,meat_can,objects_meta/meat_can/questionnaire.json,objects/meat_can/,objects/meat_can/,scenes/scene045/2/labels/sam2_meta/v1.tar:sam2/mask_to_object.json
scene046,phase0,1,kettle,36,74,kettle,kettle,objects_meta/kettle/questionnaire.json,objects/kettle/,objects/kettle/,scenes/scene046/0/labels/sam2_meta/v1.tar:sam2/mask_to_object.json
scene046,phase0,2,hat.1,29,66.1,hat,hat,objects_meta/hat.1/questionnaire.json,objects/hat.1/,objects/hat.1/,scenes/scene046/0/labels/sam2_meta/v1.tar:sam2/mask_to_object.json
scene046,phase0,3,milk_jug,43,86,milk_jug,milk_jug,objects_meta/milk_jug/questionnaire.json,objects/milk_jug/,objects/milk_jug/,scenes/scene046/0/labels/sam2_meta/v1.tar:sam2/mask_to_object.json
scene046,phase0,4,pringles_can.2,50,103.2,pringles_can,pringles_can,objects_meta/pringles_can.2/questionnaire.json,objects/pringles_can.2/,objects/pringles_can.2/,scenes/scene046/0/labels/sam2_meta/v1.tar:sam2/mask_to_object.json
scene046,phase0,5,air_duster_can,1,1,air_duster_can,air_duster_can,objects_meta/air_duster_can/questionnaire.json,objects/air_duster_can/,objects/air_duster_can/,scenes/scene046/0/labels/sam2_meta/v1.tar:sam2/mask_to_object.json
scene046,phase0,6,cup.1,19,40.1,cup,cup,objects_meta/cup.1/questionnaire.json,objects/cup.1/,objects/cup.1/,scenes/scene046/0/labels/sam2_meta/v1.tar:sam2/mask_to_object.json
scene046,phase0,7,baseball_ball,6,10,baseball_ball,baseball_ball,objects_meta/baseball_ball/questionnaire.json,objects/baseball_ball/,objects/baseball_ball/,scenes/scene046/0/labels/sam2_meta/v1.tar:sam2/mask_to_object.json
scene046,phase1,1,kettle,36,74,kettle,kettle,objects_meta/kettle/questionnaire.json,objects/kettle/,objects/kettle/,scenes/scene046/1/labels/sam2_meta/v1.tar:sam2/mask_to_object.json
scene046,phase1,2,hat.1,29,66.1,hat,hat,objects_meta/hat.1/questionnaire.json,objects/hat.1/,objects/hat.1/,scenes/scene046/1/labels/sam2_meta/v1.tar:sam2/mask_to_object.json
scene046,phase1,3,milk_jug,43,86,milk_jug,milk_jug,objects_meta/milk_jug/questionnaire.json,objects/milk_jug/,objects/milk_jug/,scenes/scene046/1/labels/sam2_meta/v1.tar:sam2/mask_to_object.json
scene046,phase1,4,pringles_can.2,50,103.2,pringles_can,pringles_can,objects_meta/pringles_can.2/questionnaire.json,objects/pringles_can.2/,objects/pringles_can.2/,scenes/scene046/1/labels/sam2_meta/v1.tar:sam2/mask_to_object.json
scene046,phase1,5,air_duster_can,1,1,air_duster_can,air_duster_can,objects_meta/air_duster_can/questionnaire.json,objects/air_duster_can/,objects/air_duster_can/,scenes/scene046/1/labels/sam2_meta/v1.tar:sam2/mask_to_object.json
scene046,phase1,6,cup.1,19,40.1,cup,cup,objects_meta/cup.1/questionnaire.json,objects/cup.1/,objects/cup.1/,scenes/scene046/1/labels/sam2_meta/v1.tar:sam2/mask_to_object.json
scene046,phase1,7,baseball_ball,6,10,baseball_ball,baseball_ball,objects_meta/baseball_ball/questionnaire.json,objects/baseball_ball/,objects/baseball_ball/,scenes/scene046/1/labels/sam2_meta/v1.tar:sam2/mask_to_object.json
scene046,phase2,1,kettle,36,74,kettle,kettle,objects_meta/kettle/questionnaire.json,objects/kettle/,objects/kettle/,scenes/scene046/2/labels/sam2_meta/v1.tar:sam2/mask_to_object.json
scene046,phase2,2,hat.1,29,66.1,hat,hat,objects_meta/hat.1/questionnaire.json,objects/hat.1/,objects/hat.1/,scenes/scene046/2/labels/sam2_meta/v1.tar:sam2/mask_to_object.json
scene046,phase2,3,milk_jug,43,86,milk_jug,milk_jug,objects_meta/milk_jug/questionnaire.json,objects/milk_jug/,objects/milk_jug/,scenes/scene046/2/labels/sam2_meta/v1.tar:sam2/mask_to_object.json
scene046,phase2,4,pringles_can.2,50,103.2,pringles_can,pringles_can,objects_meta/pringles_can.2/questionnaire.json,objects/pringles_can.2/,objects/pringles_can.2/,scenes/scene046/2/labels/sam2_meta/v1.tar:sam2/mask_to_object.json
scene046,phase2,5,air_duster_can,1,1,air_duster_can,air_duster_can,objects_meta/air_duster_can/questionnaire.json,objects/air_duster_can/,objects/air_duster_can/,scenes/scene046/2/labels/sam2_meta/v1.tar:sam2/mask_to_object.json
scene046,phase2,6,cup.1,19,40.1,cup,cup,objects_meta/cup.1/questionnaire.json,objects/cup.1/,objects/cup.1/,scenes/scene046/2/labels/sam2_meta/v1.tar:sam2/mask_to_object.json
scene046,phase2,7,baseball_ball,6,10,baseball_ball,baseball_ball,objects_meta/baseball_ball/questionnaire.json,objects/baseball_ball/,objects/baseball_ball/,scenes/scene046/2/labels/sam2_meta/v1.tar:sam2/mask_to_object.json
scene047,phase0,1,beanie.2,8,13.2,beanie,beanie,objects_meta/beanie.2/questionnaire.json,objects/beanie.2/,objects/beanie.2/,scenes/scene047/0/labels/sam2_meta/v1.tar:sam2/mask_to_object.json
scene047,phase0,2,cracker_box,18,38,cracker_box,cracker_box,objects_meta/cracker_box/questionnaire.json,objects/cracker_box/,objects/cracker_box/,scenes/scene047/0/labels/sam2_meta/v1.tar:sam2/mask_to_object.json
scene047,phase0,3,bowl.1,12,20.1,bowl,bowl,objects_meta/bowl.1/questionnaire.json,objects/bowl.1/,objects/bowl.1/,scenes/scene047/0/labels/sam2_meta/v1.tar:sam2/mask_to_object.json
scene047,phase0,4,remote_controller,52,107,remote_controller,remote_controller,objects_meta/remote_controller/questionnaire.json,objects/remote_controller/,objects/remote_controller/,scenes/scene047/0/labels/sam2_meta/v1.tar:sam2/mask_to_object.json
scene047,phase0,5,bear.1,9,14.1,bear,bear,objects_meta/bear.1/questionnaire.json,objects/bear.1/,objects/bear.1/,scenes/scene047/0/labels/sam2_meta/v1.tar:sam2/mask_to_object.json
scene047,phase0,6,pear,47,95,pear,pear,objects_meta/pear/questionnaire.json,objects/pear/,objects/pear/,scenes/scene047/0/labels/sam2_meta/v1.tar:sam2/mask_to_object.json
scene047,phase0,7,sponge,61,125,sponge,sponge,objects_meta/sponge/questionnaire.json,objects/sponge/,objects/sponge/,scenes/scene047/0/labels/sam2_meta/v1.tar:sam2/mask_to_object.json
scene047,phase1,1,beanie.2,8,13.2,beanie,beanie,objects_meta/beanie.2/questionnaire.json,objects/beanie.2/,objects/beanie.2/,scenes/scene047/1/labels/sam2_meta/v1.tar:sam2/mask_to_object.json
scene047,phase1,2,cracker_box,18,38,cracker_box,cracker_box,objects_meta/cracker_box/questionnaire.json,objects/cracker_box/,objects/cracker_box/,scenes/scene047/1/labels/sam2_meta/v1.tar:sam2/mask_to_object.json
scene047,phase1,3,bowl.1,12,20.1,bowl,bowl,objects_meta/bowl.1/questionnaire.json,objects/bowl.1/,objects/bowl.1/,scenes/scene047/1/labels/sam2_meta/v1.tar:sam2/mask_to_object.json
scene047,phase1,4,remote_controller,52,107,remote_controller,remote_controller,objects_meta/remote_controller/questionnaire.json,objects/remote_controller/,objects/remote_controller/,scenes/scene047/1/labels/sam2_meta/v1.tar:sam2/mask_to_object.json
scene047,phase1,5,bear.1,9,14.1,bear,bear,objects_meta/bear.1/questionnaire.json,objects/bear.1/,objects/bear.1/,scenes/scene047/1/labels/sam2_meta/v1.tar:sam2/mask_to_object.json
scene047,phase1,6,pear,47,95,pear,pear,objects_meta/pear/questionnaire.json,objects/pear/,objects/pear/,scenes/scene047/1/labels/sam2_meta/v1.tar:sam2/mask_to_object.json
scene047,phase1,7,sponge,61,125,sponge,sponge,objects_meta/sponge/questionnaire.json,objects/sponge/,objects/sponge/,scenes/scene047/1/labels/sam2_meta/v1.tar:sam2/mask_to_object.json
scene047,phase2,1,beanie.2,8,13.2,beanie,beanie,objects_meta/beanie.2/questionnaire.json,objects/beanie.2/,objects/beanie.2/,scenes/scene047/2/labels/sam2_meta/v1.tar:sam2/mask_to_object.json
scene047,phase2,2,cracker_box,18,38,cracker_box,cracker_box,objects_meta/cracker_box/questionnaire.json,objects/cracker_box/,objects/cracker_box/,scenes/scene047/2/labels/sam2_meta/v1.tar:sam2/mask_to_object.json
scene047,phase2,3,bowl.1,12,20.1,bowl,bowl,objects_meta/bowl.1/questionnaire.json,objects/bowl.1/,objects/bowl.1/,scenes/scene047/2/labels/sam2_meta/v1.tar:sam2/mask_to_object.json
scene047,phase2,4,remote_controller,52,107,remote_controller,remote_controller,objects_meta/remote_controller/questionnaire.json,objects/remote_controller/,objects/remote_controller/,scenes/scene047/2/labels/sam2_meta/v1.tar:sam2/mask_to_object.json
scene047,phase2,5,bear.1,9,14.1,bear,bear,objects_meta/bear.1/questionnaire.json,objects/bear.1/,objects/bear.1/,scenes/scene047/2/labels/sam2_meta/v1.tar:sam2/mask_to_object.json
scene047,phase2,6,pear,47,95,pear,pear,objects_meta/pear/questionnaire.json,objects/pear/,objects/pear/,scenes/scene047/2/labels/sam2_meta/v1.tar:sam2/mask_to_object.json
scene047,phase2,7,sponge,61,125,sponge,sponge,objects_meta/sponge/questionnaire.json,objects/sponge/,objects/sponge/,scenes/scene047/2/labels/sam2_meta/v1.tar:sam2/mask_to_object.json
scene048,phase0,1,helmet,31,68,helmet,helmet,objects_meta/helmet/questionnaire.json,objects/helmet/,objects/helmet/,scenes/scene048/0/labels/sam2_meta/v1.tar:sam2/mask_to_object.json
scene048,phase0,2,doll.1,20,43.1,doll,doll,objects_meta/doll.1/questionnaire.json,objects/doll.1/,objects/doll.1/,scenes/scene048/0/labels/sam2_meta/v1.tar:sam2/mask_to_object.json
scene048,phase0,3,towel.2,68,144.2,towel,towel,objects_meta/towel.2/questionnaire.json,objects/towel.2/,objects/towel.2/,scenes/scene048/0/labels/sam2_meta/v1.tar:sam2/mask_to_object.json
scene048,phase0,4,basting_brush.1,7,11.1,basting_brush,basting_brush,objects_meta/basting_brush.1/questionnaire.json,objects/basting_brush.1/,objects/basting_brush.1/,scenes/scene048/0/labels/sam2_meta/v1.tar:sam2/mask_to_object.json
scene048,phase0,5,t-handle.2,63,133.2,t-handle,t-handle,objects_meta/t-handle.2/questionnaire.json,objects/t-handle.2/,objects/t-handle.2/,scenes/scene048/0/labels/sam2_meta/v1.tar:sam2/mask_to_object.json
scene048,phase0,6,glove.2,24,57.2,glove,glove,objects_meta/glove.2/questionnaire.json,objects/glove.2/,objects/glove.2/,scenes/scene048/0/labels/sam2_meta/v1.tar:sam2/mask_to_object.json
scene048,phase0,7,hairbrush,26,62,hair_brush,hair_brush,objects_meta/hairbrush/questionnaire.json,objects/hairbrush/,objects/hairbrush/,scenes/scene048/0/labels/sam2_meta/v1.tar:sam2/mask_to_object.json
scene048,phase1,1,helmet,31,68,helmet,helmet,objects_meta/helmet/questionnaire.json,objects/helmet/,objects/helmet/,scenes/scene048/1/labels/sam2_meta/v1.tar:sam2/mask_to_object.json
scene048,phase1,2,doll.1,20,43.1,doll,doll,objects_meta/doll.1/questionnaire.json,objects/doll.1/,objects/doll.1/,scenes/scene048/1/labels/sam2_meta/v1.tar:sam2/mask_to_object.json
scene048,phase1,3,towel.2,68,144.2,towel,towel,objects_meta/towel.2/questionnaire.json,objects/towel.2/,objects/towel.2/,scenes/scene048/1/labels/sam2_meta/v1.tar:sam2/mask_to_object.json
scene048,phase1,4,basting_brush.1,7,11.1,basting_brush,basting_brush,objects_meta/basting_brush.1/questionnaire.json,objects/basting_brush.1/,objects/basting_brush.1/,scenes/scene048/1/labels/sam2_meta/v1.tar:sam2/mask_to_object.json
scene048,phase1,5,t-handle.2,63,133.2,t-handle,t-handle,objects_meta/t-handle.2/questionnaire.json,objects/t-handle.2/,objects/t-handle.2/,scenes/scene048/1/labels/sam2_meta/v1.tar:sam2/mask_to_object.json
scene048,phase1,6,glove.2,24,57.2,glove,glove,objects_meta/glove.2/questionnaire.json,objects/glove.2/,objects/glove.2/,scenes/scene048/1/labels/sam2_meta/v1.tar:sam2/mask_to_object.json
scene048,phase1,7,hairbrush,26,62,hair_brush,hair_brush,objects_meta/hairbrush/questionnaire.json,objects/hairbrush/,objects/hairbrush/,scenes/scene048/1/labels/sam2_meta/v1.tar:sam2/mask_to_object.json
scene048,phase2,1,helmet,31,68,helmet,helmet,objects_meta/helmet/questionnaire.json,objects/helmet/,objects/helmet/,scenes/scene048/2/labels/sam2_meta/v1.tar:sam2/mask_to_object.json
scene048,phase2,2,doll.1,20,43.1,doll,doll,objects_meta/doll.1/questionnaire.json,objects/doll.1/,objects/doll.1/,scenes/scene048/2/labels/sam2_meta/v1.tar:sam2/mask_to_object.json
scene048,phase2,3,towel.2,68,144.2,towel,towel,objects_meta/towel.2/questionnaire.json,objects/towel.2/,objects/towel.2/,scenes/scene048/2/labels/sam2_meta/v1.tar:sam2/mask_to_object.json
scene048,phase2,4,basting_brush.1,7,11.1,basting_brush,basting_brush,objects_meta/basting_brush.1/questionnaire.json,objects/basting_brush.1/,objects/basting_brush.1/,scenes/scene048/2/labels/sam2_meta/v1.tar:sam2/mask_to_object.json
scene048,phase2,5,t-handle.2,63,133.2,t-handle,t-handle,objects_meta/t-handle.2/questionnaire.json,objects/t-handle.2/,objects/t-handle.2/,scenes/scene048/2/labels/sam2_meta/v1.tar:sam2/mask_to_object.json
scene048,phase2,6,glove.2,24,57.2,glove,glove,objects_meta/glove.2/questionnaire.json,objects/glove.2/,objects/glove.2/,scenes/scene048/2/labels/sam2_meta/v1.tar:sam2/mask_to_object.json
scene048,phase2,7,hairbrush,26,62,hair_brush,hair_brush,objects_meta/hairbrush/questionnaire.json,objects/hairbrush/,objects/hairbrush/,scenes/scene048/2/labels/sam2_meta/v1.tar:sam2/mask_to_object.json
scene049,phase0,1,lion.2,39,82.2,lion,lion,objects_meta/lion.2/questionnaire.json,objects/lion.2/,objects/lion.2/,scenes/scene049/0/labels/sam2_meta/v1.tar:sam2/mask_to_object.json
scene049,phase0,2,peeler.2,48,96.2,peeler,peeler,objects_meta/peeler.2/questionnaire.json,objects/peeler.2/,objects/peeler.2/,scenes/scene049/0/labels/sam2_meta/v1.tar:sam2/mask_to_object.json
scene049,phase0,3,boot.2,11,18.2,boot,boot,objects_meta/boot.2/questionnaire.json,objects/boot.2/,objects/boot.2/,scenes/scene049/0/labels/sam2_meta/v1.tar:sam2/mask_to_object.json
scene049,phase0,4,spray_bottle.2,62,127.2,spray_bottle,spray_bottle,objects_meta/spray_bottle.2/questionnaire.json,objects/spray_bottle.2/,objects/spray_bottle.2/,scenes/scene049/0/labels/sam2_meta/v1.tar:sam2/mask_to_object.json
scene049,phase0,5,jar,33,71,jar,jar,objects_meta/jar/questionnaire.json,objects/jar/,objects/jar/,scenes/scene049/0/labels/sam2_meta/v1.tar:sam2/mask_to_object.json
scene049,phase0,6,coffee_can.1,17,37.1,coffee_can,coffee_can,objects_meta/coffee_can.1/questionnaire.json,objects/coffee_can.1/,objects/coffee_can.1/,scenes/scene049/0/labels/sam2_meta/v1.tar:sam2/mask_to_object.json
scene049,phase0,7,pump_bottle.2,51,105.2,pump_bottle,pump_bottle,objects_meta/pump_bottle.2/questionnaire.json,objects/pump_bottle.2/,objects/pump_bottle.2/,scenes/scene049/0/labels/sam2_meta/v1.tar:sam2/mask_to_object.json
scene049,phase1,1,lion.2,39,82.2,lion,lion,objects_meta/lion.2/questionnaire.json,objects/lion.2/,objects/lion.2/,scenes/scene049/1/labels/sam2_meta/v1.tar:sam2/mask_to_object.json
scene049,phase1,2,peeler.2,48,96.2,peeler,peeler,objects_meta/peeler.2/questionnaire.json,objects/peeler.2/,objects/peeler.2/,scenes/scene049/1/labels/sam2_meta/v1.tar:sam2/mask_to_object.json
scene049,phase1,3,boot.2,11,18.2,boot,boot,objects_meta/boot.2/questionnaire.json,objects/boot.2/,objects/boot.2/,scenes/scene049/1/labels/sam2_meta/v1.tar:sam2/mask_to_object.json
scene049,phase1,4,spray_bottle.2,62,127.2,spray_bottle,spray_bottle,objects_meta/spray_bottle.2/questionnaire.json,objects/spray_bottle.2/,objects/spray_bottle.2/,scenes/scene049/1/labels/sam2_meta/v1.tar:sam2/mask_to_object.json
scene049,phase1,5,jar,33,71,jar,jar,objects_meta/jar/questionnaire.json,objects/jar/,objects/jar/,scenes/scene049/1/labels/sam2_meta/v1.tar:sam2/mask_to_object.json
scene049,phase1,6,coffee_can.1,17,37.1,coffee_can,coffee_can,objects_meta/coffee_can.1/questionnaire.json,objects/coffee_can.1/,objects/coffee_can.1/,scenes/scene049/1/labels/sam2_meta/v1.tar:sam2/mask_to_object.json
scene049,phase1,7,pump_bottle.2,51,105.2,pump_bottle,pump_bottle,objects_meta/pump_bottle.2/questionnaire.json,objects/pump_bottle.2/,objects/pump_bottle.2/,scenes/scene049/1/labels/sam2_meta/v1.tar:sam2/mask_to_object.json
scene049,phase2,1,lion.2,39,82.2,lion,lion,objects_meta/lion.2/questionnaire.json,objects/lion.2/,objects/lion.2/,scenes/scene049/2/labels/sam2_meta/v1.tar:sam2/mask_to_object.json
scene049,phase2,2,peeler.2,48,96.2,peeler,peeler,objects_meta/peeler.2/questionnaire.json,objects/peeler.2/,objects/peeler.2/,scenes/scene049/2/labels/sam2_meta/v1.tar:sam2/mask_to_object.json
scene049,phase2,3,boot.2,11,18.2,boot,boot,objects_meta/boot.2/questionnaire.json,objects/boot.2/,objects/boot.2/,scenes/scene049/2/labels/sam2_meta/v1.tar:sam2/mask_to_object.json
scene049,phase2,4,spray_bottle.2,62,127.2,spray_bottle,spray_bottle,objects_meta/spray_bottle.2/questionnaire.json,objects/spray_bottle.2/,objects/spray_bottle.2/,scenes/scene049/2/labels/sam2_meta/v1.tar:sam2/mask_to_object.json
scene049,phase2,5,jar,33,71,jar,jar,objects_meta/jar/questionnaire.json,objects/jar/,objects/jar/,scenes/scene049/2/labels/sam2_meta/v1.tar:sam2/mask_to_object.json
scene049,phase2,6,coffee_can.1,17,37.1,coffee_can,coffee_can,objects_meta/coffee_can.1/questionnaire.json,objects/coffee_can.1/,objects/coffee_can.1/,scenes/scene049/2/labels/sam2_meta/v1.tar:sam2/mask_to_object.json
scene049,phase2,7,pump_bottle.2,51,105.2,pump_bottle,pump_bottle,objects_meta/pump_bottle.2/questionnaire.json,objects/pump_bottle.2/,objects/pump_bottle.2/,scenes/scene049/2/labels/sam2_meta/v1.tar:sam2/mask_to_object.json
scene050,phase0,1,hammer.2,27,63.2,hammer,hammer,objects_meta/hammer.2/questionnaire.json,objects/hammer.2/,objects/hammer.2/,scenes/scene050/0/labels/sam2_meta/v1.tar:sam2/mask_to_object.json
scene050,phase0,2,juice_pouch.2,35,73.2,juice_pouch,juice_pouch,objects_meta/juice_pouch.2/questionnaire.json,objects/juice_pouch.2/,objects/juice_pouch.2/,scenes/scene050/0/labels/sam2_meta/v1.tar:sam2/mask_to_object.json
scene050,phase0,3,water_bottle.2,70,148.2,water_bottle,water_bottle,objects_meta/water_bottle.2/questionnaire.json,objects/water_bottle.2/,objects/water_bottle.2/,scenes/scene050/0/labels/sam2_meta/v1.tar:sam2/mask_to_object.json
scene050,phase0,4,scissors.1,54,113.1,scissors,scissors,objects_meta/scissors.1/questionnaire.json,objects/scissors.1/,objects/scissors.1/,scenes/scene050/0/labels/sam2_meta/v1.tar:sam2/mask_to_object.json
scene050,phase0,5,alarm_clock,2,3,alarm_clock,alarm_clock,objects_meta/alarm_clock/questionnaire.json,objects/alarm_clock/,objects/alarm_clock/,scenes/scene050/0/labels/sam2_meta/v1.tar:sam2/mask_to_object.json
scene050,phase0,6,coffee_bottle,16,36,coffee_bottle,coffee_bottle,objects_meta/coffee_bottle/questionnaire.json,objects/coffee_bottle/,objects/coffee_bottle/,scenes/scene050/0/labels/sam2_meta/v1.tar:sam2/mask_to_object.json
scene050,phase0,7,jello_box.1,34,72.1,jello_box,jello_box,objects_meta/jello_box.1/questionnaire.json,objects/jello_box.1/,objects/jello_box.1/,scenes/scene050/0/labels/sam2_meta/v1.tar:sam2/mask_to_object.json
scene050,phase1,1,hammer.2,27,63.2,hammer,hammer,objects_meta/hammer.2/questionnaire.json,objects/hammer.2/,objects/hammer.2/,scenes/scene050/1/labels/sam2_meta/v1.tar:sam2/mask_to_object.json
scene050,phase1,2,juice_pouch.2,35,73.2,juice_pouch,juice_pouch,objects_meta/juice_pouch.2/questionnaire.json,objects/juice_pouch.2/,objects/juice_pouch.2/,scenes/scene050/1/labels/sam2_meta/v1.tar:sam2/mask_to_object.json
scene050,phase1,3,water_bottle.2,70,148.2,water_bottle,water_bottle,objects_meta/water_bottle.2/questionnaire.json,objects/water_bottle.2/,objects/water_bottle.2/,scenes/scene050/1/labels/sam2_meta/v1.tar:sam2/mask_to_object.json
scene050,phase1,4,scissors.1,54,113.1,scissors,scissors,objects_meta/scissors.1/questionnaire.json,objects/scissors.1/,objects/scissors.1/,scenes/scene050/1/labels/sam2_meta/v1.tar:sam2/mask_to_object.json
scene050,phase1,5,alarm_clock,2,3,alarm_clock,alarm_clock,objects_meta/alarm_clock/questionnaire.json,objects/alarm_clock/,objects/alarm_clock/,scenes/scene050/1/labels/sam2_meta/v1.tar:sam2/mask_to_object.json
scene050,phase1,6,coffee_bottle,16,36,coffee_bottle,coffee_bottle,objects_meta/coffee_bottle/questionnaire.json,objects/coffee_bottle/,objects/coffee_bottle/,scenes/scene050/1/labels/sam2_meta/v1.tar:sam2/mask_to_object.json
scene050,phase1,7,jello_box.1,34,72.1,jello_box,jello_box,objects_meta/jello_box.1/questionnaire.json,objects/jello_box.1/,objects/jello_box.1/,scenes/scene050/1/labels/sam2_meta/v1.tar:sam2/mask_to_object.json
scene050,phase2,1,hammer.2,27,63.2,hammer,hammer,objects_meta/hammer.2/questionnaire.json,objects/hammer.2/,objects/hammer.2/,scenes/scene050/2/labels/sam2_meta/v1.tar:sam2/mask_to_object.json
scene050,phase2,2,juice_pouch.2,35,73.2,juice_pouch,juice_pouch,objects_meta/juice_pouch.2/questionnaire.json,objects/juice_pouch.2/,objects/juice_pouch.2/,scenes/scene050/2/labels/sam2_meta/v1.tar:sam2/mask_to_object.json
scene050,phase2,3,water_bottle.2,70,148.2,water_bottle,water_bottle,objects_meta/water_bottle.2/questionnaire.json,objects/water_bottle.2/,objects/water_bottle.2/,scenes/scene050/2/labels/sam2_meta/v1.tar:sam2/mask_to_object.json
scene050,phase2,4,scissors.1,54,113.1,scissors,scissors,objects_meta/scissors.1/questionnaire.json,objects/scissors.1/,objects/scissors.1/,scenes/scene050/2/labels/sam2_meta/v1.tar:sam2/mask_to_object.json
scene050,phase2,5,alarm_clock,2,3,alarm_clock,alarm_clock,objects_meta/alarm_clock/questionnaire.json,objects/alarm_clock/,objects/alarm_clock/,scenes/scene050/2/labels/sam2_meta/v1.tar:sam2/mask_to_object.json
scene050,phase2,6,coffee_bottle,16,36,coffee_bottle,coffee_bottle,objects_meta/coffee_bottle/questionnaire.json,objects/coffee_bottle/,objects/coffee_bottle/,scenes/scene050/2/labels/sam2_meta/v1.tar:sam2/mask_to_object.json
scene050,phase2,7,jello_box.1,34,72.1,jello_box,jello_box,objects_meta/jello_box.1/questionnaire.json,objects/jello_box.1/,objects/jello_box.1/,scenes/scene050/2/labels/sam2_meta/v1.tar:sam2/mask_to_object.json
scene051,phase0,1,handy_pot,28,65,handy_pot,handy_pot,objects_meta/handy_pot/questionnaire.json,objects/handy_pot/,objects/handy_pot/,scenes/scene051/0/labels/sam2_meta/v1.tar:sam2/mask_to_object.json
scene051,phase0,2,water_bottle.2,70,148.2,water_bottle,water_bottle,objects_meta/water_bottle.2/questionnaire.json,objects/water_bottle.2/,objects/water_bottle.2/,scenes/scene051/0/labels/sam2_meta/v1.tar:sam2/mask_to_object.json
scene051,phase0,3,doll.1,20,43.1,doll,doll,objects_meta/doll.1/questionnaire.json,objects/doll.1/,objects/doll.1/,scenes/scene051/0/labels/sam2_meta/v1.tar:sam2/mask_to_object.json
scene051,phase0,4,jar,33,71,jar,jar,objects_meta/jar/questionnaire.json,objects/jar/,objects/jar/,scenes/scene051/0/labels/sam2_meta/v1.tar:sam2/mask_to_object.json
scene051,phase0,5,mug.2,45,88.2,mug,mug,objects_meta/mug.2/questionnaire.json,objects/mug.2/,objects/mug.2/,scenes/scene051/0/labels/sam2_meta/v1.tar:sam2/mask_to_object.json
scene051,phase0,6,apple,3,5,apple,apple,objects_meta/apple/questionnaire.json,objects/apple/,objects/apple/,scenes/scene051/0/labels/sam2_meta/v1.tar:sam2/mask_to_object.json
scene051,phase0,7,mouse.3,44,87.3,mouse,mouse,objects_meta/mouse.3/questionnaire.json,objects/mouse.3/,objects/mouse.3/,scenes/scene051/0/labels/sam2_meta/v1.tar:sam2/mask_to_object.json
scene051,phase1,1,handy_pot,28,65,handy_pot,handy_pot,objects_meta/handy_pot/questionnaire.json,objects/handy_pot/,objects/handy_pot/,scenes/scene051/1/labels/sam2_meta/v1.tar:sam2/mask_to_object.json
scene051,phase1,2,water_bottle.2,70,148.2,water_bottle,water_bottle,objects_meta/water_bottle.2/questionnaire.json,objects/water_bottle.2/,objects/water_bottle.2/,scenes/scene051/1/labels/sam2_meta/v1.tar:sam2/mask_to_object.json
scene051,phase1,3,doll.1,20,43.1,doll,doll,objects_meta/doll.1/questionnaire.json,objects/doll.1/,objects/doll.1/,scenes/scene051/1/labels/sam2_meta/v1.tar:sam2/mask_to_object.json
scene051,phase1,4,jar,33,71,jar,jar,objects_meta/jar/questionnaire.json,objects/jar/,objects/jar/,scenes/scene051/1/labels/sam2_meta/v1.tar:sam2/mask_to_object.json
scene051,phase1,5,mug.2,45,88.2,mug,mug,objects_meta/mug.2/questionnaire.json,objects/mug.2/,objects/mug.2/,scenes/scene051/1/labels/sam2_meta/v1.tar:sam2/mask_to_object.json
scene051,phase1,6,apple,3,5,apple,apple,objects_meta/apple/questionnaire.json,objects/apple/,objects/apple/,scenes/scene051/1/labels/sam2_meta/v1.tar:sam2/mask_to_object.json
scene051,phase1,7,mouse.3,44,87.3,mouse,mouse,objects_meta/mouse.3/questionnaire.json,objects/mouse.3/,objects/mouse.3/,scenes/scene051/1/labels/sam2_meta/v1.tar:sam2/mask_to_object.json
scene051,phase2,1,handy_pot,28,65,handy_pot,handy_pot,objects_meta/handy_pot/questionnaire.json,objects/handy_pot/,objects/handy_pot/,scenes/scene051/2/labels/sam2_meta/v1.tar:sam2/mask_to_object.json
scene051,phase2,2,water_bottle.2,70,148.2,water_bottle,water_bottle,objects_meta/water_bottle.2/questionnaire.json,objects/water_bottle.2/,objects/water_bottle.2/,scenes/scene051/2/labels/sam2_meta/v1.tar:sam2/mask_to_object.json
scene051,phase2,3,doll.1,20,43.1,doll,doll,objects_meta/doll.1/questionnaire.json,objects/doll.1/,objects/doll.1/,scenes/scene051/2/labels/sam2_meta/v1.tar:sam2/mask_to_object.json
scene051,phase2,4,jar,33,71,jar,jar,objects_meta/jar/questionnaire.json,objects/jar/,objects/jar/,scenes/scene051/2/labels/sam2_meta/v1.tar:sam2/mask_to_object.json
scene051,phase2,5,mug.2,45,88.2,mug,mug,objects_meta/mug.2/questionnaire.json,objects/mug.2/,objects/mug.2/,scenes/scene051/2/labels/sam2_meta/v1.tar:sam2/mask_to_object.json
scene051,phase2,6,apple,3,5,apple,apple,objects_meta/apple/questionnaire.json,objects/apple/,objects/apple/,scenes/scene051/2/labels/sam2_meta/v1.tar:sam2/mask_to_object.json
scene051,phase2,7,mouse.3,44,87.3,mouse,mouse,objects_meta/mouse.3/questionnaire.json,objects/mouse.3/,objects/mouse.3/,scenes/scene051/2/labels/sam2_meta/v1.tar:sam2/mask_to_object.json
scene052,phase0,1,scissors.1,54,113.1,scissors,scissors,objects_meta/scissors.1/questionnaire.json,objects/scissors.1/,objects/scissors.1/,scenes/scene052/0/labels/sam2_meta/v1.tar:sam2/mask_to_object.json
scene052,phase0,2,boot.2,11,18.2,boot,boot,objects_meta/boot.2/questionnaire.json,objects/boot.2/,objects/boot.2/,scenes/scene052/0/labels/sam2_meta/v1.tar:sam2/mask_to_object.json
scene052,phase0,3,hat.1,29,66.1,hat,hat,objects_meta/hat.1/questionnaire.json,objects/hat.1/,objects/hat.1/,scenes/scene052/0/labels/sam2_meta/v1.tar:sam2/mask_to_object.json
scene052,phase0,4,helmet,31,68,helmet,helmet,objects_meta/helmet/questionnaire.json,objects/helmet/,objects/helmet/,scenes/scene052/0/labels/sam2_meta/v1.tar:sam2/mask_to_object.json
scene052,phase0,5,lion.2,39,82.2,lion,lion,objects_meta/lion.2/questionnaire.json,objects/lion.2/,objects/lion.2/,scenes/scene052/0/labels/sam2_meta/v1.tar:sam2/mask_to_object.json
scene052,phase0,6,milk_jug,43,86,milk_jug,milk_jug,objects_meta/milk_jug/questionnaire.json,objects/milk_jug/,objects/milk_jug/,scenes/scene052/0/labels/sam2_meta/v1.tar:sam2/mask_to_object.json
scene052,phase0,7,remote_controller,52,107,remote_controller,remote_controller,objects_meta/remote_controller/questionnaire.json,objects/remote_controller/,objects/remote_controller/,scenes/scene052/0/labels/sam2_meta/v1.tar:sam2/mask_to_object.json
scene052,phase1,1,scissors.1,54,113.1,scissors,scissors,objects_meta/scissors.1/questionnaire.json,objects/scissors.1/,objects/scissors.1/,scenes/scene052/1/labels/sam2_meta/v1.tar:sam2/mask_to_object.json
scene052,phase1,2,boot.2,11,18.2,boot,boot,objects_meta/boot.2/questionnaire.json,objects/boot.2/,objects/boot.2/,scenes/scene052/1/labels/sam2_meta/v1.tar:sam2/mask_to_object.json
scene052,phase1,3,hat.1,29,66.1,hat,hat,objects_meta/hat.1/questionnaire.json,objects/hat.1/,objects/hat.1/,scenes/scene052/1/labels/sam2_meta/v1.tar:sam2/mask_to_object.json
scene052,phase1,4,helmet,31,68,helmet,helmet,objects_meta/helmet/questionnaire.json,objects/helmet/,objects/helmet/,scenes/scene052/1/labels/sam2_meta/v1.tar:sam2/mask_to_object.json
scene052,phase1,5,lion.2,39,82.2,lion,lion,objects_meta/lion.2/questionnaire.json,objects/lion.2/,objects/lion.2/,scenes/scene052/1/labels/sam2_meta/v1.tar:sam2/mask_to_object.json
scene052,phase1,6,milk_jug,43,86,milk_jug,milk_jug,objects_meta/milk_jug/questionnaire.json,objects/milk_jug/,objects/milk_jug/,scenes/scene052/1/labels/sam2_meta/v1.tar:sam2/mask_to_object.json
scene052,phase1,7,remote_controller,52,107,remote_controller,remote_controller,objects_meta/remote_controller/questionnaire.json,objects/remote_controller/,objects/remote_controller/,scenes/scene052/1/labels/sam2_meta/v1.tar:sam2/mask_to_object.json
scene052,phase2,1,scissors.1,54,113.1,scissors,scissors,objects_meta/scissors.1/questionnaire.json,objects/scissors.1/,objects/scissors.1/,scenes/scene052/2/labels/sam2_meta/v1.tar:sam2/mask_to_object.json
scene052,phase2,2,boot.2,11,18.2,boot,boot,objects_meta/boot.2/questionnaire.json,objects/boot.2/,objects/boot.2/,scenes/scene052/2/labels/sam2_meta/v1.tar:sam2/mask_to_object.json
scene052,phase2,3,hat.1,29,66.1,hat,hat,objects_meta/hat.1/questionnaire.json,objects/hat.1/,objects/hat.1/,scenes/scene052/2/labels/sam2_meta/v1.tar:sam2/mask_to_object.json
scene052,phase2,4,helmet,31,68,helmet,helmet,objects_meta/helmet/questionnaire.json,objects/helmet/,objects/helmet/,scenes/scene052/2/labels/sam2_meta/v1.tar:sam2/mask_to_object.json
scene052,phase2,5,lion.2,39,82.2,lion,lion,objects_meta/lion.2/questionnaire.json,objects/lion.2/,objects/lion.2/,scenes/scene052/2/labels/sam2_meta/v1.tar:sam2/mask_to_object.json
scene052,phase2,6,milk_jug,43,86,milk_jug,milk_jug,objects_meta/milk_jug/questionnaire.json,objects/milk_jug/,objects/milk_jug/,scenes/scene052/2/labels/sam2_meta/v1.tar:sam2/mask_to_object.json
scene052,phase2,7,remote_controller,52,107,remote_controller,remote_controller,objects_meta/remote_controller/questionnaire.json,objects/remote_controller/,objects/remote_controller/,scenes/scene052/2/labels/sam2_meta/v1.tar:sam2/mask_to_object.json
scene053,phase0,1,spray_bottle.2,62,127.2,spray_bottle,spray_bottle,objects_meta/spray_bottle.2/questionnaire.json,objects/spray_bottle.2/,objects/spray_bottle.2/,scenes/scene053/0/labels/sam2_meta/v1.tar:sam2/mask_to_object.json
scene053,phase0,2,headphone,30,67,headphone,headphone,objects_meta/headphone/questionnaire.json,objects/headphone/,objects/headphone/,scenes/scene053/0/labels/sam2_meta/v1.tar:sam2/mask_to_object.json
scene053,phase0,3,basting_brush.1,7,11.1,basting_brush,basting_brush,objects_meta/basting_brush.1/questionnaire.json,objects/basting_brush.1/,objects/basting_brush.1/,scenes/scene053/0/labels/sam2_meta/v1.tar:sam2/mask_to_object.json
scene053,phase0,4,instant_noodle_packet,32,70,instant_noodle_packet,instant_noodle_packet,objects_meta/instant_noodle_packet/questionnaire.json,objects/instant_noodle_packet/,objects/instant_noodle_packet/,scenes/scene053/0/labels/sam2_meta/v1.tar:sam2/mask_to_object.json
scene053,phase0,5,towel.2,68,144.2,towel,towel,objects_meta/towel.2/questionnaire.json,objects/towel.2/,objects/towel.2/,scenes/scene053/0/labels/sam2_meta/v1.tar:sam2/mask_to_object.json
scene053,phase0,6,jello_box.1,34,72.1,jello_box,jello_box,objects_meta/jello_box.1/questionnaire.json,objects/jello_box.1/,objects/jello_box.1/,scenes/scene053/0/labels/sam2_meta/v1.tar:sam2/mask_to_object.json
scene053,phase0,7,shoe.1,56,117.1,shoe,shoe,objects_meta/shoe.1/questionnaire.json,objects/shoe.1/,objects/shoe.1/,scenes/scene053/0/labels/sam2_meta/v1.tar:sam2/mask_to_object.json
scene053,phase1,1,spray_bottle.2,62,127.2,spray_bottle,spray_bottle,objects_meta/spray_bottle.2/questionnaire.json,objects/spray_bottle.2/,objects/spray_bottle.2/,scenes/scene053/1/labels/sam2_meta/v1.tar:sam2/mask_to_object.json
scene053,phase1,2,headphone,30,67,headphone,headphone,objects_meta/headphone/questionnaire.json,objects/headphone/,objects/headphone/,scenes/scene053/1/labels/sam2_meta/v1.tar:sam2/mask_to_object.json
scene053,phase1,3,basting_brush.1,7,11.1,basting_brush,basting_brush,objects_meta/basting_brush.1/questionnaire.json,objects/basting_brush.1/,objects/basting_brush.1/,scenes/scene053/1/labels/sam2_meta/v1.tar:sam2/mask_to_object.json
scene053,phase1,4,instant_noodle_packet,32,70,instant_noodle_packet,instant_noodle_packet,objects_meta/instant_noodle_packet/questionnaire.json,objects/instant_noodle_packet/,objects/instant_noodle_packet/,scenes/scene053/1/labels/sam2_meta/v1.tar:sam2/mask_to_object.json
scene053,phase1,5,towel.2,68,144.2,towel,towel,objects_meta/towel.2/questionnaire.json,objects/towel.2/,objects/towel.2/,scenes/scene053/1/labels/sam2_meta/v1.tar:sam2/mask_to_object.json
scene053,phase1,6,jello_box.1,34,72.1,jello_box,jello_box,objects_meta/jello_box.1/questionnaire.json,objects/jello_box.1/,objects/jello_box.1/,scenes/scene053/1/labels/sam2_meta/v1.tar:sam2/mask_to_object.json
scene053,phase1,7,shoe.1,56,117.1,shoe,shoe,objects_meta/shoe.1/questionnaire.json,objects/shoe.1/,objects/shoe.1/,scenes/scene053/1/labels/sam2_meta/v1.tar:sam2/mask_to_object.json
scene053,phase2,1,spray_bottle.2,62,127.2,spray_bottle,spray_bottle,objects_meta/spray_bottle.2/questionnaire.json,objects/spray_bottle.2/,objects/spray_bottle.2/,scenes/scene053/2/labels/sam2_meta/v1.tar:sam2/mask_to_object.json
scene053,phase2,2,headphone,30,67,headphone,headphone,objects_meta/headphone/questionnaire.json,objects/headphone/,objects/headphone/,scenes/scene053/2/labels/sam2_meta/v1.tar:sam2/mask_to_object.json
scene053,phase2,3,basting_brush.1,7,11.1,basting_brush,basting_brush,objects_meta/basting_brush.1/questionnaire.json,objects/basting_brush.1/,objects/basting_brush.1/,scenes/scene053/2/labels/sam2_meta/v1.tar:sam2/mask_to_object.json
scene053,phase2,4,instant_noodle_packet,32,70,instant_noodle_packet,instant_noodle_packet,objects_meta/instant_noodle_packet/questionnaire.json,objects/instant_noodle_packet/,objects/instant_noodle_packet/,scenes/scene053/2/labels/sam2_meta/v1.tar:sam2/mask_to_object.json
scene053,phase2,5,towel.2,68,144.2,towel,towel,objects_meta/towel.2/questionnaire.json,objects/towel.2/,objects/towel.2/,scenes/scene053/2/labels/sam2_meta/v1.tar:sam2/mask_to_object.json
scene053,phase2,6,jello_box.1,34,72.1,jello_box,jello_box,objects_meta/jello_box.1/questionnaire.json,objects/jello_box.1/,objects/jello_box.1/,scenes/scene053/2/labels/sam2_meta/v1.tar:sam2/mask_to_object.json
scene053,phase2,7,shoe.1,56,117.1,shoe,shoe,objects_meta/shoe.1/questionnaire.json,objects/shoe.1/,objects/shoe.1/,scenes/scene053/2/labels/sam2_meta/v1.tar:sam2/mask_to_object.json
scene054,phase0,1,baking_tray.1,4,7.1,baking_tray,baking_tray,objects_meta/baking_tray.1/questionnaire.json,objects/baking_tray.1/,objects/baking_tray.1/,scenes/scene054/0/labels/sam2_meta/v1.tar:sam2/mask_to_object.json
scene054,phase0,2,soft_scrub_cleanser_bottle,58,121,soft_scrub_cleanser_bottle,soft_scrub_cleanser_bottle,objects_meta/soft_scrub_cleanser_bottle/questionnaire.json,objects/soft_scrub_cleanser_bottle/,objects/soft_scrub_cleanser_bottle/,scenes/scene054/0/labels/sam2_meta/v1.tar:sam2/mask_to_object.json
scene054,phase0,3,power_drill,49,102,power_drill,power_drill,objects_meta/power_drill/questionnaire.json,objects/power_drill/,objects/power_drill/,scenes/scene054/0/labels/sam2_meta/v1.tar:sam2/mask_to_object.json
scene054,phase0,4,t-handle.2,63,133.2,t-handle,t-handle,objects_meta/t-handle.2/questionnaire.json,objects/t-handle.2/,objects/t-handle.2/,scenes/scene054/0/labels/sam2_meta/v1.tar:sam2/mask_to_object.json
scene054,phase0,5,meat_can,41,84,meat_can,meat_can,objects_meta/meat_can/questionnaire.json,objects/meat_can/,objects/meat_can/,scenes/scene054/0/labels/sam2_meta/v1.tar:sam2/mask_to_object.json
scene054,phase0,6,knife.1,37,77.1,knife,knife,objects_meta/knife.1/questionnaire.json,objects/knife.1/,objects/knife.1/,scenes/scene054/0/labels/sam2_meta/v1.tar:sam2/mask_to_object.json
scene054,phase0,7,pear,47,95,pear,pear,objects_meta/pear/questionnaire.json,objects/pear/,objects/pear/,scenes/scene054/0/labels/sam2_meta/v1.tar:sam2/mask_to_object.json
scene054,phase1,1,baking_tray.1,4,7.1,baking_tray,baking_tray,objects_meta/baking_tray.1/questionnaire.json,objects/baking_tray.1/,objects/baking_tray.1/,scenes/scene054/1/labels/sam2_meta/v1.tar:sam2/mask_to_object.json
scene054,phase1,2,soft_scrub_cleanser_bottle,58,121,soft_scrub_cleanser_bottle,soft_scrub_cleanser_bottle,objects_meta/soft_scrub_cleanser_bottle/questionnaire.json,objects/soft_scrub_cleanser_bottle/,objects/soft_scrub_cleanser_bottle/,scenes/scene054/1/labels/sam2_meta/v1.tar:sam2/mask_to_object.json
scene054,phase1,3,power_drill,49,102,power_drill,power_drill,objects_meta/power_drill/questionnaire.json,objects/power_drill/,objects/power_drill/,scenes/scene054/1/labels/sam2_meta/v1.tar:sam2/mask_to_object.json
scene054,phase1,4,t-handle.2,63,133.2,t-handle,t-handle,objects_meta/t-handle.2/questionnaire.json,objects/t-handle.2/,objects/t-handle.2/,scenes/scene054/1/labels/sam2_meta/v1.tar:sam2/mask_to_object.json
scene054,phase1,5,meat_can,41,84,meat_can,meat_can,objects_meta/meat_can/questionnaire.json,objects/meat_can/,objects/meat_can/,scenes/scene054/1/labels/sam2_meta/v1.tar:sam2/mask_to_object.json
scene054,phase1,6,knife.1,37,77.1,knife,knife,objects_meta/knife.1/questionnaire.json,objects/knife.1/,objects/knife.1/,scenes/scene054/1/labels/sam2_meta/v1.tar:sam2/mask_to_object.json
scene054,phase1,7,pear,47,95,pear,pear,objects_meta/pear/questionnaire.json,objects/pear/,objects/pear/,scenes/scene054/1/labels/sam2_meta/v1.tar:sam2/mask_to_object.json
scene054,phase2,1,baking_tray.1,4,7.1,baking_tray,baking_tray,objects_meta/baking_tray.1/questionnaire.json,objects/baking_tray.1/,objects/baking_tray.1/,scenes/scene054/2/labels/sam2_meta/v1.tar:sam2/mask_to_object.json
scene054,phase2,2,soft_scrub_cleanser_bottle,58,121,soft_scrub_cleanser_bottle,soft_scrub_cleanser_bottle,objects_meta/soft_scrub_cleanser_bottle/questionnaire.json,objects/soft_scrub_cleanser_bottle/,objects/soft_scrub_cleanser_bottle/,scenes/scene054/2/labels/sam2_meta/v1.tar:sam2/mask_to_object.json
scene054,phase2,3,power_drill,49,102,power_drill,power_drill,objects_meta/power_drill/questionnaire.json,objects/power_drill/,objects/power_drill/,scenes/scene054/2/labels/sam2_meta/v1.tar:sam2/mask_to_object.json
scene054,phase2,4,t-handle.2,63,133.2,t-handle,t-handle,objects_meta/t-handle.2/questionnaire.json,objects/t-handle.2/,objects/t-handle.2/,scenes/scene054/2/labels/sam2_meta/v1.tar:sam2/mask_to_object.json
scene054,phase2,5,meat_can,41,84,meat_can,meat_can,objects_meta/meat_can/questionnaire.json,objects/meat_can/,objects/meat_can/,scenes/scene054/2/labels/sam2_meta/v1.tar:sam2/mask_to_object.json
scene054,phase2,6,knife.1,37,77.1,knife,knife,objects_meta/knife.1/questionnaire.json,objects/knife.1/,objects/knife.1/,scenes/scene054/2/labels/sam2_meta/v1.tar:sam2/mask_to_object.json
scene054,phase2,7,pear,47,95,pear,pear,objects_meta/pear/questionnaire.json,objects/pear/,objects/pear/,scenes/scene054/2/labels/sam2_meta/v1.tar:sam2/mask_to_object.json
scene055,phase0,1,pump_bottle.2,51,105.2,pump_bottle,pump_bottle,objects_meta/pump_bottle.2/questionnaire.json,objects/pump_bottle.2/,objects/pump_bottle.2/,scenes/scene055/0/labels/sam2_meta/v1.tar:sam2/mask_to_object.json
scene055,phase0,2,cracker_box,18,38,cracker_box,cracker_box,objects_meta/cracker_box/questionnaire.json,objects/cracker_box/,objects/cracker_box/,scenes/scene055/0/labels/sam2_meta/v1.tar:sam2/mask_to_object.json
scene055,phase0,3,shampoo_bottle,55,114,shampoo_bottle,shampoo_bottle,objects_meta/shampoo_bottle/questionnaire.json,objects/shampoo_bottle/,objects/shampoo_bottle/,scenes/scene055/0/labels/sam2_meta/v1.tar:sam2/mask_to_object.json
scene055,phase0,4,juice_pouch.2,35,73.2,juice_pouch,juice_pouch,objects_meta/juice_pouch.2/questionnaire.json,objects/juice_pouch.2/,objects/juice_pouch.2/,scenes/scene055/0/labels/sam2_meta/v1.tar:sam2/mask_to_object.json
scene055,phase0,5,peeler.2,48,96.2,peeler,peeler,objects_meta/peeler.2/questionnaire.json,objects/peeler.2/,objects/peeler.2/,scenes/scene055/0/labels/sam2_meta/v1.tar:sam2/mask_to_object.json
scene055,phase0,6,soup_can.1,59,122.1,soup_can,soup_can,objects_meta/soup_can.1/questionnaire.json,objects/soup_can.1/,objects/soup_can.1/,scenes/scene055/0/labels/sam2_meta/v1.tar:sam2/mask_to_object.json
scene055,phase0,7,marker.5,40,83.5,marker,marker,objects_meta/marker.5/questionnaire.json,objects/marker.5/,objects/marker.5/,scenes/scene055/0/labels/sam2_meta/v1.tar:sam2/mask_to_object.json
scene055,phase1,1,pump_bottle.2,51,105.2,pump_bottle,pump_bottle,objects_meta/pump_bottle.2/questionnaire.json,objects/pump_bottle.2/,objects/pump_bottle.2/,scenes/scene055/1/labels/sam2_meta/v1.tar:sam2/mask_to_object.json
scene055,phase1,2,cracker_box,18,38,cracker_box,cracker_box,objects_meta/cracker_box/questionnaire.json,objects/cracker_box/,objects/cracker_box/,scenes/scene055/1/labels/sam2_meta/v1.tar:sam2/mask_to_object.json
scene055,phase1,3,shampoo_bottle,55,114,shampoo_bottle,shampoo_bottle,objects_meta/shampoo_bottle/questionnaire.json,objects/shampoo_bottle/,objects/shampoo_bottle/,scenes/scene055/1/labels/sam2_meta/v1.tar:sam2/mask_to_object.json
scene055,phase1,4,juice_pouch.2,35,73.2,juice_pouch,juice_pouch,objects_meta/juice_pouch.2/questionnaire.json,objects/juice_pouch.2/,objects/juice_pouch.2/,scenes/scene055/1/labels/sam2_meta/v1.tar:sam2/mask_to_object.json
scene055,phase1,5,peeler.2,48,96.2,peeler,peeler,objects_meta/peeler.2/questionnaire.json,objects/peeler.2/,objects/peeler.2/,scenes/scene055/1/labels/sam2_meta/v1.tar:sam2/mask_to_object.json
scene055,phase1,6,soup_can.1,59,122.1,soup_can,soup_can,objects_meta/soup_can.1/questionnaire.json,objects/soup_can.1/,objects/soup_can.1/,scenes/scene055/1/labels/sam2_meta/v1.tar:sam2/mask_to_object.json
scene055,phase1,7,marker.5,40,83.5,marker,marker,objects_meta/marker.5/questionnaire.json,objects/marker.5/,objects/marker.5/,scenes/scene055/1/labels/sam2_meta/v1.tar:sam2/mask_to_object.json
scene055,phase2,1,pump_bottle.2,51,105.2,pump_bottle,pump_bottle,objects_meta/pump_bottle.2/questionnaire.json,objects/pump_bottle.2/,objects/pump_bottle.2/,scenes/scene055/2/labels/sam2_meta/v1.tar:sam2/mask_to_object.json
scene055,phase2,2,cracker_box,18,38,cracker_box,cracker_box,objects_meta/cracker_box/questionnaire.json,objects/cracker_box/,objects/cracker_box/,scenes/scene055/2/labels/sam2_meta/v1.tar:sam2/mask_to_object.json
scene055,phase2,3,shampoo_bottle,55,114,shampoo_bottle,shampoo_bottle,objects_meta/shampoo_bottle/questionnaire.json,objects/shampoo_bottle/,objects/shampoo_bottle/,scenes/scene055/2/labels/sam2_meta/v1.tar:sam2/mask_to_object.json
scene055,phase2,4,juice_pouch.2,35,73.2,juice_pouch,juice_pouch,objects_meta/juice_pouch.2/questionnaire.json,objects/juice_pouch.2/,objects/juice_pouch.2/,scenes/scene055/2/labels/sam2_meta/v1.tar:sam2/mask_to_object.json
scene055,phase2,5,peeler.2,48,96.2,peeler,peeler,objects_meta/peeler.2/questionnaire.json,objects/peeler.2/,objects/peeler.2/,scenes/scene055/2/labels/sam2_meta/v1.tar:sam2/mask_to_object.json
scene055,phase2,6,soup_can.1,59,122.1,soup_can,soup_can,objects_meta/soup_can.1/questionnaire.json,objects/soup_can.1/,objects/soup_can.1/,scenes/scene055/2/labels/sam2_meta/v1.tar:sam2/mask_to_object.json
scene055,phase2,7,marker.5,40,83.5,marker,marker,objects_meta/marker.5/questionnaire.json,objects/marker.5/,objects/marker.5/,scenes/scene055/2/labels/sam2_meta/v1.tar:sam2/mask_to_object.json
scene056,phase0,1,kettle,36,74,kettle,kettle,objects_meta/kettle/questionnaire.json,objects/kettle/,objects/kettle/,scenes/scene056/0/labels/sam2_meta/v1.tar:sam2/mask_to_object.json
scene056,phase0,2,hammer.2,27,63.2,hammer,hammer,objects_meta/hammer.2/questionnaire.json,objects/hammer.2/,objects/hammer.2/,scenes/scene056/0/labels/sam2_meta/v1.tar:sam2/mask_to_object.json
scene056,phase0,3,bowl.1,12,20.1,bowl,bowl,objects_meta/bowl.1/questionnaire.json,objects/bowl.1/,objects/bowl.1/,scenes/scene056/0/labels/sam2_meta/v1.tar:sam2/mask_to_object.json
scene056,phase0,4,umbrella,69,147,umbrella,umbrella,objects_meta/umbrella/questionnaire.json,objects/umbrella/,objects/umbrella/,scenes/scene056/0/labels/sam2_meta/v1.tar:sam2/mask_to_object.json
scene056,phase0,5,air_duster_can,1,1,air_duster_can,air_duster_can,objects_meta/air_duster_can/questionnaire.json,objects/air_duster_can/,objects/air_duster_can/,scenes/scene056/0/labels/sam2_meta/v1.tar:sam2/mask_to_object.json
scene056,phase0,6,root_beer_bottle,53,109,root_beer_bottle,root_beer_bottle,objects_meta/root_beer_bottle/questionnaire.json,objects/root_beer_bottle/,objects/root_beer_bottle/,scenes/scene056/0/labels/sam2_meta/v1.tar:sam2/mask_to_object.json
scene056,phase0,7,toothpaste,67,142,toothpaste,toothpaste,objects_meta/toothpaste/questionnaire.json,objects/toothpaste/,objects/toothpaste/,scenes/scene056/0/labels/sam2_meta/v1.tar:sam2/mask_to_object.json
scene056,phase1,1,kettle,36,74,kettle,kettle,objects_meta/kettle/questionnaire.json,objects/kettle/,objects/kettle/,scenes/scene056/1/labels/sam2_meta/v1.tar:sam2/mask_to_object.json
scene056,phase1,2,hammer.2,27,63.2,hammer,hammer,objects_meta/hammer.2/questionnaire.json,objects/hammer.2/,objects/hammer.2/,scenes/scene056/1/labels/sam2_meta/v1.tar:sam2/mask_to_object.json
scene056,phase1,3,bowl.1,12,20.1,bowl,bowl,objects_meta/bowl.1/questionnaire.json,objects/bowl.1/,objects/bowl.1/,scenes/scene056/1/labels/sam2_meta/v1.tar:sam2/mask_to_object.json
scene056,phase1,4,umbrella,69,147,umbrella,umbrella,objects_meta/umbrella/questionnaire.json,objects/umbrella/,objects/umbrella/,scenes/scene056/1/labels/sam2_meta/v1.tar:sam2/mask_to_object.json
scene056,phase1,5,air_duster_can,1,1,air_duster_can,air_duster_can,objects_meta/air_duster_can/questionnaire.json,objects/air_duster_can/,objects/air_duster_can/,scenes/scene056/1/labels/sam2_meta/v1.tar:sam2/mask_to_object.json
scene056,phase1,6,root_beer_bottle,53,109,root_beer_bottle,root_beer_bottle,objects_meta/root_beer_bottle/questionnaire.json,objects/root_beer_bottle/,objects/root_beer_bottle/,scenes/scene056/1/labels/sam2_meta/v1.tar:sam2/mask_to_object.json
scene056,phase1,7,toothpaste,67,142,toothpaste,toothpaste,objects_meta/toothpaste/questionnaire.json,objects/toothpaste/,objects/toothpaste/,scenes/scene056/1/labels/sam2_meta/v1.tar:sam2/mask_to_object.json
scene056,phase2,1,kettle,36,74,kettle,kettle,objects_meta/kettle/questionnaire.json,objects/kettle/,objects/kettle/,scenes/scene056/2/labels/sam2_meta/v1.tar:sam2/mask_to_object.json
scene056,phase2,2,hammer.2,27,63.2,hammer,hammer,objects_meta/hammer.2/questionnaire.json,objects/hammer.2/,objects/hammer.2/,scenes/scene056/2/labels/sam2_meta/v1.tar:sam2/mask_to_object.json
scene056,phase2,3,bowl.1,12,20.1,bowl,bowl,objects_meta/bowl.1/questionnaire.json,objects/bowl.1/,objects/bowl.1/,scenes/scene056/2/labels/sam2_meta/v1.tar:sam2/mask_to_object.json
scene056,phase2,4,umbrella,69,147,umbrella,umbrella,objects_meta/umbrella/questionnaire.json,objects/umbrella/,objects/umbrella/,scenes/scene056/2/labels/sam2_meta/v1.tar:sam2/mask_to_object.json
scene056,phase2,5,air_duster_can,1,1,air_duster_can,air_duster_can,objects_meta/air_duster_can/questionnaire.json,objects/air_duster_can/,objects/air_duster_can/,scenes/scene056/2/labels/sam2_meta/v1.tar:sam2/mask_to_object.json
scene056,phase2,6,root_beer_bottle,53,109,root_beer_bottle,root_beer_bottle,objects_meta/root_beer_bottle/questionnaire.json,objects/root_beer_bottle/,objects/root_beer_bottle/,scenes/scene056/2/labels/sam2_meta/v1.tar:sam2/mask_to_object.json
scene056,phase2,7,toothpaste,67,142,toothpaste,toothpaste,objects_meta/toothpaste/questionnaire.json,objects/toothpaste/,objects/toothpaste/,scenes/scene056/2/labels/sam2_meta/v1.tar:sam2/mask_to_object.json
scene057,phase0,1,glove.2,24,57.2,glove,glove,objects_meta/glove.2/questionnaire.json,objects/glove.2/,objects/glove.2/,scenes/scene057/0/labels/sam2_meta/v1.tar:sam2/mask_to_object.json
scene057,phase0,2,coffee_can.1,17,37.1,coffee_can,coffee_can,objects_meta/coffee_can.1/questionnaire.json,objects/coffee_can.1/,objects/coffee_can.1/,scenes/scene057/0/labels/sam2_meta/v1.tar:sam2/mask_to_object.json
scene057,phase0,3,alarm_clock,2,3,alarm_clock,alarm_clock,objects_meta/alarm_clock/questionnaire.json,objects/alarm_clock/,objects/alarm_clock/,scenes/scene057/0/labels/sam2_meta/v1.tar:sam2/mask_to_object.json
scene057,phase0,4,mustard_bottle.3,46,89.3,mustard_bottle,mustard_bottle,objects_meta/mustard_bottle.3/questionnaire.json,objects/mustard_bottle.3/,objects/mustard_bottle.3/,scenes/scene057/0/labels/sam2_meta/v1.tar:sam2/mask_to_object.json
scene057,phase0,5,glue_bottle.1,25,58.1,glue_bottle,glue_bottle,objects_meta/glue_bottle.1/questionnaire.json,objects/glue_bottle.1/,objects/glue_bottle.1/,scenes/scene057/0/labels/sam2_meta/v1.tar:sam2/mask_to_object.json
scene057,phase0,6,tape_measure,64,135,tape_measure,tape_measure,objects_meta/tape_measure/questionnaire.json,objects/tape_measure/,objects/tape_measure/,scenes/scene057/0/labels/sam2_meta/v1.tar:sam2/mask_to_object.json
scene057,phase0,7,baseball_ball,6,10,baseball_ball,baseball_ball,objects_meta/baseball_ball/questionnaire.json,objects/baseball_ball/,objects/baseball_ball/,scenes/scene057/0/labels/sam2_meta/v1.tar:sam2/mask_to_object.json
scene057,phase1,1,glove.2,24,57.2,glove,glove,objects_meta/glove.2/questionnaire.json,objects/glove.2/,objects/glove.2/,scenes/scene057/1/labels/sam2_meta/v1.tar:sam2/mask_to_object.json
scene057,phase1,2,coffee_can.1,17,37.1,coffee_can,coffee_can,objects_meta/coffee_can.1/questionnaire.json,objects/coffee_can.1/,objects/coffee_can.1/,scenes/scene057/1/labels/sam2_meta/v1.tar:sam2/mask_to_object.json
scene057,phase1,3,alarm_clock,2,3,alarm_clock,alarm_clock,objects_meta/alarm_clock/questionnaire.json,objects/alarm_clock/,objects/alarm_clock/,scenes/scene057/1/labels/sam2_meta/v1.tar:sam2/mask_to_object.json
scene057,phase1,4,mustard_bottle.3,46,89.3,mustard_bottle,mustard_bottle,objects_meta/mustard_bottle.3/questionnaire.json,objects/mustard_bottle.3/,objects/mustard_bottle.3/,scenes/scene057/1/labels/sam2_meta/v1.tar:sam2/mask_to_object.json
scene057,phase1,5,glue_bottle.1,25,58.1,glue_bottle,glue_bottle,objects_meta/glue_bottle.1/questionnaire.json,objects/glue_bottle.1/,objects/glue_bottle.1/,scenes/scene057/1/labels/sam2_meta/v1.tar:sam2/mask_to_object.json
scene057,phase1,6,tape_measure,64,135,tape_measure,tape_measure,objects_meta/tape_measure/questionnaire.json,objects/tape_measure/,objects/tape_measure/,scenes/scene057/1/labels/sam2_meta/v1.tar:sam2/mask_to_object.json
scene057,phase1,7,baseball_ball,6,10,baseball_ball,baseball_ball,objects_meta/baseball_ball/questionnaire.json,objects/baseball_ball/,objects/baseball_ball/,scenes/scene057/1/labels/sam2_meta/v1.tar:sam2/mask_to_object.json
scene057,phase2,1,glove.2,24,57.2,glove,glove,objects_meta/glove.2/questionnaire.json,objects/glove.2/,objects/glove.2/,scenes/scene057/2/labels/sam2_meta/v1.tar:sam2/mask_to_object.json
scene057,phase2,2,coffee_can.1,17,37.1,coffee_can,coffee_can,objects_meta/coffee_can.1/questionnaire.json,objects/coffee_can.1/,objects/coffee_can.1/,scenes/scene057/2/labels/sam2_meta/v1.tar:sam2/mask_to_object.json
scene057,phase2,3,alarm_clock,2,3,alarm_clock,alarm_clock,objects_meta/alarm_clock/questionnaire.json,objects/alarm_clock/,objects/alarm_clock/,scenes/scene057/2/labels/sam2_meta/v1.tar:sam2/mask_to_object.json
scene057,phase2,4,mustard_bottle.3,46,89.3,mustard_bottle,mustard_bottle,objects_meta/mustard_bottle.3/questionnaire.json,objects/mustard_bottle.3/,objects/mustard_bottle.3/,scenes/scene057/2/labels/sam2_meta/v1.tar:sam2/mask_to_object.json
scene057,phase2,5,glue_bottle.1,25,58.1,glue_bottle,glue_bottle,objects_meta/glue_bottle.1/questionnaire.json,objects/glue_bottle.1/,objects/glue_bottle.1/,scenes/scene057/2/labels/sam2_meta/v1.tar:sam2/mask_to_object.json
scene057,phase2,6,tape_measure,64,135,tape_measure,tape_measure,objects_meta/tape_measure/questionnaire.json,objects/tape_measure/,objects/tape_measure/,scenes/scene057/2/labels/sam2_meta/v1.tar:sam2/mask_to_object.json
scene057,phase2,7,baseball_ball,6,10,baseball_ball,baseball_ball,objects_meta/baseball_ball/questionnaire.json,objects/baseball_ball/,objects/baseball_ball/,scenes/scene057/2/labels/sam2_meta/v1.tar:sam2/mask_to_object.json
scene058,phase0,1,bear.1,9,14.1,bear,bear,objects_meta/bear.1/questionnaire.json,objects/bear.1/,objects/bear.1/,scenes/scene058/0/labels/sam2_meta/v1.tar:sam2/mask_to_object.json
scene058,phase0,2,fry_pan.1,21,49.1,fry_pan,fry_pan,objects_meta/fry_pan.1/questionnaire.json,objects/fry_pan.1/,objects/fry_pan.1/,scenes/scene058/0/labels/sam2_meta/v1.tar:sam2/mask_to_object.json
scene058,phase0,3,ladle,38,78,ladle,ladle,objects_meta/ladle/questionnaire.json,objects/ladle/,objects/ladle/,scenes/scene058/0/labels/sam2_meta/v1.tar:sam2/mask_to_object.json
scene058,phase0,4,cleaning_brush,15,34,cleaning_brush,cleaning_brush,objects_meta/cleaning_brush/questionnaire.json,objects/cleaning_brush/,objects/cleaning_brush/,scenes/scene058/0/labels/sam2_meta/v1.tar:sam2/mask_to_object.json
scene058,phase0,5,spatula.2,60,124.2,spatula,spatula,objects_meta/spatula.2/questionnaire.json,objects/spatula.2/,objects/spatula.2/,scenes/scene058/0/labels/sam2_meta/v1.tar:sam2/mask_to_object.json
scene058,phase0,6,hairbrush,26,62,hair_brush,hair_brush,objects_meta/hairbrush/questionnaire.json,objects/hairbrush/,objects/hairbrush/,scenes/scene058/0/labels/sam2_meta/v1.tar:sam2/mask_to_object.json
scene058,phase0,7,cup.1,19,40.1,cup,cup,objects_meta/cup.1/questionnaire.json,objects/cup.1/,objects/cup.1/,scenes/scene058/0/labels/sam2_meta/v1.tar:sam2/mask_to_object.json
scene058,phase1,1,bear.1,9,14.1,bear,bear,objects_meta/bear.1/questionnaire.json,objects/bear.1/,objects/bear.1/,scenes/scene058/1/labels/sam2_meta/v1.tar:sam2/mask_to_object.json
scene058,phase1,2,fry_pan.1,21,49.1,fry_pan,fry_pan,objects_meta/fry_pan.1/questionnaire.json,objects/fry_pan.1/,objects/fry_pan.1/,scenes/scene058/1/labels/sam2_meta/v1.tar:sam2/mask_to_object.json
scene058,phase1,3,ladle,38,78,ladle,ladle,objects_meta/ladle/questionnaire.json,objects/ladle/,objects/ladle/,scenes/scene058/1/labels/sam2_meta/v1.tar:sam2/mask_to_object.json
scene058,phase1,4,cleaning_brush,15,34,cleaning_brush,cleaning_brush,objects_meta/cleaning_brush/questionnaire.json,objects/cleaning_brush/,objects/cleaning_brush/,scenes/scene058/1/labels/sam2_meta/v1.tar:sam2/mask_to_object.json
scene058,phase1,5,spatula.2,60,124.2,spatula,spatula,objects_meta/spatula.2/questionnaire.json,objects/spatula.2/,objects/spatula.2/,scenes/scene058/1/labels/sam2_meta/v1.tar:sam2/mask_to_object.json
scene058,phase1,6,hairbrush,26,62,hair_brush,hair_brush,objects_meta/hairbrush/questionnaire.json,objects/hairbrush/,objects/hairbrush/,scenes/scene058/1/labels/sam2_meta/v1.tar:sam2/mask_to_object.json
scene058,phase1,7,cup.1,19,40.1,cup,cup,objects_meta/cup.1/questionnaire.json,objects/cup.1/,objects/cup.1/,scenes/scene058/1/labels/sam2_meta/v1.tar:sam2/mask_to_object.json
scene058,phase2,1,bear.1,9,14.1,bear,bear,objects_meta/bear.1/questionnaire.json,objects/bear.1/,objects/bear.1/,scenes/scene058/2/labels/sam2_meta/v1.tar:sam2/mask_to_object.json
scene058,phase2,2,fry_pan.1,21,49.1,fry_pan,fry_pan,objects_meta/fry_pan.1/questionnaire.json,objects/fry_pan.1/,objects/fry_pan.1/,scenes/scene058/2/labels/sam2_meta/v1.tar:sam2/mask_to_object.json
scene058,phase2,3,ladle,38,78,ladle,ladle,objects_meta/ladle/questionnaire.json,objects/ladle/,objects/ladle/,scenes/scene058/2/labels/sam2_meta/v1.tar:sam2/mask_to_object.json
scene058,phase2,4,cleaning_brush,15,34,cleaning_brush,cleaning_brush,objects_meta/cleaning_brush/questionnaire.json,objects/cleaning_brush/,objects/cleaning_brush/,scenes/scene058/2/labels/sam2_meta/v1.tar:sam2/mask_to_object.json
scene058,phase2,5,spatula.2,60,124.2,spatula,spatula,objects_meta/spatula.2/questionnaire.json,objects/spatula.2/,objects/spatula.2/,scenes/scene058/2/labels/sam2_meta/v1.tar:sam2/mask_to_object.json
scene058,phase2,6,hairbrush,26,62,hair_brush,hair_brush,objects_meta/hairbrush/questionnaire.json,objects/hairbrush/,objects/hairbrush/,scenes/scene058/2/labels/sam2_meta/v1.tar:sam2/mask_to_object.json
scene058,phase2,7,cup.1,19,40.1,cup,cup,objects_meta/cup.1/questionnaire.json,objects/cup.1/,objects/cup.1/,scenes/scene058/2/labels/sam2_meta/v1.tar:sam2/mask_to_object.json
scene059,phase0,1,book.3,10,17.3,book,book,objects_meta/book.3/questionnaire.json,objects/book.3/,objects/book.3/,scenes/scene059/0/labels/sam2_meta/v1.tar:sam2/mask_to_object.json
scene059,phase0,2,tong,66,141,tong,tong,objects_meta/tong/questionnaire.json,objects/tong/,objects/tong/,scenes/scene059/0/labels/sam2_meta/v1.tar:sam2/mask_to_object.json
scene059,phase0,3,food_bag,22,50,food_bag,food_bag,objects_meta/food_bag/questionnaire.json,objects/food_bag/,objects/food_bag/,scenes/scene059/0/labels/sam2_meta/v1.tar:sam2/mask_to_object.json
scene059,phase0,4,cable,13,23,cable,cable,objects_meta/cable/questionnaire.json,objects/cable/,objects/cable/,scenes/scene059/0/labels/sam2_meta/v1.tar:sam2/mask_to_object.json
scene059,phase0,5,banana,5,9,banana,banana,objects_meta/banana/questionnaire.json,objects/banana/,objects/banana/,scenes/scene059/0/labels/sam2_meta/v1.tar:sam2/mask_to_object.json
scene059,phase0,6,sponge,61,125,sponge,sponge,objects_meta/sponge/questionnaire.json,objects/sponge/,objects/sponge/,scenes/scene059/0/labels/sam2_meta/v1.tar:sam2/mask_to_object.json
scene059,phase0,7,candy_bar.1,14,25.1,candy_bar,candy_bar,objects_meta/candy_bar.1/questionnaire.json,objects/candy_bar.1/,objects/candy_bar.1/,scenes/scene059/0/labels/sam2_meta/v1.tar:sam2/mask_to_object.json
scene059,phase1,1,book.3,10,17.3,book,book,objects_meta/book.3/questionnaire.json,objects/book.3/,objects/book.3/,scenes/scene059/1/labels/sam2_meta/v1.tar:sam2/mask_to_object.json
scene059,phase1,2,tong,66,141,tong,tong,objects_meta/tong/questionnaire.json,objects/tong/,objects/tong/,scenes/scene059/1/labels/sam2_meta/v1.tar:sam2/mask_to_object.json
scene059,phase1,3,food_bag,22,50,food_bag,food_bag,objects_meta/food_bag/questionnaire.json,objects/food_bag/,objects/food_bag/,scenes/scene059/1/labels/sam2_meta/v1.tar:sam2/mask_to_object.json
scene059,phase1,4,cable,13,23,cable,cable,objects_meta/cable/questionnaire.json,objects/cable/,objects/cable/,scenes/scene059/1/labels/sam2_meta/v1.tar:sam2/mask_to_object.json
scene059,phase1,5,banana,5,9,banana,banana,objects_meta/banana/questionnaire.json,objects/banana/,objects/banana/,scenes/scene059/1/labels/sam2_meta/v1.tar:sam2/mask_to_object.json
scene059,phase1,6,sponge,61,125,sponge,sponge,objects_meta/sponge/questionnaire.json,objects/sponge/,objects/sponge/,scenes/scene059/1/labels/sam2_meta/v1.tar:sam2/mask_to_object.json
scene059,phase1,7,candy_bar.1,14,25.1,candy_bar,candy_bar,objects_meta/candy_bar.1/questionnaire.json,objects/candy_bar.1/,objects/candy_bar.1/,scenes/scene059/1/labels/sam2_meta/v1.tar:sam2/mask_to_object.json
scene059,phase2,1,book.3,10,17.3,book,book,objects_meta/book.3/questionnaire.json,objects/book.3/,objects/book.3/,scenes/scene059/2/labels/sam2_meta/v1.tar:sam2/mask_to_object.json
scene059,phase2,2,tong,66,141,tong,tong,objects_meta/tong/questionnaire.json,objects/tong/,objects/tong/,scenes/scene059/2/labels/sam2_meta/v1.tar:sam2/mask_to_object.json
scene059,phase2,3,food_bag,22,50,food_bag,food_bag,objects_meta/food_bag/questionnaire.json,objects/food_bag/,objects/food_bag/,scenes/scene059/2/labels/sam2_meta/v1.tar:sam2/mask_to_object.json
scene059,phase2,4,cable,13,23,cable,cable,objects_meta/cable/questionnaire.json,objects/cable/,objects/cable/,scenes/scene059/2/labels/sam2_meta/v1.tar:sam2/mask_to_object.json
scene059,phase2,5,banana,5,9,banana,banana,objects_meta/banana/questionnaire.json,objects/banana/,objects/banana/,scenes/scene059/2/labels/sam2_meta/v1.tar:sam2/mask_to_object.json
scene059,phase2,6,sponge,61,125,sponge,sponge,objects_meta/sponge/questionnaire.json,objects/sponge/,objects/sponge/,scenes/scene059/2/labels/sam2_meta/v1.tar:sam2/mask_to_object.json
scene059,phase2,7,candy_bar.1,14,25.1,candy_bar,candy_bar,objects_meta/candy_bar.1/questionnaire.json,objects/candy_bar.1/,objects/candy_bar.1/,scenes/scene059/2/labels/sam2_meta/v1.tar:sam2/mask_to_object.json
scene060,phase0,1,coffee_bottle,16,36,coffee_bottle,coffee_bottle,objects_meta/coffee_bottle/questionnaire.json,objects/coffee_bottle/,objects/coffee_bottle/,scenes/scene060/0/labels/sam2_meta/v1.tar:sam2/mask_to_object.json
scene060,phase0,2,beanie.2,8,13.2,beanie,beanie,objects_meta/beanie.2/questionnaire.json,objects/beanie.2/,objects/beanie.2/,scenes/scene060/0/labels/sam2_meta/v1.tar:sam2/mask_to_object.json
scene060,phase0,3,milk_box.1,42,85.1,milk_box,milk_box,objects_meta/milk_box.1/questionnaire.json,objects/milk_box.1/,objects/milk_box.1/,scenes/scene060/0/labels/sam2_meta/v1.tar:sam2/mask_to_object.json
scene060,phase0,4,pringles_can.2,50,103.2,pringles_can,pringles_can,objects_meta/pringles_can.2/questionnaire.json,objects/pringles_can.2/,objects/pringles_can.2/,scenes/scene060/0/labels/sam2_meta/v1.tar:sam2/mask_to_object.json
scene060,phase0,5,teapot,65,137,teapot,teapot,objects_meta/teapot/questionnaire.json,objects/teapot/,objects/teapot/,scenes/scene060/0/labels/sam2_meta/v1.tar:sam2/mask_to_object.json
scene060,phase0,6,game_controller,23,55,game_controller,game_controller,objects_meta/game_controller/questionnaire.json,objects/game_controller/,objects/game_controller/,scenes/scene060/0/labels/sam2_meta/v1.tar:sam2/mask_to_object.json
scene060,phase0,7,soda_can.3,57,120.3,soda_can,soda_can,objects_meta/soda_can.3/questionnaire.json,objects/soda_can.3/,objects/soda_can.3/,scenes/scene060/0/labels/sam2_meta/v1.tar:sam2/mask_to_object.json
scene060,phase1,1,coffee_bottle,16,36,coffee_bottle,coffee_bottle,objects_meta/coffee_bottle/questionnaire.json,objects/coffee_bottle/,objects/coffee_bottle/,scenes/scene060/1/labels/sam2_meta/v1.tar:sam2/mask_to_object.json
scene060,phase1,2,beanie.2,8,13.2,beanie,beanie,objects_meta/beanie.2/questionnaire.json,objects/beanie.2/,objects/beanie.2/,scenes/scene060/1/labels/sam2_meta/v1.tar:sam2/mask_to_object.json
scene060,phase1,3,milk_box.1,42,85.1,milk_box,milk_box,objects_meta/milk_box.1/questionnaire.json,objects/milk_box.1/,objects/milk_box.1/,scenes/scene060/1/labels/sam2_meta/v1.tar:sam2/mask_to_object.json
scene060,phase1,4,pringles_can.2,50,103.2,pringles_can,pringles_can,objects_meta/pringles_can.2/questionnaire.json,objects/pringles_can.2/,objects/pringles_can.2/,scenes/scene060/1/labels/sam2_meta/v1.tar:sam2/mask_to_object.json
scene060,phase1,5,teapot,65,137,teapot,teapot,objects_meta/teapot/questionnaire.json,objects/teapot/,objects/teapot/,scenes/scene060/1/labels/sam2_meta/v1.tar:sam2/mask_to_object.json
scene060,phase1,6,game_controller,23,55,game_controller,game_controller,objects_meta/game_controller/questionnaire.json,objects/game_controller/,objects/game_controller/,scenes/scene060/1/labels/sam2_meta/v1.tar:sam2/mask_to_object.json
scene060,phase1,7,soda_can.3,57,120.3,soda_can,soda_can,objects_meta/soda_can.3/questionnaire.json,objects/soda_can.3/,objects/soda_can.3/,scenes/scene060/1/labels/sam2_meta/v1.tar:sam2/mask_to_object.json
scene060,phase2,1,coffee_bottle,16,36,coffee_bottle,coffee_bottle,objects_meta/coffee_bottle/questionnaire.json,objects/coffee_bottle/,objects/coffee_bottle/,scenes/scene060/2/labels/sam2_meta/v1.tar:sam2/mask_to_object.json
scene060,phase2,2,beanie.2,8,13.2,beanie,beanie,objects_meta/beanie.2/questionnaire.json,objects/beanie.2/,objects/beanie.2/,scenes/scene060/2/labels/sam2_meta/v1.tar:sam2/mask_to_object.json
scene060,phase2,3,milk_box.1,42,85.1,milk_box,milk_box,objects_meta/milk_box.1/questionnaire.json,objects/milk_box.1/,objects/milk_box.1/,scenes/scene060/2/labels/sam2_meta/v1.tar:sam2/mask_to_object.json
scene060,phase2,4,pringles_can.2,50,103.2,pringles_can,pringles_can,objects_meta/pringles_can.2/questionnaire.json,objects/pringles_can.2/,objects/pringles_can.2/,scenes/scene060/2/labels/sam2_meta/v1.tar:sam2/mask_to_object.json
scene060,phase2,5,teapot,65,137,teapot,teapot,objects_meta/teapot/questionnaire.json,objects/teapot/,objects/teapot/,scenes/scene060/2/labels/sam2_meta/v1.tar:sam2/mask_to_object.json
scene060,phase2,6,game_controller,23,55,game_controller,game_controller,objects_meta/game_controller/questionnaire.json,objects/game_controller/,objects/game_controller/,scenes/scene060/2/labels/sam2_meta/v1.tar:sam2/mask_to_object.json
scene060,phase2,7,soda_can.3,57,120.3,soda_can,soda_can,objects_meta/soda_can.3/questionnaire.json,objects/soda_can.3/,objects/soda_can.3/,scenes/scene060/2/labels/sam2_meta/v1.tar:sam2/mask_to_object.json
scene061,phase0,1,fry_pan.1,21,49.1,fry_pan,fry_pan,objects_meta/fry_pan.1/questionnaire.json,objects/fry_pan.1/,objects/fry_pan.1/,scenes/scene061/0/labels/sam2_meta/v1.tar:sam2/mask_to_object.json
scene061,phase0,2,handy_pot,28,65,handy_pot,handy_pot,objects_meta/handy_pot/questionnaire.json,objects/handy_pot/,objects/handy_pot/,scenes/scene061/0/labels/sam2_meta/v1.tar:sam2/mask_to_object.json
scene061,phase0,3,cleaning_brush,15,34,cleaning_brush,cleaning_brush,objects_meta/cleaning_brush/questionnaire.json,objects/cleaning_brush/,objects/cleaning_brush/,scenes/scene061/0/labels/sam2_meta/v1.tar:sam2/mask_to_object.json
scene061,phase0,4,basting_brush.1,7,11.1,basting_brush,basting_brush,objects_meta/basting_brush.1/questionnaire.json,objects/basting_brush.1/,objects/basting_brush.1/,scenes/scene061/0/labels/sam2_meta/v1.tar:sam2/mask_to_object.json
scene061,phase0,5,cup.1,19,40.1,cup,cup,objects_meta/cup.1/questionnaire.json,objects/cup.1/,objects/cup.1/,scenes/scene061/0/labels/sam2_meta/v1.tar:sam2/mask_to_object.json
scene061,phase0,6,banana,5,9,banana,banana,objects_meta/banana/questionnaire.json,objects/banana/,objects/banana/,scenes/scene061/0/labels/sam2_meta/v1.tar:sam2/mask_to_object.json
scene061,phase0,7,baseball_ball,6,10,baseball_ball,baseball_ball,objects_meta/baseball_ball/questionnaire.json,objects/baseball_ball/,objects/baseball_ball/,scenes/scene061/0/labels/sam2_meta/v1.tar:sam2/mask_to_object.json
scene061,phase1,1,fry_pan.1,21,49.1,fry_pan,fry_pan,objects_meta/fry_pan.1/questionnaire.json,objects/fry_pan.1/,objects/fry_pan.1/,scenes/scene061/1/labels/sam2_meta/v1.tar:sam2/mask_to_object.json
scene061,phase1,2,handy_pot,28,65,handy_pot,handy_pot,objects_meta/handy_pot/questionnaire.json,objects/handy_pot/,objects/handy_pot/,scenes/scene061/1/labels/sam2_meta/v1.tar:sam2/mask_to_object.json
scene061,phase1,3,cleaning_brush,15,34,cleaning_brush,cleaning_brush,objects_meta/cleaning_brush/questionnaire.json,objects/cleaning_brush/,objects/cleaning_brush/,scenes/scene061/1/labels/sam2_meta/v1.tar:sam2/mask_to_object.json
scene061,phase1,4,basting_brush.1,7,11.1,basting_brush,basting_brush,objects_meta/basting_brush.1/questionnaire.json,objects/basting_brush.1/,objects/basting_brush.1/,scenes/scene061/1/labels/sam2_meta/v1.tar:sam2/mask_to_object.json
scene061,phase1,5,cup.1,19,40.1,cup,cup,objects_meta/cup.1/questionnaire.json,objects/cup.1/,objects/cup.1/,scenes/scene061/1/labels/sam2_meta/v1.tar:sam2/mask_to_object.json
scene061,phase1,6,banana,5,9,banana,banana,objects_meta/banana/questionnaire.json,objects/banana/,objects/banana/,scenes/scene061/1/labels/sam2_meta/v1.tar:sam2/mask_to_object.json
scene061,phase1,7,baseball_ball,6,10,baseball_ball,baseball_ball,objects_meta/baseball_ball/questionnaire.json,objects/baseball_ball/,objects/baseball_ball/,scenes/scene061/1/labels/sam2_meta/v1.tar:sam2/mask_to_object.json
scene061,phase2,1,fry_pan.1,21,49.1,fry_pan,fry_pan,objects_meta/fry_pan.1/questionnaire.json,objects/fry_pan.1/,objects/fry_pan.1/,scenes/scene061/2/labels/sam2_meta/v1.tar:sam2/mask_to_object.json
scene061,phase2,2,handy_pot,28,65,handy_pot,handy_pot,objects_meta/handy_pot/questionnaire.json,objects/handy_pot/,objects/handy_pot/,scenes/scene061/2/labels/sam2_meta/v1.tar:sam2/mask_to_object.json
scene061,phase2,3,cleaning_brush,15,34,cleaning_brush,cleaning_brush,objects_meta/cleaning_brush/questionnaire.json,objects/cleaning_brush/,objects/cleaning_brush/,scenes/scene061/2/labels/sam2_meta/v1.tar:sam2/mask_to_object.json
scene061,phase2,4,basting_brush.1,7,11.1,basting_brush,basting_brush,objects_meta/basting_brush.1/questionnaire.json,objects/basting_brush.1/,objects/basting_brush.1/,scenes/scene061/2/labels/sam2_meta/v1.tar:sam2/mask_to_object.json
scene061,phase2,5,cup.1,19,40.1,cup,cup,objects_meta/cup.1/questionnaire.json,objects/cup.1/,objects/cup.1/,scenes/scene061/2/labels/sam2_meta/v1.tar:sam2/mask_to_object.json
scene061,phase2,6,banana,5,9,banana,banana,objects_meta/banana/questionnaire.json,objects/banana/,objects/banana/,scenes/scene061/2/labels/sam2_meta/v1.tar:sam2/mask_to_object.json
scene061,phase2,7,baseball_ball,6,10,baseball_ball,baseball_ball,objects_meta/baseball_ball/questionnaire.json,objects/baseball_ball/,objects/baseball_ball/,scenes/scene061/2/labels/sam2_meta/v1.tar:sam2/mask_to_object.json
scene062,phase0,1,headphone,30,67,headphone,headphone,objects_meta/headphone/questionnaire.json,objects/headphone/,objects/headphone/,scenes/scene062/0/labels/sam2_meta/v1.tar:sam2/mask_to_object.json
scene062,phase0,2,milk_jug,43,86,milk_jug,milk_jug,objects_meta/milk_jug/questionnaire.json,objects/milk_jug/,objects/milk_jug/,scenes/scene062/0/labels/sam2_meta/v1.tar:sam2/mask_to_object.json
scene062,phase0,3,lion.2,39,82.2,lion,lion,objects_meta/lion.2/questionnaire.json,objects/lion.2/,objects/lion.2/,scenes/scene062/0/labels/sam2_meta/v1.tar:sam2/mask_to_object.json
scene062,phase0,4,meat_can,41,84,meat_can,meat_can,objects_meta/meat_can/questionnaire.json,objects/meat_can/,objects/meat_can/,scenes/scene062/0/labels/sam2_meta/v1.tar:sam2/mask_to_object.json
scene062,phase0,5,glue_bottle.1,25,58.1,glue_bottle,glue_bottle,objects_meta/glue_bottle.1/questionnaire.json,objects/glue_bottle.1/,objects/glue_bottle.1/,scenes/scene062/0/labels/sam2_meta/v1.tar:sam2/mask_to_object.json
scene062,phase0,6,soup_can.1,59,122.1,soup_can,soup_can,objects_meta/soup_can.1/questionnaire.json,objects/soup_can.1/,objects/soup_can.1/,scenes/scene062/0/labels/sam2_meta/v1.tar:sam2/mask_to_object.json
scene062,phase0,7,candy_bar.1,14,25.1,candy_bar,candy_bar,objects_meta/candy_bar.1/questionnaire.json,objects/candy_bar.1/,objects/candy_bar.1/,scenes/scene062/0/labels/sam2_meta/v1.tar:sam2/mask_to_object.json
scene062,phase1,1,headphone,30,67,headphone,headphone,objects_meta/headphone/questionnaire.json,objects/headphone/,objects/headphone/,scenes/scene062/1/labels/sam2_meta/v1.tar:sam2/mask_to_object.json
scene062,phase1,2,milk_jug,43,86,milk_jug,milk_jug,objects_meta/milk_jug/questionnaire.json,objects/milk_jug/,objects/milk_jug/,scenes/scene062/1/labels/sam2_meta/v1.tar:sam2/mask_to_object.json
scene062,phase1,3,lion.2,39,82.2,lion,lion,objects_meta/lion.2/questionnaire.json,objects/lion.2/,objects/lion.2/,scenes/scene062/1/labels/sam2_meta/v1.tar:sam2/mask_to_object.json
scene062,phase1,4,meat_can,41,84,meat_can,meat_can,objects_meta/meat_can/questionnaire.json,objects/meat_can/,objects/meat_can/,scenes/scene062/1/labels/sam2_meta/v1.tar:sam2/mask_to_object.json
scene062,phase1,5,glue_bottle.1,25,58.1,glue_bottle,glue_bottle,objects_meta/glue_bottle.1/questionnaire.json,objects/glue_bottle.1/,objects/glue_bottle.1/,scenes/scene062/1/labels/sam2_meta/v1.tar:sam2/mask_to_object.json
scene062,phase1,6,soup_can.1,59,122.1,soup_can,soup_can,objects_meta/soup_can.1/questionnaire.json,objects/soup_can.1/,objects/soup_can.1/,scenes/scene062/1/labels/sam2_meta/v1.tar:sam2/mask_to_object.json
scene062,phase1,7,candy_bar.1,14,25.1,candy_bar,candy_bar,objects_meta/candy_bar.1/questionnaire.json,objects/candy_bar.1/,objects/candy_bar.1/,scenes/scene062/1/labels/sam2_meta/v1.tar:sam2/mask_to_object.json
scene062,phase2,1,headphone,30,67,headphone,headphone,objects_meta/headphone/questionnaire.json,objects/headphone/,objects/headphone/,scenes/scene062/2/labels/sam2_meta/v1.tar:sam2/mask_to_object.json
scene062,phase2,2,milk_jug,43,86,milk_jug,milk_jug,objects_meta/milk_jug/questionnaire.json,objects/milk_jug/,objects/milk_jug/,scenes/scene062/2/labels/sam2_meta/v1.tar:sam2/mask_to_object.json
scene062,phase2,3,lion.2,39,82.2,lion,lion,objects_meta/lion.2/questionnaire.json,objects/lion.2/,objects/lion.2/,scenes/scene062/2/labels/sam2_meta/v1.tar:sam2/mask_to_object.json
scene062,phase2,4,meat_can,41,84,meat_can,meat_can,objects_meta/meat_can/questionnaire.json,objects/meat_can/,objects/meat_can/,scenes/scene062/2/labels/sam2_meta/v1.tar:sam2/mask_to_object.json
scene062,phase2,5,glue_bottle.1,25,58.1,glue_bottle,glue_bottle,objects_meta/glue_bottle.1/questionnaire.json,objects/glue_bottle.1/,objects/glue_bottle.1/,scenes/scene062/2/labels/sam2_meta/v1.tar:sam2/mask_to_object.json
scene062,phase2,6,soup_can.1,59,122.1,soup_can,soup_can,objects_meta/soup_can.1/questionnaire.json,objects/soup_can.1/,objects/soup_can.1/,scenes/scene062/2/labels/sam2_meta/v1.tar:sam2/mask_to_object.json
scene062,phase2,7,candy_bar.1,14,25.1,candy_bar,candy_bar,objects_meta/candy_bar.1/questionnaire.json,objects/candy_bar.1/,objects/candy_bar.1/,scenes/scene062/2/labels/sam2_meta/v1.tar:sam2/mask_to_object.json
scene063,phase0,1,tong,66,141,tong,tong,objects_meta/tong/questionnaire.json,objects/tong/,objects/tong/,scenes/scene063/0/labels/sam2_meta/v1.tar:sam2/mask_to_object.json
scene063,phase0,2,cracker_box,18,38,cracker_box,cracker_box,objects_meta/cracker_box/questionnaire.json,objects/cracker_box/,objects/cracker_box/,scenes/scene063/0/labels/sam2_meta/v1.tar:sam2/mask_to_object.json
scene063,phase0,3,water_bottle.2,70,148.2,water_bottle,water_bottle,objects_meta/water_bottle.2/questionnaire.json,objects/water_bottle.2/,objects/water_bottle.2/,scenes/scene063/0/labels/sam2_meta/v1.tar:sam2/mask_to_object.json
scene063,phase0,4,spatula.2,60,124.2,spatula,spatula,objects_meta/spatula.2/questionnaire.json,objects/spatula.2/,objects/spatula.2/,scenes/scene063/0/labels/sam2_meta/v1.tar:sam2/mask_to_object.json
scene063,phase0,5,hat.1,29,66.1,hat,hat,objects_meta/hat.1/questionnaire.json,objects/hat.1/,objects/hat.1/,scenes/scene063/0/labels/sam2_meta/v1.tar:sam2/mask_to_object.json
scene063,phase0,6,knife.1,37,77.1,knife,knife,objects_meta/knife.1/questionnaire.json,objects/knife.1/,objects/knife.1/,scenes/scene063/0/labels/sam2_meta/v1.tar:sam2/mask_to_object.json
scene063,phase0,7,pear,47,95,pear,pear,objects_meta/pear/questionnaire.json,objects/pear/,objects/pear/,scenes/scene063/0/labels/sam2_meta/v1.tar:sam2/mask_to_object.json
scene063,phase1,1,tong,66,141,tong,tong,objects_meta/tong/questionnaire.json,objects/tong/,objects/tong/,scenes/scene063/1/labels/sam2_meta/v1.tar:sam2/mask_to_object.json
scene063,phase1,2,cracker_box,18,38,cracker_box,cracker_box,objects_meta/cracker_box/questionnaire.json,objects/cracker_box/,objects/cracker_box/,scenes/scene063/1/labels/sam2_meta/v1.tar:sam2/mask_to_object.json
scene063,phase1,3,water_bottle.2,70,148.2,water_bottle,water_bottle,objects_meta/water_bottle.2/questionnaire.json,objects/water_bottle.2/,objects/water_bottle.2/,scenes/scene063/1/labels/sam2_meta/v1.tar:sam2/mask_to_object.json
scene063,phase1,4,spatula.2,60,124.2,spatula,spatula,objects_meta/spatula.2/questionnaire.json,objects/spatula.2/,objects/spatula.2/,scenes/scene063/1/labels/sam2_meta/v1.tar:sam2/mask_to_object.json
scene063,phase1,5,hat.1,29,66.1,hat,hat,objects_meta/hat.1/questionnaire.json,objects/hat.1/,objects/hat.1/,scenes/scene063/1/labels/sam2_meta/v1.tar:sam2/mask_to_object.json
scene063,phase1,6,knife.1,37,77.1,knife,knife,objects_meta/knife.1/questionnaire.json,objects/knife.1/,objects/knife.1/,scenes/scene063/1/labels/sam2_meta/v1.tar:sam2/mask_to_object.json
scene063,phase1,7,pear,47,95,pear,pear,objects_meta/pear/questionnaire.json,objects/pear/,objects/pear/,scenes/scene063/1/labels/sam2_meta/v1.tar:sam2/mask_to_object.json
scene063,phase2,1,tong,66,141,tong,tong,objects_meta/tong/questionnaire.json,objects/tong/,objects/tong/,scenes/scene063/2/labels/sam2_meta/v1.tar:sam2/mask_to_object.json
scene063,phase2,2,cracker_box,18,38,cracker_box,cracker_box,objects_meta/cracker_box/questionnaire.json,objects/cracker_box/,objects/cracker_box/,scenes/scene063/2/labels/sam2_meta/v1.tar:sam2/mask_to_object.json
scene063,phase2,3,water_bottle.2,70,148.2,water_bottle,water_bottle,objects_meta/water_bottle.2/questionnaire.json,objects/water_bottle.2/,objects/water_bottle.2/,scenes/scene063/2/labels/sam2_meta/v1.tar:sam2/mask_to_object.json
scene063,phase2,4,spatula.2,60,124.2,spatula,spatula,objects_meta/spatula.2/questionnaire.json,objects/spatula.2/,objects/spatula.2/,scenes/scene063/2/labels/sam2_meta/v1.tar:sam2/mask_to_object.json
scene063,phase2,5,hat.1,29,66.1,hat,hat,objects_meta/hat.1/questionnaire.json,objects/hat.1/,objects/hat.1/,scenes/scene063/2/labels/sam2_meta/v1.tar:sam2/mask_to_object.json
scene063,phase2,6,knife.1,37,77.1,knife,knife,objects_meta/knife.1/questionnaire.json,objects/knife.1/,objects/knife.1/,scenes/scene063/2/labels/sam2_meta/v1.tar:sam2/mask_to_object.json
scene063,phase2,7,pear,47,95,pear,pear,objects_meta/pear/questionnaire.json,objects/pear/,objects/pear/,scenes/scene063/2/labels/sam2_meta/v1.tar:sam2/mask_to_object.json
scene064,phase0,1,cable,13,23,cable,cable,objects_meta/cable/questionnaire.json,objects/cable/,objects/cable/,scenes/scene064/0/labels/sam2_meta/v1.tar:sam2/mask_to_object.json
scene064,phase0,2,helmet,31,68,helmet,helmet,objects_meta/helmet/questionnaire.json,objects/helmet/,objects/helmet/,scenes/scene064/0/labels/sam2_meta/v1.tar:sam2/mask_to_object.json
scene064,phase0,3,umbrella,69,147,umbrella,umbrella,objects_meta/umbrella/questionnaire.json,objects/umbrella/,objects/umbrella/,scenes/scene064/0/labels/sam2_meta/v1.tar:sam2/mask_to_object.json
scene064,phase0,4,hairbrush,26,62,hair_brush,hair_brush,objects_meta/hairbrush/questionnaire.json,objects/hairbrush/,objects/hairbrush/,scenes/scene064/0/labels/sam2_meta/v1.tar:sam2/mask_to_object.json
scene064,phase0,5,pump_bottle.2,51,105.2,pump_bottle,pump_bottle,objects_meta/pump_bottle.2/questionnaire.json,objects/pump_bottle.2/,objects/pump_bottle.2/,scenes/scene064/0/labels/sam2_meta/v1.tar:sam2/mask_to_object.json
scene064,phase0,6,instant_noodle_packet,32,70,instant_noodle_packet,instant_noodle_packet,objects_meta/instant_noodle_packet/questionnaire.json,objects/instant_noodle_packet/,objects/instant_noodle_packet/,scenes/scene064/0/labels/sam2_meta/v1.tar:sam2/mask_to_object.json
scene064,phase0,7,marker.5,40,83.5,marker,marker,objects_meta/marker.5/questionnaire.json,objects/marker.5/,objects/marker.5/,scenes/scene064/0/labels/sam2_meta/v1.tar:sam2/mask_to_object.json
scene064,phase1,1,cable,13,23,cable,cable,objects_meta/cable/questionnaire.json,objects/cable/,objects/cable/,scenes/scene064/1/labels/sam2_meta/v1.tar:sam2/mask_to_object.json
scene064,phase1,2,helmet,31,68,helmet,helmet,objects_meta/helmet/questionnaire.json,objects/helmet/,objects/helmet/,scenes/scene064/1/labels/sam2_meta/v1.tar:sam2/mask_to_object.json
scene064,phase1,3,umbrella,69,147,umbrella,umbrella,objects_meta/umbrella/questionnaire.json,objects/umbrella/,objects/umbrella/,scenes/scene064/1/labels/sam2_meta/v1.tar:sam2/mask_to_object.json
scene064,phase1,4,hairbrush,26,62,hair_brush,hair_brush,objects_meta/hairbrush/questionnaire.json,objects/hairbrush/,objects/hairbrush/,scenes/scene064/1/labels/sam2_meta/v1.tar:sam2/mask_to_object.json
scene064,phase1,5,pump_bottle.2,51,105.2,pump_bottle,pump_bottle,objects_meta/pump_bottle.2/questionnaire.json,objects/pump_bottle.2/,objects/pump_bottle.2/,scenes/scene064/1/labels/sam2_meta/v1.tar:sam2/mask_to_object.json
scene064,phase1,6,instant_noodle_packet,32,70,instant_noodle_packet,instant_noodle_packet,objects_meta/instant_noodle_packet/questionnaire.json,objects/instant_noodle_packet/,objects/instant_noodle_packet/,scenes/scene064/1/labels/sam2_meta/v1.tar:sam2/mask_to_object.json
scene064,phase1,7,marker.5,40,83.5,marker,marker,objects_meta/marker.5/questionnaire.json,objects/marker.5/,objects/marker.5/,scenes/scene064/1/labels/sam2_meta/v1.tar:sam2/mask_to_object.json
scene064,phase2,1,cable,13,23,cable,cable,objects_meta/cable/questionnaire.json,objects/cable/,objects/cable/,scenes/scene064/2/labels/sam2_meta/v1.tar:sam2/mask_to_object.json
scene064,phase2,2,helmet,31,68,helmet,helmet,objects_meta/helmet/questionnaire.json,objects/helmet/,objects/helmet/,scenes/scene064/2/labels/sam2_meta/v1.tar:sam2/mask_to_object.json
scene064,phase2,3,umbrella,69,147,umbrella,umbrella,objects_meta/umbrella/questionnaire.json,objects/umbrella/,objects/umbrella/,scenes/scene064/2/labels/sam2_meta/v1.tar:sam2/mask_to_object.json
scene064,phase2,4,hairbrush,26,62,hair_brush,hair_brush,objects_meta/hairbrush/questionnaire.json,objects/hairbrush/,objects/hairbrush/,scenes/scene064/2/labels/sam2_meta/v1.tar:sam2/mask_to_object.json
scene064,phase2,5,pump_bottle.2,51,105.2,pump_bottle,pump_bottle,objects_meta/pump_bottle.2/questionnaire.json,objects/pump_bottle.2/,objects/pump_bottle.2/,scenes/scene064/2/labels/sam2_meta/v1.tar:sam2/mask_to_object.json
scene064,phase2,6,instant_noodle_packet,32,70,instant_noodle_packet,instant_noodle_packet,objects_meta/instant_noodle_packet/questionnaire.json,objects/instant_noodle_packet/,objects/instant_noodle_packet/,scenes/scene064/2/labels/sam2_meta/v1.tar:sam2/mask_to_object.json
scene064,phase2,7,marker.5,40,83.5,marker,marker,objects_meta/marker.5/questionnaire.json,objects/marker.5/,objects/marker.5/,scenes/scene064/2/labels/sam2_meta/v1.tar:sam2/mask_to_object.json
scene065,phase0,1,food_bag,22,50,food_bag,food_bag,objects_meta/food_bag/questionnaire.json,objects/food_bag/,objects/food_bag/,scenes/scene065/0/labels/sam2_meta/v1.tar:sam2/mask_to_object.json
scene065,phase0,2,juice_pouch.2,35,73.2,juice_pouch,juice_pouch,objects_meta/juice_pouch.2/questionnaire.json,objects/juice_pouch.2/,objects/juice_pouch.2/,scenes/scene065/0/labels/sam2_meta/v1.tar:sam2/mask_to_object.json
scene065,phase0,3,glove.2,24,57.2,glove,glove,objects_meta/glove.2/questionnaire.json,objects/glove.2/,objects/glove.2/,scenes/scene065/0/labels/sam2_meta/v1.tar:sam2/mask_to_object.json
scene065,phase0,4,jello_box.1,34,72.1,jello_box,jello_box,objects_meta/jello_box.1/questionnaire.json,objects/jello_box.1/,objects/jello_box.1/,scenes/scene065/0/labels/sam2_meta/v1.tar:sam2/mask_to_object.json
scene065,phase0,5,soda_can.3,57,120.3,soda_can,soda_can,objects_meta/soda_can.3/questionnaire.json,objects/soda_can.3/,objects/soda_can.3/,scenes/scene065/0/labels/sam2_meta/v1.tar:sam2/mask_to_object.json
scene065,phase0,6,peeler.2,48,96.2,peeler,peeler,objects_meta/peeler.2/questionnaire.json,objects/peeler.2/,objects/peeler.2/,scenes/scene065/0/labels/sam2_meta/v1.tar:sam2/mask_to_object.json
scene065,phase0,7,apple,3,5,apple,apple,objects_meta/apple/questionnaire.json,objects/apple/,objects/apple/,scenes/scene065/0/labels/sam2_meta/v1.tar:sam2/mask_to_object.json
scene065,phase1,1,food_bag,22,50,food_bag,food_bag,objects_meta/food_bag/questionnaire.json,objects/food_bag/,objects/food_bag/,scenes/scene065/1/labels/sam2_meta/v1.tar:sam2/mask_to_object.json
scene065,phase1,2,juice_pouch.2,35,73.2,juice_pouch,juice_pouch,objects_meta/juice_pouch.2/questionnaire.json,objects/juice_pouch.2/,objects/juice_pouch.2/,scenes/scene065/1/labels/sam2_meta/v1.tar:sam2/mask_to_object.json
scene065,phase1,3,glove.2,24,57.2,glove,glove,objects_meta/glove.2/questionnaire.json,objects/glove.2/,objects/glove.2/,scenes/scene065/1/labels/sam2_meta/v1.tar:sam2/mask_to_object.json
scene065,phase1,4,jello_box.1,34,72.1,jello_box,jello_box,objects_meta/jello_box.1/questionnaire.json,objects/jello_box.1/,objects/jello_box.1/,scenes/scene065/1/labels/sam2_meta/v1.tar:sam2/mask_to_object.json
scene065,phase1,5,soda_can.3,57,120.3,soda_can,soda_can,objects_meta/soda_can.3/questionnaire.json,objects/soda_can.3/,objects/soda_can.3/,scenes/scene065/1/labels/sam2_meta/v1.tar:sam2/mask_to_object.json
scene065,phase1,6,peeler.2,48,96.2,peeler,peeler,objects_meta/peeler.2/questionnaire.json,objects/peeler.2/,objects/peeler.2/,scenes/scene065/1/labels/sam2_meta/v1.tar:sam2/mask_to_object.json
scene065,phase1,7,apple,3,5,apple,apple,objects_meta/apple/questionnaire.json,objects/apple/,objects/apple/,scenes/scene065/1/labels/sam2_meta/v1.tar:sam2/mask_to_object.json
scene065,phase2,1,food_bag,22,50,food_bag,food_bag,objects_meta/food_bag/questionnaire.json,objects/food_bag/,objects/food_bag/,scenes/scene065/2/labels/sam2_meta/v1.tar:sam2/mask_to_object.json
scene065,phase2,2,juice_pouch.2,35,73.2,juice_pouch,juice_pouch,objects_meta/juice_pouch.2/questionnaire.json,objects/juice_pouch.2/,objects/juice_pouch.2/,scenes/scene065/2/labels/sam2_meta/v1.tar:sam2/mask_to_object.json
scene065,phase2,3,glove.2,24,57.2,glove,glove,objects_meta/glove.2/questionnaire.json,objects/glove.2/,objects/glove.2/,scenes/scene065/2/labels/sam2_meta/v1.tar:sam2/mask_to_object.json
scene065,phase2,4,jello_box.1,34,72.1,jello_box,jello_box,objects_meta/jello_box.1/questionnaire.json,objects/jello_box.1/,objects/jello_box.1/,scenes/scene065/2/labels/sam2_meta/v1.tar:sam2/mask_to_object.json
scene065,phase2,5,soda_can.3,57,120.3,soda_can,soda_can,objects_meta/soda_can.3/questionnaire.json,objects/soda_can.3/,objects/soda_can.3/,scenes/scene065/2/labels/sam2_meta/v1.tar:sam2/mask_to_object.json
scene065,phase2,6,peeler.2,48,96.2,peeler,peeler,objects_meta/peeler.2/questionnaire.json,objects/peeler.2/,objects/peeler.2/,scenes/scene065/2/labels/sam2_meta/v1.tar:sam2/mask_to_object.json
scene065,phase2,7,apple,3,5,apple,apple,objects_meta/apple/questionnaire.json,objects/apple/,objects/apple/,scenes/scene065/2/labels/sam2_meta/v1.tar:sam2/mask_to_object.json
scene066,phase0,1,hammer.2,27,63.2,hammer,hammer,objects_meta/hammer.2/questionnaire.json,objects/hammer.2/,objects/hammer.2/,scenes/scene066/0/labels/sam2_meta/v1.tar:sam2/mask_to_object.json
scene066,phase0,2,milk_box.1,42,85.1,milk_box,milk_box,objects_meta/milk_box.1/questionnaire.json,objects/milk_box.1/,objects/milk_box.1/,scenes/scene066/0/labels/sam2_meta/v1.tar:sam2/mask_to_object.json
scene066,phase0,3,root_beer_bottle,53,109,root_beer_bottle,root_beer_bottle,objects_meta/root_beer_bottle/questionnaire.json,objects/root_beer_bottle/,objects/root_beer_bottle/,scenes/scene066/0/labels/sam2_meta/v1.tar:sam2/mask_to_object.json
scene066,phase0,4,shampoo_bottle,55,114,shampoo_bottle,shampoo_bottle,objects_meta/shampoo_bottle/questionnaire.json,objects/shampoo_bottle/,objects/shampoo_bottle/,scenes/scene066/0/labels/sam2_meta/v1.tar:sam2/mask_to_object.json
scene066,phase0,5,mug.2,45,88.2,mug,mug,objects_meta/mug.2/questionnaire.json,objects/mug.2/,objects/mug.2/,scenes/scene066/0/labels/sam2_meta/v1.tar:sam2/mask_to_object.json
scene066,phase0,6,shoe.1,56,117.1,shoe,shoe,objects_meta/shoe.1/questionnaire.json,objects/shoe.1/,objects/shoe.1/,scenes/scene066/0/labels/sam2_meta/v1.tar:sam2/mask_to_object.json
scene066,phase0,7,alarm_clock,2,3,alarm_clock,alarm_clock,objects_meta/alarm_clock/questionnaire.json,objects/alarm_clock/,objects/alarm_clock/,scenes/scene066/0/labels/sam2_meta/v1.tar:sam2/mask_to_object.json
scene066,phase1,1,hammer.2,27,63.2,hammer,hammer,objects_meta/hammer.2/questionnaire.json,objects/hammer.2/,objects/hammer.2/,scenes/scene066/1/labels/sam2_meta/v1.tar:sam2/mask_to_object.json
scene066,phase1,2,milk_box.1,42,85.1,milk_box,milk_box,objects_meta/milk_box.1/questionnaire.json,objects/milk_box.1/,objects/milk_box.1/,scenes/scene066/1/labels/sam2_meta/v1.tar:sam2/mask_to_object.json
scene066,phase1,3,root_beer_bottle,53,109,root_beer_bottle,root_beer_bottle,objects_meta/root_beer_bottle/questionnaire.json,objects/root_beer_bottle/,objects/root_beer_bottle/,scenes/scene066/1/labels/sam2_meta/v1.tar:sam2/mask_to_object.json
scene066,phase1,4,shampoo_bottle,55,114,shampoo_bottle,shampoo_bottle,objects_meta/shampoo_bottle/questionnaire.json,objects/shampoo_bottle/,objects/shampoo_bottle/,scenes/scene066/1/labels/sam2_meta/v1.tar:sam2/mask_to_object.json
scene066,phase1,5,mug.2,45,88.2,mug,mug,objects_meta/mug.2/questionnaire.json,objects/mug.2/,objects/mug.2/,scenes/scene066/1/labels/sam2_meta/v1.tar:sam2/mask_to_object.json
scene066,phase1,6,shoe.1,56,117.1,shoe,shoe,objects_meta/shoe.1/questionnaire.json,objects/shoe.1/,objects/shoe.1/,scenes/scene066/1/labels/sam2_meta/v1.tar:sam2/mask_to_object.json
scene066,phase1,7,alarm_clock,2,3,alarm_clock,alarm_clock,objects_meta/alarm_clock/questionnaire.json,objects/alarm_clock/,objects/alarm_clock/,scenes/scene066/1/labels/sam2_meta/v1.tar:sam2/mask_to_object.json
scene066,phase2,1,hammer.2,27,63.2,hammer,hammer,objects_meta/hammer.2/questionnaire.json,objects/hammer.2/,objects/hammer.2/,scenes/scene066/2/labels/sam2_meta/v1.tar:sam2/mask_to_object.json
scene066,phase2,2,milk_box.1,42,85.1,milk_box,milk_box,objects_meta/milk_box.1/questionnaire.json,objects/milk_box.1/,objects/milk_box.1/,scenes/scene066/2/labels/sam2_meta/v1.tar:sam2/mask_to_object.json
scene066,phase2,3,root_beer_bottle,53,109,root_beer_bottle,root_beer_bottle,objects_meta/root_beer_bottle/questionnaire.json,objects/root_beer_bottle/,objects/root_beer_bottle/,scenes/scene066/2/labels/sam2_meta/v1.tar:sam2/mask_to_object.json
scene066,phase2,4,shampoo_bottle,55,114,shampoo_bottle,shampoo_bottle,objects_meta/shampoo_bottle/questionnaire.json,objects/shampoo_bottle/,objects/shampoo_bottle/,scenes/scene066/2/labels/sam2_meta/v1.tar:sam2/mask_to_object.json
scene066,phase2,5,mug.2,45,88.2,mug,mug,objects_meta/mug.2/questionnaire.json,objects/mug.2/,objects/mug.2/,scenes/scene066/2/labels/sam2_meta/v1.tar:sam2/mask_to_object.json
scene066,phase2,6,shoe.1,56,117.1,shoe,shoe,objects_meta/shoe.1/questionnaire.json,objects/shoe.1/,objects/shoe.1/,scenes/scene066/2/labels/sam2_meta/v1.tar:sam2/mask_to_object.json
scene066,phase2,7,alarm_clock,2,3,alarm_clock,alarm_clock,objects_meta/alarm_clock/questionnaire.json,objects/alarm_clock/,objects/alarm_clock/,scenes/scene066/2/labels/sam2_meta/v1.tar:sam2/mask_to_object.json
scene067,phase0,1,boot.2,11,18.2,boot,boot,objects_meta/boot.2/questionnaire.json,objects/boot.2/,objects/boot.2/,scenes/scene067/0/labels/sam2_meta/v1.tar:sam2/mask_to_object.json
scene067,phase0,2,kettle,36,74,kettle,kettle,objects_meta/kettle/questionnaire.json,objects/kettle/,objects/kettle/,scenes/scene067/0/labels/sam2_meta/v1.tar:sam2/mask_to_object.json
scene067,phase0,3,soft_scrub_cleanser_bottle,58,121,soft_scrub_cleanser_bottle,soft_scrub_cleanser_bottle,objects_meta/soft_scrub_cleanser_bottle/questionnaire.json,objects/soft_scrub_cleanser_bottle/,objects/soft_scrub_cleanser_bottle/,scenes/scene067/0/labels/sam2_meta/v1.tar:sam2/mask_to_object.json
scene067,phase0,4,coffee_bottle,16,36,coffee_bottle,coffee_bottle,objects_meta/coffee_bottle/questionnaire.json,objects/coffee_bottle/,objects/coffee_bottle/,scenes/scene067/0/labels/sam2_meta/v1.tar:sam2/mask_to_object.json
scene067,phase0,5,remote_controller,52,107,remote_controller,remote_controller,objects_meta/remote_controller/questionnaire.json,objects/remote_controller/,objects/remote_controller/,scenes/scene067/0/labels/sam2_meta/v1.tar:sam2/mask_to_object.json
scene067,phase0,6,pringles_can.2,50,103.2,pringles_can,pringles_can,objects_meta/pringles_can.2/questionnaire.json,objects/pringles_can.2/,objects/pringles_can.2/,scenes/scene067/0/labels/sam2_meta/v1.tar:sam2/mask_to_object.json
scene067,phase0,7,mustard_bottle.3,46,89.3,mustard_bottle,mustard_bottle,objects_meta/mustard_bottle.3/questionnaire.json,objects/mustard_bottle.3/,objects/mustard_bottle.3/,scenes/scene067/0/labels/sam2_meta/v1.tar:sam2/mask_to_object.json
scene067,phase1,1,boot.2,11,18.2,boot,boot,objects_meta/boot.2/questionnaire.json,objects/boot.2/,objects/boot.2/,scenes/scene067/1/labels/sam2_meta/v1.tar:sam2/mask_to_object.json
scene067,phase1,2,kettle,36,74,kettle,kettle,objects_meta/kettle/questionnaire.json,objects/kettle/,objects/kettle/,scenes/scene067/1/labels/sam2_meta/v1.tar:sam2/mask_to_object.json
scene067,phase1,3,soft_scrub_cleanser_bottle,58,121,soft_scrub_cleanser_bottle,soft_scrub_cleanser_bottle,objects_meta/soft_scrub_cleanser_bottle/questionnaire.json,objects/soft_scrub_cleanser_bottle/,objects/soft_scrub_cleanser_bottle/,scenes/scene067/1/labels/sam2_meta/v1.tar:sam2/mask_to_object.json
scene067,phase1,4,coffee_bottle,16,36,coffee_bottle,coffee_bottle,objects_meta/coffee_bottle/questionnaire.json,objects/coffee_bottle/,objects/coffee_bottle/,scenes/scene067/1/labels/sam2_meta/v1.tar:sam2/mask_to_object.json
scene067,phase1,5,remote_controller,52,107,remote_controller,remote_controller,objects_meta/remote_controller/questionnaire.json,objects/remote_controller/,objects/remote_controller/,scenes/scene067/1/labels/sam2_meta/v1.tar:sam2/mask_to_object.json
scene067,phase1,6,pringles_can.2,50,103.2,pringles_can,pringles_can,objects_meta/pringles_can.2/questionnaire.json,objects/pringles_can.2/,objects/pringles_can.2/,scenes/scene067/1/labels/sam2_meta/v1.tar:sam2/mask_to_object.json
scene067,phase1,7,mustard_bottle.3,46,89.3,mustard_bottle,mustard_bottle,objects_meta/mustard_bottle.3/questionnaire.json,objects/mustard_bottle.3/,objects/mustard_bottle.3/,scenes/scene067/1/labels/sam2_meta/v1.tar:sam2/mask_to_object.json
scene067,phase2,1,boot.2,11,18.2,boot,boot,objects_meta/boot.2/questionnaire.json,objects/boot.2/,objects/boot.2/,scenes/scene067/2/labels/sam2_meta/v1.tar:sam2/mask_to_object.json
scene067,phase2,2,kettle,36,74,kettle,kettle,objects_meta/kettle/questionnaire.json,objects/kettle/,objects/kettle/,scenes/scene067/2/labels/sam2_meta/v1.tar:sam2/mask_to_object.json
scene067,phase2,3,soft_scrub_cleanser_bottle,58,121,soft_scrub_cleanser_bottle,soft_scrub_cleanser_bottle,objects_meta/soft_scrub_cleanser_bottle/questionnaire.json,objects/soft_scrub_cleanser_bottle/,objects/soft_scrub_cleanser_bottle/,scenes/scene067/2/labels/sam2_meta/v1.tar:sam2/mask_to_object.json
scene067,phase2,4,coffee_bottle,16,36,coffee_bottle,coffee_bottle,objects_meta/coffee_bottle/questionnaire.json,objects/coffee_bottle/,objects/coffee_bottle/,scenes/scene067/2/labels/sam2_meta/v1.tar:sam2/mask_to_object.json
scene067,phase2,5,remote_controller,52,107,remote_controller,remote_controller,objects_meta/remote_controller/questionnaire.json,objects/remote_controller/,objects/remote_controller/,scenes/scene067/2/labels/sam2_meta/v1.tar:sam2/mask_to_object.json
scene067,phase2,6,pringles_can.2,50,103.2,pringles_can,pringles_can,objects_meta/pringles_can.2/questionnaire.json,objects/pringles_can.2/,objects/pringles_can.2/,scenes/scene067/2/labels/sam2_meta/v1.tar:sam2/mask_to_object.json
scene067,phase2,7,mustard_bottle.3,46,89.3,mustard_bottle,mustard_bottle,objects_meta/mustard_bottle.3/questionnaire.json,objects/mustard_bottle.3/,objects/mustard_bottle.3/,scenes/scene067/2/labels/sam2_meta/v1.tar:sam2/mask_to_object.json
scene068,phase0,1,spray_bottle.2,62,127.2,spray_bottle,spray_bottle,objects_meta/spray_bottle.2/questionnaire.json,objects/spray_bottle.2/,objects/spray_bottle.2/,scenes/scene068/0/labels/sam2_meta/v1.tar:sam2/mask_to_object.json
scene068,phase0,2,bear.1,9,14.1,bear,bear,objects_meta/bear.1/questionnaire.json,objects/bear.1/,objects/bear.1/,scenes/scene068/0/labels/sam2_meta/v1.tar:sam2/mask_to_object.json
scene068,phase0,3,soda_can.3,57,120.3,soda_can,soda_can,objects_meta/soda_can.3/questionnaire.json,objects/soda_can.3/,objects/soda_can.3/,scenes/scene068/0/labels/sam2_meta/v1.tar:sam2/mask_to_object.json
scene068,phase0,4,game_controller,23,55,game_controller,game_controller,objects_meta/game_controller/questionnaire.json,objects/game_controller/,objects/game_controller/,scenes/scene068/0/labels/sam2_meta/v1.tar:sam2/mask_to_object.json
scene068,phase0,5,jar,33,71,jar,jar,objects_meta/jar/questionnaire.json,objects/jar/,objects/jar/,scenes/scene068/0/labels/sam2_meta/v1.tar:sam2/mask_to_object.json
scene068,phase0,6,sponge,61,125,sponge,sponge,objects_meta/sponge/questionnaire.json,objects/sponge/,objects/sponge/,scenes/scene068/0/labels/sam2_meta/v1.tar:sam2/mask_to_object.json
scene068,phase0,7,toothpaste,67,142,toothpaste,toothpaste,objects_meta/toothpaste/questionnaire.json,objects/toothpaste/,objects/toothpaste/,scenes/scene068/0/labels/sam2_meta/v1.tar:sam2/mask_to_object.json
scene068,phase1,1,spray_bottle.2,62,127.2,spray_bottle,spray_bottle,objects_meta/spray_bottle.2/questionnaire.json,objects/spray_bottle.2/,objects/spray_bottle.2/,scenes/scene068/1/labels/sam2_meta/v1.tar:sam2/mask_to_object.json
scene068,phase1,2,bear.1,9,14.1,bear,bear,objects_meta/bear.1/questionnaire.json,objects/bear.1/,objects/bear.1/,scenes/scene068/1/labels/sam2_meta/v1.tar:sam2/mask_to_object.json
scene068,phase1,3,soda_can.3,57,120.3,soda_can,soda_can,objects_meta/soda_can.3/questionnaire.json,objects/soda_can.3/,objects/soda_can.3/,scenes/scene068/1/labels/sam2_meta/v1.tar:sam2/mask_to_object.json
scene068,phase1,4,game_controller,23,55,game_controller,game_controller,objects_meta/game_controller/questionnaire.json,objects/game_controller/,objects/game_controller/,scenes/scene068/1/labels/sam2_meta/v1.tar:sam2/mask_to_object.json
scene068,phase1,5,jar,33,71,jar,jar,objects_meta/jar/questionnaire.json,objects/jar/,objects/jar/,scenes/scene068/1/labels/sam2_meta/v1.tar:sam2/mask_to_object.json
scene068,phase1,6,sponge,61,125,sponge,sponge,objects_meta/sponge/questionnaire.json,objects/sponge/,objects/sponge/,scenes/scene068/1/labels/sam2_meta/v1.tar:sam2/mask_to_object.json
scene068,phase1,7,toothpaste,67,142,toothpaste,toothpaste,objects_meta/toothpaste/questionnaire.json,objects/toothpaste/,objects/toothpaste/,scenes/scene068/1/labels/sam2_meta/v1.tar:sam2/mask_to_object.json
scene068,phase2,1,spray_bottle.2,62,127.2,spray_bottle,spray_bottle,objects_meta/spray_bottle.2/questionnaire.json,objects/spray_bottle.2/,objects/spray_bottle.2/,scenes/scene068/2/labels/sam2_meta/v1.tar:sam2/mask_to_object.json
scene068,phase2,2,bear.1,9,14.1,bear,bear,objects_meta/bear.1/questionnaire.json,objects/bear.1/,objects/bear.1/,scenes/scene068/2/labels/sam2_meta/v1.tar:sam2/mask_to_object.json
scene068,phase2,3,soda_can.3,57,120.3,soda_can,soda_can,objects_meta/soda_can.3/questionnaire.json,objects/soda_can.3/,objects/soda_can.3/,scenes/scene068/2/labels/sam2_meta/v1.tar:sam2/mask_to_object.json
scene068,phase2,4,game_controller,23,55,game_controller,game_controller,objects_meta/game_controller/questionnaire.json,objects/game_controller/,objects/game_controller/,scenes/scene068/2/labels/sam2_meta/v1.tar:sam2/mask_to_object.json
scene068,phase2,5,jar,33,71,jar,jar,objects_meta/jar/questionnaire.json,objects/jar/,objects/jar/,scenes/scene068/2/labels/sam2_meta/v1.tar:sam2/mask_to_object.json
scene068,phase2,6,sponge,61,125,sponge,sponge,objects_meta/sponge/questionnaire.json,objects/sponge/,objects/sponge/,scenes/scene068/2/labels/sam2_meta/v1.tar:sam2/mask_to_object.json
scene068,phase2,7,toothpaste,67,142,toothpaste,toothpaste,objects_meta/toothpaste/questionnaire.json,objects/toothpaste/,objects/toothpaste/,scenes/scene068/2/labels/sam2_meta/v1.tar:sam2/mask_to_object.json
scene069,phase0,1,book.3,10,17.3,book,book,objects_meta/book.3/questionnaire.json,objects/book.3/,objects/book.3/,scenes/scene069/0/labels/sam2_meta/v1.tar:sam2/mask_to_object.json
scene069,phase0,2,teapot,65,137,teapot,teapot,objects_meta/teapot/questionnaire.json,objects/teapot/,objects/teapot/,scenes/scene069/0/labels/sam2_meta/v1.tar:sam2/mask_to_object.json
scene069,phase0,3,scissors.1,54,113.1,scissors,scissors,objects_meta/scissors.1/questionnaire.json,objects/scissors.1/,objects/scissors.1/,scenes/scene069/0/labels/sam2_meta/v1.tar:sam2/mask_to_object.json
scene069,phase0,4,power_drill,49,102,power_drill,power_drill,objects_meta/power_drill/questionnaire.json,objects/power_drill/,objects/power_drill/,scenes/scene069/0/labels/sam2_meta/v1.tar:sam2/mask_to_object.json
scene069,phase0,5,coffee_can.1,17,37.1,coffee_can,coffee_can,objects_meta/coffee_can.1/questionnaire.json,objects/coffee_can.1/,objects/coffee_can.1/,scenes/scene069/0/labels/sam2_meta/v1.tar:sam2/mask_to_object.json
scene069,phase0,6,bowl.1,12,20.1,bowl,bowl,objects_meta/bowl.1/questionnaire.json,objects/bowl.1/,objects/bowl.1/,scenes/scene069/0/labels/sam2_meta/v1.tar:sam2/mask_to_object.json
scene069,phase0,7,tape_measure,64,135,tape_measure,tape_measure,objects_meta/tape_measure/questionnaire.json,objects/tape_measure/,objects/tape_measure/,scenes/scene069/0/labels/sam2_meta/v1.tar:sam2/mask_to_object.json
scene069,phase1,1,book.3,10,17.3,book,book,objects_meta/book.3/questionnaire.json,objects/book.3/,objects/book.3/,scenes/scene069/1/labels/sam2_meta/v1.tar:sam2/mask_to_object.json
scene069,phase1,2,teapot,65,137,teapot,teapot,objects_meta/teapot/questionnaire.json,objects/teapot/,objects/teapot/,scenes/scene069/1/labels/sam2_meta/v1.tar:sam2/mask_to_object.json
scene069,phase1,3,scissors.1,54,113.1,scissors,scissors,objects_meta/scissors.1/questionnaire.json,objects/scissors.1/,objects/scissors.1/,scenes/scene069/1/labels/sam2_meta/v1.tar:sam2/mask_to_object.json
scene069,phase1,4,power_drill,49,102,power_drill,power_drill,objects_meta/power_drill/questionnaire.json,objects/power_drill/,objects/power_drill/,scenes/scene069/1/labels/sam2_meta/v1.tar:sam2/mask_to_object.json
scene069,phase1,5,coffee_can.1,17,37.1,coffee_can,coffee_can,objects_meta/coffee_can.1/questionnaire.json,objects/coffee_can.1/,objects/coffee_can.1/,scenes/scene069/1/labels/sam2_meta/v1.tar:sam2/mask_to_object.json
scene069,phase1,6,bowl.1,12,20.1,bowl,bowl,objects_meta/bowl.1/questionnaire.json,objects/bowl.1/,objects/bowl.1/,scenes/scene069/1/labels/sam2_meta/v1.tar:sam2/mask_to_object.json
scene069,phase1,7,tape_measure,64,135,tape_measure,tape_measure,objects_meta/tape_measure/questionnaire.json,objects/tape_measure/,objects/tape_measure/,scenes/scene069/1/labels/sam2_meta/v1.tar:sam2/mask_to_object.json
scene069,phase2,1,book.3,10,17.3,book,book,objects_meta/book.3/questionnaire.json,objects/book.3/,objects/book.3/,scenes/scene069/2/labels/sam2_meta/v1.tar:sam2/mask_to_object.json
scene069,phase2,2,teapot,65,137,teapot,teapot,objects_meta/teapot/questionnaire.json,objects/teapot/,objects/teapot/,scenes/scene069/2/labels/sam2_meta/v1.tar:sam2/mask_to_object.json
scene069,phase2,3,scissors.1,54,113.1,scissors,scissors,objects_meta/scissors.1/questionnaire.json,objects/scissors.1/,objects/scissors.1/,scenes/scene069/2/labels/sam2_meta/v1.tar:sam2/mask_to_object.json
scene069,phase2,4,power_drill,49,102,power_drill,power_drill,objects_meta/power_drill/questionnaire.json,objects/power_drill/,objects/power_drill/,scenes/scene069/2/labels/sam2_meta/v1.tar:sam2/mask_to_object.json
scene069,phase2,5,coffee_can.1,17,37.1,coffee_can,coffee_can,objects_meta/coffee_can.1/questionnaire.json,objects/coffee_can.1/,objects/coffee_can.1/,scenes/scene069/2/labels/sam2_meta/v1.tar:sam2/mask_to_object.json
scene069,phase2,6,bowl.1,12,20.1,bowl,bowl,objects_meta/bowl.1/questionnaire.json,objects/bowl.1/,objects/bowl.1/,scenes/scene069/2/labels/sam2_meta/v1.tar:sam2/mask_to_object.json
scene069,phase2,7,tape_measure,64,135,tape_measure,tape_measure,objects_meta/tape_measure/questionnaire.json,objects/tape_measure/,objects/tape_measure/,scenes/scene069/2/labels/sam2_meta/v1.tar:sam2/mask_to_object.json
scene070,phase0,1,doll.1,20,43.1,doll,doll,objects_meta/doll.1/questionnaire.json,objects/doll.1/,objects/doll.1/,scenes/scene070/0/labels/sam2_meta/v1.tar:sam2/mask_to_object.json
scene070,phase0,2,baking_tray.1,4,7.1,baking_tray,baking_tray,objects_meta/baking_tray.1/questionnaire.json,objects/baking_tray.1/,objects/baking_tray.1/,scenes/scene070/0/labels/sam2_meta/v1.tar:sam2/mask_to_object.json
scene070,phase0,3,beanie.2,8,13.2,beanie,beanie,objects_meta/beanie.2/questionnaire.json,objects/beanie.2/,objects/beanie.2/,scenes/scene070/0/labels/sam2_meta/v1.tar:sam2/mask_to_object.json
scene070,phase0,4,towel.2,68,144.2,towel,towel,objects_meta/towel.2/questionnaire.json,objects/towel.2/,objects/towel.2/,scenes/scene070/0/labels/sam2_meta/v1.tar:sam2/mask_to_object.json
scene070,phase0,5,ladle,38,78,ladle,ladle,objects_meta/ladle/questionnaire.json,objects/ladle/,objects/ladle/,scenes/scene070/0/labels/sam2_meta/v1.tar:sam2/mask_to_object.json
scene070,phase0,6,t-handle.2,63,133.2,t-handle,t-handle,objects_meta/t-handle.2/questionnaire.json,objects/t-handle.2/,objects/t-handle.2/,scenes/scene070/0/labels/sam2_meta/v1.tar:sam2/mask_to_object.json
scene070,phase0,7,mouse.3,44,87.3,mouse,mouse,objects_meta/mouse.3/questionnaire.json,objects/mouse.3/,objects/mouse.3/,scenes/scene070/0/labels/sam2_meta/v1.tar:sam2/mask_to_object.json
scene070,phase1,1,doll.1,20,43.1,doll,doll,objects_meta/doll.1/questionnaire.json,objects/doll.1/,objects/doll.1/,scenes/scene070/1/labels/sam2_meta/v1.tar:sam2/mask_to_object.json
scene070,phase1,2,baking_tray.1,4,7.1,baking_tray,baking_tray,objects_meta/baking_tray.1/questionnaire.json,objects/baking_tray.1/,objects/baking_tray.1/,scenes/scene070/1/labels/sam2_meta/v1.tar:sam2/mask_to_object.json
scene070,phase1,3,beanie.2,8,13.2,beanie,beanie,objects_meta/beanie.2/questionnaire.json,objects/beanie.2/,objects/beanie.2/,scenes/scene070/1/labels/sam2_meta/v1.tar:sam2/mask_to_object.json
scene070,phase1,4,towel.2,68,144.2,towel,towel,objects_meta/towel.2/questionnaire.json,objects/towel.2/,objects/towel.2/,scenes/scene070/1/labels/sam2_meta/v1.tar:sam2/mask_to_object.json
scene070,phase1,5,ladle,38,78,ladle,ladle,objects_meta/ladle/questionnaire.json,objects/ladle/,objects/ladle/,scenes/scene070/1/labels/sam2_meta/v1.tar:sam2/mask_to_object.json
scene070,phase1,6,t-handle.2,63,133.2,t-handle,t-handle,objects_meta/t-handle.2/questionnaire.json,objects/t-handle.2/,objects/t-handle.2/,scenes/scene070/1/labels/sam2_meta/v1.tar:sam2/mask_to_object.json
scene070,phase1,7,mouse.3,44,87.3,mouse,mouse,objects_meta/mouse.3/questionnaire.json,objects/mouse.3/,objects/mouse.3/,scenes/scene070/1/labels/sam2_meta/v1.tar:sam2/mask_to_object.json
scene070,phase2,1,doll.1,20,43.1,doll,doll,objects_meta/doll.1/questionnaire.json,objects/doll.1/,objects/doll.1/,scenes/scene070/2/labels/sam2_meta/v1.tar:sam2/mask_to_object.json
scene070,phase2,2,baking_tray.1,4,7.1,baking_tray,baking_tray,objects_meta/baking_tray.1/questionnaire.json,objects/baking_tray.1/,objects/baking_tray.1/,scenes/scene070/2/labels/sam2_meta/v1.tar:sam2/mask_to_object.json
scene070,phase2,3,beanie.2,8,13.2,beanie,beanie,objects_meta/beanie.2/questionnaire.json,objects/beanie.2/,objects/beanie.2/,scenes/scene070/2/labels/sam2_meta/v1.tar:sam2/mask_to_object.json
scene070,phase2,4,towel.2,68,144.2,towel,towel,objects_meta/towel.2/questionnaire.json,objects/towel.2/,objects/towel.2/,scenes/scene070/2/labels/sam2_meta/v1.tar:sam2/mask_to_object.json
scene070,phase2,5,ladle,38,78,ladle,ladle,objects_meta/ladle/questionnaire.json,objects/ladle/,objects/ladle/,scenes/scene070/2/labels/sam2_meta/v1.tar:sam2/mask_to_object.json
scene070,phase2,6,t-handle.2,63,133.2,t-handle,t-handle,objects_meta/t-handle.2/questionnaire.json,objects/t-handle.2/,objects/t-handle.2/,scenes/scene070/2/labels/sam2_meta/v1.tar:sam2/mask_to_object.json
scene070,phase2,7,mouse.3,44,87.3,mouse,mouse,objects_meta/mouse.3/questionnaire.json,objects/mouse.3/,objects/mouse.3/,scenes/scene070/2/labels/sam2_meta/v1.tar:sam2/mask_to_object.json
scene071,phase0,1,baking_tray.1,4,7.1,baking_tray,baking_tray,objects_meta/baking_tray.1/questionnaire.json,objects/baking_tray.1/,objects/baking_tray.1/,scenes/scene071/0/labels/sam2_meta/v1.tar:sam2/mask_to_object.json
scene071,phase0,2,handy_pot,28,65,handy_pot,handy_pot,objects_meta/handy_pot/questionnaire.json,objects/handy_pot/,objects/handy_pot/,scenes/scene071/0/labels/sam2_meta/v1.tar:sam2/mask_to_object.json
scene071,phase0,3,beanie.2,8,13.2,beanie,beanie,objects_meta/beanie.2/questionnaire.json,objects/beanie.2/,objects/beanie.2/,scenes/scene071/0/labels/sam2_meta/v1.tar:sam2/mask_to_object.json
scene071,phase0,4,spray_bottle.2,62,127.2,spray_bottle,spray_bottle,objects_meta/spray_bottle.2/questionnaire.json,objects/spray_bottle.2/,objects/spray_bottle.2/,scenes/scene071/0/labels/sam2_meta/v1.tar:sam2/mask_to_object.json
scene071,phase0,5,knife.1,37,77.1,knife,knife,objects_meta/knife.1/questionnaire.json,objects/knife.1/,objects/knife.1/,scenes/scene071/0/labels/sam2_meta/v1.tar:sam2/mask_to_object.json
scene071,phase0,6,power_drill,49,102,power_drill,power_drill,objects_meta/power_drill/questionnaire.json,objects/power_drill/,objects/power_drill/,scenes/scene071/0/labels/sam2_meta/v1.tar:sam2/mask_to_object.json
scene071,phase0,7,mug.2,45,88.2,mug,mug,objects_meta/mug.2/questionnaire.json,objects/mug.2/,objects/mug.2/,scenes/scene071/0/labels/sam2_meta/v1.tar:sam2/mask_to_object.json
scene071,phase1,1,baking_tray.1,4,7.1,baking_tray,baking_tray,objects_meta/baking_tray.1/questionnaire.json,objects/baking_tray.1/,objects/baking_tray.1/,scenes/scene071/1/labels/sam2_meta/v1.tar:sam2/mask_to_object.json
scene071,phase1,2,handy_pot,28,65,handy_pot,handy_pot,objects_meta/handy_pot/questionnaire.json,objects/handy_pot/,objects/handy_pot/,scenes/scene071/1/labels/sam2_meta/v1.tar:sam2/mask_to_object.json
scene071,phase1,3,beanie.2,8,13.2,beanie,beanie,objects_meta/beanie.2/questionnaire.json,objects/beanie.2/,objects/beanie.2/,scenes/scene071/1/labels/sam2_meta/v1.tar:sam2/mask_to_object.json
scene071,phase1,4,spray_bottle.2,62,127.2,spray_bottle,spray_bottle,objects_meta/spray_bottle.2/questionnaire.json,objects/spray_bottle.2/,objects/spray_bottle.2/,scenes/scene071/1/labels/sam2_meta/v1.tar:sam2/mask_to_object.json
scene071,phase1,5,knife.1,37,77.1,knife,knife,objects_meta/knife.1/questionnaire.json,objects/knife.1/,objects/knife.1/,scenes/scene071/1/labels/sam2_meta/v1.tar:sam2/mask_to_object.json
scene071,phase1,6,power_drill,49,102,power_drill,power_drill,objects_meta/power_drill/questionnaire.json,objects/power_drill/,objects/power_drill/,scenes/scene071/1/labels/sam2_meta/v1.tar:sam2/mask_to_object.json
scene071,phase1,7,mug.2,45,88.2,mug,mug,objects_meta/mug.2/questionnaire.json,objects/mug.2/,objects/mug.2/,scenes/scene071/1/labels/sam2_meta/v1.tar:sam2/mask_to_object.json
scene071,phase2,1,baking_tray.1,4,7.1,baking_tray,baking_tray,objects_meta/baking_tray.1/questionnaire.json,objects/baking_tray.1/,objects/baking_tray.1/,scenes/scene071/2/labels/sam2_meta/v1.tar:sam2/mask_to_object.json
scene071,phase2,2,handy_pot,28,65,handy_pot,handy_pot,objects_meta/handy_pot/questionnaire.json,objects/handy_pot/,objects/handy_pot/,scenes/scene071/2/labels/sam2_meta/v1.tar:sam2/mask_to_object.json
scene071,phase2,3,beanie.2,8,13.2,beanie,beanie,objects_meta/beanie.2/questionnaire.json,objects/beanie.2/,objects/beanie.2/,scenes/scene071/2/labels/sam2_meta/v1.tar:sam2/mask_to_object.json
scene071,phase2,4,spray_bottle.2,62,127.2,spray_bottle,spray_bottle,objects_meta/spray_bottle.2/questionnaire.json,objects/spray_bottle.2/,objects/spray_bottle.2/,scenes/scene071/2/labels/sam2_meta/v1.tar:sam2/mask_to_object.json
scene071,phase2,5,knife.1,37,77.1,knife,knife,objects_meta/knife.1/questionnaire.json,objects/knife.1/,objects/knife.1/,scenes/scene071/2/labels/sam2_meta/v1.tar:sam2/mask_to_object.json
scene071,phase2,6,power_drill,49,102,power_drill,power_drill,objects_meta/power_drill/questionnaire.json,objects/power_drill/,objects/power_drill/,scenes/scene071/2/labels/sam2_meta/v1.tar:sam2/mask_to_object.json
scene071,phase2,7,mug.2,45,88.2,mug,mug,objects_meta/mug.2/questionnaire.json,objects/mug.2/,objects/mug.2/,scenes/scene071/2/labels/sam2_meta/v1.tar:sam2/mask_to_object.json
scene072,phase0,1,tong,66,141,tong,tong,objects_meta/tong/questionnaire.json,objects/tong/,objects/tong/,scenes/scene072/0/labels/sam2_meta/v1.tar:sam2/mask_to_object.json
scene072,phase0,2,doll.1,20,43.1,doll,doll,objects_meta/doll.1/questionnaire.json,objects/doll.1/,objects/doll.1/,scenes/scene072/0/labels/sam2_meta/v1.tar:sam2/mask_to_object.json
scene072,phase0,3,helmet,31,68,helmet,helmet,objects_meta/helmet/questionnaire.json,objects/helmet/,objects/helmet/,scenes/scene072/0/labels/sam2_meta/v1.tar:sam2/mask_to_object.json
scene072,phase0,4,water_bottle.2,70,148.2,water_bottle,water_bottle,objects_meta/water_bottle.2/questionnaire.json,objects/water_bottle.2/,objects/water_bottle.2/,scenes/scene072/0/labels/sam2_meta/v1.tar:sam2/mask_to_object.json
scene072,phase0,5,banana,5,9,banana,banana,objects_meta/banana/questionnaire.json,objects/banana/,objects/banana/,scenes/scene072/0/labels/sam2_meta/v1.tar:sam2/mask_to_object.json
scene072,phase0,6,bear.1,9,14.1,bear,bear,objects_meta/bear.1/questionnaire.json,objects/bear.1/,objects/bear.1/,scenes/scene072/0/labels/sam2_meta/v1.tar:sam2/mask_to_object.json
scene072,phase0,7,pringles_can.2,50,103.2,pringles_can,pringles_can,objects_meta/pringles_can.2/questionnaire.json,objects/pringles_can.2/,objects/pringles_can.2/,scenes/scene072/0/labels/sam2_meta/v1.tar:sam2/mask_to_object.json
scene072,phase1,1,tong,66,141,tong,tong,objects_meta/tong/questionnaire.json,objects/tong/,objects/tong/,scenes/scene072/1/labels/sam2_meta/v1.tar:sam2/mask_to_object.json
scene072,phase1,2,doll.1,20,43.1,doll,doll,objects_meta/doll.1/questionnaire.json,objects/doll.1/,objects/doll.1/,scenes/scene072/1/labels/sam2_meta/v1.tar:sam2/mask_to_object.json
scene072,phase1,3,helmet,31,68,helmet,helmet,objects_meta/helmet/questionnaire.json,objects/helmet/,objects/helmet/,scenes/scene072/1/labels/sam2_meta/v1.tar:sam2/mask_to_object.json
scene072,phase1,4,water_bottle.2,70,148.2,water_bottle,water_bottle,objects_meta/water_bottle.2/questionnaire.json,objects/water_bottle.2/,objects/water_bottle.2/,scenes/scene072/1/labels/sam2_meta/v1.tar:sam2/mask_to_object.json
scene072,phase1,5,banana,5,9,banana,banana,objects_meta/banana/questionnaire.json,objects/banana/,objects/banana/,scenes/scene072/1/labels/sam2_meta/v1.tar:sam2/mask_to_object.json
scene072,phase1,6,bear.1,9,14.1,bear,bear,objects_meta/bear.1/questionnaire.json,objects/bear.1/,objects/bear.1/,scenes/scene072/1/labels/sam2_meta/v1.tar:sam2/mask_to_object.json
scene072,phase1,7,pringles_can.2,50,103.2,pringles_can,pringles_can,objects_meta/pringles_can.2/questionnaire.json,objects/pringles_can.2/,objects/pringles_can.2/,scenes/scene072/1/labels/sam2_meta/v1.tar:sam2/mask_to_object.json
scene072,phase2,1,tong,66,141,tong,tong,objects_meta/tong/questionnaire.json,objects/tong/,objects/tong/,scenes/scene072/2/labels/sam2_meta/v1.tar:sam2/mask_to_object.json
scene072,phase2,2,doll.1,20,43.1,doll,doll,objects_meta/doll.1/questionnaire.json,objects/doll.1/,objects/doll.1/,scenes/scene072/2/labels/sam2_meta/v1.tar:sam2/mask_to_object.json
scene072,phase2,3,helmet,31,68,helmet,helmet,objects_meta/helmet/questionnaire.json,objects/helmet/,objects/helmet/,scenes/scene072/2/labels/sam2_meta/v1.tar:sam2/mask_to_object.json
scene072,phase2,4,water_bottle.2,70,148.2,water_bottle,water_bottle,objects_meta/water_bottle.2/questionnaire.json,objects/water_bottle.2/,objects/water_bottle.2/,scenes/scene072/2/labels/sam2_meta/v1.tar:sam2/mask_to_object.json
scene072,phase2,5,banana,5,9,banana,banana,objects_meta/banana/questionnaire.json,objects/banana/,objects/banana/,scenes/scene072/2/labels/sam2_meta/v1.tar:sam2/mask_to_object.json
scene072,phase2,6,bear.1,9,14.1,bear,bear,objects_meta/bear.1/questionnaire.json,objects/bear.1/,objects/bear.1/,scenes/scene072/2/labels/sam2_meta/v1.tar:sam2/mask_to_object.json
scene072,phase2,7,pringles_can.2,50,103.2,pringles_can,pringles_can,objects_meta/pringles_can.2/questionnaire.json,objects/pringles_can.2/,objects/pringles_can.2/,scenes/scene072/2/labels/sam2_meta/v1.tar:sam2/mask_to_object.json
scene073,phase0,1,kettle,36,74,kettle,kettle,objects_meta/kettle/questionnaire.json,objects/kettle/,objects/kettle/,scenes/scene073/0/labels/sam2_meta/v1.tar:sam2/mask_to_object.json
scene073,phase0,2,cable,13,23,cable,cable,objects_meta/cable/questionnaire.json,objects/cable/,objects/cable/,scenes/scene073/0/labels/sam2_meta/v1.tar:sam2/mask_to_object.json
scene073,phase0,3,remote_controller,52,107,remote_controller,remote_controller,objects_meta/remote_controller/questionnaire.json,objects/remote_controller/,objects/remote_controller/,scenes/scene073/0/labels/sam2_meta/v1.tar:sam2/mask_to_object.json
scene073,phase0,4,coffee_bottle,16,36,coffee_bottle,coffee_bottle,objects_meta/coffee_bottle/questionnaire.json,objects/coffee_bottle/,objects/coffee_bottle/,scenes/scene073/0/labels/sam2_meta/v1.tar:sam2/mask_to_object.json
scene073,phase0,5,jello_box.1,34,72.1,jello_box,jello_box,objects_meta/jello_box.1/questionnaire.json,objects/jello_box.1/,objects/jello_box.1/,scenes/scene073/0/labels/sam2_meta/v1.tar:sam2/mask_to_object.json
scene073,phase0,6,teapot,65,137,teapot,teapot,objects_meta/teapot/questionnaire.json,objects/teapot/,objects/teapot/,scenes/scene073/0/labels/sam2_meta/v1.tar:sam2/mask_to_object.json
scene073,phase0,7,marker.5,40,83.5,marker,marker,objects_meta/marker.5/questionnaire.json,objects/marker.5/,objects/marker.5/,scenes/scene073/0/labels/sam2_meta/v1.tar:sam2/mask_to_object.json
scene073,phase1,1,kettle,36,74,kettle,kettle,objects_meta/kettle/questionnaire.json,objects/kettle/,objects/kettle/,scenes/scene073/1/labels/sam2_meta/v1.tar:sam2/mask_to_object.json
scene073,phase1,2,cable,13,23,cable,cable,objects_meta/cable/questionnaire.json,objects/cable/,objects/cable/,scenes/scene073/1/labels/sam2_meta/v1.tar:sam2/mask_to_object.json
scene073,phase1,3,remote_controller,52,107,remote_controller,remote_controller,objects_meta/remote_controller/questionnaire.json,objects/remote_controller/,objects/remote_controller/,scenes/scene073/1/labels/sam2_meta/v1.tar:sam2/mask_to_object.json
scene073,phase1,4,coffee_bottle,16,36,coffee_bottle,coffee_bottle,objects_meta/coffee_bottle/questionnaire.json,objects/coffee_bottle/,objects/coffee_bottle/,scenes/scene073/1/labels/sam2_meta/v1.tar:sam2/mask_to_object.json
scene073,phase1,5,jello_box.1,34,72.1,jello_box,jello_box,objects_meta/jello_box.1/questionnaire.json,objects/jello_box.1/,objects/jello_box.1/,scenes/scene073/1/labels/sam2_meta/v1.tar:sam2/mask_to_object.json
scene073,phase1,6,teapot,65,137,teapot,teapot,objects_meta/teapot/questionnaire.json,objects/teapot/,objects/teapot/,scenes/scene073/1/labels/sam2_meta/v1.tar:sam2/mask_to_object.json
scene073,phase1,7,marker.5,40,83.5,marker,marker,objects_meta/marker.5/questionnaire.json,objects/marker.5/,objects/marker.5/,scenes/scene073/1/labels/sam2_meta/v1.tar:sam2/mask_to_object.json
scene073,phase2,1,kettle,36,74,kettle,kettle,objects_meta/kettle/questionnaire.json,objects/kettle/,objects/kettle/,scenes/scene073/2/labels/sam2_meta/v1.tar:sam2/mask_to_object.json
scene073,phase2,2,cable,13,23,cable,cable,objects_meta/cable/questionnaire.json,objects/cable/,objects/cable/,scenes/scene073/2/labels/sam2_meta/v1.tar:sam2/mask_to_object.json
scene073,phase2,3,remote_controller,52,107,remote_controller,remote_controller,objects_meta/remote_controller/questionnaire.json,objects/remote_controller/,objects/remote_controller/,scenes/scene073/2/labels/sam2_meta/v1.tar:sam2/mask_to_object.json
scene073,phase2,4,coffee_bottle,16,36,coffee_bottle,coffee_bottle,objects_meta/coffee_bottle/questionnaire.json,objects/coffee_bottle/,objects/coffee_bottle/,scenes/scene073/2/labels/sam2_meta/v1.tar:sam2/mask_to_object.json
scene073,phase2,5,jello_box.1,34,72.1,jello_box,jello_box,objects_meta/jello_box.1/questionnaire.json,objects/jello_box.1/,objects/jello_box.1/,scenes/scene073/2/labels/sam2_meta/v1.tar:sam2/mask_to_object.json
scene073,phase2,6,teapot,65,137,teapot,teapot,objects_meta/teapot/questionnaire.json,objects/teapot/,objects/teapot/,scenes/scene073/2/labels/sam2_meta/v1.tar:sam2/mask_to_object.json
scene073,phase2,7,marker.5,40,83.5,marker,marker,objects_meta/marker.5/questionnaire.json,objects/marker.5/,objects/marker.5/,scenes/scene073/2/labels/sam2_meta/v1.tar:sam2/mask_to_object.json
scene074,phase0,1,cup.1,19,40.1,cup,cup,objects_meta/cup.1/questionnaire.json,objects/cup.1/,objects/cup.1/,scenes/scene074/0/labels/sam2_meta/v1.tar:sam2/mask_to_object.json
scene074,phase0,2,scissors.1,54,113.1,scissors,scissors,objects_meta/scissors.1/questionnaire.json,objects/scissors.1/,objects/scissors.1/,scenes/scene074/0/labels/sam2_meta/v1.tar:sam2/mask_to_object.json
scene074,phase0,3,fry_pan.1,21,49.1,fry_pan,fry_pan,objects_meta/fry_pan.1/questionnaire.json,objects/fry_pan.1/,objects/fry_pan.1/,scenes/scene074/0/labels/sam2_meta/v1.tar:sam2/mask_to_object.json
scene074,phase0,4,soft_scrub_cleanser_bottle,58,121,soft_scrub_cleanser_bottle,soft_scrub_cleanser_bottle,objects_meta/soft_scrub_cleanser_bottle/questionnaire.json,objects/soft_scrub_cleanser_bottle/,objects/soft_scrub_cleanser_bottle/,scenes/scene074/0/labels/sam2_meta/v1.tar:sam2/mask_to_object.json
scene074,phase0,5,root_beer_bottle,53,109,root_beer_bottle,root_beer_bottle,objects_meta/root_beer_bottle/questionnaire.json,objects/root_beer_bottle/,objects/root_beer_bottle/,scenes/scene074/0/labels/sam2_meta/v1.tar:sam2/mask_to_object.json
scene074,phase0,6,basting_brush.1,7,11.1,basting_brush,basting_brush,objects_meta/basting_brush.1/questionnaire.json,objects/basting_brush.1/,objects/basting_brush.1/,scenes/scene074/0/labels/sam2_meta/v1.tar:sam2/mask_to_object.json
scene074,phase0,7,toothpaste,67,142,toothpaste,toothpaste,objects_meta/toothpaste/questionnaire.json,objects/toothpaste/,objects/toothpaste/,scenes/scene074/0/labels/sam2_meta/v1.tar:sam2/mask_to_object.json
scene074,phase1,1,cup.1,19,40.1,cup,cup,objects_meta/cup.1/questionnaire.json,objects/cup.1/,objects/cup.1/,scenes/scene074/1/labels/sam2_meta/v1.tar:sam2/mask_to_object.json
scene074,phase1,2,scissors.1,54,113.1,scissors,scissors,objects_meta/scissors.1/questionnaire.json,objects/scissors.1/,objects/scissors.1/,scenes/scene074/1/labels/sam2_meta/v1.tar:sam2/mask_to_object.json
scene074,phase1,3,fry_pan.1,21,49.1,fry_pan,fry_pan,objects_meta/fry_pan.1/questionnaire.json,objects/fry_pan.1/,objects/fry_pan.1/,scenes/scene074/1/labels/sam2_meta/v1.tar:sam2/mask_to_object.json
scene074,phase1,4,soft_scrub_cleanser_bottle,58,121,soft_scrub_cleanser_bottle,soft_scrub_cleanser_bottle,objects_meta/soft_scrub_cleanser_bottle/questionnaire.json,objects/soft_scrub_cleanser_bottle/,objects/soft_scrub_cleanser_bottle/,scenes/scene074/1/labels/sam2_meta/v1.tar:sam2/mask_to_object.json
scene074,phase1,5,root_beer_bottle,53,109,root_beer_bottle,root_beer_bottle,objects_meta/root_beer_bottle/questionnaire.json,objects/root_beer_bottle/,objects/root_beer_bottle/,scenes/scene074/1/labels/sam2_meta/v1.tar:sam2/mask_to_object.json
scene074,phase1,6,basting_brush.1,7,11.1,basting_brush,basting_brush,objects_meta/basting_brush.1/questionnaire.json,objects/basting_brush.1/,objects/basting_brush.1/,scenes/scene074/1/labels/sam2_meta/v1.tar:sam2/mask_to_object.json
scene074,phase1,7,toothpaste,67,142,toothpaste,toothpaste,objects_meta/toothpaste/questionnaire.json,objects/toothpaste/,objects/toothpaste/,scenes/scene074/1/labels/sam2_meta/v1.tar:sam2/mask_to_object.json
scene074,phase2,1,cup.1,19,40.1,cup,cup,objects_meta/cup.1/questionnaire.json,objects/cup.1/,objects/cup.1/,scenes/scene074/2/labels/sam2_meta/v1.tar:sam2/mask_to_object.json
scene074,phase2,2,scissors.1,54,113.1,scissors,scissors,objects_meta/scissors.1/questionnaire.json,objects/scissors.1/,objects/scissors.1/,scenes/scene074/2/labels/sam2_meta/v1.tar:sam2/mask_to_object.json
scene074,phase2,3,fry_pan.1,21,49.1,fry_pan,fry_pan,objects_meta/fry_pan.1/questionnaire.json,objects/fry_pan.1/,objects/fry_pan.1/,scenes/scene074/2/labels/sam2_meta/v1.tar:sam2/mask_to_object.json
scene074,phase2,4,soft_scrub_cleanser_bottle,58,121,soft_scrub_cleanser_bottle,soft_scrub_cleanser_bottle,objects_meta/soft_scrub_cleanser_bottle/questionnaire.json,objects/soft_scrub_cleanser_bottle/,objects/soft_scrub_cleanser_bottle/,scenes/scene074/2/labels/sam2_meta/v1.tar:sam2/mask_to_object.json
scene074,phase2,5,root_beer_bottle,53,109,root_beer_bottle,root_beer_bottle,objects_meta/root_beer_bottle/questionnaire.json,objects/root_beer_bottle/,objects/root_beer_bottle/,scenes/scene074/2/labels/sam2_meta/v1.tar:sam2/mask_to_object.json
scene074,phase2,6,basting_brush.1,7,11.1,basting_brush,basting_brush,objects_meta/basting_brush.1/questionnaire.json,objects/basting_brush.1/,objects/basting_brush.1/,scenes/scene074/2/labels/sam2_meta/v1.tar:sam2/mask_to_object.json
scene074,phase2,7,toothpaste,67,142,toothpaste,toothpaste,objects_meta/toothpaste/questionnaire.json,objects/toothpaste/,objects/toothpaste/,scenes/scene074/2/labels/sam2_meta/v1.tar:sam2/mask_to_object.json
scene075,phase0,1,pump_bottle.2,51,105.2,pump_bottle,pump_bottle,objects_meta/pump_bottle.2/questionnaire.json,objects/pump_bottle.2/,objects/pump_bottle.2/,scenes/scene075/0/labels/sam2_meta/v1.tar:sam2/mask_to_object.json
scene075,phase0,2,peeler.2,48,96.2,peeler,peeler,objects_meta/peeler.2/questionnaire.json,objects/peeler.2/,objects/peeler.2/,scenes/scene075/0/labels/sam2_meta/v1.tar:sam2/mask_to_object.json
scene075,phase0,3,glove.2,24,57.2,glove,glove,objects_meta/glove.2/questionnaire.json,objects/glove.2/,objects/glove.2/,scenes/scene075/0/labels/sam2_meta/v1.tar:sam2/mask_to_object.json
scene075,phase0,4,shampoo_bottle,55,114,shampoo_bottle,shampoo_bottle,objects_meta/shampoo_bottle/questionnaire.json,objects/shampoo_bottle/,objects/shampoo_bottle/,scenes/scene075/0/labels/sam2_meta/v1.tar:sam2/mask_to_object.json
scene075,phase0,5,soda_can.3,57,120.3,soda_can,soda_can,objects_meta/soda_can.3/questionnaire.json,objects/soda_can.3/,objects/soda_can.3/,scenes/scene075/0/labels/sam2_meta/v1.tar:sam2/mask_to_object.json
scene075,phase0,6,tape_measure,64,135,tape_measure,tape_measure,objects_meta/tape_measure/questionnaire.json,objects/tape_measure/,objects/tape_measure/,scenes/scene075/0/labels/sam2_meta/v1.tar:sam2/mask_to_object.json
scene075,phase0,7,baseball_ball,6,10,baseball_ball,baseball_ball,objects_meta/baseball_ball/questionnaire.json,objects/baseball_ball/,objects/baseball_ball/,scenes/scene075/0/labels/sam2_meta/v1.tar:sam2/mask_to_object.json
scene075,phase1,1,pump_bottle.2,51,105.2,pump_bottle,pump_bottle,objects_meta/pump_bottle.2/questionnaire.json,objects/pump_bottle.2/,objects/pump_bottle.2/,scenes/scene075/1/labels/sam2_meta/v1.tar:sam2/mask_to_object.json
scene075,phase1,2,peeler.2,48,96.2,peeler,peeler,objects_meta/peeler.2/questionnaire.json,objects/peeler.2/,objects/peeler.2/,scenes/scene075/1/labels/sam2_meta/v1.tar:sam2/mask_to_object.json
scene075,phase1,3,glove.2,24,57.2,glove,glove,objects_meta/glove.2/questionnaire.json,objects/glove.2/,objects/glove.2/,scenes/scene075/1/labels/sam2_meta/v1.tar:sam2/mask_to_object.json
scene075,phase1,4,shampoo_bottle,55,114,shampoo_bottle,shampoo_bottle,objects_meta/shampoo_bottle/questionnaire.json,objects/shampoo_bottle/,objects/shampoo_bottle/,scenes/scene075/1/labels/sam2_meta/v1.tar:sam2/mask_to_object.json
scene075,phase1,5,soda_can.3,57,120.3,soda_can,soda_can,objects_meta/soda_can.3/questionnaire.json,objects/soda_can.3/,objects/soda_can.3/,scenes/scene075/1/labels/sam2_meta/v1.tar:sam2/mask_to_object.json
scene075,phase1,6,tape_measure,64,135,tape_measure,tape_measure,objects_meta/tape_measure/questionnaire.json,objects/tape_measure/,objects/tape_measure/,scenes/scene075/1/labels/sam2_meta/v1.tar:sam2/mask_to_object.json
scene075,phase1,7,baseball_ball,6,10,baseball_ball,baseball_ball,objects_meta/baseball_ball/questionnaire.json,objects/baseball_ball/,objects/baseball_ball/,scenes/scene075/1/labels/sam2_meta/v1.tar:sam2/mask_to_object.json
scene075,phase2,1,pump_bottle.2,51,105.2,pump_bottle,pump_bottle,objects_meta/pump_bottle.2/questionnaire.json,objects/pump_bottle.2/,objects/pump_bottle.2/,scenes/scene075/2/labels/sam2_meta/v1.tar:sam2/mask_to_object.json
scene075,phase2,2,peeler.2,48,96.2,peeler,peeler,objects_meta/peeler.2/questionnaire.json,objects/peeler.2/,objects/peeler.2/,scenes/scene075/2/labels/sam2_meta/v1.tar:sam2/mask_to_object.json
scene075,phase2,3,glove.2,24,57.2,glove,glove,objects_meta/glove.2/questionnaire.json,objects/glove.2/,objects/glove.2/,scenes/scene075/2/labels/sam2_meta/v1.tar:sam2/mask_to_object.json
scene075,phase2,4,shampoo_bottle,55,114,shampoo_bottle,shampoo_bottle,objects_meta/shampoo_bottle/questionnaire.json,objects/shampoo_bottle/,objects/shampoo_bottle/,scenes/scene075/2/labels/sam2_meta/v1.tar:sam2/mask_to_object.json
scene075,phase2,5,soda_can.3,57,120.3,soda_can,soda_can,objects_meta/soda_can.3/questionnaire.json,objects/soda_can.3/,objects/soda_can.3/,scenes/scene075/2/labels/sam2_meta/v1.tar:sam2/mask_to_object.json
scene075,phase2,6,tape_measure,64,135,tape_measure,tape_measure,objects_meta/tape_measure/questionnaire.json,objects/tape_measure/,objects/tape_measure/,scenes/scene075/2/labels/sam2_meta/v1.tar:sam2/mask_to_object.json
scene075,phase2,7,baseball_ball,6,10,baseball_ball,baseball_ball,objects_meta/baseball_ball/questionnaire.json,objects/baseball_ball/,objects/baseball_ball/,scenes/scene075/2/labels/sam2_meta/v1.tar:sam2/mask_to_object.json
scene076,phase0,1,juice_pouch.2,35,73.2,juice_pouch,juice_pouch,objects_meta/juice_pouch.2/questionnaire.json,objects/juice_pouch.2/,objects/juice_pouch.2/,scenes/scene076/0/labels/sam2_meta/v1.tar:sam2/mask_to_object.json
scene076,phase0,2,boot.2,11,18.2,boot,boot,objects_meta/boot.2/questionnaire.json,objects/boot.2/,objects/boot.2/,scenes/scene076/0/labels/sam2_meta/v1.tar:sam2/mask_to_object.json
scene076,phase0,3,milk_box.1,42,85.1,milk_box,milk_box,objects_meta/milk_box.1/questionnaire.json,objects/milk_box.1/,objects/milk_box.1/,scenes/scene076/0/labels/sam2_meta/v1.tar:sam2/mask_to_object.json
scene076,phase0,4,t-handle.2,63,133.2,t-handle,t-handle,objects_meta/t-handle.2/questionnaire.json,objects/t-handle.2/,objects/t-handle.2/,scenes/scene076/0/labels/sam2_meta/v1.tar:sam2/mask_to_object.json
scene076,phase0,5,spatula.2,60,124.2,spatula,spatula,objects_meta/spatula.2/questionnaire.json,objects/spatula.2/,objects/spatula.2/,scenes/scene076/0/labels/sam2_meta/v1.tar:sam2/mask_to_object.json
scene076,phase0,6,candy_bar.1,14,25.1,candy_bar,candy_bar,objects_meta/candy_bar.1/questionnaire.json,objects/candy_bar.1/,objects/candy_bar.1/,scenes/scene076/0/labels/sam2_meta/v1.tar:sam2/mask_to_object.json
scene076,phase0,7,meat_can,41,84,meat_can,meat_can,objects_meta/meat_can/questionnaire.json,objects/meat_can/,objects/meat_can/,scenes/scene076/0/labels/sam2_meta/v1.tar:sam2/mask_to_object.json
scene076,phase1,1,juice_pouch.2,35,73.2,juice_pouch,juice_pouch,objects_meta/juice_pouch.2/questionnaire.json,objects/juice_pouch.2/,objects/juice_pouch.2/,scenes/scene076/1/labels/sam2_meta/v1.tar:sam2/mask_to_object.json
scene076,phase1,2,boot.2,11,18.2,boot,boot,objects_meta/boot.2/questionnaire.json,objects/boot.2/,objects/boot.2/,scenes/scene076/1/labels/sam2_meta/v1.tar:sam2/mask_to_object.json
scene076,phase1,3,milk_box.1,42,85.1,milk_box,milk_box,objects_meta/milk_box.1/questionnaire.json,objects/milk_box.1/,objects/milk_box.1/,scenes/scene076/1/labels/sam2_meta/v1.tar:sam2/mask_to_object.json
scene076,phase1,4,t-handle.2,63,133.2,t-handle,t-handle,objects_meta/t-handle.2/questionnaire.json,objects/t-handle.2/,objects/t-handle.2/,scenes/scene076/1/labels/sam2_meta/v1.tar:sam2/mask_to_object.json
scene076,phase1,5,spatula.2,60,124.2,spatula,spatula,objects_meta/spatula.2/questionnaire.json,objects/spatula.2/,objects/spatula.2/,scenes/scene076/1/labels/sam2_meta/v1.tar:sam2/mask_to_object.json
scene076,phase1,6,candy_bar.1,14,25.1,candy_bar,candy_bar,objects_meta/candy_bar.1/questionnaire.json,objects/candy_bar.1/,objects/candy_bar.1/,scenes/scene076/1/labels/sam2_meta/v1.tar:sam2/mask_to_object.json
scene076,phase1,7,meat_can,41,84,meat_can,meat_can,objects_meta/meat_can/questionnaire.json,objects/meat_can/,objects/meat_can/,scenes/scene076/1/labels/sam2_meta/v1.tar:sam2/mask_to_object.json
scene076,phase2,1,juice_pouch.2,35,73.2,juice_pouch,juice_pouch,objects_meta/juice_pouch.2/questionnaire.json,objects/juice_pouch.2/,objects/juice_pouch.2/,scenes/scene076/2/labels/sam2_meta/v1.tar:sam2/mask_to_object.json
scene076,phase2,2,boot.2,11,18.2,boot,boot,objects_meta/boot.2/questionnaire.json,objects/boot.2/,objects/boot.2/,scenes/scene076/2/labels/sam2_meta/v1.tar:sam2/mask_to_object.json
scene076,phase2,3,milk_box.1,42,85.1,milk_box,milk_box,objects_meta/milk_box.1/questionnaire.json,objects/milk_box.1/,objects/milk_box.1/,scenes/scene076/2/labels/sam2_meta/v1.tar:sam2/mask_to_object.json
scene076,phase2,4,t-handle.2,63,133.2,t-handle,t-handle,objects_meta/t-handle.2/questionnaire.json,objects/t-handle.2/,objects/t-handle.2/,scenes/scene076/2/labels/sam2_meta/v1.tar:sam2/mask_to_object.json
scene076,phase2,5,spatula.2,60,124.2,spatula,spatula,objects_meta/spatula.2/questionnaire.json,objects/spatula.2/,objects/spatula.2/,scenes/scene076/2/labels/sam2_meta/v1.tar:sam2/mask_to_object.json
scene076,phase2,6,candy_bar.1,14,25.1,candy_bar,candy_bar,objects_meta/candy_bar.1/questionnaire.json,objects/candy_bar.1/,objects/candy_bar.1/,scenes/scene076/2/labels/sam2_meta/v1.tar:sam2/mask_to_object.json
scene076,phase2,7,meat_can,41,84,meat_can,meat_can,objects_meta/meat_can/questionnaire.json,objects/meat_can/,objects/meat_can/,scenes/scene076/2/labels/sam2_meta/v1.tar:sam2/mask_to_object.json
scene077,phase0,1,food_bag,22,50,food_bag,food_bag,objects_meta/food_bag/questionnaire.json,objects/food_bag/,objects/food_bag/,scenes/scene077/0/labels/sam2_meta/v1.tar:sam2/mask_to_object.json
scene077,phase0,2,cleaning_brush,15,34,cleaning_brush,cleaning_brush,objects_meta/cleaning_brush/questionnaire.json,objects/cleaning_brush/,objects/cleaning_brush/,scenes/scene077/0/labels/sam2_meta/v1.tar:sam2/mask_to_object.json
scene077,phase0,3,headphone,30,67,headphone,headphone,objects_meta/headphone/questionnaire.json,objects/headphone/,objects/headphone/,scenes/scene077/0/labels/sam2_meta/v1.tar:sam2/mask_to_object.json
scene077,phase0,4,ladle,38,78,ladle,ladle,objects_meta/ladle/questionnaire.json,objects/ladle/,objects/ladle/,scenes/scene077/0/labels/sam2_meta/v1.tar:sam2/mask_to_object.json
scene077,phase0,5,game_controller,23,55,game_controller,game_controller,objects_meta/game_controller/questionnaire.json,objects/game_controller/,objects/game_controller/,scenes/scene077/0/labels/sam2_meta/v1.tar:sam2/mask_to_object.json
scene077,phase0,6,coffee_can.1,17,37.1,coffee_can,coffee_can,objects_meta/coffee_can.1/questionnaire.json,objects/coffee_can.1/,objects/coffee_can.1/,scenes/scene077/0/labels/sam2_meta/v1.tar:sam2/mask_to_object.json
scene077,phase0,7,apple,3,5,apple,apple,objects_meta/apple/questionnaire.json,objects/apple/,objects/apple/,scenes/scene077/0/labels/sam2_meta/v1.tar:sam2/mask_to_object.json
scene077,phase1,1,food_bag,22,50,food_bag,food_bag,objects_meta/food_bag/questionnaire.json,objects/food_bag/,objects/food_bag/,scenes/scene077/1/labels/sam2_meta/v1.tar:sam2/mask_to_object.json
scene077,phase1,2,cleaning_brush,15,34,cleaning_brush,cleaning_brush,objects_meta/cleaning_brush/questionnaire.json,objects/cleaning_brush/,objects/cleaning_brush/,scenes/scene077/1/labels/sam2_meta/v1.tar:sam2/mask_to_object.json
scene077,phase1,3,headphone,30,67,headphone,headphone,objects_meta/headphone/questionnaire.json,objects/headphone/,objects/headphone/,scenes/scene077/1/labels/sam2_meta/v1.tar:sam2/mask_to_object.json
scene077,phase1,4,ladle,38,78,ladle,ladle,objects_meta/ladle/questionnaire.json,objects/ladle/,objects/ladle/,scenes/scene077/1/labels/sam2_meta/v1.tar:sam2/mask_to_object.json
scene077,phase1,5,game_controller,23,55,game_controller,game_controller,objects_meta/game_controller/questionnaire.json,objects/game_controller/,objects/game_controller/,scenes/scene077/1/labels/sam2_meta/v1.tar:sam2/mask_to_object.json
scene077,phase1,6,coffee_can.1,17,37.1,coffee_can,coffee_can,objects_meta/coffee_can.1/questionnaire.json,objects/coffee_can.1/,objects/coffee_can.1/,scenes/scene077/1/labels/sam2_meta/v1.tar:sam2/mask_to_object.json
scene077,phase1,7,apple,3,5,apple,apple,objects_meta/apple/questionnaire.json,objects/apple/,objects/apple/,scenes/scene077/1/labels/sam2_meta/v1.tar:sam2/mask_to_object.json
scene077,phase2,1,food_bag,22,50,food_bag,food_bag,objects_meta/food_bag/questionnaire.json,objects/food_bag/,objects/food_bag/,scenes/scene077/2/labels/sam2_meta/v1.tar:sam2/mask_to_object.json
scene077,phase2,2,cleaning_brush,15,34,cleaning_brush,cleaning_brush,objects_meta/cleaning_brush/questionnaire.json,objects/cleaning_brush/,objects/cleaning_brush/,scenes/scene077/2/labels/sam2_meta/v1.tar:sam2/mask_to_object.json
scene077,phase2,3,headphone,30,67,headphone,headphone,objects_meta/headphone/questionnaire.json,objects/headphone/,objects/headphone/,scenes/scene077/2/labels/sam2_meta/v1.tar:sam2/mask_to_object.json
scene077,phase2,4,ladle,38,78,ladle,ladle,objects_meta/ladle/questionnaire.json,objects/ladle/,objects/ladle/,scenes/scene077/2/labels/sam2_meta/v1.tar:sam2/mask_to_object.json
scene077,phase2,5,game_controller,23,55,game_controller,game_controller,objects_meta/game_controller/questionnaire.json,objects/game_controller/,objects/game_controller/,scenes/scene077/2/labels/sam2_meta/v1.tar:sam2/mask_to_object.json
scene077,phase2,6,coffee_can.1,17,37.1,coffee_can,coffee_can,objects_meta/coffee_can.1/questionnaire.json,objects/coffee_can.1/,objects/coffee_can.1/,scenes/scene077/2/labels/sam2_meta/v1.tar:sam2/mask_to_object.json
scene077,phase2,7,apple,3,5,apple,apple,objects_meta/apple/questionnaire.json,objects/apple/,objects/apple/,scenes/scene077/2/labels/sam2_meta/v1.tar:sam2/mask_to_object.json
scene078,phase0,1,cracker_box,18,38,cracker_box,cracker_box,objects_meta/cracker_box/questionnaire.json,objects/cracker_box/,objects/cracker_box/,scenes/scene078/0/labels/sam2_meta/v1.tar:sam2/mask_to_object.json
scene078,phase0,2,umbrella,69,147,umbrella,umbrella,objects_meta/umbrella/questionnaire.json,objects/umbrella/,objects/umbrella/,scenes/scene078/0/labels/sam2_meta/v1.tar:sam2/mask_to_object.json
scene078,phase0,3,milk_jug,43,86,milk_jug,milk_jug,objects_meta/milk_jug/questionnaire.json,objects/milk_jug/,objects/milk_jug/,scenes/scene078/0/labels/sam2_meta/v1.tar:sam2/mask_to_object.json
scene078,phase0,4,instant_noodle_packet,32,70,instant_noodle_packet,instant_noodle_packet,objects_meta/instant_noodle_packet/questionnaire.json,objects/instant_noodle_packet/,objects/instant_noodle_packet/,scenes/scene078/0/labels/sam2_meta/v1.tar:sam2/mask_to_object.json
scene078,phase0,5,hairbrush,26,62,hair_brush,hair_brush,objects_meta/hairbrush/questionnaire.json,objects/hairbrush/,objects/hairbrush/,scenes/scene078/0/labels/sam2_meta/v1.tar:sam2/mask_to_object.json
scene078,phase0,6,mouse.3,44,87.3,mouse,mouse,objects_meta/mouse.3/questionnaire.json,objects/mouse.3/,objects/mouse.3/,scenes/scene078/0/labels/sam2_meta/v1.tar:sam2/mask_to_object.json
scene078,phase0,7,pear,47,95,pear,pear,objects_meta/pear/questionnaire.json,objects/pear/,objects/pear/,scenes/scene078/0/labels/sam2_meta/v1.tar:sam2/mask_to_object.json
scene078,phase1,1,cracker_box,18,38,cracker_box,cracker_box,objects_meta/cracker_box/questionnaire.json,objects/cracker_box/,objects/cracker_box/,scenes/scene078/1/labels/sam2_meta/v1.tar:sam2/mask_to_object.json
scene078,phase1,2,umbrella,69,147,umbrella,umbrella,objects_meta/umbrella/questionnaire.json,objects/umbrella/,objects/umbrella/,scenes/scene078/1/labels/sam2_meta/v1.tar:sam2/mask_to_object.json
scene078,phase1,3,milk_jug,43,86,milk_jug,milk_jug,objects_meta/milk_jug/questionnaire.json,objects/milk_jug/,objects/milk_jug/,scenes/scene078/1/labels/sam2_meta/v1.tar:sam2/mask_to_object.json
scene078,phase1,4,instant_noodle_packet,32,70,instant_noodle_packet,instant_noodle_packet,objects_meta/instant_noodle_packet/questionnaire.json,objects/instant_noodle_packet/,objects/instant_noodle_packet/,scenes/scene078/1/labels/sam2_meta/v1.tar:sam2/mask_to_object.json
scene078,phase1,5,hairbrush,26,62,hair_brush,hair_brush,objects_meta/hairbrush/questionnaire.json,objects/hairbrush/,objects/hairbrush/,scenes/scene078/1/labels/sam2_meta/v1.tar:sam2/mask_to_object.json
scene078,phase1,6,mouse.3,44,87.3,mouse,mouse,objects_meta/mouse.3/questionnaire.json,objects/mouse.3/,objects/mouse.3/,scenes/scene078/1/labels/sam2_meta/v1.tar:sam2/mask_to_object.json
scene078,phase1,7,pear,47,95,pear,pear,objects_meta/pear/questionnaire.json,objects/pear/,objects/pear/,scenes/scene078/1/labels/sam2_meta/v1.tar:sam2/mask_to_object.json
scene078,phase2,1,cracker_box,18,38,cracker_box,cracker_box,objects_meta/cracker_box/questionnaire.json,objects/cracker_box/,objects/cracker_box/,scenes/scene078/2/labels/sam2_meta/v1.tar:sam2/mask_to_object.json
scene078,phase2,2,umbrella,69,147,umbrella,umbrella,objects_meta/umbrella/questionnaire.json,objects/umbrella/,objects/umbrella/,scenes/scene078/2/labels/sam2_meta/v1.tar:sam2/mask_to_object.json
scene078,phase2,3,milk_jug,43,86,milk_jug,milk_jug,objects_meta/milk_jug/questionnaire.json,objects/milk_jug/,objects/milk_jug/,scenes/scene078/2/labels/sam2_meta/v1.tar:sam2/mask_to_object.json
scene078,phase2,4,instant_noodle_packet,32,70,instant_noodle_packet,instant_noodle_packet,objects_meta/instant_noodle_packet/questionnaire.json,objects/instant_noodle_packet/,objects/instant_noodle_packet/,scenes/scene078/2/labels/sam2_meta/v1.tar:sam2/mask_to_object.json
scene078,phase2,5,hairbrush,26,62,hair_brush,hair_brush,objects_meta/hairbrush/questionnaire.json,objects/hairbrush/,objects/hairbrush/,scenes/scene078/2/labels/sam2_meta/v1.tar:sam2/mask_to_object.json
scene078,phase2,6,mouse.3,44,87.3,mouse,mouse,objects_meta/mouse.3/questionnaire.json,objects/mouse.3/,objects/mouse.3/,scenes/scene078/2/labels/sam2_meta/v1.tar:sam2/mask_to_object.json
scene078,phase2,7,pear,47,95,pear,pear,objects_meta/pear/questionnaire.json,objects/pear/,objects/pear/,scenes/scene078/2/labels/sam2_meta/v1.tar:sam2/mask_to_object.json
scene079,phase0,1,hammer.2,27,63.2,hammer,hammer,objects_meta/hammer.2/questionnaire.json,objects/hammer.2/,objects/hammer.2/,scenes/scene079/0/labels/sam2_meta/v1.tar:sam2/mask_to_object.json
scene079,phase0,2,book.3,10,17.3,book,book,objects_meta/book.3/questionnaire.json,objects/book.3/,objects/book.3/,scenes/scene079/0/labels/sam2_meta/v1.tar:sam2/mask_to_object.json
scene079,phase0,3,shoe.1,56,117.1,shoe,shoe,objects_meta/shoe.1/questionnaire.json,objects/shoe.1/,objects/shoe.1/,scenes/scene079/0/labels/sam2_meta/v1.tar:sam2/mask_to_object.json
scene079,phase0,4,alarm_clock,2,3,alarm_clock,alarm_clock,objects_meta/alarm_clock/questionnaire.json,objects/alarm_clock/,objects/alarm_clock/,scenes/scene079/0/labels/sam2_meta/v1.tar:sam2/mask_to_object.json
scene079,phase0,5,bowl.1,12,20.1,bowl,bowl,objects_meta/bowl.1/questionnaire.json,objects/bowl.1/,objects/bowl.1/,scenes/scene079/0/labels/sam2_meta/v1.tar:sam2/mask_to_object.json
scene079,phase0,6,jar,33,71,jar,jar,objects_meta/jar/questionnaire.json,objects/jar/,objects/jar/,scenes/scene079/0/labels/sam2_meta/v1.tar:sam2/mask_to_object.json
scene079,phase0,7,soup_can.1,59,122.1,soup_can,soup_can,objects_meta/soup_can.1/questionnaire.json,objects/soup_can.1/,objects/soup_can.1/,scenes/scene079/0/labels/sam2_meta/v1.tar:sam2/mask_to_object.json
scene079,phase1,1,hammer.2,27,63.2,hammer,hammer,objects_meta/hammer.2/questionnaire.json,objects/hammer.2/,objects/hammer.2/,scenes/scene079/1/labels/sam2_meta/v1.tar:sam2/mask_to_object.json
scene079,phase1,2,book.3,10,17.3,book,book,objects_meta/book.3/questionnaire.json,objects/book.3/,objects/book.3/,scenes/scene079/1/labels/sam2_meta/v1.tar:sam2/mask_to_object.json
scene079,phase1,3,shoe.1,56,117.1,shoe,shoe,objects_meta/shoe.1/questionnaire.json,objects/shoe.1/,objects/shoe.1/,scenes/scene079/1/labels/sam2_meta/v1.tar:sam2/mask_to_object.json
scene079,phase1,4,alarm_clock,2,3,alarm_clock,alarm_clock,objects_meta/alarm_clock/questionnaire.json,objects/alarm_clock/,objects/alarm_clock/,scenes/scene079/1/labels/sam2_meta/v1.tar:sam2/mask_to_object.json
scene079,phase1,5,bowl.1,12,20.1,bowl,bowl,objects_meta/bowl.1/questionnaire.json,objects/bowl.1/,objects/bowl.1/,scenes/scene079/1/labels/sam2_meta/v1.tar:sam2/mask_to_object.json
scene079,phase1,6,jar,33,71,jar,jar,objects_meta/jar/questionnaire.json,objects/jar/,objects/jar/,scenes/scene079/1/labels/sam2_meta/v1.tar:sam2/mask_to_object.json
scene079,phase1,7,soup_can.1,59,122.1,soup_can,soup_can,objects_meta/soup_can.1/questionnaire.json,objects/soup_can.1/,objects/soup_can.1/,scenes/scene079/1/labels/sam2_meta/v1.tar:sam2/mask_to_object.json
scene079,phase2,1,hammer.2,27,63.2,hammer,hammer,objects_meta/hammer.2/questionnaire.json,objects/hammer.2/,objects/hammer.2/,scenes/scene079/2/labels/sam2_meta/v1.tar:sam2/mask_to_object.json
scene079,phase2,2,book.3,10,17.3,book,book,objects_meta/book.3/questionnaire.json,objects/book.3/,objects/book.3/,scenes/scene079/2/labels/sam2_meta/v1.tar:sam2/mask_to_object.json
scene079,phase2,3,shoe.1,56,117.1,shoe,shoe,objects_meta/shoe.1/questionnaire.json,objects/shoe.1/,objects/shoe.1/,scenes/scene079/2/labels/sam2_meta/v1.tar:sam2/mask_to_object.json
scene079,phase2,4,alarm_clock,2,3,alarm_clock,alarm_clock,objects_meta/alarm_clock/questionnaire.json,objects/alarm_clock/,objects/alarm_clock/,scenes/scene079/2/labels/sam2_meta/v1.tar:sam2/mask_to_object.json
scene079,phase2,5,bowl.1,12,20.1,bowl,bowl,objects_meta/bowl.1/questionnaire.json,objects/bowl.1/,objects/bowl.1/,scenes/scene079/2/labels/sam2_meta/v1.tar:sam2/mask_to_object.json
scene079,phase2,6,jar,33,71,jar,jar,objects_meta/jar/questionnaire.json,objects/jar/,objects/jar/,scenes/scene079/2/labels/sam2_meta/v1.tar:sam2/mask_to_object.json
scene079,phase2,7,soup_can.1,59,122.1,soup_can,soup_can,objects_meta/soup_can.1/questionnaire.json,objects/soup_can.1/,objects/soup_can.1/,scenes/scene079/2/labels/sam2_meta/v1.tar:sam2/mask_to_object.json
scene080,phase0,1,hat.1,29,66.1,hat,hat,objects_meta/hat.1/questionnaire.json,objects/hat.1/,objects/hat.1/,scenes/scene080/0/labels/sam2_meta/v1.tar:sam2/mask_to_object.json
scene080,phase0,2,lion.2,39,82.2,lion,lion,objects_meta/lion.2/questionnaire.json,objects/lion.2/,objects/lion.2/,scenes/scene080/0/labels/sam2_meta/v1.tar:sam2/mask_to_object.json
scene080,phase0,3,air_duster_can,1,1,air_duster_can,air_duster_can,objects_meta/air_duster_can/questionnaire.json,objects/air_duster_can/,objects/air_duster_can/,scenes/scene080/0/labels/sam2_meta/v1.tar:sam2/mask_to_object.json
scene080,phase0,4,towel.2,68,144.2,towel,towel,objects_meta/towel.2/questionnaire.json,objects/towel.2/,objects/towel.2/,scenes/scene080/0/labels/sam2_meta/v1.tar:sam2/mask_to_object.json
scene080,phase0,5,glue_bottle.1,25,58.1,glue_bottle,glue_bottle,objects_meta/glue_bottle.1/questionnaire.json,objects/glue_bottle.1/,objects/glue_bottle.1/,scenes/scene080/0/labels/sam2_meta/v1.tar:sam2/mask_to_object.json
scene080,phase0,6,mustard_bottle.3,46,89.3,mustard_bottle,mustard_bottle,objects_meta/mustard_bottle.3/questionnaire.json,objects/mustard_bottle.3/,objects/mustard_bottle.3/,scenes/scene080/0/labels/sam2_meta/v1.tar:sam2/mask_to_object.json
scene080,phase0,7,sponge,61,125,sponge,sponge,objects_meta/sponge/questionnaire.json,objects/sponge/,objects/sponge/,scenes/scene080/0/labels/sam2_meta/v1.tar:sam2/mask_to_object.json
scene080,phase1,1,hat.1,29,66.1,hat,hat,objects_meta/hat.1/questionnaire.json,objects/hat.1/,objects/hat.1/,scenes/scene080/1/labels/sam2_meta/v1.tar:sam2/mask_to_object.json
scene080,phase1,2,lion.2,39,82.2,lion,lion,objects_meta/lion.2/questionnaire.json,objects/lion.2/,objects/lion.2/,scenes/scene080/1/labels/sam2_meta/v1.tar:sam2/mask_to_object.json
scene080,phase1,3,air_duster_can,1,1,air_duster_can,air_duster_can,objects_meta/air_duster_can/questionnaire.json,objects/air_duster_can/,objects/air_duster_can/,scenes/scene080/1/labels/sam2_meta/v1.tar:sam2/mask_to_object.json
scene080,phase1,4,towel.2,68,144.2,towel,towel,objects_meta/towel.2/questionnaire.json,objects/towel.2/,objects/towel.2/,scenes/scene080/1/labels/sam2_meta/v1.tar:sam2/mask_to_object.json
scene080,phase1,5,glue_bottle.1,25,58.1,glue_bottle,glue_bottle,objects_meta/glue_bottle.1/questionnaire.json,objects/glue_bottle.1/,objects/glue_bottle.1/,scenes/scene080/1/labels/sam2_meta/v1.tar:sam2/mask_to_object.json
scene080,phase1,6,mustard_bottle.3,46,89.3,mustard_bottle,mustard_bottle,objects_meta/mustard_bottle.3/questionnaire.json,objects/mustard_bottle.3/,objects/mustard_bottle.3/,scenes/scene080/1/labels/sam2_meta/v1.tar:sam2/mask_to_object.json
scene080,phase1,7,sponge,61,125,sponge,sponge,objects_meta/sponge/questionnaire.json,objects/sponge/,objects/sponge/,scenes/scene080/1/labels/sam2_meta/v1.tar:sam2/mask_to_object.json
scene080,phase2,1,hat.1,29,66.1,hat,hat,objects_meta/hat.1/questionnaire.json,objects/hat.1/,objects/hat.1/,scenes/scene080/2/labels/sam2_meta/v1.tar:sam2/mask_to_object.json
scene080,phase2,2,lion.2,39,82.2,lion,lion,objects_meta/lion.2/questionnaire.json,objects/lion.2/,objects/lion.2/,scenes/scene080/2/labels/sam2_meta/v1.tar:sam2/mask_to_object.json
scene080,phase2,3,air_duster_can,1,1,air_duster_can,air_duster_can,objects_meta/air_duster_can/questionnaire.json,objects/air_duster_can/,objects/air_duster_can/,scenes/scene080/2/labels/sam2_meta/v1.tar:sam2/mask_to_object.json
scene080,phase2,4,towel.2,68,144.2,towel,towel,objects_meta/towel.2/questionnaire.json,objects/towel.2/,objects/towel.2/,scenes/scene080/2/labels/sam2_meta/v1.tar:sam2/mask_to_object.json
scene080,phase2,5,glue_bottle.1,25,58.1,glue_bottle,glue_bottle,objects_meta/glue_bottle.1/questionnaire.json,objects/glue_bottle.1/,objects/glue_bottle.1/,scenes/scene080/2/labels/sam2_meta/v1.tar:sam2/mask_to_object.json
scene080,phase2,6,mustard_bottle.3,46,89.3,mustard_bottle,mustard_bottle,objects_meta/mustard_bottle.3/questionnaire.json,objects/mustard_bottle.3/,objects/mustard_bottle.3/,scenes/scene080/2/labels/sam2_meta/v1.tar:sam2/mask_to_object.json
scene080,phase2,7,sponge,61,125,sponge,sponge,objects_meta/sponge/questionnaire.json,objects/sponge/,objects/sponge/,scenes/scene080/2/labels/sam2_meta/v1.tar:sam2/mask_to_object.json
scene081,phase0,1,glove.2,24,57.2,glove,glove,objects_meta/glove.2/questionnaire.json,objects/glove.2/,objects/glove.2/,scenes/scene081/0/labels/sam2_meta/v1.tar:sam2/mask_to_object.json
scene081,phase0,2,cracker_box,18,38,cracker_box,cracker_box,objects_meta/cracker_box/questionnaire.json,objects/cracker_box/,objects/cracker_box/,scenes/scene081/0/labels/sam2_meta/v1.tar:sam2/mask_to_object.json
scene081,phase0,3,juice_pouch.2,35,73.2,juice_pouch,juice_pouch,objects_meta/juice_pouch.2/questionnaire.json,objects/juice_pouch.2/,objects/juice_pouch.2/,scenes/scene081/0/labels/sam2_meta/v1.tar:sam2/mask_to_object.json
scene081,phase0,4,kettle,36,74,kettle,kettle,objects_meta/kettle/questionnaire.json,objects/kettle/,objects/kettle/,scenes/scene081/0/labels/sam2_meta/v1.tar:sam2/mask_to_object.json
scene081,phase0,5,coffee_can.1,17,37.1,coffee_can,coffee_can,objects_meta/coffee_can.1/questionnaire.json,objects/coffee_can.1/,objects/coffee_can.1/,scenes/scene081/0/labels/sam2_meta/v1.tar:sam2/mask_to_object.json
scene081,phase0,6,tong,66,141,tong,tong,objects_meta/tong/questionnaire.json,objects/tong/,objects/tong/,scenes/scene081/0/labels/sam2_meta/v1.tar:sam2/mask_to_object.json
scene081,phase0,7,apple,3,5,apple,apple,objects_meta/apple/questionnaire.json,objects/apple/,objects/apple/,scenes/scene081/0/labels/sam2_meta/v1.tar:sam2/mask_to_object.json
scene081,phase1,1,glove.2,24,57.2,glove,glove,objects_meta/glove.2/questionnaire.json,objects/glove.2/,objects/glove.2/,scenes/scene081/1/labels/sam2_meta/v1.tar:sam2/mask_to_object.json
scene081,phase1,2,cracker_box,18,38,cracker_box,cracker_box,objects_meta/cracker_box/questionnaire.json,objects/cracker_box/,objects/cracker_box/,scenes/scene081/1/labels/sam2_meta/v1.tar:sam2/mask_to_object.json
scene081,phase1,3,juice_pouch.2,35,73.2,juice_pouch,juice_pouch,objects_meta/juice_pouch.2/questionnaire.json,objects/juice_pouch.2/,objects/juice_pouch.2/,scenes/scene081/1/labels/sam2_meta/v1.tar:sam2/mask_to_object.json
scene081,phase1,4,kettle,36,74,kettle,kettle,objects_meta/kettle/questionnaire.json,objects/kettle/,objects/kettle/,scenes/scene081/1/labels/sam2_meta/v1.tar:sam2/mask_to_object.json
scene081,phase1,5,coffee_can.1,17,37.1,coffee_can,coffee_can,objects_meta/coffee_can.1/questionnaire.json,objects/coffee_can.1/,objects/coffee_can.1/,scenes/scene081/1/labels/sam2_meta/v1.tar:sam2/mask_to_object.json
scene081,phase1,6,tong,66,141,tong,tong,objects_meta/tong/questionnaire.json,objects/tong/,objects/tong/,scenes/scene081/1/labels/sam2_meta/v1.tar:sam2/mask_to_object.json
scene081,phase1,7,apple,3,5,apple,apple,objects_meta/apple/questionnaire.json,objects/apple/,objects/apple/,scenes/scene081/1/labels/sam2_meta/v1.tar:sam2/mask_to_object.json
scene081,phase2,1,glove.2,24,57.2,glove,glove,objects_meta/glove.2/questionnaire.json,objects/glove.2/,objects/glove.2/,scenes/scene081/2/labels/sam2_meta/v1.tar:sam2/mask_to_object.json
scene081,phase2,2,cracker_box,18,38,cracker_box,cracker_box,objects_meta/cracker_box/questionnaire.json,objects/cracker_box/,objects/cracker_box/,scenes/scene081/2/labels/sam2_meta/v1.tar:sam2/mask_to_object.json
scene081,phase2,3,juice_pouch.2,35,73.2,juice_pouch,juice_pouch,objects_meta/juice_pouch.2/questionnaire.json,objects/juice_pouch.2/,objects/juice_pouch.2/,scenes/scene081/2/labels/sam2_meta/v1.tar:sam2/mask_to_object.json
scene081,phase2,4,kettle,36,74,kettle,kettle,objects_meta/kettle/questionnaire.json,objects/kettle/,objects/kettle/,scenes/scene081/2/labels/sam2_meta/v1.tar:sam2/mask_to_object.json
scene081,phase2,5,coffee_can.1,17,37.1,coffee_can,coffee_can,objects_meta/coffee_can.1/questionnaire.json,objects/coffee_can.1/,objects/coffee_can.1/,scenes/scene081/2/labels/sam2_meta/v1.tar:sam2/mask_to_object.json
scene081,phase2,6,tong,66,141,tong,tong,objects_meta/tong/questionnaire.json,objects/tong/,objects/tong/,scenes/scene081/2/labels/sam2_meta/v1.tar:sam2/mask_to_object.json
scene081,phase2,7,apple,3,5,apple,apple,objects_meta/apple/questionnaire.json,objects/apple/,objects/apple/,scenes/scene081/2/labels/sam2_meta/v1.tar:sam2/mask_to_object.json
scene082,phase0,1,mouse.3,44,87.3,mouse,mouse,objects_meta/mouse.3/questionnaire.json,objects/mouse.3/,objects/mouse.3/,scenes/scene082/0/labels/sam2_meta/v1.tar:sam2/mask_to_object.json
scene082,phase0,2,hairbrush,26,62,hair_brush,hair_brush,objects_meta/hairbrush/questionnaire.json,objects/hairbrush/,objects/hairbrush/,scenes/scene082/0/labels/sam2_meta/v1.tar:sam2/mask_to_object.json
scene082,phase0,3,milk_box.1,42,85.1,milk_box,milk_box,objects_meta/milk_box.1/questionnaire.json,objects/milk_box.1/,objects/milk_box.1/,scenes/scene082/0/labels/sam2_meta/v1.tar:sam2/mask_to_object.json
scene082,phase0,4,headphone,30,67,headphone,headphone,objects_meta/headphone/questionnaire.json,objects/headphone/,objects/headphone/,scenes/scene082/0/labels/sam2_meta/v1.tar:sam2/mask_to_object.json
scene082,phase0,5,hat.1,29,66.1,hat,hat,objects_meta/hat.1/questionnaire.json,objects/hat.1/,objects/hat.1/,scenes/scene082/0/labels/sam2_meta/v1.tar:sam2/mask_to_object.json
scene082,phase0,6,pump_bottle.2,51,105.2,pump_bottle,pump_bottle,objects_meta/pump_bottle.2/questionnaire.json,objects/pump_bottle.2/,objects/pump_bottle.2/,scenes/scene082/0/labels/sam2_meta/v1.tar:sam2/mask_to_object.json
scene082,phase0,7,sponge,61,125,sponge,sponge,objects_meta/sponge/questionnaire.json,objects/sponge/,objects/sponge/,scenes/scene082/0/labels/sam2_meta/v1.tar:sam2/mask_to_object.json
scene082,phase1,1,mouse.3,44,87.3,mouse,mouse,objects_meta/mouse.3/questionnaire.json,objects/mouse.3/,objects/mouse.3/,scenes/scene082/1/labels/sam2_meta/v1.tar:sam2/mask_to_object.json
scene082,phase1,2,hairbrush,26,62,hair_brush,hair_brush,objects_meta/hairbrush/questionnaire.json,objects/hairbrush/,objects/hairbrush/,scenes/scene082/1/labels/sam2_meta/v1.tar:sam2/mask_to_object.json
scene082,phase1,3,milk_box.1,42,85.1,milk_box,milk_box,objects_meta/milk_box.1/questionnaire.json,objects/milk_box.1/,objects/milk_box.1/,scenes/scene082/1/labels/sam2_meta/v1.tar:sam2/mask_to_object.json
scene082,phase1,4,headphone,30,67,headphone,headphone,objects_meta/headphone/questionnaire.json,objects/headphone/,objects/headphone/,scenes/scene082/1/labels/sam2_meta/v1.tar:sam2/mask_to_object.json
scene082,phase1,5,hat.1,29,66.1,hat,hat,objects_meta/hat.1/questionnaire.json,objects/hat.1/,objects/hat.1/,scenes/scene082/1/labels/sam2_meta/v1.tar:sam2/mask_to_object.json
scene082,phase1,6,pump_bottle.2,51,105.2,pump_bottle,pump_bottle,objects_meta/pump_bottle.2/questionnaire.json,objects/pump_bottle.2/,objects/pump_bottle.2/,scenes/scene082/1/labels/sam2_meta/v1.tar:sam2/mask_to_object.json
scene082,phase1,7,sponge,61,125,sponge,sponge,objects_meta/sponge/questionnaire.json,objects/sponge/,objects/sponge/,scenes/scene082/1/labels/sam2_meta/v1.tar:sam2/mask_to_object.json
scene082,phase2,1,mouse.3,44,87.3,mouse,mouse,objects_meta/mouse.3/questionnaire.json,objects/mouse.3/,objects/mouse.3/,scenes/scene082/2/labels/sam2_meta/v1.tar:sam2/mask_to_object.json
scene082,phase2,2,hairbrush,26,62,hair_brush,hair_brush,objects_meta/hairbrush/questionnaire.json,objects/hairbrush/,objects/hairbrush/,scenes/scene082/2/labels/sam2_meta/v1.tar:sam2/mask_to_object.json
scene082,phase2,3,milk_box.1,42,85.1,milk_box,milk_box,objects_meta/milk_box.1/questionnaire.json,objects/milk_box.1/,objects/milk_box.1/,scenes/scene082/2/labels/sam2_meta/v1.tar:sam2/mask_to_object.json
scene082,phase2,4,headphone,30,67,headphone,headphone,objects_meta/headphone/questionnaire.json,objects/headphone/,objects/headphone/,scenes/scene082/2/labels/sam2_meta/v1.tar:sam2/mask_to_object.json
scene082,phase2,5,hat.1,29,66.1,hat,hat,objects_meta/hat.1/questionnaire.json,objects/hat.1/,objects/hat.1/,scenes/scene082/2/labels/sam2_meta/v1.tar:sam2/mask_to_object.json
scene082,phase2,6,pump_bottle.2,51,105.2,pump_bottle,pump_bottle,objects_meta/pump_bottle.2/questionnaire.json,objects/pump_bottle.2/,objects/pump_bottle.2/,scenes/scene082/2/labels/sam2_meta/v1.tar:sam2/mask_to_object.json
scene082,phase2,7,sponge,61,125,sponge,sponge,objects_meta/sponge/questionnaire.json,objects/sponge/,objects/sponge/,scenes/scene082/2/labels/sam2_meta/v1.tar:sam2/mask_to_object.json
scene083,phase0,1,book.3,10,17.3,book,book,objects_meta/book.3/questionnaire.json,objects/book.3/,objects/book.3/,scenes/scene083/0/labels/sam2_meta/v1.tar:sam2/mask_to_object.json
scene083,phase0,2,fry_pan.1,21,49.1,fry_pan,fry_pan,objects_meta/fry_pan.1/questionnaire.json,objects/fry_pan.1/,objects/fry_pan.1/,scenes/scene083/0/labels/sam2_meta/v1.tar:sam2/mask_to_object.json
scene083,phase0,3,knife.1,37,77.1,knife,knife,objects_meta/knife.1/questionnaire.json,objects/knife.1/,objects/knife.1/,scenes/scene083/0/labels/sam2_meta/v1.tar:sam2/mask_to_object.json
scene083,phase0,4,toothpaste,67,142,toothpaste,toothpaste,objects_meta/toothpaste/questionnaire.json,objects/toothpaste/,objects/toothpaste/,scenes/scene083/0/labels/sam2_meta/v1.tar:sam2/mask_to_object.json
scene083,phase0,5,mustard_bottle.3,46,89.3,mustard_bottle,mustard_bottle,objects_meta/mustard_bottle.3/questionnaire.json,objects/mustard_bottle.3/,objects/mustard_bottle.3/,scenes/scene083/0/labels/sam2_meta/v1.tar:sam2/mask_to_object.json
scene083,phase0,6,mug.2,45,88.2,mug,mug,objects_meta/mug.2/questionnaire.json,objects/mug.2/,objects/mug.2/,scenes/scene083/0/labels/sam2_meta/v1.tar:sam2/mask_to_object.json
scene083,phase0,7,coffee_bottle,16,36,coffee_bottle,coffee_bottle,objects_meta/coffee_bottle/questionnaire.json,objects/coffee_bottle/,objects/coffee_bottle/,scenes/scene083/0/labels/sam2_meta/v1.tar:sam2/mask_to_object.json
scene083,phase1,1,book.3,10,17.3,book,book,objects_meta/book.3/questionnaire.json,objects/book.3/,objects/book.3/,scenes/scene083/1/labels/sam2_meta/v1.tar:sam2/mask_to_object.json
scene083,phase1,2,fry_pan.1,21,49.1,fry_pan,fry_pan,objects_meta/fry_pan.1/questionnaire.json,objects/fry_pan.1/,objects/fry_pan.1/,scenes/scene083/1/labels/sam2_meta/v1.tar:sam2/mask_to_object.json
scene083,phase1,3,knife.1,37,77.1,knife,knife,objects_meta/knife.1/questionnaire.json,objects/knife.1/,objects/knife.1/,scenes/scene083/1/labels/sam2_meta/v1.tar:sam2/mask_to_object.json
scene083,phase1,4,toothpaste,67,142,toothpaste,toothpaste,objects_meta/toothpaste/questionnaire.json,objects/toothpaste/,objects/toothpaste/,scenes/scene083/1/labels/sam2_meta/v1.tar:sam2/mask_to_object.json
scene083,phase1,5,mustard_bottle.3,46,89.3,mustard_bottle,mustard_bottle,objects_meta/mustard_bottle.3/questionnaire.json,objects/mustard_bottle.3/,objects/mustard_bottle.3/,scenes/scene083/1/labels/sam2_meta/v1.tar:sam2/mask_to_object.json
scene083,phase1,6,mug.2,45,88.2,mug,mug,objects_meta/mug.2/questionnaire.json,objects/mug.2/,objects/mug.2/,scenes/scene083/1/labels/sam2_meta/v1.tar:sam2/mask_to_object.json
scene083,phase1,7,coffee_bottle,16,36,coffee_bottle,coffee_bottle,objects_meta/coffee_bottle/questionnaire.json,objects/coffee_bottle/,objects/coffee_bottle/,scenes/scene083/1/labels/sam2_meta/v1.tar:sam2/mask_to_object.json
scene083,phase2,1,book.3,10,17.3,book,book,objects_meta/book.3/questionnaire.json,objects/book.3/,objects/book.3/,scenes/scene083/2/labels/sam2_meta/v1.tar:sam2/mask_to_object.json
scene083,phase2,2,fry_pan.1,21,49.1,fry_pan,fry_pan,objects_meta/fry_pan.1/questionnaire.json,objects/fry_pan.1/,objects/fry_pan.1/,scenes/scene083/2/labels/sam2_meta/v1.tar:sam2/mask_to_object.json
scene083,phase2,3,knife.1,37,77.1,knife,knife,objects_meta/knife.1/questionnaire.json,objects/knife.1/,objects/knife.1/,scenes/scene083/2/labels/sam2_meta/v1.tar:sam2/mask_to_object.json
scene083,phase2,4,toothpaste,67,142,toothpaste,toothpaste,objects_meta/toothpaste/questionnaire.json,objects/toothpaste/,objects/toothpaste/,scenes/scene083/2/labels/sam2_meta/v1.tar:sam2/mask_to_object.json
scene083,phase2,5,mustard_bottle.3,46,89.3,mustard_bottle,mustard_bottle,objects_meta/mustard_bottle.3/questionnaire.json,objects/mustard_bottle.3/,objects/mustard_bottle.3/,scenes/scene083/2/labels/sam2_meta/v1.tar:sam2/mask_to_object.json
scene083,phase2,6,mug.2,45,88.2,mug,mug,objects_meta/mug.2/questionnaire.json,objects/mug.2/,objects/mug.2/,scenes/scene083/2/labels/sam2_meta/v1.tar:sam2/mask_to_object.json
scene083,phase2,7,coffee_bottle,16,36,coffee_bottle,coffee_bottle,objects_meta/coffee_bottle/questionnaire.json,objects/coffee_bottle/,objects/coffee_bottle/,scenes/scene083/2/labels/sam2_meta/v1.tar:sam2/mask_to_object.json
scene084,phase0,1,baking_tray.1,4,7.1,baking_tray,baking_tray,objects_meta/baking_tray.1/questionnaire.json,objects/baking_tray.1/,objects/baking_tray.1/,scenes/scene084/0/labels/sam2_meta/v1.tar:sam2/mask_to_object.json
scene084,phase0,2,umbrella,69,147,umbrella,umbrella,objects_meta/umbrella/questionnaire.json,objects/umbrella/,objects/umbrella/,scenes/scene084/0/labels/sam2_meta/v1.tar:sam2/mask_to_object.json
scene084,phase0,3,baseball_ball,6,10,baseball_ball,baseball_ball,objects_meta/baseball_ball/questionnaire.json,objects/baseball_ball/,objects/baseball_ball/,scenes/scene084/0/labels/sam2_meta/v1.tar:sam2/mask_to_object.json
scene084,phase0,4,beanie.2,8,13.2,beanie,beanie,objects_meta/beanie.2/questionnaire.json,objects/beanie.2/,objects/beanie.2/,scenes/scene084/0/labels/sam2_meta/v1.tar:sam2/mask_to_object.json
scene084,phase0,5,shoe.1,56,117.1,shoe,shoe,objects_meta/shoe.1/questionnaire.json,objects/shoe.1/,objects/shoe.1/,scenes/scene084/0/labels/sam2_meta/v1.tar:sam2/mask_to_object.json
scene084,phase0,6,pringles_can.2,50,103.2,pringles_can,pringles_can,objects_meta/pringles_can.2/questionnaire.json,objects/pringles_can.2/,objects/pringles_can.2/,scenes/scene084/0/labels/sam2_meta/v1.tar:sam2/mask_to_object.json
scene084,phase0,7,tape_measure,64,135,tape_measure,tape_measure,objects_meta/tape_measure/questionnaire.json,objects/tape_measure/,objects/tape_measure/,scenes/scene084/0/labels/sam2_meta/v1.tar:sam2/mask_to_object.json
scene084,phase1,1,baking_tray.1,4,7.1,baking_tray,baking_tray,objects_meta/baking_tray.1/questionnaire.json,objects/baking_tray.1/,objects/baking_tray.1/,scenes/scene084/1/labels/sam2_meta/v1.tar:sam2/mask_to_object.json
scene084,phase1,2,umbrella,69,147,umbrella,umbrella,objects_meta/umbrella/questionnaire.json,objects/umbrella/,objects/umbrella/,scenes/scene084/1/labels/sam2_meta/v1.tar:sam2/mask_to_object.json
scene084,phase1,3,baseball_ball,6,10,baseball_ball,baseball_ball,objects_meta/baseball_ball/questionnaire.json,objects/baseball_ball/,objects/baseball_ball/,scenes/scene084/1/labels/sam2_meta/v1.tar:sam2/mask_to_object.json
scene084,phase1,4,beanie.2,8,13.2,beanie,beanie,objects_meta/beanie.2/questionnaire.json,objects/beanie.2/,objects/beanie.2/,scenes/scene084/1/labels/sam2_meta/v1.tar:sam2/mask_to_object.json
scene084,phase1,5,shoe.1,56,117.1,shoe,shoe,objects_meta/shoe.1/questionnaire.json,objects/shoe.1/,objects/shoe.1/,scenes/scene084/1/labels/sam2_meta/v1.tar:sam2/mask_to_object.json
scene084,phase1,6,pringles_can.2,50,103.2,pringles_can,pringles_can,objects_meta/pringles_can.2/questionnaire.json,objects/pringles_can.2/,objects/pringles_can.2/,scenes/scene084/1/labels/sam2_meta/v1.tar:sam2/mask_to_object.json
scene084,phase1,7,tape_measure,64,135,tape_measure,tape_measure,objects_meta/tape_measure/questionnaire.json,objects/tape_measure/,objects/tape_measure/,scenes/scene084/1/labels/sam2_meta/v1.tar:sam2/mask_to_object.json
scene084,phase2,1,baking_tray.1,4,7.1,baking_tray,baking_tray,objects_meta/baking_tray.1/questionnaire.json,objects/baking_tray.1/,objects/baking_tray.1/,scenes/scene084/2/labels/sam2_meta/v1.tar:sam2/mask_to_object.json
scene084,phase2,2,umbrella,69,147,umbrella,umbrella,objects_meta/umbrella/questionnaire.json,objects/umbrella/,objects/umbrella/,scenes/scene084/2/labels/sam2_meta/v1.tar:sam2/mask_to_object.json
scene084,phase2,3,baseball_ball,6,10,baseball_ball,baseball_ball,objects_meta/baseball_ball/questionnaire.json,objects/baseball_ball/,objects/baseball_ball/,scenes/scene084/2/labels/sam2_meta/v1.tar:sam2/mask_to_object.json
scene084,phase2,4,beanie.2,8,13.2,beanie,beanie,objects_meta/beanie.2/questionnaire.json,objects/beanie.2/,objects/beanie.2/,scenes/scene084/2/labels/sam2_meta/v1.tar:sam2/mask_to_object.json
scene084,phase2,5,shoe.1,56,117.1,shoe,shoe,objects_meta/shoe.1/questionnaire.json,objects/shoe.1/,objects/shoe.1/,scenes/scene084/2/labels/sam2_meta/v1.tar:sam2/mask_to_object.json
scene084,phase2,6,pringles_can.2,50,103.2,pringles_can,pringles_can,objects_meta/pringles_can.2/questionnaire.json,objects/pringles_can.2/,objects/pringles_can.2/,scenes/scene084/2/labels/sam2_meta/v1.tar:sam2/mask_to_object.json
scene084,phase2,7,tape_measure,64,135,tape_measure,tape_measure,objects_meta/tape_measure/questionnaire.json,objects/tape_measure/,objects/tape_measure/,scenes/scene084/2/labels/sam2_meta/v1.tar:sam2/mask_to_object.json
scene085,phase0,1,ladle,38,78,ladle,ladle,objects_meta/ladle/questionnaire.json,objects/ladle/,objects/ladle/,scenes/scene085/0/labels/sam2_meta/v1.tar:sam2/mask_to_object.json
scene085,phase0,2,power_drill,49,102,power_drill,power_drill,objects_meta/power_drill/questionnaire.json,objects/power_drill/,objects/power_drill/,scenes/scene085/0/labels/sam2_meta/v1.tar:sam2/mask_to_object.json
scene085,phase0,3,doll.1,20,43.1,doll,doll,objects_meta/doll.1/questionnaire.json,objects/doll.1/,objects/doll.1/,scenes/scene085/0/labels/sam2_meta/v1.tar:sam2/mask_to_object.json
scene085,phase0,4,soft_scrub_cleanser_bottle,58,121,soft_scrub_cleanser_bottle,soft_scrub_cleanser_bottle,objects_meta/soft_scrub_cleanser_bottle/questionnaire.json,objects/soft_scrub_cleanser_bottle/,objects/soft_scrub_cleanser_bottle/,scenes/scene085/0/labels/sam2_meta/v1.tar:sam2/mask_to_object.json
scene085,phase0,5,marker.5,40,83.5,marker,marker,objects_meta/marker.5/questionnaire.json,objects/marker.5/,objects/marker.5/,scenes/scene085/0/labels/sam2_meta/v1.tar:sam2/mask_to_object.json
scene085,phase0,6,alarm_clock,2,3,alarm_clock,alarm_clock,objects_meta/alarm_clock/questionnaire.json,objects/alarm_clock/,objects/alarm_clock/,scenes/scene085/0/labels/sam2_meta/v1.tar:sam2/mask_to_object.json
scene085,phase0,7,meat_can,41,84,meat_can,meat_can,objects_meta/meat_can/questionnaire.json,objects/meat_can/,objects/meat_can/,scenes/scene085/0/labels/sam2_meta/v1.tar:sam2/mask_to_object.json
scene085,phase1,1,ladle,38,78,ladle,ladle,objects_meta/ladle/questionnaire.json,objects/ladle/,objects/ladle/,scenes/scene085/1/labels/sam2_meta/v1.tar:sam2/mask_to_object.json
scene085,phase1,2,power_drill,49,102,power_drill,power_drill,objects_meta/power_drill/questionnaire.json,objects/power_drill/,objects/power_drill/,scenes/scene085/1/labels/sam2_meta/v1.tar:sam2/mask_to_object.json
scene085,phase1,3,doll.1,20,43.1,doll,doll,objects_meta/doll.1/questionnaire.json,objects/doll.1/,objects/doll.1/,scenes/scene085/1/labels/sam2_meta/v1.tar:sam2/mask_to_object.json
scene085,phase1,4,soft_scrub_cleanser_bottle,58,121,soft_scrub_cleanser_bottle,soft_scrub_cleanser_bottle,objects_meta/soft_scrub_cleanser_bottle/questionnaire.json,objects/soft_scrub_cleanser_bottle/,objects/soft_scrub_cleanser_bottle/,scenes/scene085/1/labels/sam2_meta/v1.tar:sam2/mask_to_object.json
scene085,phase1,5,marker.5,40,83.5,marker,marker,objects_meta/marker.5/questionnaire.json,objects/marker.5/,objects/marker.5/,scenes/scene085/1/labels/sam2_meta/v1.tar:sam2/mask_to_object.json
scene085,phase1,6,alarm_clock,2,3,alarm_clock,alarm_clock,objects_meta/alarm_clock/questionnaire.json,objects/alarm_clock/,objects/alarm_clock/,scenes/scene085/1/labels/sam2_meta/v1.tar:sam2/mask_to_object.json
scene085,phase1,7,meat_can,41,84,meat_can,meat_can,objects_meta/meat_can/questionnaire.json,objects/meat_can/,objects/meat_can/,scenes/scene085/1/labels/sam2_meta/v1.tar:sam2/mask_to_object.json
scene085,phase2,1,ladle,38,78,ladle,ladle,objects_meta/ladle/questionnaire.json,objects/ladle/,objects/ladle/,scenes/scene085/2/labels/sam2_meta/v1.tar:sam2/mask_to_object.json
scene085,phase2,2,power_drill,49,102,power_drill,power_drill,objects_meta/power_drill/questionnaire.json,objects/power_drill/,objects/power_drill/,scenes/scene085/2/labels/sam2_meta/v1.tar:sam2/mask_to_object.json
scene085,phase2,3,doll.1,20,43.1,doll,doll,objects_meta/doll.1/questionnaire.json,objects/doll.1/,objects/doll.1/,scenes/scene085/2/labels/sam2_meta/v1.tar:sam2/mask_to_object.json
scene085,phase2,4,soft_scrub_cleanser_bottle,58,121,soft_scrub_cleanser_bottle,soft_scrub_cleanser_bottle,objects_meta/soft_scrub_cleanser_bottle/questionnaire.json,objects/soft_scrub_cleanser_bottle/,objects/soft_scrub_cleanser_bottle/,scenes/scene085/2/labels/sam2_meta/v1.tar:sam2/mask_to_object.json
scene085,phase2,5,marker.5,40,83.5,marker,marker,objects_meta/marker.5/questionnaire.json,objects/marker.5/,objects/marker.5/,scenes/scene085/2/labels/sam2_meta/v1.tar:sam2/mask_to_object.json
scene085,phase2,6,alarm_clock,2,3,alarm_clock,alarm_clock,objects_meta/alarm_clock/questionnaire.json,objects/alarm_clock/,objects/alarm_clock/,scenes/scene085/2/labels/sam2_meta/v1.tar:sam2/mask_to_object.json
scene085,phase2,7,meat_can,41,84,meat_can,meat_can,objects_meta/meat_can/questionnaire.json,objects/meat_can/,objects/meat_can/,scenes/scene085/2/labels/sam2_meta/v1.tar:sam2/mask_to_object.json
scene086,phase0,1,food_bag,22,50,food_bag,food_bag,objects_meta/food_bag/questionnaire.json,objects/food_bag/,objects/food_bag/,scenes/scene086/0/labels/sam2_meta/v1.tar:sam2/mask_to_object.json
scene086,phase0,2,milk_jug,43,86,milk_jug,milk_jug,objects_meta/milk_jug/questionnaire.json,objects/milk_jug/,objects/milk_jug/,scenes/scene086/0/labels/sam2_meta/v1.tar:sam2/mask_to_object.json
scene086,phase0,3,bear.1,9,14.1,bear,bear,objects_meta/bear.1/questionnaire.json,objects/bear.1/,objects/bear.1/,scenes/scene086/0/labels/sam2_meta/v1.tar:sam2/mask_to_object.json
scene086,phase0,4,shampoo_bottle,55,114,shampoo_bottle,shampoo_bottle,objects_meta/shampoo_bottle/questionnaire.json,objects/shampoo_bottle/,objects/shampoo_bottle/,scenes/scene086/0/labels/sam2_meta/v1.tar:sam2/mask_to_object.json
scene086,phase0,5,spatula.2,60,124.2,spatula,spatula,objects_meta/spatula.2/questionnaire.json,objects/spatula.2/,objects/spatula.2/,scenes/scene086/0/labels/sam2_meta/v1.tar:sam2/mask_to_object.json
scene086,phase0,6,glue_bottle.1,25,58.1,glue_bottle,glue_bottle,objects_meta/glue_bottle.1/questionnaire.json,objects/glue_bottle.1/,objects/glue_bottle.1/,scenes/scene086/0/labels/sam2_meta/v1.tar:sam2/mask_to_object.json
scene086,phase0,7,pear,47,95,pear,pear,objects_meta/pear/questionnaire.json,objects/pear/,objects/pear/,scenes/scene086/0/labels/sam2_meta/v1.tar:sam2/mask_to_object.json
scene086,phase1,1,food_bag,22,50,food_bag,food_bag,objects_meta/food_bag/questionnaire.json,objects/food_bag/,objects/food_bag/,scenes/scene086/1/labels/sam2_meta/v1.tar:sam2/mask_to_object.json
scene086,phase1,2,milk_jug,43,86,milk_jug,milk_jug,objects_meta/milk_jug/questionnaire.json,objects/milk_jug/,objects/milk_jug/,scenes/scene086/1/labels/sam2_meta/v1.tar:sam2/mask_to_object.json
scene086,phase1,3,bear.1,9,14.1,bear,bear,objects_meta/bear.1/questionnaire.json,objects/bear.1/,objects/bear.1/,scenes/scene086/1/labels/sam2_meta/v1.tar:sam2/mask_to_object.json
scene086,phase1,4,shampoo_bottle,55,114,shampoo_bottle,shampoo_bottle,objects_meta/shampoo_bottle/questionnaire.json,objects/shampoo_bottle/,objects/shampoo_bottle/,scenes/scene086/1/labels/sam2_meta/v1.tar:sam2/mask_to_object.json
scene086,phase1,5,spatula.2,60,124.2,spatula,spatula,objects_meta/spatula.2/questionnaire.json,objects/spatula.2/,objects/spatula.2/,scenes/scene086/1/labels/sam2_meta/v1.tar:sam2/mask_to_object.json
scene086,phase1,6,glue_bottle.1,25,58.1,glue_bottle,glue_bottle,objects_meta/glue_bottle.1/questionnaire.json,objects/glue_bottle.1/,objects/glue_bottle.1/,scenes/scene086/1/labels/sam2_meta/v1.tar:sam2/mask_to_object.json
scene086,phase1,7,pear,47,95,pear,pear,objects_meta/pear/questionnaire.json,objects/pear/,objects/pear/,scenes/scene086/1/labels/sam2_meta/v1.tar:sam2/mask_to_object.json
scene086,phase2,1,food_bag,22,50,food_bag,food_bag,objects_meta/food_bag/questionnaire.json,objects/food_bag/,objects/food_bag/,scenes/scene086/2/labels/sam2_meta/v1.tar:sam2/mask_to_object.json
scene086,phase2,2,milk_jug,43,86,milk_jug,milk_jug,objects_meta/milk_jug/questionnaire.json,objects/milk_jug/,objects/milk_jug/,scenes/scene086/2/labels/sam2_meta/v1.tar:sam2/mask_to_object.json
scene086,phase2,3,bear.1,9,14.1,bear,bear,objects_meta/bear.1/questionnaire.json,objects/bear.1/,objects/bear.1/,scenes/scene086/2/labels/sam2_meta/v1.tar:sam2/mask_to_object.json
scene086,phase2,4,shampoo_bottle,55,114,shampoo_bottle,shampoo_bottle,objects_meta/shampoo_bottle/questionnaire.json,objects/shampoo_bottle/,objects/shampoo_bottle/,scenes/scene086/2/labels/sam2_meta/v1.tar:sam2/mask_to_object.json
scene086,phase2,5,spatula.2,60,124.2,spatula,spatula,objects_meta/spatula.2/questionnaire.json,objects/spatula.2/,objects/spatula.2/,scenes/scene086/2/labels/sam2_meta/v1.tar:sam2/mask_to_object.json
scene086,phase2,6,glue_bottle.1,25,58.1,glue_bottle,glue_bottle,objects_meta/glue_bottle.1/questionnaire.json,objects/glue_bottle.1/,objects/glue_bottle.1/,scenes/scene086/2/labels/sam2_meta/v1.tar:sam2/mask_to_object.json
scene086,phase2,7,pear,47,95,pear,pear,objects_meta/pear/questionnaire.json,objects/pear/,objects/pear/,scenes/scene086/2/labels/sam2_meta/v1.tar:sam2/mask_to_object.json
scene087,phase0,1,helmet,31,68,helmet,helmet,objects_meta/helmet/questionnaire.json,objects/helmet/,objects/helmet/,scenes/scene087/0/labels/sam2_meta/v1.tar:sam2/mask_to_object.json
scene087,phase0,2,lion.2,39,82.2,lion,lion,objects_meta/lion.2/questionnaire.json,objects/lion.2/,objects/lion.2/,scenes/scene087/0/labels/sam2_meta/v1.tar:sam2/mask_to_object.json
scene087,phase0,3,teapot,65,137,teapot,teapot,objects_meta/teapot/questionnaire.json,objects/teapot/,objects/teapot/,scenes/scene087/0/labels/sam2_meta/v1.tar:sam2/mask_to_object.json
scene087,phase0,4,spray_bottle.2,62,127.2,spray_bottle,spray_bottle,objects_meta/spray_bottle.2/questionnaire.json,objects/spray_bottle.2/,objects/spray_bottle.2/,scenes/scene087/0/labels/sam2_meta/v1.tar:sam2/mask_to_object.json
scene087,phase0,5,game_controller,23,55,game_controller,game_controller,objects_meta/game_controller/questionnaire.json,objects/game_controller/,objects/game_controller/,scenes/scene087/0/labels/sam2_meta/v1.tar:sam2/mask_to_object.json
scene087,phase0,6,air_duster_can,1,1,air_duster_can,air_duster_can,objects_meta/air_duster_can/questionnaire.json,objects/air_duster_can/,objects/air_duster_can/,scenes/scene087/0/labels/sam2_meta/v1.tar:sam2/mask_to_object.json
scene087,phase0,7,t-handle.2,63,133.2,t-handle,t-handle,objects_meta/t-handle.2/questionnaire.json,objects/t-handle.2/,objects/t-handle.2/,scenes/scene087/0/labels/sam2_meta/v1.tar:sam2/mask_to_object.json
scene087,phase1,1,helmet,31,68,helmet,helmet,objects_meta/helmet/questionnaire.json,objects/helmet/,objects/helmet/,scenes/scene087/1/labels/sam2_meta/v1.tar:sam2/mask_to_object.json
scene087,phase1,2,lion.2,39,82.2,lion,lion,objects_meta/lion.2/questionnaire.json,objects/lion.2/,objects/lion.2/,scenes/scene087/1/labels/sam2_meta/v1.tar:sam2/mask_to_object.json
scene087,phase1,3,teapot,65,137,teapot,teapot,objects_meta/teapot/questionnaire.json,objects/teapot/,objects/teapot/,scenes/scene087/1/labels/sam2_meta/v1.tar:sam2/mask_to_object.json
scene087,phase1,4,spray_bottle.2,62,127.2,spray_bottle,spray_bottle,objects_meta/spray_bottle.2/questionnaire.json,objects/spray_bottle.2/,objects/spray_bottle.2/,scenes/scene087/1/labels/sam2_meta/v1.tar:sam2/mask_to_object.json
scene087,phase1,5,game_controller,23,55,game_controller,game_controller,objects_meta/game_controller/questionnaire.json,objects/game_controller/,objects/game_controller/,scenes/scene087/1/labels/sam2_meta/v1.tar:sam2/mask_to_object.json
scene087,phase1,6,air_duster_can,1,1,air_duster_can,air_duster_can,objects_meta/air_duster_can/questionnaire.json,objects/air_duster_can/,objects/air_duster_can/,scenes/scene087/1/labels/sam2_meta/v1.tar:sam2/mask_to_object.json
scene087,phase1,7,t-handle.2,63,133.2,t-handle,t-handle,objects_meta/t-handle.2/questionnaire.json,objects/t-handle.2/,objects/t-handle.2/,scenes/scene087/1/labels/sam2_meta/v1.tar:sam2/mask_to_object.json
scene087,phase2,1,helmet,31,68,helmet,helmet,objects_meta/helmet/questionnaire.json,objects/helmet/,objects/helmet/,scenes/scene087/2/labels/sam2_meta/v1.tar:sam2/mask_to_object.json
scene087,phase2,2,lion.2,39,82.2,lion,lion,objects_meta/lion.2/questionnaire.json,objects/lion.2/,objects/lion.2/,scenes/scene087/2/labels/sam2_meta/v1.tar:sam2/mask_to_object.json
scene087,phase2,3,teapot,65,137,teapot,teapot,objects_meta/teapot/questionnaire.json,objects/teapot/,objects/teapot/,scenes/scene087/2/labels/sam2_meta/v1.tar:sam2/mask_to_object.json
scene087,phase2,4,spray_bottle.2,62,127.2,spray_bottle,spray_bottle,objects_meta/spray_bottle.2/questionnaire.json,objects/spray_bottle.2/,objects/spray_bottle.2/,scenes/scene087/2/labels/sam2_meta/v1.tar:sam2/mask_to_object.json
scene087,phase2,5,game_controller,23,55,game_controller,game_controller,objects_meta/game_controller/questionnaire.json,objects/game_controller/,objects/game_controller/,scenes/scene087/2/labels/sam2_meta/v1.tar:sam2/mask_to_object.json
scene087,phase2,6,air_duster_can,1,1,air_duster_can,air_duster_can,objects_meta/air_duster_can/questionnaire.json,objects/air_duster_can/,objects/air_duster_can/,scenes/scene087/2/labels/sam2_meta/v1.tar:sam2/mask_to_object.json
scene087,phase2,7,t-handle.2,63,133.2,t-handle,t-handle,objects_meta/t-handle.2/questionnaire.json,objects/t-handle.2/,objects/t-handle.2/,scenes/scene087/2/labels/sam2_meta/v1.tar:sam2/mask_to_object.json
scene088,phase0,1,hammer.2,27,63.2,hammer,hammer,objects_meta/hammer.2/questionnaire.json,objects/hammer.2/,objects/hammer.2/,scenes/scene088/0/labels/sam2_meta/v1.tar:sam2/mask_to_object.json
scene088,phase0,2,handy_pot,28,65,handy_pot,handy_pot,objects_meta/handy_pot/questionnaire.json,objects/handy_pot/,objects/handy_pot/,scenes/scene088/0/labels/sam2_meta/v1.tar:sam2/mask_to_object.json
scene088,phase0,3,instant_noodle_packet,32,70,instant_noodle_packet,instant_noodle_packet,objects_meta/instant_noodle_packet/questionnaire.json,objects/instant_noodle_packet/,objects/instant_noodle_packet/,scenes/scene088/0/labels/sam2_meta/v1.tar:sam2/mask_to_object.json
scene088,phase0,4,jello_box.1,34,72.1,jello_box,jello_box,objects_meta/jello_box.1/questionnaire.json,objects/jello_box.1/,objects/jello_box.1/,scenes/scene088/0/labels/sam2_meta/v1.tar:sam2/mask_to_object.json
scene088,phase0,5,soup_can.1,59,122.1,soup_can,soup_can,objects_meta/soup_can.1/questionnaire.json,objects/soup_can.1/,objects/soup_can.1/,scenes/scene088/0/labels/sam2_meta/v1.tar:sam2/mask_to_object.json
scene088,phase0,6,soda_can.3,57,120.3,soda_can,soda_can,objects_meta/soda_can.3/questionnaire.json,objects/soda_can.3/,objects/soda_can.3/,scenes/scene088/0/labels/sam2_meta/v1.tar:sam2/mask_to_object.json
scene088,phase0,7,candy_bar.1,14,25.1,candy_bar,candy_bar,objects_meta/candy_bar.1/questionnaire.json,objects/candy_bar.1/,objects/candy_bar.1/,scenes/scene088/0/labels/sam2_meta/v1.tar:sam2/mask_to_object.json
scene088,phase1,1,hammer.2,27,63.2,hammer,hammer,objects_meta/hammer.2/questionnaire.json,objects/hammer.2/,objects/hammer.2/,scenes/scene088/1/labels/sam2_meta/v1.tar:sam2/mask_to_object.json
scene088,phase1,2,handy_pot,28,65,handy_pot,handy_pot,objects_meta/handy_pot/questionnaire.json,objects/handy_pot/,objects/handy_pot/,scenes/scene088/1/labels/sam2_meta/v1.tar:sam2/mask_to_object.json
scene088,phase1,3,instant_noodle_packet,32,70,instant_noodle_packet,instant_noodle_packet,objects_meta/instant_noodle_packet/questionnaire.json,objects/instant_noodle_packet/,objects/instant_noodle_packet/,scenes/scene088/1/labels/sam2_meta/v1.tar:sam2/mask_to_object.json
scene088,phase1,4,jello_box.1,34,72.1,jello_box,jello_box,objects_meta/jello_box.1/questionnaire.json,objects/jello_box.1/,objects/jello_box.1/,scenes/scene088/1/labels/sam2_meta/v1.tar:sam2/mask_to_object.json
scene088,phase1,5,soup_can.1,59,122.1,soup_can,soup_can,objects_meta/soup_can.1/questionnaire.json,objects/soup_can.1/,objects/soup_can.1/,scenes/scene088/1/labels/sam2_meta/v1.tar:sam2/mask_to_object.json
scene088,phase1,6,soda_can.3,57,120.3,soda_can,soda_can,objects_meta/soda_can.3/questionnaire.json,objects/soda_can.3/,objects/soda_can.3/,scenes/scene088/1/labels/sam2_meta/v1.tar:sam2/mask_to_object.json
scene088,phase1,7,candy_bar.1,14,25.1,candy_bar,candy_bar,objects_meta/candy_bar.1/questionnaire.json,objects/candy_bar.1/,objects/candy_bar.1/,scenes/scene088/1/labels/sam2_meta/v1.tar:sam2/mask_to_object.json
scene088,phase2,1,hammer.2,27,63.2,hammer,hammer,objects_meta/hammer.2/questionnaire.json,objects/hammer.2/,objects/hammer.2/,scenes/scene088/2/labels/sam2_meta/v1.tar:sam2/mask_to_object.json
scene088,phase2,2,handy_pot,28,65,handy_pot,handy_pot,objects_meta/handy_pot/questionnaire.json,objects/handy_pot/,objects/handy_pot/,scenes/scene088/2/labels/sam2_meta/v1.tar:sam2/mask_to_object.json
scene088,phase2,3,instant_noodle_packet,32,70,instant_noodle_packet,instant_noodle_packet,objects_meta/instant_noodle_packet/questionnaire.json,objects/instant_noodle_packet/,objects/instant_noodle_packet/,scenes/scene088/2/labels/sam2_meta/v1.tar:sam2/mask_to_object.json
scene088,phase2,4,jello_box.1,34,72.1,jello_box,jello_box,objects_meta/jello_box.1/questionnaire.json,objects/jello_box.1/,objects/jello_box.1/,scenes/scene088/2/labels/sam2_meta/v1.tar:sam2/mask_to_object.json
scene088,phase2,5,soup_can.1,59,122.1,soup_can,soup_can,objects_meta/soup_can.1/questionnaire.json,objects/soup_can.1/,objects/soup_can.1/,scenes/scene088/2/labels/sam2_meta/v1.tar:sam2/mask_to_object.json
scene088,phase2,6,soda_can.3,57,120.3,soda_can,soda_can,objects_meta/soda_can.3/questionnaire.json,objects/soda_can.3/,objects/soda_can.3/,scenes/scene088/2/labels/sam2_meta/v1.tar:sam2/mask_to_object.json
scene088,phase2,7,candy_bar.1,14,25.1,candy_bar,candy_bar,objects_meta/candy_bar.1/questionnaire.json,objects/candy_bar.1/,objects/candy_bar.1/,scenes/scene088/2/labels/sam2_meta/v1.tar:sam2/mask_to_object.json
scene089,phase0,1,boot.2,11,18.2,boot,boot,objects_meta/boot.2/questionnaire.json,objects/boot.2/,objects/boot.2/,scenes/scene089/0/labels/sam2_meta/v1.tar:sam2/mask_to_object.json
scene089,phase0,2,water_bottle.2,70,148.2,water_bottle,water_bottle,objects_meta/water_bottle.2/questionnaire.json,objects/water_bottle.2/,objects/water_bottle.2/,scenes/scene089/0/labels/sam2_meta/v1.tar:sam2/mask_to_object.json
scene089,phase0,3,cleaning_brush,15,34,cleaning_brush,cleaning_brush,objects_meta/cleaning_brush/questionnaire.json,objects/cleaning_brush/,objects/cleaning_brush/,scenes/scene089/0/labels/sam2_meta/v1.tar:sam2/mask_to_object.json
scene089,phase0,4,towel.2,68,144.2,towel,towel,objects_meta/towel.2/questionnaire.json,objects/towel.2/,objects/towel.2/,scenes/scene089/0/labels/sam2_meta/v1.tar:sam2/mask_to_object.json
scene089,phase0,5,jar,33,71,jar,jar,objects_meta/jar/questionnaire.json,objects/jar/,objects/jar/,scenes/scene089/0/labels/sam2_meta/v1.tar:sam2/mask_to_object.json
scene089,phase0,6,basting_brush.1,7,11.1,basting_brush,basting_brush,objects_meta/basting_brush.1/questionnaire.json,objects/basting_brush.1/,objects/basting_brush.1/,scenes/scene089/0/labels/sam2_meta/v1.tar:sam2/mask_to_object.json
scene089,phase0,7,remote_controller,52,107,remote_controller,remote_controller,objects_meta/remote_controller/questionnaire.json,objects/remote_controller/,objects/remote_controller/,scenes/scene089/0/labels/sam2_meta/v1.tar:sam2/mask_to_object.json
scene089,phase1,1,boot.2,11,18.2,boot,boot,objects_meta/boot.2/questionnaire.json,objects/boot.2/,objects/boot.2/,scenes/scene089/1/labels/sam2_meta/v1.tar:sam2/mask_to_object.json
scene089,phase1,2,water_bottle.2,70,148.2,water_bottle,water_bottle,objects_meta/water_bottle.2/questionnaire.json,objects/water_bottle.2/,objects/water_bottle.2/,scenes/scene089/1/labels/sam2_meta/v1.tar:sam2/mask_to_object.json
scene089,phase1,3,cleaning_brush,15,34,cleaning_brush,cleaning_brush,objects_meta/cleaning_brush/questionnaire.json,objects/cleaning_brush/,objects/cleaning_brush/,scenes/scene089/1/labels/sam2_meta/v1.tar:sam2/mask_to_object.json
scene089,phase1,4,towel.2,68,144.2,towel,towel,objects_meta/towel.2/questionnaire.json,objects/towel.2/,objects/towel.2/,scenes/scene089/1/labels/sam2_meta/v1.tar:sam2/mask_to_object.json
scene089,phase1,5,jar,33,71,jar,jar,objects_meta/jar/questionnaire.json,objects/jar/,objects/jar/,scenes/scene089/1/labels/sam2_meta/v1.tar:sam2/mask_to_object.json
scene089,phase1,6,basting_brush.1,7,11.1,basting_brush,basting_brush,objects_meta/basting_brush.1/questionnaire.json,objects/basting_brush.1/,objects/basting_brush.1/,scenes/scene089/1/labels/sam2_meta/v1.tar:sam2/mask_to_object.json
scene089,phase1,7,remote_controller,52,107,remote_controller,remote_controller,objects_meta/remote_controller/questionnaire.json,objects/remote_controller/,objects/remote_controller/,scenes/scene089/1/labels/sam2_meta/v1.tar:sam2/mask_to_object.json
scene089,phase2,1,boot.2,11,18.2,boot,boot,objects_meta/boot.2/questionnaire.json,objects/boot.2/,objects/boot.2/,scenes/scene089/2/labels/sam2_meta/v1.tar:sam2/mask_to_object.json
scene089,phase2,2,water_bottle.2,70,148.2,water_bottle,water_bottle,objects_meta/water_bottle.2/questionnaire.json,objects/water_bottle.2/,objects/water_bottle.2/,scenes/scene089/2/labels/sam2_meta/v1.tar:sam2/mask_to_object.json
scene089,phase2,3,cleaning_brush,15,34,cleaning_brush,cleaning_brush,objects_meta/cleaning_brush/questionnaire.json,objects/cleaning_brush/,objects/cleaning_brush/,scenes/scene089/2/labels/sam2_meta/v1.tar:sam2/mask_to_object.json
scene089,phase2,4,towel.2,68,144.2,towel,towel,objects_meta/towel.2/questionnaire.json,objects/towel.2/,objects/towel.2/,scenes/scene089/2/labels/sam2_meta/v1.tar:sam2/mask_to_object.json
scene089,phase2,5,jar,33,71,jar,jar,objects_meta/jar/questionnaire.json,objects/jar/,objects/jar/,scenes/scene089/2/labels/sam2_meta/v1.tar:sam2/mask_to_object.json
scene089,phase2,6,basting_brush.1,7,11.1,basting_brush,basting_brush,objects_meta/basting_brush.1/questionnaire.json,objects/basting_brush.1/,objects/basting_brush.1/,scenes/scene089/2/labels/sam2_meta/v1.tar:sam2/mask_to_object.json
scene089,phase2,7,remote_controller,52,107,remote_controller,remote_controller,objects_meta/remote_controller/questionnaire.json,objects/remote_controller/,objects/remote_controller/,scenes/scene089/2/labels/sam2_meta/v1.tar:sam2/mask_to_object.json
scene090,phase0,1,bowl.1,12,20.1,bowl,bowl,objects_meta/bowl.1/questionnaire.json,objects/bowl.1/,objects/bowl.1/,scenes/scene090/0/labels/sam2_meta/v1.tar:sam2/mask_to_object.json
scene090,phase0,2,banana,5,9,banana,banana,objects_meta/banana/questionnaire.json,objects/banana/,objects/banana/,scenes/scene090/0/labels/sam2_meta/v1.tar:sam2/mask_to_object.json
scene090,phase0,3,cable,13,23,cable,cable,objects_meta/cable/questionnaire.json,objects/cable/,objects/cable/,scenes/scene090/0/labels/sam2_meta/v1.tar:sam2/mask_to_object.json
scene090,phase0,4,root_beer_bottle,53,109,root_beer_bottle,root_beer_bottle,objects_meta/root_beer_bottle/questionnaire.json,objects/root_beer_bottle/,objects/root_beer_bottle/,scenes/scene090/0/labels/sam2_meta/v1.tar:sam2/mask_to_object.json
scene090,phase0,5,peeler.2,48,96.2,peeler,peeler,objects_meta/peeler.2/questionnaire.json,objects/peeler.2/,objects/peeler.2/,scenes/scene090/0/labels/sam2_meta/v1.tar:sam2/mask_to_object.json
scene090,phase0,6,scissors.1,54,113.1,scissors,scissors,objects_meta/scissors.1/questionnaire.json,objects/scissors.1/,objects/scissors.1/,scenes/scene090/0/labels/sam2_meta/v1.tar:sam2/mask_to_object.json
scene090,phase0,7,cup.1,19,40.1,cup,cup,objects_meta/cup.1/questionnaire.json,objects/cup.1/,objects/cup.1/,scenes/scene090/0/labels/sam2_meta/v1.tar:sam2/mask_to_object.json
scene090,phase1,1,bowl.1,12,20.1,bowl,bowl,objects_meta/bowl.1/questionnaire.json,objects/bowl.1/,objects/bowl.1/,scenes/scene090/1/labels/sam2_meta/v1.tar:sam2/mask_to_object.json
scene090,phase1,2,banana,5,9,banana,banana,objects_meta/banana/questionnaire.json,objects/banana/,objects/banana/,scenes/scene090/1/labels/sam2_meta/v1.tar:sam2/mask_to_object.json
scene090,phase1,3,cable,13,23,cable,cable,objects_meta/cable/questionnaire.json,objects/cable/,objects/cable/,scenes/scene090/1/labels/sam2_meta/v1.tar:sam2/mask_to_object.json
scene090,phase1,4,root_beer_bottle,53,109,root_beer_bottle,root_beer_bottle,objects_meta/root_beer_bottle/questionnaire.json,objects/root_beer_bottle/,objects/root_beer_bottle/,scenes/scene090/1/labels/sam2_meta/v1.tar:sam2/mask_to_object.json
scene090,phase1,5,peeler.2,48,96.2,peeler,peeler,objects_meta/peeler.2/questionnaire.json,objects/peeler.2/,objects/peeler.2/,scenes/scene090/1/labels/sam2_meta/v1.tar:sam2/mask_to_object.json
scene090,phase1,6,scissors.1,54,113.1,scissors,scissors,objects_meta/scissors.1/questionnaire.json,objects/scissors.1/,objects/scissors.1/,scenes/scene090/1/labels/sam2_meta/v1.tar:sam2/mask_to_object.json
scene090,phase1,7,cup.1,19,40.1,cup,cup,objects_meta/cup.1/questionnaire.json,objects/cup.1/,objects/cup.1/,scenes/scene090/1/labels/sam2_meta/v1.tar:sam2/mask_to_object.json
scene090,phase2,1,bowl.1,12,20.1,bowl,bowl,objects_meta/bowl.1/questionnaire.json,objects/bowl.1/,objects/bowl.1/,scenes/scene090/2/labels/sam2_meta/v1.tar:sam2/mask_to_object.json
scene090,phase2,2,banana,5,9,banana,banana,objects_meta/banana/questionnaire.json,objects/banana/,objects/banana/,scenes/scene090/2/labels/sam2_meta/v1.tar:sam2/mask_to_object.json
scene090,phase2,3,cable,13,23,cable,cable,objects_meta/cable/questionnaire.json,objects/cable/,objects/cable/,scenes/scene090/2/labels/sam2_meta/v1.tar:sam2/mask_to_object.json
scene090,phase2,4,root_beer_bottle,53,109,root_beer_bottle,root_beer_bottle,objects_meta/root_beer_bottle/questionnaire.json,objects/root_beer_bottle/,objects/root_beer_bottle/,scenes/scene090/2/labels/sam2_meta/v1.tar:sam2/mask_to_object.json
scene090,phase2,5,peeler.2,48,96.2,peeler,peeler,objects_meta/peeler.2/questionnaire.json,objects/peeler.2/,objects/peeler.2/,scenes/scene090/2/labels/sam2_meta/v1.tar:sam2/mask_to_object.json
scene090,phase2,6,scissors.1,54,113.1,scissors,scissors,objects_meta/scissors.1/questionnaire.json,objects/scissors.1/,objects/scissors.1/,scenes/scene090/2/labels/sam2_meta/v1.tar:sam2/mask_to_object.json
scene090,phase2,7,cup.1,19,40.1,cup,cup,objects_meta/cup.1/questionnaire.json,objects/cup.1/,objects/cup.1/,scenes/scene090/2/labels/sam2_meta/v1.tar:sam2/mask_to_object.json
scene091,phase0,1,glove.2,24,57.2,glove,glove,objects_meta/glove.2/questionnaire.json,objects/glove.2/,objects/glove.2/,scenes/scene091/0/labels/sam2_meta/v1.tar:sam2/mask_to_object.json
scene091,phase0,2,lion.2,39,82.2,lion,lion,objects_meta/lion.2/questionnaire.json,objects/lion.2/,objects/lion.2/,scenes/scene091/0/labels/sam2_meta/v1.tar:sam2/mask_to_object.json
scene091,phase0,3,spatula.2,60,124.2,spatula,spatula,objects_meta/spatula.2/questionnaire.json,objects/spatula.2/,objects/spatula.2/,scenes/scene091/0/labels/sam2_meta/v1.tar:sam2/mask_to_object.json
scene091,phase0,4,pump_bottle.2,51,105.2,pump_bottle,pump_bottle,objects_meta/pump_bottle.2/questionnaire.json,objects/pump_bottle.2/,objects/pump_bottle.2/,scenes/scene091/0/labels/sam2_meta/v1.tar:sam2/mask_to_object.json
scene091,phase0,5,game_controller,23,55,game_controller,game_controller,objects_meta/game_controller/questionnaire.json,objects/game_controller/,objects/game_controller/,scenes/scene091/0/labels/sam2_meta/v1.tar:sam2/mask_to_object.json
scene091,phase0,6,soda_can.3,57,120.3,soda_can,soda_can,objects_meta/soda_can.3/questionnaire.json,objects/soda_can.3/,objects/soda_can.3/,scenes/scene091/0/labels/sam2_meta/v1.tar:sam2/mask_to_object.json
scene091,phase0,7,pear,47,95,pear,pear,objects_meta/pear/questionnaire.json,objects/pear/,objects/pear/,scenes/scene091/0/labels/sam2_meta/v1.tar:sam2/mask_to_object.json
scene091,phase1,1,glove.2,24,57.2,glove,glove,objects_meta/glove.2/questionnaire.json,objects/glove.2/,objects/glove.2/,scenes/scene091/1/labels/sam2_meta/v1.tar:sam2/mask_to_object.json
scene091,phase1,2,lion.2,39,82.2,lion,lion,objects_meta/lion.2/questionnaire.json,objects/lion.2/,objects/lion.2/,scenes/scene091/1/labels/sam2_meta/v1.tar:sam2/mask_to_object.json
scene091,phase1,3,spatula.2,60,124.2,spatula,spatula,objects_meta/spatula.2/questionnaire.json,objects/spatula.2/,objects/spatula.2/,scenes/scene091/1/labels/sam2_meta/v1.tar:sam2/mask_to_object.json
scene091,phase1,4,pump_bottle.2,51,105.2,pump_bottle,pump_bottle,objects_meta/pump_bottle.2/questionnaire.json,objects/pump_bottle.2/,objects/pump_bottle.2/,scenes/scene091/1/labels/sam2_meta/v1.tar:sam2/mask_to_object.json
scene091,phase1,5,game_controller,23,55,game_controller,game_controller,objects_meta/game_controller/questionnaire.json,objects/game_controller/,objects/game_controller/,scenes/scene091/1/labels/sam2_meta/v1.tar:sam2/mask_to_object.json
scene091,phase1,6,soda_can.3,57,120.3,soda_can,soda_can,objects_meta/soda_can.3/questionnaire.json,objects/soda_can.3/,objects/soda_can.3/,scenes/scene091/1/labels/sam2_meta/v1.tar:sam2/mask_to_object.json
scene091,phase1,7,pear,47,95,pear,pear,objects_meta/pear/questionnaire.json,objects/pear/,objects/pear/,scenes/scene091/1/labels/sam2_meta/v1.tar:sam2/mask_to_object.json
scene091,phase2,1,glove.2,24,57.2,glove,glove,objects_meta/glove.2/questionnaire.json,objects/glove.2/,objects/glove.2/,scenes/scene091/2/labels/sam2_meta/v1.tar:sam2/mask_to_object.json
scene091,phase2,2,lion.2,39,82.2,lion,lion,objects_meta/lion.2/questionnaire.json,objects/lion.2/,objects/lion.2/,scenes/scene091/2/labels/sam2_meta/v1.tar:sam2/mask_to_object.json
scene091,phase2,3,spatula.2,60,124.2,spatula,spatula,objects_meta/spatula.2/questionnaire.json,objects/spatula.2/,objects/spatula.2/,scenes/scene091/2/labels/sam2_meta/v1.tar:sam2/mask_to_object.json
scene091,phase2,4,pump_bottle.2,51,105.2,pump_bottle,pump_bottle,objects_meta/pump_bottle.2/questionnaire.json,objects/pump_bottle.2/,objects/pump_bottle.2/,scenes/scene091/2/labels/sam2_meta/v1.tar:sam2/mask_to_object.json
scene091,phase2,5,game_controller,23,55,game_controller,game_controller,objects_meta/game_controller/questionnaire.json,objects/game_controller/,objects/game_controller/,scenes/scene091/2/labels/sam2_meta/v1.tar:sam2/mask_to_object.json
scene091,phase2,6,soda_can.3,57,120.3,soda_can,soda_can,objects_meta/soda_can.3/questionnaire.json,objects/soda_can.3/,objects/soda_can.3/,scenes/scene091/2/labels/sam2_meta/v1.tar:sam2/mask_to_object.json
scene091,phase2,7,pear,47,95,pear,pear,objects_meta/pear/questionnaire.json,objects/pear/,objects/pear/,scenes/scene091/2/labels/sam2_meta/v1.tar:sam2/mask_to_object.json
scene092,phase0,1,hat.1,29,66.1,hat,hat,objects_meta/hat.1/questionnaire.json,objects/hat.1/,objects/hat.1/,scenes/scene092/0/labels/sam2_meta/v1.tar:sam2/mask_to_object.json
scene092,phase0,2,knife.1,37,77.1,knife,knife,objects_meta/knife.1/questionnaire.json,objects/knife.1/,objects/knife.1/,scenes/scene092/0/labels/sam2_meta/v1.tar:sam2/mask_to_object.json
scene092,phase0,3,helmet,31,68,helmet,helmet,objects_meta/helmet/questionnaire.json,objects/helmet/,objects/helmet/,scenes/scene092/0/labels/sam2_meta/v1.tar:sam2/mask_to_object.json
scene092,phase0,4,food_bag,22,50,food_bag,food_bag,objects_meta/food_bag/questionnaire.json,objects/food_bag/,objects/food_bag/,scenes/scene092/0/labels/sam2_meta/v1.tar:sam2/mask_to_object.json
scene092,phase0,5,milk_box.1,42,85.1,milk_box,milk_box,objects_meta/milk_box.1/questionnaire.json,objects/milk_box.1/,objects/milk_box.1/,scenes/scene092/0/labels/sam2_meta/v1.tar:sam2/mask_to_object.json
scene092,phase0,6,boot.2,11,18.2,boot,boot,objects_meta/boot.2/questionnaire.json,objects/boot.2/,objects/boot.2/,scenes/scene092/0/labels/sam2_meta/v1.tar:sam2/mask_to_object.json
scene092,phase0,7,headphone,30,67,headphone,headphone,objects_meta/headphone/questionnaire.json,objects/headphone/,objects/headphone/,scenes/scene092/0/labels/sam2_meta/v1.tar:sam2/mask_to_object.json
scene092,phase1,1,hat.1,29,66.1,hat,hat,objects_meta/hat.1/questionnaire.json,objects/hat.1/,objects/hat.1/,scenes/scene092/1/labels/sam2_meta/v1.tar:sam2/mask_to_object.json
scene092,phase1,2,knife.1,37,77.1,knife,knife,objects_meta/knife.1/questionnaire.json,objects/knife.1/,objects/knife.1/,scenes/scene092/1/labels/sam2_meta/v1.tar:sam2/mask_to_object.json
scene092,phase1,3,helmet,31,68,helmet,helmet,objects_meta/helmet/questionnaire.json,objects/helmet/,objects/helmet/,scenes/scene092/1/labels/sam2_meta/v1.tar:sam2/mask_to_object.json
scene092,phase1,4,food_bag,22,50,food_bag,food_bag,objects_meta/food_bag/questionnaire.json,objects/food_bag/,objects/food_bag/,scenes/scene092/1/labels/sam2_meta/v1.tar:sam2/mask_to_object.json
scene092,phase1,5,milk_box.1,42,85.1,milk_box,milk_box,objects_meta/milk_box.1/questionnaire.json,objects/milk_box.1/,objects/milk_box.1/,scenes/scene092/1/labels/sam2_meta/v1.tar:sam2/mask_to_object.json
scene092,phase1,6,boot.2,11,18.2,boot,boot,objects_meta/boot.2/questionnaire.json,objects/boot.2/,objects/boot.2/,scenes/scene092/1/labels/sam2_meta/v1.tar:sam2/mask_to_object.json
scene092,phase1,7,headphone,30,67,headphone,headphone,objects_meta/headphone/questionnaire.json,objects/headphone/,objects/headphone/,scenes/scene092/1/labels/sam2_meta/v1.tar:sam2/mask_to_object.json
scene092,phase2,1,hat.1,29,66.1,hat,hat,objects_meta/hat.1/questionnaire.json,objects/hat.1/,objects/hat.1/,scenes/scene092/2/labels/sam2_meta/v1.tar:sam2/mask_to_object.json
scene092,phase2,2,knife.1,37,77.1,knife,knife,objects_meta/knife.1/questionnaire.json,objects/knife.1/,objects/knife.1/,scenes/scene092/2/labels/sam2_meta/v1.tar:sam2/mask_to_object.json
scene092,phase2,3,helmet,31,68,helmet,helmet,objects_meta/helmet/questionnaire.json,objects/helmet/,objects/helmet/,scenes/scene092/2/labels/sam2_meta/v1.tar:sam2/mask_to_object.json
scene092,phase2,4,food_bag,22,50,food_bag,food_bag,objects_meta/food_bag/questionnaire.json,objects/food_bag/,objects/food_bag/,scenes/scene092/2/labels/sam2_meta/v1.tar:sam2/mask_to_object.json
scene092,phase2,5,milk_box.1,42,85.1,milk_box,milk_box,objects_meta/milk_box.1/questionnaire.json,objects/milk_box.1/,objects/milk_box.1/,scenes/scene092/2/labels/sam2_meta/v1.tar:sam2/mask_to_object.json
scene092,phase2,6,boot.2,11,18.2,boot,boot,objects_meta/boot.2/questionnaire.json,objects/boot.2/,objects/boot.2/,scenes/scene092/2/labels/sam2_meta/v1.tar:sam2/mask_to_object.json
scene092,phase2,7,headphone,30,67,headphone,headphone,objects_meta/headphone/questionnaire.json,objects/headphone/,objects/headphone/,scenes/scene092/2/labels/sam2_meta/v1.tar:sam2/mask_to_object.json
scene093,phase0,1,towel.2,68,144.2,towel,towel,objects_meta/towel.2/questionnaire.json,objects/towel.2/,objects/towel.2/,scenes/scene093/0/labels/sam2_meta/v1.tar:sam2/mask_to_object.json
scene093,phase0,2,pringles_can.2,50,103.2,pringles_can,pringles_can,objects_meta/pringles_can.2/questionnaire.json,objects/pringles_can.2/,objects/pringles_can.2/,scenes/scene093/0/labels/sam2_meta/v1.tar:sam2/mask_to_object.json
scene093,phase0,3,hairbrush,26,62,hair_brush,hair_brush,objects_meta/hairbrush/questionnaire.json,objects/hairbrush/,objects/hairbrush/,scenes/scene093/0/labels/sam2_meta/v1.tar:sam2/mask_to_object.json
scene093,phase0,4,t-handle.2,63,133.2,t-handle,t-handle,objects_meta/t-handle.2/questionnaire.json,objects/t-handle.2/,objects/t-handle.2/,scenes/scene093/0/labels/sam2_meta/v1.tar:sam2/mask_to_object.json
scene093,phase0,5,alarm_clock,2,3,alarm_clock,alarm_clock,objects_meta/alarm_clock/questionnaire.json,objects/alarm_clock/,objects/alarm_clock/,scenes/scene093/0/labels/sam2_meta/v1.tar:sam2/mask_to_object.json
scene093,phase0,6,apple,3,5,apple,apple,objects_meta/apple/questionnaire.json,objects/apple/,objects/apple/,scenes/scene093/0/labels/sam2_meta/v1.tar:sam2/mask_to_object.json
scene093,phase0,7,mouse.3,44,87.3,mouse,mouse,objects_meta/mouse.3/questionnaire.json,objects/mouse.3/,objects/mouse.3/,scenes/scene093/0/labels/sam2_meta/v1.tar:sam2/mask_to_object.json
scene093,phase1,1,towel.2,68,144.2,towel,towel,objects_meta/towel.2/questionnaire.json,objects/towel.2/,objects/towel.2/,scenes/scene093/1/labels/sam2_meta/v1.tar:sam2/mask_to_object.json
scene093,phase1,2,pringles_can.2,50,103.2,pringles_can,pringles_can,objects_meta/pringles_can.2/questionnaire.json,objects/pringles_can.2/,objects/pringles_can.2/,scenes/scene093/1/labels/sam2_meta/v1.tar:sam2/mask_to_object.json
scene093,phase1,3,hairbrush,26,62,hair_brush,hair_brush,objects_meta/hairbrush/questionnaire.json,objects/hairbrush/,objects/hairbrush/,scenes/scene093/1/labels/sam2_meta/v1.tar:sam2/mask_to_object.json
scene093,phase1,4,t-handle.2,63,133.2,t-handle,t-handle,objects_meta/t-handle.2/questionnaire.json,objects/t-handle.2/,objects/t-handle.2/,scenes/scene093/1/labels/sam2_meta/v1.tar:sam2/mask_to_object.json
scene093,phase1,5,alarm_clock,2,3,alarm_clock,alarm_clock,objects_meta/alarm_clock/questionnaire.json,objects/alarm_clock/,objects/alarm_clock/,scenes/scene093/1/labels/sam2_meta/v1.tar:sam2/mask_to_object.json
scene093,phase1,6,apple,3,5,apple,apple,objects_meta/apple/questionnaire.json,objects/apple/,objects/apple/,scenes/scene093/1/labels/sam2_meta/v1.tar:sam2/mask_to_object.json
scene093,phase1,7,mouse.3,44,87.3,mouse,mouse,objects_meta/mouse.3/questionnaire.json,objects/mouse.3/,objects/mouse.3/,scenes/scene093/1/labels/sam2_meta/v1.tar:sam2/mask_to_object.json
scene093,phase2,1,towel.2,68,144.2,towel,towel,objects_meta/towel.2/questionnaire.json,objects/towel.2/,objects/towel.2/,scenes/scene093/2/labels/sam2_meta/v1.tar:sam2/mask_to_object.json
scene093,phase2,2,pringles_can.2,50,103.2,pringles_can,pringles_can,objects_meta/pringles_can.2/questionnaire.json,objects/pringles_can.2/,objects/pringles_can.2/,scenes/scene093/2/labels/sam2_meta/v1.tar:sam2/mask_to_object.json
scene093,phase2,3,hairbrush,26,62,hair_brush,hair_brush,objects_meta/hairbrush/questionnaire.json,objects/hairbrush/,objects/hairbrush/,scenes/scene093/2/labels/sam2_meta/v1.tar:sam2/mask_to_object.json
scene093,phase2,4,t-handle.2,63,133.2,t-handle,t-handle,objects_meta/t-handle.2/questionnaire.json,objects/t-handle.2/,objects/t-handle.2/,scenes/scene093/2/labels/sam2_meta/v1.tar:sam2/mask_to_object.json
scene093,phase2,5,alarm_clock,2,3,alarm_clock,alarm_clock,objects_meta/alarm_clock/questionnaire.json,objects/alarm_clock/,objects/alarm_clock/,scenes/scene093/2/labels/sam2_meta/v1.tar:sam2/mask_to_object.json
scene093,phase2,6,apple,3,5,apple,apple,objects_meta/apple/questionnaire.json,objects/apple/,objects/apple/,scenes/scene093/2/labels/sam2_meta/v1.tar:sam2/mask_to_object.json
scene093,phase2,7,mouse.3,44,87.3,mouse,mouse,objects_meta/mouse.3/questionnaire.json,objects/mouse.3/,objects/mouse.3/,scenes/scene093/2/labels/sam2_meta/v1.tar:sam2/mask_to_object.json
scene094,phase0,1,kettle,36,74,kettle,kettle,objects_meta/kettle/questionnaire.json,objects/kettle/,objects/kettle/,scenes/scene094/0/labels/sam2_meta/v1.tar:sam2/mask_to_object.json
scene094,phase0,2,mustard_bottle.3,46,89.3,mustard_bottle,mustard_bottle,objects_meta/mustard_bottle.3/questionnaire.json,objects/mustard_bottle.3/,objects/mustard_bottle.3/,scenes/scene094/0/labels/sam2_meta/v1.tar:sam2/mask_to_object.json
scene094,phase0,3,jar,33,71,jar,jar,objects_meta/jar/questionnaire.json,objects/jar/,objects/jar/,scenes/scene094/0/labels/sam2_meta/v1.tar:sam2/mask_to_object.json
scene094,phase0,4,bear.1,9,14.1,bear,bear,objects_meta/bear.1/questionnaire.json,objects/bear.1/,objects/bear.1/,scenes/scene094/0/labels/sam2_meta/v1.tar:sam2/mask_to_object.json
scene094,phase0,5,shampoo_bottle,55,114,shampoo_bottle,shampoo_bottle,objects_meta/shampoo_bottle/questionnaire.json,objects/shampoo_bottle/,objects/shampoo_bottle/,scenes/scene094/0/labels/sam2_meta/v1.tar:sam2/mask_to_object.json
scene094,phase0,6,toothpaste,67,142,toothpaste,toothpaste,objects_meta/toothpaste/questionnaire.json,objects/toothpaste/,objects/toothpaste/,scenes/scene094/0/labels/sam2_meta/v1.tar:sam2/mask_to_object.json
scene094,phase0,7,banana,5,9,banana,banana,objects_meta/banana/questionnaire.json,objects/banana/,objects/banana/,scenes/scene094/0/labels/sam2_meta/v1.tar:sam2/mask_to_object.json
scene094,phase1,1,kettle,36,74,kettle,kettle,objects_meta/kettle/questionnaire.json,objects/kettle/,objects/kettle/,scenes/scene094/1/labels/sam2_meta/v1.tar:sam2/mask_to_object.json
scene094,phase1,2,mustard_bottle.3,46,89.3,mustard_bottle,mustard_bottle,objects_meta/mustard_bottle.3/questionnaire.json,objects/mustard_bottle.3/,objects/mustard_bottle.3/,scenes/scene094/1/labels/sam2_meta/v1.tar:sam2/mask_to_object.json
scene094,phase1,3,jar,33,71,jar,jar,objects_meta/jar/questionnaire.json,objects/jar/,objects/jar/,scenes/scene094/1/labels/sam2_meta/v1.tar:sam2/mask_to_object.json
scene094,phase1,4,bear.1,9,14.1,bear,bear,objects_meta/bear.1/questionnaire.json,objects/bear.1/,objects/bear.1/,scenes/scene094/1/labels/sam2_meta/v1.tar:sam2/mask_to_object.json
scene094,phase1,5,shampoo_bottle,55,114,shampoo_bottle,shampoo_bottle,objects_meta/shampoo_bottle/questionnaire.json,objects/shampoo_bottle/,objects/shampoo_bottle/,scenes/scene094/1/labels/sam2_meta/v1.tar:sam2/mask_to_object.json
scene094,phase1,6,toothpaste,67,142,toothpaste,toothpaste,objects_meta/toothpaste/questionnaire.json,objects/toothpaste/,objects/toothpaste/,scenes/scene094/1/labels/sam2_meta/v1.tar:sam2/mask_to_object.json
scene094,phase1,7,banana,5,9,banana,banana,objects_meta/banana/questionnaire.json,objects/banana/,objects/banana/,scenes/scene094/1/labels/sam2_meta/v1.tar:sam2/mask_to_object.json
scene094,phase2,1,kettle,36,74,kettle,kettle,objects_meta/kettle/questionnaire.json,objects/kettle/,objects/kettle/,scenes/scene094/2/labels/sam2_meta/v1.tar:sam2/mask_to_object.json
scene094,phase2,2,mustard_bottle.3,46,89.3,mustard_bottle,mustard_bottle,objects_meta/mustard_bottle.3/questionnaire.json,objects/mustard_bottle.3/,objects/mustard_bottle.3/,scenes/scene094/2/labels/sam2_meta/v1.tar:sam2/mask_to_object.json
scene094,phase2,3,jar,33,71,jar,jar,objects_meta/jar/questionnaire.json,objects/jar/,objects/jar/,scenes/scene094/2/labels/sam2_meta/v1.tar:sam2/mask_to_object.json
scene094,phase2,4,bear.1,9,14.1,bear,bear,objects_meta/bear.1/questionnaire.json,objects/bear.1/,objects/bear.1/,scenes/scene094/2/labels/sam2_meta/v1.tar:sam2/mask_to_object.json
scene094,phase2,5,shampoo_bottle,55,114,shampoo_bottle,shampoo_bottle,objects_meta/shampoo_bottle/questionnaire.json,objects/shampoo_bottle/,objects/shampoo_bottle/,scenes/scene094/2/labels/sam2_meta/v1.tar:sam2/mask_to_object.json
scene094,phase2,6,toothpaste,67,142,toothpaste,toothpaste,objects_meta/toothpaste/questionnaire.json,objects/toothpaste/,objects/toothpaste/,scenes/scene094/2/labels/sam2_meta/v1.tar:sam2/mask_to_object.json
scene094,phase2,7,banana,5,9,banana,banana,objects_meta/banana/questionnaire.json,objects/banana/,objects/banana/,scenes/scene094/2/labels/sam2_meta/v1.tar:sam2/mask_to_object.json
scene095,phase0,1,book.3,10,17.3,book,book,objects_meta/book.3/questionnaire.json,objects/book.3/,objects/book.3/,scenes/scene095/0/labels/sam2_meta/v1.tar:sam2/mask_to_object.json
scene095,phase0,2,spray_bottle.2,62,127.2,spray_bottle,spray_bottle,objects_meta/spray_bottle.2/questionnaire.json,objects/spray_bottle.2/,objects/spray_bottle.2/,scenes/scene095/0/labels/sam2_meta/v1.tar:sam2/mask_to_object.json
scene095,phase0,3,umbrella,69,147,umbrella,umbrella,objects_meta/umbrella/questionnaire.json,objects/umbrella/,objects/umbrella/,scenes/scene095/0/labels/sam2_meta/v1.tar:sam2/mask_to_object.json
scene095,phase0,4,mug.2,45,88.2,mug,mug,objects_meta/mug.2/questionnaire.json,objects/mug.2/,objects/mug.2/,scenes/scene095/0/labels/sam2_meta/v1.tar:sam2/mask_to_object.json
scene095,phase0,5,tong,66,141,tong,tong,objects_meta/tong/questionnaire.json,objects/tong/,objects/tong/,scenes/scene095/0/labels/sam2_meta/v1.tar:sam2/mask_to_object.json
scene095,phase0,6,basting_brush.1,7,11.1,basting_brush,basting_brush,objects_meta/basting_brush.1/questionnaire.json,objects/basting_brush.1/,objects/basting_brush.1/,scenes/scene095/0/labels/sam2_meta/v1.tar:sam2/mask_to_object.json
scene095,phase0,7,tape_measure,64,135,tape_measure,tape_measure,objects_meta/tape_measure/questionnaire.json,objects/tape_measure/,objects/tape_measure/,scenes/scene095/0/labels/sam2_meta/v1.tar:sam2/mask_to_object.json
scene095,phase1,1,book.3,10,17.3,book,book,objects_meta/book.3/questionnaire.json,objects/book.3/,objects/book.3/,scenes/scene095/1/labels/sam2_meta/v1.tar:sam2/mask_to_object.json
scene095,phase1,2,spray_bottle.2,62,127.2,spray_bottle,spray_bottle,objects_meta/spray_bottle.2/questionnaire.json,objects/spray_bottle.2/,objects/spray_bottle.2/,scenes/scene095/1/labels/sam2_meta/v1.tar:sam2/mask_to_object.json
scene095,phase1,3,umbrella,69,147,umbrella,umbrella,objects_meta/umbrella/questionnaire.json,objects/umbrella/,objects/umbrella/,scenes/scene095/1/labels/sam2_meta/v1.tar:sam2/mask_to_object.json
scene095,phase1,4,mug.2,45,88.2,mug,mug,objects_meta/mug.2/questionnaire.json,objects/mug.2/,objects/mug.2/,scenes/scene095/1/labels/sam2_meta/v1.tar:sam2/mask_to_object.json
scene095,phase1,5,tong,66,141,tong,tong,objects_meta/tong/questionnaire.json,objects/tong/,objects/tong/,scenes/scene095/1/labels/sam2_meta/v1.tar:sam2/mask_to_object.json
scene095,phase1,6,basting_brush.1,7,11.1,basting_brush,basting_brush,objects_meta/basting_brush.1/questionnaire.json,objects/basting_brush.1/,objects/basting_brush.1/,scenes/scene095/1/labels/sam2_meta/v1.tar:sam2/mask_to_object.json
scene095,phase1,7,tape_measure,64,135,tape_measure,tape_measure,objects_meta/tape_measure/questionnaire.json,objects/tape_measure/,objects/tape_measure/,scenes/scene095/1/labels/sam2_meta/v1.tar:sam2/mask_to_object.json
scene095,phase2,1,book.3,10,17.3,book,book,objects_meta/book.3/questionnaire.json,objects/book.3/,objects/book.3/,scenes/scene095/2/labels/sam2_meta/v1.tar:sam2/mask_to_object.json
scene095,phase2,2,spray_bottle.2,62,127.2,spray_bottle,spray_bottle,objects_meta/spray_bottle.2/questionnaire.json,objects/spray_bottle.2/,objects/spray_bottle.2/,scenes/scene095/2/labels/sam2_meta/v1.tar:sam2/mask_to_object.json
scene095,phase2,3,umbrella,69,147,umbrella,umbrella,objects_meta/umbrella/questionnaire.json,objects/umbrella/,objects/umbrella/,scenes/scene095/2/labels/sam2_meta/v1.tar:sam2/mask_to_object.json
scene095,phase2,4,mug.2,45,88.2,mug,mug,objects_meta/mug.2/questionnaire.json,objects/mug.2/,objects/mug.2/,scenes/scene095/2/labels/sam2_meta/v1.tar:sam2/mask_to_object.json
scene095,phase2,5,tong,66,141,tong,tong,objects_meta/tong/questionnaire.json,objects/tong/,objects/tong/,scenes/scene095/2/labels/sam2_meta/v1.tar:sam2/mask_to_object.json
scene095,phase2,6,basting_brush.1,7,11.1,basting_brush,basting_brush,objects_meta/basting_brush.1/questionnaire.json,objects/basting_brush.1/,objects/basting_brush.1/,scenes/scene095/2/labels/sam2_meta/v1.tar:sam2/mask_to_object.json
scene095,phase2,7,tape_measure,64,135,tape_measure,tape_measure,objects_meta/tape_measure/questionnaire.json,objects/tape_measure/,objects/tape_measure/,scenes/scene095/2/labels/sam2_meta/v1.tar:sam2/mask_to_object.json
scene096,phase0,1,fry_pan.1,21,49.1,fry_pan,fry_pan,objects_meta/fry_pan.1/questionnaire.json,objects/fry_pan.1/,objects/fry_pan.1/,scenes/scene096/0/labels/sam2_meta/v1.tar:sam2/mask_to_object.json
scene096,phase0,2,beanie.2,8,13.2,beanie,beanie,objects_meta/beanie.2/questionnaire.json,objects/beanie.2/,objects/beanie.2/,scenes/scene096/0/labels/sam2_meta/v1.tar:sam2/mask_to_object.json
scene096,phase0,3,juice_pouch.2,35,73.2,juice_pouch,juice_pouch,objects_meta/juice_pouch.2/questionnaire.json,objects/juice_pouch.2/,objects/juice_pouch.2/,scenes/scene096/0/labels/sam2_meta/v1.tar:sam2/mask_to_object.json
scene096,phase0,4,bowl.1,12,20.1,bowl,bowl,objects_meta/bowl.1/questionnaire.json,objects/bowl.1/,objects/bowl.1/,scenes/scene096/0/labels/sam2_meta/v1.tar:sam2/mask_to_object.json
scene096,phase0,5,root_beer_bottle,53,109,root_beer_bottle,root_beer_bottle,objects_meta/root_beer_bottle/questionnaire.json,objects/root_beer_bottle/,objects/root_beer_bottle/,scenes/scene096/0/labels/sam2_meta/v1.tar:sam2/mask_to_object.json
scene096,phase0,6,hammer.2,27,63.2,hammer,hammer,objects_meta/hammer.2/questionnaire.json,objects/hammer.2/,objects/hammer.2/,scenes/scene096/0/labels/sam2_meta/v1.tar:sam2/mask_to_object.json
scene096,phase0,7,remote_controller,52,107,remote_controller,remote_controller,objects_meta/remote_controller/questionnaire.json,objects/remote_controller/,objects/remote_controller/,scenes/scene096/0/labels/sam2_meta/v1.tar:sam2/mask_to_object.json
scene096,phase1,1,fry_pan.1,21,49.1,fry_pan,fry_pan,objects_meta/fry_pan.1/questionnaire.json,objects/fry_pan.1/,objects/fry_pan.1/,scenes/scene096/1/labels/sam2_meta/v1.tar:sam2/mask_to_object.json
scene096,phase1,2,beanie.2,8,13.2,beanie,beanie,objects_meta/beanie.2/questionnaire.json,objects/beanie.2/,objects/beanie.2/,scenes/scene096/1/labels/sam2_meta/v1.tar:sam2/mask_to_object.json
scene096,phase1,3,juice_pouch.2,35,73.2,juice_pouch,juice_pouch,objects_meta/juice_pouch.2/questionnaire.json,objects/juice_pouch.2/,objects/juice_pouch.2/,scenes/scene096/1/labels/sam2_meta/v1.tar:sam2/mask_to_object.json
scene096,phase1,4,bowl.1,12,20.1,bowl,bowl,objects_meta/bowl.1/questionnaire.json,objects/bowl.1/,objects/bowl.1/,scenes/scene096/1/labels/sam2_meta/v1.tar:sam2/mask_to_object.json
scene096,phase1,5,root_beer_bottle,53,109,root_beer_bottle,root_beer_bottle,objects_meta/root_beer_bottle/questionnaire.json,objects/root_beer_bottle/,objects/root_beer_bottle/,scenes/scene096/1/labels/sam2_meta/v1.tar:sam2/mask_to_object.json
scene096,phase1,6,hammer.2,27,63.2,hammer,hammer,objects_meta/hammer.2/questionnaire.json,objects/hammer.2/,objects/hammer.2/,scenes/scene096/1/labels/sam2_meta/v1.tar:sam2/mask_to_object.json
scene096,phase1,7,remote_controller,52,107,remote_controller,remote_controller,objects_meta/remote_controller/questionnaire.json,objects/remote_controller/,objects/remote_controller/,scenes/scene096/1/labels/sam2_meta/v1.tar:sam2/mask_to_object.json
scene096,phase2,1,fry_pan.1,21,49.1,fry_pan,fry_pan,objects_meta/fry_pan.1/questionnaire.json,objects/fry_pan.1/,objects/fry_pan.1/,scenes/scene096/2/labels/sam2_meta/v1.tar:sam2/mask_to_object.json
scene096,phase2,2,beanie.2,8,13.2,beanie,beanie,objects_meta/beanie.2/questionnaire.json,objects/beanie.2/,objects/beanie.2/,scenes/scene096/2/labels/sam2_meta/v1.tar:sam2/mask_to_object.json
scene096,phase2,3,juice_pouch.2,35,73.2,juice_pouch,juice_pouch,objects_meta/juice_pouch.2/questionnaire.json,objects/juice_pouch.2/,objects/juice_pouch.2/,scenes/scene096/2/labels/sam2_meta/v1.tar:sam2/mask_to_object.json
scene096,phase2,4,bowl.1,12,20.1,bowl,bowl,objects_meta/bowl.1/questionnaire.json,objects/bowl.1/,objects/bowl.1/,scenes/scene096/2/labels/sam2_meta/v1.tar:sam2/mask_to_object.json
scene096,phase2,5,root_beer_bottle,53,109,root_beer_bottle,root_beer_bottle,objects_meta/root_beer_bottle/questionnaire.json,objects/root_beer_bottle/,objects/root_beer_bottle/,scenes/scene096/2/labels/sam2_meta/v1.tar:sam2/mask_to_object.json
scene096,phase2,6,hammer.2,27,63.2,hammer,hammer,objects_meta/hammer.2/questionnaire.json,objects/hammer.2/,objects/hammer.2/,scenes/scene096/2/labels/sam2_meta/v1.tar:sam2/mask_to_object.json
scene096,phase2,7,remote_controller,52,107,remote_controller,remote_controller,objects_meta/remote_controller/questionnaire.json,objects/remote_controller/,objects/remote_controller/,scenes/scene096/2/labels/sam2_meta/v1.tar:sam2/mask_to_object.json
scene097,phase0,1,peeler.2,48,96.2,peeler,peeler,objects_meta/peeler.2/questionnaire.json,objects/peeler.2/,objects/peeler.2/,scenes/scene097/0/labels/sam2_meta/v1.tar:sam2/mask_to_object.json
scene097,phase0,2,sponge,61,125,sponge,sponge,objects_meta/sponge/questionnaire.json,objects/sponge/,objects/sponge/,scenes/scene097/0/labels/sam2_meta/v1.tar:sam2/mask_to_object.json
scene097,phase0,3,coffee_can.1,17,37.1,coffee_can,coffee_can,objects_meta/coffee_can.1/questionnaire.json,objects/coffee_can.1/,objects/coffee_can.1/,scenes/scene097/0/labels/sam2_meta/v1.tar:sam2/mask_to_object.json
scene097,phase0,4,soft_scrub_cleanser_bottle,58,121,soft_scrub_cleanser_bottle,soft_scrub_cleanser_bottle,objects_meta/soft_scrub_cleanser_bottle/questionnaire.json,objects/soft_scrub_cleanser_bottle/,objects/soft_scrub_cleanser_bottle/,scenes/scene097/0/labels/sam2_meta/v1.tar:sam2/mask_to_object.json
scene097,phase0,5,air_duster_can,1,1,air_duster_can,air_duster_can,objects_meta/air_duster_can/questionnaire.json,objects/air_duster_can/,objects/air_duster_can/,scenes/scene097/0/labels/sam2_meta/v1.tar:sam2/mask_to_object.json
scene097,phase0,6,meat_can,41,84,meat_can,meat_can,objects_meta/meat_can/questionnaire.json,objects/meat_can/,objects/meat_can/,scenes/scene097/0/labels/sam2_meta/v1.tar:sam2/mask_to_object.json
scene097,phase0,7,candy_bar.1,14,25.1,candy_bar,candy_bar,objects_meta/candy_bar.1/questionnaire.json,objects/candy_bar.1/,objects/candy_bar.1/,scenes/scene097/0/labels/sam2_meta/v1.tar:sam2/mask_to_object.json
scene097,phase1,1,peeler.2,48,96.2,peeler,peeler,objects_meta/peeler.2/questionnaire.json,objects/peeler.2/,objects/peeler.2/,scenes/scene097/1/labels/sam2_meta/v1.tar:sam2/mask_to_object.json
scene097,phase1,2,sponge,61,125,sponge,sponge,objects_meta/sponge/questionnaire.json,objects/sponge/,objects/sponge/,scenes/scene097/1/labels/sam2_meta/v1.tar:sam2/mask_to_object.json
scene097,phase1,3,coffee_can.1,17,37.1,coffee_can,coffee_can,objects_meta/coffee_can.1/questionnaire.json,objects/coffee_can.1/,objects/coffee_can.1/,scenes/scene097/1/labels/sam2_meta/v1.tar:sam2/mask_to_object.json
scene097,phase1,4,soft_scrub_cleanser_bottle,58,121,soft_scrub_cleanser_bottle,soft_scrub_cleanser_bottle,objects_meta/soft_scrub_cleanser_bottle/questionnaire.json,objects/soft_scrub_cleanser_bottle/,objects/soft_scrub_cleanser_bottle/,scenes/scene097/1/labels/sam2_meta/v1.tar:sam2/mask_to_object.json
scene097,phase1,5,air_duster_can,1,1,air_duster_can,air_duster_can,objects_meta/air_duster_can/questionnaire.json,objects/air_duster_can/,objects/air_duster_can/,scenes/scene097/1/labels/sam2_meta/v1.tar:sam2/mask_to_object.json
scene097,phase1,6,meat_can,41,84,meat_can,meat_can,objects_meta/meat_can/questionnaire.json,objects/meat_can/,objects/meat_can/,scenes/scene097/1/labels/sam2_meta/v1.tar:sam2/mask_to_object.json
scene097,phase1,7,candy_bar.1,14,25.1,candy_bar,candy_bar,objects_meta/candy_bar.1/questionnaire.json,objects/candy_bar.1/,objects/candy_bar.1/,scenes/scene097/1/labels/sam2_meta/v1.tar:sam2/mask_to_object.json
scene097,phase2,1,peeler.2,48,96.2,peeler,peeler,objects_meta/peeler.2/questionnaire.json,objects/peeler.2/,objects/peeler.2/,scenes/scene097/2/labels/sam2_meta/v1.tar:sam2/mask_to_object.json
scene097,phase2,2,sponge,61,125,sponge,sponge,objects_meta/sponge/questionnaire.json,objects/sponge/,objects/sponge/,scenes/scene097/2/labels/sam2_meta/v1.tar:sam2/mask_to_object.json
scene097,phase2,3,coffee_can.1,17,37.1,coffee_can,coffee_can,objects_meta/coffee_can.1/questionnaire.json,objects/coffee_can.1/,objects/coffee_can.1/,scenes/scene097/2/labels/sam2_meta/v1.tar:sam2/mask_to_object.json
scene097,phase2,4,soft_scrub_cleanser_bottle,58,121,soft_scrub_cleanser_bottle,soft_scrub_cleanser_bottle,objects_meta/soft_scrub_cleanser_bottle/questionnaire.json,objects/soft_scrub_cleanser_bottle/,objects/soft_scrub_cleanser_bottle/,scenes/scene097/2/labels/sam2_meta/v1.tar:sam2/mask_to_object.json
scene097,phase2,5,air_duster_can,1,1,air_duster_can,air_duster_can,objects_meta/air_duster_can/questionnaire.json,objects/air_duster_can/,objects/air_duster_can/,scenes/scene097/2/labels/sam2_meta/v1.tar:sam2/mask_to_object.json
scene097,phase2,6,meat_can,41,84,meat_can,meat_can,objects_meta/meat_can/questionnaire.json,objects/meat_can/,objects/meat_can/,scenes/scene097/2/labels/sam2_meta/v1.tar:sam2/mask_to_object.json
scene097,phase2,7,candy_bar.1,14,25.1,candy_bar,candy_bar,objects_meta/candy_bar.1/questionnaire.json,objects/candy_bar.1/,objects/candy_bar.1/,scenes/scene097/2/labels/sam2_meta/v1.tar:sam2/mask_to_object.json
scene098,phase0,1,handy_pot,28,65,handy_pot,handy_pot,objects_meta/handy_pot/questionnaire.json,objects/handy_pot/,objects/handy_pot/,scenes/scene098/0/labels/sam2_meta/v1.tar:sam2/mask_to_object.json
scene098,phase0,2,cracker_box,18,38,cracker_box,cracker_box,objects_meta/cracker_box/questionnaire.json,objects/cracker_box/,objects/cracker_box/,scenes/scene098/0/labels/sam2_meta/v1.tar:sam2/mask_to_object.json
scene098,phase0,3,instant_noodle_packet,32,70,instant_noodle_packet,instant_noodle_packet,objects_meta/instant_noodle_packet/questionnaire.json,objects/instant_noodle_packet/,objects/instant_noodle_packet/,scenes/scene098/0/labels/sam2_meta/v1.tar:sam2/mask_to_object.json
scene098,phase0,4,cleaning_brush,15,34,cleaning_brush,cleaning_brush,objects_meta/cleaning_brush/questionnaire.json,objects/cleaning_brush/,objects/cleaning_brush/,scenes/scene098/0/labels/sam2_meta/v1.tar:sam2/mask_to_object.json
scene098,phase0,5,jello_box.1,34,72.1,jello_box,jello_box,objects_meta/jello_box.1/questionnaire.json,objects/jello_box.1/,objects/jello_box.1/,scenes/scene098/0/labels/sam2_meta/v1.tar:sam2/mask_to_object.json
scene098,phase0,6,glue_bottle.1,25,58.1,glue_bottle,glue_bottle,objects_meta/glue_bottle.1/questionnaire.json,objects/glue_bottle.1/,objects/glue_bottle.1/,scenes/scene098/0/labels/sam2_meta/v1.tar:sam2/mask_to_object.json
scene098,phase0,7,soup_can.1,59,122.1,soup_can,soup_can,objects_meta/soup_can.1/questionnaire.json,objects/soup_can.1/,objects/soup_can.1/,scenes/scene098/0/labels/sam2_meta/v1.tar:sam2/mask_to_object.json
scene098,phase1,1,handy_pot,28,65,handy_pot,handy_pot,objects_meta/handy_pot/questionnaire.json,objects/handy_pot/,objects/handy_pot/,scenes/scene098/1/labels/sam2_meta/v1.tar:sam2/mask_to_object.json
scene098,phase1,2,cracker_box,18,38,cracker_box,cracker_box,objects_meta/cracker_box/questionnaire.json,objects/cracker_box/,objects/cracker_box/,scenes/scene098/1/labels/sam2_meta/v1.tar:sam2/mask_to_object.json
scene098,phase1,3,instant_noodle_packet,32,70,instant_noodle_packet,instant_noodle_packet,objects_meta/instant_noodle_packet/questionnaire.json,objects/instant_noodle_packet/,objects/instant_noodle_packet/,scenes/scene098/1/labels/sam2_meta/v1.tar:sam2/mask_to_object.json
scene098,phase1,4,cleaning_brush,15,34,cleaning_brush,cleaning_brush,objects_meta/cleaning_brush/questionnaire.json,objects/cleaning_brush/,objects/cleaning_brush/,scenes/scene098/1/labels/sam2_meta/v1.tar:sam2/mask_to_object.json
scene098,phase1,5,jello_box.1,34,72.1,jello_box,jello_box,objects_meta/jello_box.1/questionnaire.json,objects/jello_box.1/,objects/jello_box.1/,scenes/scene098/1/labels/sam2_meta/v1.tar:sam2/mask_to_object.json
scene098,phase1,6,glue_bottle.1,25,58.1,glue_bottle,glue_bottle,objects_meta/glue_bottle.1/questionnaire.json,objects/glue_bottle.1/,objects/glue_bottle.1/,scenes/scene098/1/labels/sam2_meta/v1.tar:sam2/mask_to_object.json
scene098,phase1,7,soup_can.1,59,122.1,soup_can,soup_can,objects_meta/soup_can.1/questionnaire.json,objects/soup_can.1/,objects/soup_can.1/,scenes/scene098/1/labels/sam2_meta/v1.tar:sam2/mask_to_object.json
scene098,phase2,1,handy_pot,28,65,handy_pot,handy_pot,objects_meta/handy_pot/questionnaire.json,objects/handy_pot/,objects/handy_pot/,scenes/scene098/2/labels/sam2_meta/v1.tar:sam2/mask_to_object.json
scene098,phase2,2,cracker_box,18,38,cracker_box,cracker_box,objects_meta/cracker_box/questionnaire.json,objects/cracker_box/,objects/cracker_box/,scenes/scene098/2/labels/sam2_meta/v1.tar:sam2/mask_to_object.json
scene098,phase2,3,instant_noodle_packet,32,70,instant_noodle_packet,instant_noodle_packet,objects_meta/instant_noodle_packet/questionnaire.json,objects/instant_noodle_packet/,objects/instant_noodle_packet/,scenes/scene098/2/labels/sam2_meta/v1.tar:sam2/mask_to_object.json
scene098,phase2,4,cleaning_brush,15,34,cleaning_brush,cleaning_brush,objects_meta/cleaning_brush/questionnaire.json,objects/cleaning_brush/,objects/cleaning_brush/,scenes/scene098/2/labels/sam2_meta/v1.tar:sam2/mask_to_object.json
scene098,phase2,5,jello_box.1,34,72.1,jello_box,jello_box,objects_meta/jello_box.1/questionnaire.json,objects/jello_box.1/,objects/jello_box.1/,scenes/scene098/2/labels/sam2_meta/v1.tar:sam2/mask_to_object.json
scene098,phase2,6,glue_bottle.1,25,58.1,glue_bottle,glue_bottle,objects_meta/glue_bottle.1/questionnaire.json,objects/glue_bottle.1/,objects/glue_bottle.1/,scenes/scene098/2/labels/sam2_meta/v1.tar:sam2/mask_to_object.json
scene098,phase2,7,soup_can.1,59,122.1,soup_can,soup_can,objects_meta/soup_can.1/questionnaire.json,objects/soup_can.1/,objects/soup_can.1/,scenes/scene098/2/labels/sam2_meta/v1.tar:sam2/mask_to_object.json
scene099,phase0,1,doll.1,20,43.1,doll,doll,objects_meta/doll.1/questionnaire.json,objects/doll.1/,objects/doll.1/,scenes/scene099/0/labels/sam2_meta/v1.tar:sam2/mask_to_object.json
scene099,phase0,2,ladle,38,78,ladle,ladle,objects_meta/ladle/questionnaire.json,objects/ladle/,objects/ladle/,scenes/scene099/0/labels/sam2_meta/v1.tar:sam2/mask_to_object.json
scene099,phase0,3,cup.1,19,40.1,cup,cup,objects_meta/cup.1/questionnaire.json,objects/cup.1/,objects/cup.1/,scenes/scene099/0/labels/sam2_meta/v1.tar:sam2/mask_to_object.json
scene099,phase0,4,teapot,65,137,teapot,teapot,objects_meta/teapot/questionnaire.json,objects/teapot/,objects/teapot/,scenes/scene099/0/labels/sam2_meta/v1.tar:sam2/mask_to_object.json
scene099,phase0,5,cable,13,23,cable,cable,objects_meta/cable/questionnaire.json,objects/cable/,objects/cable/,scenes/scene099/0/labels/sam2_meta/v1.tar:sam2/mask_to_object.json
scene099,phase0,6,coffee_bottle,16,36,coffee_bottle,coffee_bottle,objects_meta/coffee_bottle/questionnaire.json,objects/coffee_bottle/,objects/coffee_bottle/,scenes/scene099/0/labels/sam2_meta/v1.tar:sam2/mask_to_object.json
scene099,phase0,7,shoe.1,56,117.1,shoe,shoe,objects_meta/shoe.1/questionnaire.json,objects/shoe.1/,objects/shoe.1/,scenes/scene099/0/labels/sam2_meta/v1.tar:sam2/mask_to_object.json
scene099,phase1,1,doll.1,20,43.1,doll,doll,objects_meta/doll.1/questionnaire.json,objects/doll.1/,objects/doll.1/,scenes/scene099/1/labels/sam2_meta/v1.tar:sam2/mask_to_object.json
scene099,phase1,2,ladle,38,78,ladle,ladle,objects_meta/ladle/questionnaire.json,objects/ladle/,objects/ladle/,scenes/scene099/1/labels/sam2_meta/v1.tar:sam2/mask_to_object.json
scene099,phase1,3,cup.1,19,40.1,cup,cup,objects_meta/cup.1/questionnaire.json,objects/cup.1/,objects/cup.1/,scenes/scene099/1/labels/sam2_meta/v1.tar:sam2/mask_to_object.json
scene099,phase1,4,teapot,65,137,teapot,teapot,objects_meta/teapot/questionnaire.json,objects/teapot/,objects/teapot/,scenes/scene099/1/labels/sam2_meta/v1.tar:sam2/mask_to_object.json
scene099,phase1,5,cable,13,23,cable,cable,objects_meta/cable/questionnaire.json,objects/cable/,objects/cable/,scenes/scene099/1/labels/sam2_meta/v1.tar:sam2/mask_to_object.json
scene099,phase1,6,coffee_bottle,16,36,coffee_bottle,coffee_bottle,objects_meta/coffee_bottle/questionnaire.json,objects/coffee_bottle/,objects/coffee_bottle/,scenes/scene099/1/labels/sam2_meta/v1.tar:sam2/mask_to_object.json
scene099,phase1,7,shoe.1,56,117.1,shoe,shoe,objects_meta/shoe.1/questionnaire.json,objects/shoe.1/,objects/shoe.1/,scenes/scene099/1/labels/sam2_meta/v1.tar:sam2/mask_to_object.json
scene099,phase2,1,doll.1,20,43.1,doll,doll,objects_meta/doll.1/questionnaire.json,objects/doll.1/,objects/doll.1/,scenes/scene099/2/labels/sam2_meta/v1.tar:sam2/mask_to_object.json
scene099,phase2,2,ladle,38,78,ladle,ladle,objects_meta/ladle/questionnaire.json,objects/ladle/,objects/ladle/,scenes/scene099/2/labels/sam2_meta/v1.tar:sam2/mask_to_object.json
scene099,phase2,3,cup.1,19,40.1,cup,cup,objects_meta/cup.1/questionnaire.json,objects/cup.1/,objects/cup.1/,scenes/scene099/2/labels/sam2_meta/v1.tar:sam2/mask_to_object.json
scene099,phase2,4,teapot,65,137,teapot,teapot,objects_meta/teapot/questionnaire.json,objects/teapot/,objects/teapot/,scenes/scene099/2/labels/sam2_meta/v1.tar:sam2/mask_to_object.json
scene099,phase2,5,cable,13,23,cable,cable,objects_meta/cable/questionnaire.json,objects/cable/,objects/cable/,scenes/scene099/2/labels/sam2_meta/v1.tar:sam2/mask_to_object.json
scene099,phase2,6,coffee_bottle,16,36,coffee_bottle,coffee_bottle,objects_meta/coffee_bottle/questionnaire.json,objects/coffee_bottle/,objects/coffee_bottle/,scenes/scene099/2/labels/sam2_meta/v1.tar:sam2/mask_to_object.json
scene099,phase2,7,shoe.1,56,117.1,shoe,shoe,objects_meta/shoe.1/questionnaire.json,objects/shoe.1/,objects/shoe.1/,scenes/scene099/2/labels/sam2_meta/v1.tar:sam2/mask_to_object.json
scene100,phase0,1,baking_tray.1,4,7.1,baking_tray,baking_tray,objects_meta/baking_tray.1/questionnaire.json,objects/baking_tray.1/,objects/baking_tray.1/,scenes/scene100/0/labels/sam2_meta/v1.tar:sam2/mask_to_object.json
scene100,phase0,2,baseball_ball,6,10,baseball_ball,baseball_ball,objects_meta/baseball_ball/questionnaire.json,objects/baseball_ball/,objects/baseball_ball/,scenes/scene100/0/labels/sam2_meta/v1.tar:sam2/mask_to_object.json
scene100,phase0,3,boot.2,11,18.2,boot,boot,objects_meta/boot.2/questionnaire.json,objects/boot.2/,objects/boot.2/,scenes/scene100/0/labels/sam2_meta/v1.tar:sam2/mask_to_object.json
scene100,phase0,4,power_drill,49,102,power_drill,power_drill,objects_meta/power_drill/questionnaire.json,objects/power_drill/,objects/power_drill/,scenes/scene100/0/labels/sam2_meta/v1.tar:sam2/mask_to_object.json
scene100,phase0,5,milk_jug,43,86,milk_jug,milk_jug,objects_meta/milk_jug/questionnaire.json,objects/milk_jug/,objects/milk_jug/,scenes/scene100/0/labels/sam2_meta/v1.tar:sam2/mask_to_object.json
scene100,phase0,6,water_bottle.2,70,148.2,water_bottle,water_bottle,objects_meta/water_bottle.2/questionnaire.json,objects/water_bottle.2/,objects/water_bottle.2/,scenes/scene100/0/labels/sam2_meta/v1.tar:sam2/mask_to_object.json
scene100,phase0,7,scissors.1,54,113.1,scissors,scissors,objects_meta/scissors.1/questionnaire.json,objects/scissors.1/,objects/scissors.1/,scenes/scene100/0/labels/sam2_meta/v1.tar:sam2/mask_to_object.json
scene100,phase0,8,marker.5,40,83.5,marker,marker,objects_meta/marker.5/questionnaire.json,objects/marker.5/,objects/marker.5/,scenes/scene100/0/labels/sam2_meta/v1.tar:sam2/mask_to_object.json
scene100,phase1,1,baking_tray.1,4,7.1,baking_tray,baking_tray,objects_meta/baking_tray.1/questionnaire.json,objects/baking_tray.1/,objects/baking_tray.1/,scenes/scene100/1/labels/sam2_meta/v1.tar:sam2/mask_to_object.json
scene100,phase1,2,baseball_ball,6,10,baseball_ball,baseball_ball,objects_meta/baseball_ball/questionnaire.json,objects/baseball_ball/,objects/baseball_ball/,scenes/scene100/1/labels/sam2_meta/v1.tar:sam2/mask_to_object.json
scene100,phase1,3,boot.2,11,18.2,boot,boot,objects_meta/boot.2/questionnaire.json,objects/boot.2/,objects/boot.2/,scenes/scene100/1/labels/sam2_meta/v1.tar:sam2/mask_to_object.json
scene100,phase1,4,power_drill,49,102,power_drill,power_drill,objects_meta/power_drill/questionnaire.json,objects/power_drill/,objects/power_drill/,scenes/scene100/1/labels/sam2_meta/v1.tar:sam2/mask_to_object.json
scene100,phase1,5,milk_jug,43,86,milk_jug,milk_jug,objects_meta/milk_jug/questionnaire.json,objects/milk_jug/,objects/milk_jug/,scenes/scene100/1/labels/sam2_meta/v1.tar:sam2/mask_to_object.json
scene100,phase1,6,water_bottle.2,70,148.2,water_bottle,water_bottle,objects_meta/water_bottle.2/questionnaire.json,objects/water_bottle.2/,objects/water_bottle.2/,scenes/scene100/1/labels/sam2_meta/v1.tar:sam2/mask_to_object.json
scene100,phase1,7,scissors.1,54,113.1,scissors,scissors,objects_meta/scissors.1/questionnaire.json,objects/scissors.1/,objects/scissors.1/,scenes/scene100/1/labels/sam2_meta/v1.tar:sam2/mask_to_object.json
scene100,phase1,8,marker.5,40,83.5,marker,marker,objects_meta/marker.5/questionnaire.json,objects/marker.5/,objects/marker.5/,scenes/scene100/1/labels/sam2_meta/v1.tar:sam2/mask_to_object.json
scene100,phase2,1,baking_tray.1,4,7.1,baking_tray,baking_tray,objects_meta/baking_tray.1/questionnaire.json,objects/baking_tray.1/,objects/baking_tray.1/,scenes/scene100/2/labels/sam2_meta/v1.tar:sam2/mask_to_object.json
scene100,phase2,2,baseball_ball,6,10,baseball_ball,baseball_ball,objects_meta/baseball_ball/questionnaire.json,objects/baseball_ball/,objects/baseball_ball/,scenes/scene100/2/labels/sam2_meta/v1.tar:sam2/mask_to_object.json
scene100,phase2,3,boot.2,11,18.2,boot,boot,objects_meta/boot.2/questionnaire.json,objects/boot.2/,objects/boot.2/,scenes/scene100/2/labels/sam2_meta/v1.tar:sam2/mask_to_object.json
scene100,phase2,4,power_drill,49,102,power_drill,power_drill,objects_meta/power_drill/questionnaire.json,objects/power_drill/,objects/power_drill/,scenes/scene100/2/labels/sam2_meta/v1.tar:sam2/mask_to_object.json
scene100,phase2,5,milk_jug,43,86,milk_jug,milk_jug,objects_meta/milk_jug/questionnaire.json,objects/milk_jug/,objects/milk_jug/,scenes/scene100/2/labels/sam2_meta/v1.tar:sam2/mask_to_object.json
scene100,phase2,6,water_bottle.2,70,148.2,water_bottle,water_bottle,objects_meta/water_bottle.2/questionnaire.json,objects/water_bottle.2/,objects/water_bottle.2/,scenes/scene100/2/labels/sam2_meta/v1.tar:sam2/mask_to_object.json
scene100,phase2,7,scissors.1,54,113.1,scissors,scissors,objects_meta/scissors.1/questionnaire.json,objects/scissors.1/,objects/scissors.1/,scenes/scene100/2/labels/sam2_meta/v1.tar:sam2/mask_to_object.json
scene100,phase2,8,marker.5,40,83.5,marker,marker,objects_meta/marker.5/questionnaire.json,objects/marker.5/,objects/marker.5/,scenes/scene100/2/labels/sam2_meta/v1.tar:sam2/mask_to_object.json
