protocol	frame_budget	model	directory_split	source_file	metric_path	value	source_directory
mos	250	sam2	easy	result.json	clips	99	/data/narendhiran_rpx/docker-smoke/tracking-production-250/sam2/easy
mos	250	sam2	easy	result.json	dataset.manifest_sha256	0ba018a738383d23df239f1b138669dd1cc8261a730d41cb84ce1bde14f80c4a	/data/narendhiran_rpx/docker-smoke/tracking-production-250/sam2/easy
mos	250	sam2	easy	result.json	dataset.repo	IRVLUTD/RPX	/data/narendhiran_rpx/docker-smoke/tracking-production-250/sam2/easy
mos	250	sam2	easy	result.json	dataset.revision	2e2a387f7f93e98c177b2e039c141eacda94e5fc	/data/narendhiran_rpx/docker-smoke/tracking-production-250/sam2/easy
mos	250	sam2	easy	result.json	evaluator_git_sha	2bb9b919082727eb099f2b0824f97373a32a33d1	/data/narendhiran_rpx/docker-smoke/tracking-production-250/sam2/easy
mos	250	sam2	easy	result.json	frames	24750	/data/narendhiran_rpx/docker-smoke/tracking-production-250/sam2/easy
mos	250	sam2	easy	result.json	hardware.gpu_compute_capability.__length__	2	/data/narendhiran_rpx/docker-smoke/tracking-production-250/sam2/easy
mos	250	sam2	easy	result.json	hardware.gpu_name	NVIDIA RTX 6000 Ada Generation	/data/narendhiran_rpx/docker-smoke/tracking-production-250/sam2/easy
mos	250	sam2	easy	result.json	hardware.gpu_total_memory_bytes	50865307648	/data/narendhiran_rpx/docker-smoke/tracking-production-250/sam2/easy
mos	250	sam2	easy	result.json	hardware.torch_cuda_version	12.8	/data/narendhiran_rpx/docker-smoke/tracking-production-250/sam2/easy
mos	250	sam2	easy	result.json	hardware.torch_version	2.7.1+cu128	/data/narendhiran_rpx/docker-smoke/tracking-production-250/sam2/easy
mos	250	sam2	easy	result.json	model	sam2	/data/narendhiran_rpx/docker-smoke/tracking-production-250/sam2/easy
mos	250	sam2	easy	result.json	model_checkpoint.filename	sam2_hiera_large.pt	/data/narendhiran_rpx/docker-smoke/tracking-production-250/sam2/easy
mos	250	sam2	easy	result.json	model_checkpoint.repo	facebook/sam2-hiera-large	/data/narendhiran_rpx/docker-smoke/tracking-production-250/sam2/easy
mos	250	sam2	easy	result.json	model_checkpoint.revision	e6a8e8809b8f1bfa2238b6d080f3d05cc76bd251	/data/narendhiran_rpx/docker-smoke/tracking-production-250/sam2/easy
mos	250	sam2	easy	result.json	model_checkpoint.sha256	7442e4e9b732a508f80e141e7c2913437a3610ee0c77381a66658c3a445df87b	/data/narendhiran_rpx/docker-smoke/tracking-production-250/sam2/easy
mos	250	sam2	easy	result.json	phase_metrics.0.assa	0.9833498702467866	/data/narendhiran_rpx/docker-smoke/tracking-production-250/sam2/easy
mos	250	sam2	easy	result.json	phase_metrics.0.deta	0.9770452539875396	/data/narendhiran_rpx/docker-smoke/tracking-production-250/sam2/easy
mos	250	sam2	easy	result.json	phase_metrics.0.hota	0.9800871189070506	/data/narendhiran_rpx/docker-smoke/tracking-production-250/sam2/easy
mos	250	sam2	easy	result.json	phase_metrics.0.idf1	0.9969574272757153	/data/narendhiran_rpx/docker-smoke/tracking-production-250/sam2/easy
mos	250	sam2	easy	result.json	phase_metrics.0.idsw	0.0	/data/narendhiran_rpx/docker-smoke/tracking-production-250/sam2/easy
mos	250	sam2	easy	result.json	phase_metrics.0.mota	0.9939146547175447	/data/narendhiran_rpx/docker-smoke/tracking-production-250/sam2/easy
mos	250	sam2	easy	result.json	phase_metrics.1.assa	0.9639370717607465	/data/narendhiran_rpx/docker-smoke/tracking-production-250/sam2/easy
mos	250	sam2	easy	result.json	phase_metrics.1.deta	0.9386569013442452	/data/narendhiran_rpx/docker-smoke/tracking-production-250/sam2/easy
mos	250	sam2	easy	result.json	phase_metrics.1.hota	0.9506772950653466	/data/narendhiran_rpx/docker-smoke/tracking-production-250/sam2/easy
mos	250	sam2	easy	result.json	phase_metrics.1.idf1	0.9805525767418451	/data/narendhiran_rpx/docker-smoke/tracking-production-250/sam2/easy
mos	250	sam2	easy	result.json	phase_metrics.1.idsw	0.18181818181818182	/data/narendhiran_rpx/docker-smoke/tracking-production-250/sam2/easy
mos	250	sam2	easy	result.json	phase_metrics.1.mota	0.9631458812817235	/data/narendhiran_rpx/docker-smoke/tracking-production-250/sam2/easy
mos	250	sam2	easy	result.json	phase_metrics.2.assa	0.9814831191943628	/data/narendhiran_rpx/docker-smoke/tracking-production-250/sam2/easy
mos	250	sam2	easy	result.json	phase_metrics.2.deta	0.9720517336999439	/data/narendhiran_rpx/docker-smoke/tracking-production-250/sam2/easy
mos	250	sam2	easy	result.json	phase_metrics.2.hota	0.9766383507946228	/data/narendhiran_rpx/docker-smoke/tracking-production-250/sam2/easy
mos	250	sam2	easy	result.json	phase_metrics.2.idf1	0.9939504789217558	/data/narendhiran_rpx/docker-smoke/tracking-production-250/sam2/easy
mos	250	sam2	easy	result.json	phase_metrics.2.idsw	0.15151515151515152	/data/narendhiran_rpx/docker-smoke/tracking-production-250/sam2/easy
mos	250	sam2	easy	result.json	phase_metrics.2.mota	0.9882055366814713	/data/narendhiran_rpx/docker-smoke/tracking-production-250/sam2/easy
mos	250	sam2	easy	result.json	prediction_stats.complete_clip_cache_hits	99	/data/narendhiran_rpx/docker-smoke/tracking-production-250/sam2/easy
mos	250	sam2	easy	result.json	prediction_stats.inferred_clips	0	/data/narendhiran_rpx/docker-smoke/tracking-production-250/sam2/easy
mos	250	sam2	easy	result.json	prediction_stats.model_propagation_frames	0	/data/narendhiran_rpx/docker-smoke/tracking-production-250/sam2/easy
mos	250	sam2	easy	result.json	protocol.association_iou_threshold	0.5	/data/narendhiran_rpx/docker-smoke/tracking-production-250/sam2/easy
mos	250	sam2	easy	result.json	protocol.association_representation	tight_boxes_derived_from_instance_masks	/data/narendhiran_rpx/docker-smoke/tracking-production-250/sam2/easy
mos	250	sam2	easy	result.json	protocol.hota	mean_over_0.05_to_0.95	/data/narendhiran_rpx/docker-smoke/tracking-production-250/sam2/easy
mos	250	sam2	easy	result.json	protocol.initialization	ground_truth_first_frame_mask	/data/narendhiran_rpx/docker-smoke/tracking-production-250/sam2/easy
mos	250	sam2	easy	result.json	protocol.metric_implementation	TrackEval	/data/narendhiran_rpx/docker-smoke/tracking-production-250/sam2/easy
mos	250	sam2	easy	result.json	protocol.scored_frames	1_to_end (initialization frame excluded)	/data/narendhiran_rpx/docker-smoke/tracking-production-250/sam2/easy
mos	250	sam2	easy	result.json	rpx_git_sha	060b74b287a4d766d2fc1d298286527aad5549bb	/data/narendhiran_rpx/docker-smoke/tracking-production-250/sam2/easy
mos	250	sam2	easy	result.json	split	easy	/data/narendhiran_rpx/docker-smoke/tracking-production-250/sam2/easy
mos	250	sam2	easy	result.json	task	object_tracking	/data/narendhiran_rpx/docker-smoke/tracking-production-250/sam2/easy
mos	250	sam2	easy	run_metadata.json	clips	99	/data/narendhiran_rpx/docker-smoke/tracking-production-250/sam2/easy
mos	250	sam2	easy	run_metadata.json	dataset.manifest_sha256	0ba018a738383d23df239f1b138669dd1cc8261a730d41cb84ce1bde14f80c4a	/data/narendhiran_rpx/docker-smoke/tracking-production-250/sam2/easy
mos	250	sam2	easy	run_metadata.json	dataset.repo	IRVLUTD/RPX	/data/narendhiran_rpx/docker-smoke/tracking-production-250/sam2/easy
mos	250	sam2	easy	run_metadata.json	dataset.revision	2e2a387f7f93e98c177b2e039c141eacda94e5fc	/data/narendhiran_rpx/docker-smoke/tracking-production-250/sam2/easy
mos	250	sam2	easy	run_metadata.json	evaluator_git_sha	2bb9b919082727eb099f2b0824f97373a32a33d1	/data/narendhiran_rpx/docker-smoke/tracking-production-250/sam2/easy
mos	250	sam2	easy	run_metadata.json	finished_unix	1786723070.0411506	/data/narendhiran_rpx/docker-smoke/tracking-production-250/sam2/easy
mos	250	sam2	easy	run_metadata.json	frames	24750	/data/narendhiran_rpx/docker-smoke/tracking-production-250/sam2/easy
mos	250	sam2	easy	run_metadata.json	hardware.gpu_compute_capability.__length__	2	/data/narendhiran_rpx/docker-smoke/tracking-production-250/sam2/easy
mos	250	sam2	easy	run_metadata.json	hardware.gpu_name	NVIDIA RTX 6000 Ada Generation	/data/narendhiran_rpx/docker-smoke/tracking-production-250/sam2/easy
mos	250	sam2	easy	run_metadata.json	hardware.gpu_total_memory_bytes	50865307648	/data/narendhiran_rpx/docker-smoke/tracking-production-250/sam2/easy
mos	250	sam2	easy	run_metadata.json	hardware.torch_cuda_version	12.8	/data/narendhiran_rpx/docker-smoke/tracking-production-250/sam2/easy
mos	250	sam2	easy	run_metadata.json	hardware.torch_version	2.7.1+cu128	/data/narendhiran_rpx/docker-smoke/tracking-production-250/sam2/easy
mos	250	sam2	easy	run_metadata.json	model	sam2	/data/narendhiran_rpx/docker-smoke/tracking-production-250/sam2/easy
mos	250	sam2	easy	run_metadata.json	model_checkpoint.filename	sam2_hiera_large.pt	/data/narendhiran_rpx/docker-smoke/tracking-production-250/sam2/easy
mos	250	sam2	easy	run_metadata.json	model_checkpoint.repo	facebook/sam2-hiera-large	/data/narendhiran_rpx/docker-smoke/tracking-production-250/sam2/easy
mos	250	sam2	easy	run_metadata.json	model_checkpoint.revision	e6a8e8809b8f1bfa2238b6d080f3d05cc76bd251	/data/narendhiran_rpx/docker-smoke/tracking-production-250/sam2/easy
mos	250	sam2	easy	run_metadata.json	model_checkpoint.sha256	7442e4e9b732a508f80e141e7c2913437a3610ee0c77381a66658c3a445df87b	/data/narendhiran_rpx/docker-smoke/tracking-production-250/sam2/easy
mos	250	sam2	easy	run_metadata.json	parameter_count	224430130	/data/narendhiran_rpx/docker-smoke/tracking-production-250/sam2/easy
mos	250	sam2	easy	run_metadata.json	phase_metrics.0.assa	0.9833498702467866	/data/narendhiran_rpx/docker-smoke/tracking-production-250/sam2/easy
mos	250	sam2	easy	run_metadata.json	phase_metrics.0.deta	0.9770452539875396	/data/narendhiran_rpx/docker-smoke/tracking-production-250/sam2/easy
mos	250	sam2	easy	run_metadata.json	phase_metrics.0.hota	0.9800871189070506	/data/narendhiran_rpx/docker-smoke/tracking-production-250/sam2/easy
mos	250	sam2	easy	run_metadata.json	phase_metrics.0.idf1	0.9969574272757153	/data/narendhiran_rpx/docker-smoke/tracking-production-250/sam2/easy
mos	250	sam2	easy	run_metadata.json	phase_metrics.0.idsw	0.0	/data/narendhiran_rpx/docker-smoke/tracking-production-250/sam2/easy
mos	250	sam2	easy	run_metadata.json	phase_metrics.0.mota	0.9939146547175447	/data/narendhiran_rpx/docker-smoke/tracking-production-250/sam2/easy
mos	250	sam2	easy	run_metadata.json	phase_metrics.1.assa	0.9639370717607465	/data/narendhiran_rpx/docker-smoke/tracking-production-250/sam2/easy
mos	250	sam2	easy	run_metadata.json	phase_metrics.1.deta	0.9386569013442452	/data/narendhiran_rpx/docker-smoke/tracking-production-250/sam2/easy
mos	250	sam2	easy	run_metadata.json	phase_metrics.1.hota	0.9506772950653466	/data/narendhiran_rpx/docker-smoke/tracking-production-250/sam2/easy
mos	250	sam2	easy	run_metadata.json	phase_metrics.1.idf1	0.9805525767418451	/data/narendhiran_rpx/docker-smoke/tracking-production-250/sam2/easy
mos	250	sam2	easy	run_metadata.json	phase_metrics.1.idsw	0.18181818181818182	/data/narendhiran_rpx/docker-smoke/tracking-production-250/sam2/easy
mos	250	sam2	easy	run_metadata.json	phase_metrics.1.mota	0.9631458812817235	/data/narendhiran_rpx/docker-smoke/tracking-production-250/sam2/easy
mos	250	sam2	easy	run_metadata.json	phase_metrics.2.assa	0.9814831191943628	/data/narendhiran_rpx/docker-smoke/tracking-production-250/sam2/easy
mos	250	sam2	easy	run_metadata.json	phase_metrics.2.deta	0.9720517336999439	/data/narendhiran_rpx/docker-smoke/tracking-production-250/sam2/easy
mos	250	sam2	easy	run_metadata.json	phase_metrics.2.hota	0.9766383507946228	/data/narendhiran_rpx/docker-smoke/tracking-production-250/sam2/easy
mos	250	sam2	easy	run_metadata.json	phase_metrics.2.idf1	0.9939504789217558	/data/narendhiran_rpx/docker-smoke/tracking-production-250/sam2/easy
mos	250	sam2	easy	run_metadata.json	phase_metrics.2.idsw	0.15151515151515152	/data/narendhiran_rpx/docker-smoke/tracking-production-250/sam2/easy
mos	250	sam2	easy	run_metadata.json	phase_metrics.2.mota	0.9882055366814713	/data/narendhiran_rpx/docker-smoke/tracking-production-250/sam2/easy
mos	250	sam2	easy	run_metadata.json	pid	115	/data/narendhiran_rpx/docker-smoke/tracking-production-250/sam2/easy
mos	250	sam2	easy	run_metadata.json	prediction_stats.complete_clip_cache_hits	99	/data/narendhiran_rpx/docker-smoke/tracking-production-250/sam2/easy
mos	250	sam2	easy	run_metadata.json	prediction_stats.inferred_clips	0	/data/narendhiran_rpx/docker-smoke/tracking-production-250/sam2/easy
mos	250	sam2	easy	run_metadata.json	prediction_stats.model_propagation_frames	0	/data/narendhiran_rpx/docker-smoke/tracking-production-250/sam2/easy
mos	250	sam2	easy	run_metadata.json	protocol.association_iou_threshold	0.5	/data/narendhiran_rpx/docker-smoke/tracking-production-250/sam2/easy
mos	250	sam2	easy	run_metadata.json	protocol.association_representation	tight_boxes_derived_from_instance_masks	/data/narendhiran_rpx/docker-smoke/tracking-production-250/sam2/easy
mos	250	sam2	easy	run_metadata.json	protocol.hota	mean_over_0.05_to_0.95	/data/narendhiran_rpx/docker-smoke/tracking-production-250/sam2/easy
mos	250	sam2	easy	run_metadata.json	protocol.initialization	ground_truth_first_frame_mask	/data/narendhiran_rpx/docker-smoke/tracking-production-250/sam2/easy
mos	250	sam2	easy	run_metadata.json	protocol.metric_implementation	TrackEval	/data/narendhiran_rpx/docker-smoke/tracking-production-250/sam2/easy
mos	250	sam2	easy	run_metadata.json	protocol.scored_frames	1_to_end (initialization frame excluded)	/data/narendhiran_rpx/docker-smoke/tracking-production-250/sam2/easy
mos	250	sam2	easy	run_metadata.json	rpx_git_sha	060b74b287a4d766d2fc1d298286527aad5549bb	/data/narendhiran_rpx/docker-smoke/tracking-production-250/sam2/easy
mos	250	sam2	easy	run_metadata.json	split	easy	/data/narendhiran_rpx/docker-smoke/tracking-production-250/sam2/easy
mos	250	sam2	easy	run_metadata.json	started_unix	1786721977.2539027	/data/narendhiran_rpx/docker-smoke/tracking-production-250/sam2/easy
mos	250	sam2	easy	run_metadata.json	task	object_tracking	/data/narendhiran_rpx/docker-smoke/tracking-production-250/sam2/easy
mos	250	sam2	medium	result.json	clips	99	/data/narendhiran_rpx/docker-smoke/tracking-production-250/sam2/medium
mos	250	sam2	medium	result.json	dataset.manifest_sha256	092980d23ee7a30de981c8dbf718cb05be8fa5209cc191bd116fd19439b2e72d	/data/narendhiran_rpx/docker-smoke/tracking-production-250/sam2/medium
mos	250	sam2	medium	result.json	dataset.repo	IRVLUTD/RPX	/data/narendhiran_rpx/docker-smoke/tracking-production-250/sam2/medium
mos	250	sam2	medium	result.json	dataset.revision	2e2a387f7f93e98c177b2e039c141eacda94e5fc	/data/narendhiran_rpx/docker-smoke/tracking-production-250/sam2/medium
mos	250	sam2	medium	result.json	evaluator_git_sha	2bb9b919082727eb099f2b0824f97373a32a33d1	/data/narendhiran_rpx/docker-smoke/tracking-production-250/sam2/medium
mos	250	sam2	medium	result.json	frames	24750	/data/narendhiran_rpx/docker-smoke/tracking-production-250/sam2/medium
mos	250	sam2	medium	result.json	hardware.gpu_compute_capability.__length__	2	/data/narendhiran_rpx/docker-smoke/tracking-production-250/sam2/medium
mos	250	sam2	medium	result.json	hardware.gpu_name	NVIDIA RTX 6000 Ada Generation	/data/narendhiran_rpx/docker-smoke/tracking-production-250/sam2/medium
mos	250	sam2	medium	result.json	hardware.gpu_total_memory_bytes	50865307648	/data/narendhiran_rpx/docker-smoke/tracking-production-250/sam2/medium
mos	250	sam2	medium	result.json	hardware.torch_cuda_version	12.8	/data/narendhiran_rpx/docker-smoke/tracking-production-250/sam2/medium
mos	250	sam2	medium	result.json	hardware.torch_version	2.7.1+cu128	/data/narendhiran_rpx/docker-smoke/tracking-production-250/sam2/medium
mos	250	sam2	medium	result.json	model	sam2	/data/narendhiran_rpx/docker-smoke/tracking-production-250/sam2/medium
mos	250	sam2	medium	result.json	model_checkpoint.filename	sam2_hiera_large.pt	/data/narendhiran_rpx/docker-smoke/tracking-production-250/sam2/medium
mos	250	sam2	medium	result.json	model_checkpoint.repo	facebook/sam2-hiera-large	/data/narendhiran_rpx/docker-smoke/tracking-production-250/sam2/medium
mos	250	sam2	medium	result.json	model_checkpoint.revision	e6a8e8809b8f1bfa2238b6d080f3d05cc76bd251	/data/narendhiran_rpx/docker-smoke/tracking-production-250/sam2/medium
mos	250	sam2	medium	result.json	model_checkpoint.sha256	7442e4e9b732a508f80e141e7c2913437a3610ee0c77381a66658c3a445df87b	/data/narendhiran_rpx/docker-smoke/tracking-production-250/sam2/medium
mos	250	sam2	medium	result.json	phase_metrics.0.assa	0.9711251951671103	/data/narendhiran_rpx/docker-smoke/tracking-production-250/sam2/medium
mos	250	sam2	medium	result.json	phase_metrics.0.deta	0.9566333520470118	/data/narendhiran_rpx/docker-smoke/tracking-production-250/sam2/medium
mos	250	sam2	medium	result.json	phase_metrics.0.hota	0.9636297025165792	/data/narendhiran_rpx/docker-smoke/tracking-production-250/sam2/medium
mos	250	sam2	medium	result.json	phase_metrics.0.idf1	0.9844830872337966	/data/narendhiran_rpx/docker-smoke/tracking-production-250/sam2/medium
mos	250	sam2	medium	result.json	phase_metrics.0.idsw	0.8787878787878788	/data/narendhiran_rpx/docker-smoke/tracking-production-250/sam2/medium
mos	250	sam2	medium	result.json	phase_metrics.0.mota	0.9696388789158771	/data/narendhiran_rpx/docker-smoke/tracking-production-250/sam2/medium
mos	250	sam2	medium	result.json	phase_metrics.1.assa	0.9505734896193666	/data/narendhiran_rpx/docker-smoke/tracking-production-250/sam2/medium
mos	250	sam2	medium	result.json	phase_metrics.1.deta	0.9064044158116623	/data/narendhiran_rpx/docker-smoke/tracking-production-250/sam2/medium
mos	250	sam2	medium	result.json	phase_metrics.1.hota	0.9274707727680025	/data/narendhiran_rpx/docker-smoke/tracking-production-250/sam2/medium
mos	250	sam2	medium	result.json	phase_metrics.1.idf1	0.9612189189636932	/data/narendhiran_rpx/docker-smoke/tracking-production-250/sam2/medium
mos	250	sam2	medium	result.json	phase_metrics.1.idsw	0.8484848484848485	/data/narendhiran_rpx/docker-smoke/tracking-production-250/sam2/medium
mos	250	sam2	medium	result.json	phase_metrics.1.mota	0.927803558895032	/data/narendhiran_rpx/docker-smoke/tracking-production-250/sam2/medium
mos	250	sam2	medium	result.json	phase_metrics.2.assa	0.9729038811487131	/data/narendhiran_rpx/docker-smoke/tracking-production-250/sam2/medium
mos	250	sam2	medium	result.json	phase_metrics.2.deta	0.9613968165531998	/data/narendhiran_rpx/docker-smoke/tracking-production-250/sam2/medium
mos	250	sam2	medium	result.json	phase_metrics.2.hota	0.9669924207925829	/data/narendhiran_rpx/docker-smoke/tracking-production-250/sam2/medium
mos	250	sam2	medium	result.json	phase_metrics.2.idf1	0.9885631813231734	/data/narendhiran_rpx/docker-smoke/tracking-production-250/sam2/medium
mos	250	sam2	medium	result.json	phase_metrics.2.idsw	0.06060606060606061	/data/narendhiran_rpx/docker-smoke/tracking-production-250/sam2/medium
mos	250	sam2	medium	result.json	phase_metrics.2.mota	0.9784475030238114	/data/narendhiran_rpx/docker-smoke/tracking-production-250/sam2/medium
mos	250	sam2	medium	result.json	prediction_stats.complete_clip_cache_hits	68	/data/narendhiran_rpx/docker-smoke/tracking-production-250/sam2/medium
mos	250	sam2	medium	result.json	prediction_stats.inferred_clips	31	/data/narendhiran_rpx/docker-smoke/tracking-production-250/sam2/medium
mos	250	sam2	medium	result.json	prediction_stats.model_propagation_frames	7719	/data/narendhiran_rpx/docker-smoke/tracking-production-250/sam2/medium
mos	250	sam2	medium	result.json	protocol.association_iou_threshold	0.5	/data/narendhiran_rpx/docker-smoke/tracking-production-250/sam2/medium
mos	250	sam2	medium	result.json	protocol.association_representation	tight_boxes_derived_from_instance_masks	/data/narendhiran_rpx/docker-smoke/tracking-production-250/sam2/medium
mos	250	sam2	medium	result.json	protocol.hota	mean_over_0.05_to_0.95	/data/narendhiran_rpx/docker-smoke/tracking-production-250/sam2/medium
mos	250	sam2	medium	result.json	protocol.initialization	ground_truth_first_frame_mask	/data/narendhiran_rpx/docker-smoke/tracking-production-250/sam2/medium
mos	250	sam2	medium	result.json	protocol.metric_implementation	TrackEval	/data/narendhiran_rpx/docker-smoke/tracking-production-250/sam2/medium
mos	250	sam2	medium	result.json	protocol.scored_frames	1_to_end (initialization frame excluded)	/data/narendhiran_rpx/docker-smoke/tracking-production-250/sam2/medium
mos	250	sam2	medium	result.json	rpx_git_sha	060b74b287a4d766d2fc1d298286527aad5549bb	/data/narendhiran_rpx/docker-smoke/tracking-production-250/sam2/medium
mos	250	sam2	medium	result.json	split	medium	/data/narendhiran_rpx/docker-smoke/tracking-production-250/sam2/medium
mos	250	sam2	medium	result.json	task	object_tracking	/data/narendhiran_rpx/docker-smoke/tracking-production-250/sam2/medium
mos	250	sam2	medium	run_metadata.json	clips	99	/data/narendhiran_rpx/docker-smoke/tracking-production-250/sam2/medium
mos	250	sam2	medium	run_metadata.json	dataset.manifest_sha256	092980d23ee7a30de981c8dbf718cb05be8fa5209cc191bd116fd19439b2e72d	/data/narendhiran_rpx/docker-smoke/tracking-production-250/sam2/medium
mos	250	sam2	medium	run_metadata.json	dataset.repo	IRVLUTD/RPX	/data/narendhiran_rpx/docker-smoke/tracking-production-250/sam2/medium
mos	250	sam2	medium	run_metadata.json	dataset.revision	2e2a387f7f93e98c177b2e039c141eacda94e5fc	/data/narendhiran_rpx/docker-smoke/tracking-production-250/sam2/medium
mos	250	sam2	medium	run_metadata.json	evaluator_git_sha	2bb9b919082727eb099f2b0824f97373a32a33d1	/data/narendhiran_rpx/docker-smoke/tracking-production-250/sam2/medium
mos	250	sam2	medium	run_metadata.json	finished_unix	1786725716.4938242	/data/narendhiran_rpx/docker-smoke/tracking-production-250/sam2/medium
mos	250	sam2	medium	run_metadata.json	frames	24750	/data/narendhiran_rpx/docker-smoke/tracking-production-250/sam2/medium
mos	250	sam2	medium	run_metadata.json	hardware.gpu_compute_capability.__length__	2	/data/narendhiran_rpx/docker-smoke/tracking-production-250/sam2/medium
mos	250	sam2	medium	run_metadata.json	hardware.gpu_name	NVIDIA RTX 6000 Ada Generation	/data/narendhiran_rpx/docker-smoke/tracking-production-250/sam2/medium
mos	250	sam2	medium	run_metadata.json	hardware.gpu_total_memory_bytes	50865307648	/data/narendhiran_rpx/docker-smoke/tracking-production-250/sam2/medium
mos	250	sam2	medium	run_metadata.json	hardware.torch_cuda_version	12.8	/data/narendhiran_rpx/docker-smoke/tracking-production-250/sam2/medium
mos	250	sam2	medium	run_metadata.json	hardware.torch_version	2.7.1+cu128	/data/narendhiran_rpx/docker-smoke/tracking-production-250/sam2/medium
mos	250	sam2	medium	run_metadata.json	model	sam2	/data/narendhiran_rpx/docker-smoke/tracking-production-250/sam2/medium
mos	250	sam2	medium	run_metadata.json	model_checkpoint.filename	sam2_hiera_large.pt	/data/narendhiran_rpx/docker-smoke/tracking-production-250/sam2/medium
mos	250	sam2	medium	run_metadata.json	model_checkpoint.repo	facebook/sam2-hiera-large	/data/narendhiran_rpx/docker-smoke/tracking-production-250/sam2/medium
mos	250	sam2	medium	run_metadata.json	model_checkpoint.revision	e6a8e8809b8f1bfa2238b6d080f3d05cc76bd251	/data/narendhiran_rpx/docker-smoke/tracking-production-250/sam2/medium
mos	250	sam2	medium	run_metadata.json	model_checkpoint.sha256	7442e4e9b732a508f80e141e7c2913437a3610ee0c77381a66658c3a445df87b	/data/narendhiran_rpx/docker-smoke/tracking-production-250/sam2/medium
mos	250	sam2	medium	run_metadata.json	parameter_count	224430130	/data/narendhiran_rpx/docker-smoke/tracking-production-250/sam2/medium
mos	250	sam2	medium	run_metadata.json	phase_metrics.0.assa	0.9711251951671103	/data/narendhiran_rpx/docker-smoke/tracking-production-250/sam2/medium
mos	250	sam2	medium	run_metadata.json	phase_metrics.0.deta	0.9566333520470118	/data/narendhiran_rpx/docker-smoke/tracking-production-250/sam2/medium
mos	250	sam2	medium	run_metadata.json	phase_metrics.0.hota	0.9636297025165792	/data/narendhiran_rpx/docker-smoke/tracking-production-250/sam2/medium
mos	250	sam2	medium	run_metadata.json	phase_metrics.0.idf1	0.9844830872337966	/data/narendhiran_rpx/docker-smoke/tracking-production-250/sam2/medium
mos	250	sam2	medium	run_metadata.json	phase_metrics.0.idsw	0.8787878787878788	/data/narendhiran_rpx/docker-smoke/tracking-production-250/sam2/medium
mos	250	sam2	medium	run_metadata.json	phase_metrics.0.mota	0.9696388789158771	/data/narendhiran_rpx/docker-smoke/tracking-production-250/sam2/medium
mos	250	sam2	medium	run_metadata.json	phase_metrics.1.assa	0.9505734896193666	/data/narendhiran_rpx/docker-smoke/tracking-production-250/sam2/medium
mos	250	sam2	medium	run_metadata.json	phase_metrics.1.deta	0.9064044158116623	/data/narendhiran_rpx/docker-smoke/tracking-production-250/sam2/medium
mos	250	sam2	medium	run_metadata.json	phase_metrics.1.hota	0.9274707727680025	/data/narendhiran_rpx/docker-smoke/tracking-production-250/sam2/medium
mos	250	sam2	medium	run_metadata.json	phase_metrics.1.idf1	0.9612189189636932	/data/narendhiran_rpx/docker-smoke/tracking-production-250/sam2/medium
mos	250	sam2	medium	run_metadata.json	phase_metrics.1.idsw	0.8484848484848485	/data/narendhiran_rpx/docker-smoke/tracking-production-250/sam2/medium
mos	250	sam2	medium	run_metadata.json	phase_metrics.1.mota	0.927803558895032	/data/narendhiran_rpx/docker-smoke/tracking-production-250/sam2/medium
mos	250	sam2	medium	run_metadata.json	phase_metrics.2.assa	0.9729038811487131	/data/narendhiran_rpx/docker-smoke/tracking-production-250/sam2/medium
mos	250	sam2	medium	run_metadata.json	phase_metrics.2.deta	0.9613968165531998	/data/narendhiran_rpx/docker-smoke/tracking-production-250/sam2/medium
mos	250	sam2	medium	run_metadata.json	phase_metrics.2.hota	0.9669924207925829	/data/narendhiran_rpx/docker-smoke/tracking-production-250/sam2/medium
mos	250	sam2	medium	run_metadata.json	phase_metrics.2.idf1	0.9885631813231734	/data/narendhiran_rpx/docker-smoke/tracking-production-250/sam2/medium
mos	250	sam2	medium	run_metadata.json	phase_metrics.2.idsw	0.06060606060606061	/data/narendhiran_rpx/docker-smoke/tracking-production-250/sam2/medium
mos	250	sam2	medium	run_metadata.json	phase_metrics.2.mota	0.9784475030238114	/data/narendhiran_rpx/docker-smoke/tracking-production-250/sam2/medium
mos	250	sam2	medium	run_metadata.json	pid	274	/data/narendhiran_rpx/docker-smoke/tracking-production-250/sam2/medium
mos	250	sam2	medium	run_metadata.json	prediction_stats.complete_clip_cache_hits	68	/data/narendhiran_rpx/docker-smoke/tracking-production-250/sam2/medium
mos	250	sam2	medium	run_metadata.json	prediction_stats.inferred_clips	31	/data/narendhiran_rpx/docker-smoke/tracking-production-250/sam2/medium
mos	250	sam2	medium	run_metadata.json	prediction_stats.model_propagation_frames	7719	/data/narendhiran_rpx/docker-smoke/tracking-production-250/sam2/medium
mos	250	sam2	medium	run_metadata.json	protocol.association_iou_threshold	0.5	/data/narendhiran_rpx/docker-smoke/tracking-production-250/sam2/medium
mos	250	sam2	medium	run_metadata.json	protocol.association_representation	tight_boxes_derived_from_instance_masks	/data/narendhiran_rpx/docker-smoke/tracking-production-250/sam2/medium
mos	250	sam2	medium	run_metadata.json	protocol.hota	mean_over_0.05_to_0.95	/data/narendhiran_rpx/docker-smoke/tracking-production-250/sam2/medium
mos	250	sam2	medium	run_metadata.json	protocol.initialization	ground_truth_first_frame_mask	/data/narendhiran_rpx/docker-smoke/tracking-production-250/sam2/medium
mos	250	sam2	medium	run_metadata.json	protocol.metric_implementation	TrackEval	/data/narendhiran_rpx/docker-smoke/tracking-production-250/sam2/medium
mos	250	sam2	medium	run_metadata.json	protocol.scored_frames	1_to_end (initialization frame excluded)	/data/narendhiran_rpx/docker-smoke/tracking-production-250/sam2/medium
mos	250	sam2	medium	run_metadata.json	rpx_git_sha	060b74b287a4d766d2fc1d298286527aad5549bb	/data/narendhiran_rpx/docker-smoke/tracking-production-250/sam2/medium
mos	250	sam2	medium	run_metadata.json	split	medium	/data/narendhiran_rpx/docker-smoke/tracking-production-250/sam2/medium
mos	250	sam2	medium	run_metadata.json	started_unix	1786723125.519989	/data/narendhiran_rpx/docker-smoke/tracking-production-250/sam2/medium
mos	250	sam2	medium	run_metadata.json	task	object_tracking	/data/narendhiran_rpx/docker-smoke/tracking-production-250/sam2/medium
mos	250	sam2	hard	result.json	clips	102	/data/narendhiran_rpx/docker-smoke/tracking-production-250/sam2/hard
mos	250	sam2	hard	result.json	dataset.manifest_sha256	fbc3c01164696ffacfd8f09d202ab0880fe46ce5933af2daf3750a4ba3b7c6bc	/data/narendhiran_rpx/docker-smoke/tracking-production-250/sam2/hard
mos	250	sam2	hard	result.json	dataset.repo	IRVLUTD/RPX	/data/narendhiran_rpx/docker-smoke/tracking-production-250/sam2/hard
mos	250	sam2	hard	result.json	dataset.revision	2e2a387f7f93e98c177b2e039c141eacda94e5fc	/data/narendhiran_rpx/docker-smoke/tracking-production-250/sam2/hard
mos	250	sam2	hard	result.json	evaluator_git_sha	2bb9b919082727eb099f2b0824f97373a32a33d1	/data/narendhiran_rpx/docker-smoke/tracking-production-250/sam2/hard
mos	250	sam2	hard	result.json	frames	25500	/data/narendhiran_rpx/docker-smoke/tracking-production-250/sam2/hard
mos	250	sam2	hard	result.json	hardware.gpu_compute_capability.__length__	2	/data/narendhiran_rpx/docker-smoke/tracking-production-250/sam2/hard
mos	250	sam2	hard	result.json	hardware.gpu_name	NVIDIA RTX 6000 Ada Generation	/data/narendhiran_rpx/docker-smoke/tracking-production-250/sam2/hard
mos	250	sam2	hard	result.json	hardware.gpu_total_memory_bytes	50865307648	/data/narendhiran_rpx/docker-smoke/tracking-production-250/sam2/hard
mos	250	sam2	hard	result.json	hardware.torch_cuda_version	12.8	/data/narendhiran_rpx/docker-smoke/tracking-production-250/sam2/hard
mos	250	sam2	hard	result.json	hardware.torch_version	2.7.1+cu128	/data/narendhiran_rpx/docker-smoke/tracking-production-250/sam2/hard
mos	250	sam2	hard	result.json	model	sam2	/data/narendhiran_rpx/docker-smoke/tracking-production-250/sam2/hard
mos	250	sam2	hard	result.json	model_checkpoint.filename	sam2_hiera_large.pt	/data/narendhiran_rpx/docker-smoke/tracking-production-250/sam2/hard
mos	250	sam2	hard	result.json	model_checkpoint.repo	facebook/sam2-hiera-large	/data/narendhiran_rpx/docker-smoke/tracking-production-250/sam2/hard
mos	250	sam2	hard	result.json	model_checkpoint.revision	e6a8e8809b8f1bfa2238b6d080f3d05cc76bd251	/data/narendhiran_rpx/docker-smoke/tracking-production-250/sam2/hard
mos	250	sam2	hard	result.json	model_checkpoint.sha256	7442e4e9b732a508f80e141e7c2913437a3610ee0c77381a66658c3a445df87b	/data/narendhiran_rpx/docker-smoke/tracking-production-250/sam2/hard
mos	250	sam2	hard	result.json	phase_metrics.0.assa	0.9655579450523971	/data/narendhiran_rpx/docker-smoke/tracking-production-250/sam2/hard
mos	250	sam2	hard	result.json	phase_metrics.0.deta	0.9497781067979619	/data/narendhiran_rpx/docker-smoke/tracking-production-250/sam2/hard
mos	250	sam2	hard	result.json	phase_metrics.0.hota	0.9574458236957194	/data/narendhiran_rpx/docker-smoke/tracking-production-250/sam2/hard
mos	250	sam2	hard	result.json	phase_metrics.0.idf1	0.9834965859019782	/data/narendhiran_rpx/docker-smoke/tracking-production-250/sam2/hard
mos	250	sam2	hard	result.json	phase_metrics.0.idsw	0.9117647058823529	/data/narendhiran_rpx/docker-smoke/tracking-production-250/sam2/hard
mos	250	sam2	hard	result.json	phase_metrics.0.mota	0.9675666227876208	/data/narendhiran_rpx/docker-smoke/tracking-production-250/sam2/hard
mos	250	sam2	hard	result.json	phase_metrics.1.assa	0.9164279703166478	/data/narendhiran_rpx/docker-smoke/tracking-production-250/sam2/hard
mos	250	sam2	hard	result.json	phase_metrics.1.deta	0.8575026468053065	/data/narendhiran_rpx/docker-smoke/tracking-production-250/sam2/hard
mos	250	sam2	hard	result.json	phase_metrics.1.hota	0.8852571166823119	/data/narendhiran_rpx/docker-smoke/tracking-production-250/sam2/hard
mos	250	sam2	hard	result.json	phase_metrics.1.idf1	0.9366326574104199	/data/narendhiran_rpx/docker-smoke/tracking-production-250/sam2/hard
mos	250	sam2	hard	result.json	phase_metrics.1.idsw	2.764705882352941	/data/narendhiran_rpx/docker-smoke/tracking-production-250/sam2/hard
mos	250	sam2	hard	result.json	phase_metrics.1.mota	0.8793433245233993	/data/narendhiran_rpx/docker-smoke/tracking-production-250/sam2/hard
mos	250	sam2	hard	result.json	phase_metrics.2.assa	0.9714006447428993	/data/narendhiran_rpx/docker-smoke/tracking-production-250/sam2/hard
mos	250	sam2	hard	result.json	phase_metrics.2.deta	0.9635302133926847	/data/narendhiran_rpx/docker-smoke/tracking-production-250/sam2/hard
mos	250	sam2	hard	result.json	phase_metrics.2.hota	0.9673798850867326	/data/narendhiran_rpx/docker-smoke/tracking-production-250/sam2/hard
mos	250	sam2	hard	result.json	phase_metrics.2.idf1	0.9933275059629193	/data/narendhiran_rpx/docker-smoke/tracking-production-250/sam2/hard
mos	250	sam2	hard	result.json	phase_metrics.2.idsw	0.4117647058823529	/data/narendhiran_rpx/docker-smoke/tracking-production-250/sam2/hard
mos	250	sam2	hard	result.json	phase_metrics.2.mota	0.9873762050189104	/data/narendhiran_rpx/docker-smoke/tracking-production-250/sam2/hard
mos	250	sam2	hard	result.json	prediction_stats.complete_clip_cache_hits	0	/data/narendhiran_rpx/docker-smoke/tracking-production-250/sam2/hard
mos	250	sam2	hard	result.json	prediction_stats.inferred_clips	102	/data/narendhiran_rpx/docker-smoke/tracking-production-250/sam2/hard
mos	250	sam2	hard	result.json	prediction_stats.model_propagation_frames	25398	/data/narendhiran_rpx/docker-smoke/tracking-production-250/sam2/hard
mos	250	sam2	hard	result.json	protocol.association_iou_threshold	0.5	/data/narendhiran_rpx/docker-smoke/tracking-production-250/sam2/hard
mos	250	sam2	hard	result.json	protocol.association_representation	tight_boxes_derived_from_instance_masks	/data/narendhiran_rpx/docker-smoke/tracking-production-250/sam2/hard
mos	250	sam2	hard	result.json	protocol.hota	mean_over_0.05_to_0.95	/data/narendhiran_rpx/docker-smoke/tracking-production-250/sam2/hard
mos	250	sam2	hard	result.json	protocol.initialization	ground_truth_first_frame_mask	/data/narendhiran_rpx/docker-smoke/tracking-production-250/sam2/hard
mos	250	sam2	hard	result.json	protocol.metric_implementation	TrackEval	/data/narendhiran_rpx/docker-smoke/tracking-production-250/sam2/hard
mos	250	sam2	hard	result.json	protocol.scored_frames	1_to_end (initialization frame excluded)	/data/narendhiran_rpx/docker-smoke/tracking-production-250/sam2/hard
mos	250	sam2	hard	result.json	rpx_git_sha	060b74b287a4d766d2fc1d298286527aad5549bb	/data/narendhiran_rpx/docker-smoke/tracking-production-250/sam2/hard
mos	250	sam2	hard	result.json	split	hard	/data/narendhiran_rpx/docker-smoke/tracking-production-250/sam2/hard
mos	250	sam2	hard	result.json	task	object_tracking	/data/narendhiran_rpx/docker-smoke/tracking-production-250/sam2/hard
mos	250	sam2	hard	run_metadata.json	clips	102	/data/narendhiran_rpx/docker-smoke/tracking-production-250/sam2/hard
mos	250	sam2	hard	run_metadata.json	dataset.manifest_sha256	fbc3c01164696ffacfd8f09d202ab0880fe46ce5933af2daf3750a4ba3b7c6bc	/data/narendhiran_rpx/docker-smoke/tracking-production-250/sam2/hard
mos	250	sam2	hard	run_metadata.json	dataset.repo	IRVLUTD/RPX	/data/narendhiran_rpx/docker-smoke/tracking-production-250/sam2/hard
mos	250	sam2	hard	run_metadata.json	dataset.revision	2e2a387f7f93e98c177b2e039c141eacda94e5fc	/data/narendhiran_rpx/docker-smoke/tracking-production-250/sam2/hard
mos	250	sam2	hard	run_metadata.json	evaluator_git_sha	2bb9b919082727eb099f2b0824f97373a32a33d1	/data/narendhiran_rpx/docker-smoke/tracking-production-250/sam2/hard
mos	250	sam2	hard	run_metadata.json	finished_unix	1786730006.8837082	/data/narendhiran_rpx/docker-smoke/tracking-production-250/sam2/hard
mos	250	sam2	hard	run_metadata.json	frames	25500	/data/narendhiran_rpx/docker-smoke/tracking-production-250/sam2/hard
mos	250	sam2	hard	run_metadata.json	hardware.gpu_compute_capability.__length__	2	/data/narendhiran_rpx/docker-smoke/tracking-production-250/sam2/hard
mos	250	sam2	hard	run_metadata.json	hardware.gpu_name	NVIDIA RTX 6000 Ada Generation	/data/narendhiran_rpx/docker-smoke/tracking-production-250/sam2/hard
mos	250	sam2	hard	run_metadata.json	hardware.gpu_total_memory_bytes	50865307648	/data/narendhiran_rpx/docker-smoke/tracking-production-250/sam2/hard
mos	250	sam2	hard	run_metadata.json	hardware.torch_cuda_version	12.8	/data/narendhiran_rpx/docker-smoke/tracking-production-250/sam2/hard
mos	250	sam2	hard	run_metadata.json	hardware.torch_version	2.7.1+cu128	/data/narendhiran_rpx/docker-smoke/tracking-production-250/sam2/hard
mos	250	sam2	hard	run_metadata.json	model	sam2	/data/narendhiran_rpx/docker-smoke/tracking-production-250/sam2/hard
mos	250	sam2	hard	run_metadata.json	model_checkpoint.filename	sam2_hiera_large.pt	/data/narendhiran_rpx/docker-smoke/tracking-production-250/sam2/hard
mos	250	sam2	hard	run_metadata.json	model_checkpoint.repo	facebook/sam2-hiera-large	/data/narendhiran_rpx/docker-smoke/tracking-production-250/sam2/hard
mos	250	sam2	hard	run_metadata.json	model_checkpoint.revision	e6a8e8809b8f1bfa2238b6d080f3d05cc76bd251	/data/narendhiran_rpx/docker-smoke/tracking-production-250/sam2/hard
mos	250	sam2	hard	run_metadata.json	model_checkpoint.sha256	7442e4e9b732a508f80e141e7c2913437a3610ee0c77381a66658c3a445df87b	/data/narendhiran_rpx/docker-smoke/tracking-production-250/sam2/hard
mos	250	sam2	hard	run_metadata.json	parameter_count	224430130	/data/narendhiran_rpx/docker-smoke/tracking-production-250/sam2/hard
mos	250	sam2	hard	run_metadata.json	phase_metrics.0.assa	0.9655579450523971	/data/narendhiran_rpx/docker-smoke/tracking-production-250/sam2/hard
mos	250	sam2	hard	run_metadata.json	phase_metrics.0.deta	0.9497781067979619	/data/narendhiran_rpx/docker-smoke/tracking-production-250/sam2/hard
mos	250	sam2	hard	run_metadata.json	phase_metrics.0.hota	0.9574458236957194	/data/narendhiran_rpx/docker-smoke/tracking-production-250/sam2/hard
mos	250	sam2	hard	run_metadata.json	phase_metrics.0.idf1	0.9834965859019782	/data/narendhiran_rpx/docker-smoke/tracking-production-250/sam2/hard
mos	250	sam2	hard	run_metadata.json	phase_metrics.0.idsw	0.9117647058823529	/data/narendhiran_rpx/docker-smoke/tracking-production-250/sam2/hard
mos	250	sam2	hard	run_metadata.json	phase_metrics.0.mota	0.9675666227876208	/data/narendhiran_rpx/docker-smoke/tracking-production-250/sam2/hard
mos	250	sam2	hard	run_metadata.json	phase_metrics.1.assa	0.9164279703166478	/data/narendhiran_rpx/docker-smoke/tracking-production-250/sam2/hard
mos	250	sam2	hard	run_metadata.json	phase_metrics.1.deta	0.8575026468053065	/data/narendhiran_rpx/docker-smoke/tracking-production-250/sam2/hard
mos	250	sam2	hard	run_metadata.json	phase_metrics.1.hota	0.8852571166823119	/data/narendhiran_rpx/docker-smoke/tracking-production-250/sam2/hard
mos	250	sam2	hard	run_metadata.json	phase_metrics.1.idf1	0.9366326574104199	/data/narendhiran_rpx/docker-smoke/tracking-production-250/sam2/hard
mos	250	sam2	hard	run_metadata.json	phase_metrics.1.idsw	2.764705882352941	/data/narendhiran_rpx/docker-smoke/tracking-production-250/sam2/hard
mos	250	sam2	hard	run_metadata.json	phase_metrics.1.mota	0.8793433245233993	/data/narendhiran_rpx/docker-smoke/tracking-production-250/sam2/hard
mos	250	sam2	hard	run_metadata.json	phase_metrics.2.assa	0.9714006447428993	/data/narendhiran_rpx/docker-smoke/tracking-production-250/sam2/hard
mos	250	sam2	hard	run_metadata.json	phase_metrics.2.deta	0.9635302133926847	/data/narendhiran_rpx/docker-smoke/tracking-production-250/sam2/hard
mos	250	sam2	hard	run_metadata.json	phase_metrics.2.hota	0.9673798850867326	/data/narendhiran_rpx/docker-smoke/tracking-production-250/sam2/hard
mos	250	sam2	hard	run_metadata.json	phase_metrics.2.idf1	0.9933275059629193	/data/narendhiran_rpx/docker-smoke/tracking-production-250/sam2/hard
mos	250	sam2	hard	run_metadata.json	phase_metrics.2.idsw	0.4117647058823529	/data/narendhiran_rpx/docker-smoke/tracking-production-250/sam2/hard
mos	250	sam2	hard	run_metadata.json	phase_metrics.2.mota	0.9873762050189104	/data/narendhiran_rpx/docker-smoke/tracking-production-250/sam2/hard
mos	250	sam2	hard	run_metadata.json	pid	1459	/data/narendhiran_rpx/docker-smoke/tracking-production-250/sam2/hard
mos	250	sam2	hard	run_metadata.json	prediction_stats.complete_clip_cache_hits	0	/data/narendhiran_rpx/docker-smoke/tracking-production-250/sam2/hard
mos	250	sam2	hard	run_metadata.json	prediction_stats.inferred_clips	102	/data/narendhiran_rpx/docker-smoke/tracking-production-250/sam2/hard
mos	250	sam2	hard	run_metadata.json	prediction_stats.model_propagation_frames	25398	/data/narendhiran_rpx/docker-smoke/tracking-production-250/sam2/hard
mos	250	sam2	hard	run_metadata.json	protocol.association_iou_threshold	0.5	/data/narendhiran_rpx/docker-smoke/tracking-production-250/sam2/hard
mos	250	sam2	hard	run_metadata.json	protocol.association_representation	tight_boxes_derived_from_instance_masks	/data/narendhiran_rpx/docker-smoke/tracking-production-250/sam2/hard
mos	250	sam2	hard	run_metadata.json	protocol.hota	mean_over_0.05_to_0.95	/data/narendhiran_rpx/docker-smoke/tracking-production-250/sam2/hard
mos	250	sam2	hard	run_metadata.json	protocol.initialization	ground_truth_first_frame_mask	/data/narendhiran_rpx/docker-smoke/tracking-production-250/sam2/hard
mos	250	sam2	hard	run_metadata.json	protocol.metric_implementation	TrackEval	/data/narendhiran_rpx/docker-smoke/tracking-production-250/sam2/hard
mos	250	sam2	hard	run_metadata.json	protocol.scored_frames	1_to_end (initialization frame excluded)	/data/narendhiran_rpx/docker-smoke/tracking-production-250/sam2/hard
mos	250	sam2	hard	run_metadata.json	rpx_git_sha	060b74b287a4d766d2fc1d298286527aad5549bb	/data/narendhiran_rpx/docker-smoke/tracking-production-250/sam2/hard
mos	250	sam2	hard	run_metadata.json	split	hard	/data/narendhiran_rpx/docker-smoke/tracking-production-250/sam2/hard
mos	250	sam2	hard	run_metadata.json	started_unix	1786725926.447193	/data/narendhiran_rpx/docker-smoke/tracking-production-250/sam2/hard
mos	250	sam2	hard	run_metadata.json	task	object_tracking	/data/narendhiran_rpx/docker-smoke/tracking-production-250/sam2/hard
mos	250	cutie	easy	result.json	clips	99	/data/narendhiran_rpx/docker-smoke/tracking-production-250/cutie/easy
mos	250	cutie	easy	result.json	dataset.manifest_sha256	0ba018a738383d23df239f1b138669dd1cc8261a730d41cb84ce1bde14f80c4a	/data/narendhiran_rpx/docker-smoke/tracking-production-250/cutie/easy
mos	250	cutie	easy	result.json	dataset.repo	IRVLUTD/RPX	/data/narendhiran_rpx/docker-smoke/tracking-production-250/cutie/easy
mos	250	cutie	easy	result.json	dataset.revision	2e2a387f7f93e98c177b2e039c141eacda94e5fc	/data/narendhiran_rpx/docker-smoke/tracking-production-250/cutie/easy
mos	250	cutie	easy	result.json	evaluator_git_sha	2bb9b919082727eb099f2b0824f97373a32a33d1	/data/narendhiran_rpx/docker-smoke/tracking-production-250/cutie/easy
mos	250	cutie	easy	result.json	frames	24750	/data/narendhiran_rpx/docker-smoke/tracking-production-250/cutie/easy
mos	250	cutie	easy	result.json	hardware.gpu_compute_capability.__length__	2	/data/narendhiran_rpx/docker-smoke/tracking-production-250/cutie/easy
mos	250	cutie	easy	result.json	hardware.gpu_name	NVIDIA RTX 6000 Ada Generation	/data/narendhiran_rpx/docker-smoke/tracking-production-250/cutie/easy
mos	250	cutie	easy	result.json	hardware.gpu_total_memory_bytes	50865307648	/data/narendhiran_rpx/docker-smoke/tracking-production-250/cutie/easy
mos	250	cutie	easy	result.json	hardware.torch_cuda_version	12.8	/data/narendhiran_rpx/docker-smoke/tracking-production-250/cutie/easy
mos	250	cutie	easy	result.json	hardware.torch_version	2.7.1+cu128	/data/narendhiran_rpx/docker-smoke/tracking-production-250/cutie/easy
mos	250	cutie	easy	result.json	model	cutie	/data/narendhiran_rpx/docker-smoke/tracking-production-250/cutie/easy
mos	250	cutie	easy	result.json	model_checkpoint.filename	cutie-base-mega.pth	/data/narendhiran_rpx/docker-smoke/tracking-production-250/cutie/easy
mos	250	cutie	easy	result.json	model_checkpoint.repo	hkchengrex/Cutie	/data/narendhiran_rpx/docker-smoke/tracking-production-250/cutie/easy
mos	250	cutie	easy	result.json	model_checkpoint.revision	v1.0	/data/narendhiran_rpx/docker-smoke/tracking-production-250/cutie/easy
mos	250	cutie	easy	result.json	model_checkpoint.sha256	9c05402ee36d3a356fb72715d263ba7e1ea06ad3bada48c1306491792da43023	/data/narendhiran_rpx/docker-smoke/tracking-production-250/cutie/easy
mos	250	cutie	easy	result.json	phase_metrics.0.assa	0.9694826535388172	/data/narendhiran_rpx/docker-smoke/tracking-production-250/cutie/easy
mos	250	cutie	easy	result.json	phase_metrics.0.deta	0.9590949708029739	/data/narendhiran_rpx/docker-smoke/tracking-production-250/cutie/easy
mos	250	cutie	easy	result.json	phase_metrics.0.hota	0.9640194609938746	/data/narendhiran_rpx/docker-smoke/tracking-production-250/cutie/easy
mos	250	cutie	easy	result.json	phase_metrics.0.idf1	0.9964184050679286	/data/narendhiran_rpx/docker-smoke/tracking-production-250/cutie/easy
mos	250	cutie	easy	result.json	phase_metrics.0.idsw	0.0	/data/narendhiran_rpx/docker-smoke/tracking-production-250/cutie/easy
mos	250	cutie	easy	result.json	phase_metrics.0.mota	0.9928366701374874	/data/narendhiran_rpx/docker-smoke/tracking-production-250/cutie/easy
mos	250	cutie	easy	result.json	phase_metrics.1.assa	0.9425987011662468	/data/narendhiran_rpx/docker-smoke/tracking-production-250/cutie/easy
mos	250	cutie	easy	result.json	phase_metrics.1.deta	0.9096543786261508	/data/narendhiran_rpx/docker-smoke/tracking-production-250/cutie/easy
mos	250	cutie	easy	result.json	phase_metrics.1.hota	0.925067086641807	/data/narendhiran_rpx/docker-smoke/tracking-production-250/cutie/easy
mos	250	cutie	easy	result.json	phase_metrics.1.idf1	0.9747425895396994	/data/narendhiran_rpx/docker-smoke/tracking-production-250/cutie/easy
mos	250	cutie	easy	result.json	phase_metrics.1.idsw	0.24242424242424243	/data/narendhiran_rpx/docker-smoke/tracking-production-250/cutie/easy
mos	250	cutie	easy	result.json	phase_metrics.1.mota	0.9510803343624454	/data/narendhiran_rpx/docker-smoke/tracking-production-250/cutie/easy
mos	250	cutie	easy	result.json	phase_metrics.2.assa	0.9722475753961255	/data/narendhiran_rpx/docker-smoke/tracking-production-250/cutie/easy
mos	250	cutie	easy	result.json	phase_metrics.2.deta	0.9654492250507158	/data/narendhiran_rpx/docker-smoke/tracking-production-250/cutie/easy
mos	250	cutie	easy	result.json	phase_metrics.2.hota	0.9686960557587303	/data/narendhiran_rpx/docker-smoke/tracking-production-250/cutie/easy
mos	250	cutie	easy	result.json	phase_metrics.2.idf1	0.9992134193723271	/data/narendhiran_rpx/docker-smoke/tracking-production-250/cutie/easy
mos	250	cutie	easy	result.json	phase_metrics.2.idsw	0.09090909090909091	/data/narendhiran_rpx/docker-smoke/tracking-production-250/cutie/easy
mos	250	cutie	easy	result.json	phase_metrics.2.mota	0.9984450087420971	/data/narendhiran_rpx/docker-smoke/tracking-production-250/cutie/easy
mos	250	cutie	easy	result.json	prediction_stats.complete_clip_cache_hits	0	/data/narendhiran_rpx/docker-smoke/tracking-production-250/cutie/easy
mos	250	cutie	easy	result.json	prediction_stats.inferred_clips	99	/data/narendhiran_rpx/docker-smoke/tracking-production-250/cutie/easy
mos	250	cutie	easy	result.json	prediction_stats.model_propagation_frames	24651	/data/narendhiran_rpx/docker-smoke/tracking-production-250/cutie/easy
mos	250	cutie	easy	result.json	protocol.association_iou_threshold	0.5	/data/narendhiran_rpx/docker-smoke/tracking-production-250/cutie/easy
mos	250	cutie	easy	result.json	protocol.association_representation	tight_boxes_derived_from_instance_masks	/data/narendhiran_rpx/docker-smoke/tracking-production-250/cutie/easy
mos	250	cutie	easy	result.json	protocol.hota	mean_over_0.05_to_0.95	/data/narendhiran_rpx/docker-smoke/tracking-production-250/cutie/easy
mos	250	cutie	easy	result.json	protocol.initialization	ground_truth_first_frame_mask	/data/narendhiran_rpx/docker-smoke/tracking-production-250/cutie/easy
mos	250	cutie	easy	result.json	protocol.metric_implementation	TrackEval	/data/narendhiran_rpx/docker-smoke/tracking-production-250/cutie/easy
mos	250	cutie	easy	result.json	protocol.scored_frames	1_to_end (initialization frame excluded)	/data/narendhiran_rpx/docker-smoke/tracking-production-250/cutie/easy
mos	250	cutie	easy	result.json	rpx_git_sha	ccd827ee74cec0d9c4e4f71903b24b5df0777b29	/data/narendhiran_rpx/docker-smoke/tracking-production-250/cutie/easy
mos	250	cutie	easy	result.json	split	easy	/data/narendhiran_rpx/docker-smoke/tracking-production-250/cutie/easy
mos	250	cutie	easy	result.json	task	object_tracking	/data/narendhiran_rpx/docker-smoke/tracking-production-250/cutie/easy
mos	250	cutie	easy	run_metadata.json	clips	99	/data/narendhiran_rpx/docker-smoke/tracking-production-250/cutie/easy
mos	250	cutie	easy	run_metadata.json	dataset.manifest_sha256	0ba018a738383d23df239f1b138669dd1cc8261a730d41cb84ce1bde14f80c4a	/data/narendhiran_rpx/docker-smoke/tracking-production-250/cutie/easy
mos	250	cutie	easy	run_metadata.json	dataset.repo	IRVLUTD/RPX	/data/narendhiran_rpx/docker-smoke/tracking-production-250/cutie/easy
mos	250	cutie	easy	run_metadata.json	dataset.revision	2e2a387f7f93e98c177b2e039c141eacda94e5fc	/data/narendhiran_rpx/docker-smoke/tracking-production-250/cutie/easy
mos	250	cutie	easy	run_metadata.json	evaluator_git_sha	2bb9b919082727eb099f2b0824f97373a32a33d1	/data/narendhiran_rpx/docker-smoke/tracking-production-250/cutie/easy
mos	250	cutie	easy	run_metadata.json	finished_unix	1786720451.6030116	/data/narendhiran_rpx/docker-smoke/tracking-production-250/cutie/easy
mos	250	cutie	easy	run_metadata.json	frames	24750	/data/narendhiran_rpx/docker-smoke/tracking-production-250/cutie/easy
mos	250	cutie	easy	run_metadata.json	hardware.gpu_compute_capability.__length__	2	/data/narendhiran_rpx/docker-smoke/tracking-production-250/cutie/easy
mos	250	cutie	easy	run_metadata.json	hardware.gpu_name	NVIDIA RTX 6000 Ada Generation	/data/narendhiran_rpx/docker-smoke/tracking-production-250/cutie/easy
mos	250	cutie	easy	run_metadata.json	hardware.gpu_total_memory_bytes	50865307648	/data/narendhiran_rpx/docker-smoke/tracking-production-250/cutie/easy
mos	250	cutie	easy	run_metadata.json	hardware.torch_cuda_version	12.8	/data/narendhiran_rpx/docker-smoke/tracking-production-250/cutie/easy
mos	250	cutie	easy	run_metadata.json	hardware.torch_version	2.7.1+cu128	/data/narendhiran_rpx/docker-smoke/tracking-production-250/cutie/easy
mos	250	cutie	easy	run_metadata.json	model	cutie	/data/narendhiran_rpx/docker-smoke/tracking-production-250/cutie/easy
mos	250	cutie	easy	run_metadata.json	model_checkpoint.filename	cutie-base-mega.pth	/data/narendhiran_rpx/docker-smoke/tracking-production-250/cutie/easy
mos	250	cutie	easy	run_metadata.json	model_checkpoint.repo	hkchengrex/Cutie	/data/narendhiran_rpx/docker-smoke/tracking-production-250/cutie/easy
mos	250	cutie	easy	run_metadata.json	model_checkpoint.revision	v1.0	/data/narendhiran_rpx/docker-smoke/tracking-production-250/cutie/easy
mos	250	cutie	easy	run_metadata.json	model_checkpoint.sha256	9c05402ee36d3a356fb72715d263ba7e1ea06ad3bada48c1306491792da43023	/data/narendhiran_rpx/docker-smoke/tracking-production-250/cutie/easy
mos	250	cutie	easy	run_metadata.json	parameter_count	35024186	/data/narendhiran_rpx/docker-smoke/tracking-production-250/cutie/easy
mos	250	cutie	easy	run_metadata.json	phase_metrics.0.assa	0.9694826535388172	/data/narendhiran_rpx/docker-smoke/tracking-production-250/cutie/easy
mos	250	cutie	easy	run_metadata.json	phase_metrics.0.deta	0.9590949708029739	/data/narendhiran_rpx/docker-smoke/tracking-production-250/cutie/easy
mos	250	cutie	easy	run_metadata.json	phase_metrics.0.hota	0.9640194609938746	/data/narendhiran_rpx/docker-smoke/tracking-production-250/cutie/easy
mos	250	cutie	easy	run_metadata.json	phase_metrics.0.idf1	0.9964184050679286	/data/narendhiran_rpx/docker-smoke/tracking-production-250/cutie/easy
mos	250	cutie	easy	run_metadata.json	phase_metrics.0.idsw	0.0	/data/narendhiran_rpx/docker-smoke/tracking-production-250/cutie/easy
mos	250	cutie	easy	run_metadata.json	phase_metrics.0.mota	0.9928366701374874	/data/narendhiran_rpx/docker-smoke/tracking-production-250/cutie/easy
mos	250	cutie	easy	run_metadata.json	phase_metrics.1.assa	0.9425987011662468	/data/narendhiran_rpx/docker-smoke/tracking-production-250/cutie/easy
mos	250	cutie	easy	run_metadata.json	phase_metrics.1.deta	0.9096543786261508	/data/narendhiran_rpx/docker-smoke/tracking-production-250/cutie/easy
mos	250	cutie	easy	run_metadata.json	phase_metrics.1.hota	0.925067086641807	/data/narendhiran_rpx/docker-smoke/tracking-production-250/cutie/easy
mos	250	cutie	easy	run_metadata.json	phase_metrics.1.idf1	0.9747425895396994	/data/narendhiran_rpx/docker-smoke/tracking-production-250/cutie/easy
mos	250	cutie	easy	run_metadata.json	phase_metrics.1.idsw	0.24242424242424243	/data/narendhiran_rpx/docker-smoke/tracking-production-250/cutie/easy
mos	250	cutie	easy	run_metadata.json	phase_metrics.1.mota	0.9510803343624454	/data/narendhiran_rpx/docker-smoke/tracking-production-250/cutie/easy
mos	250	cutie	easy	run_metadata.json	phase_metrics.2.assa	0.9722475753961255	/data/narendhiran_rpx/docker-smoke/tracking-production-250/cutie/easy
mos	250	cutie	easy	run_metadata.json	phase_metrics.2.deta	0.9654492250507158	/data/narendhiran_rpx/docker-smoke/tracking-production-250/cutie/easy
mos	250	cutie	easy	run_metadata.json	phase_metrics.2.hota	0.9686960557587303	/data/narendhiran_rpx/docker-smoke/tracking-production-250/cutie/easy
mos	250	cutie	easy	run_metadata.json	phase_metrics.2.idf1	0.9992134193723271	/data/narendhiran_rpx/docker-smoke/tracking-production-250/cutie/easy
mos	250	cutie	easy	run_metadata.json	phase_metrics.2.idsw	0.09090909090909091	/data/narendhiran_rpx/docker-smoke/tracking-production-250/cutie/easy
mos	250	cutie	easy	run_metadata.json	phase_metrics.2.mota	0.9984450087420971	/data/narendhiran_rpx/docker-smoke/tracking-production-250/cutie/easy
mos	250	cutie	easy	run_metadata.json	pid	114	/data/narendhiran_rpx/docker-smoke/tracking-production-250/cutie/easy
mos	250	cutie	easy	run_metadata.json	prediction_stats.complete_clip_cache_hits	0	/data/narendhiran_rpx/docker-smoke/tracking-production-250/cutie/easy
mos	250	cutie	easy	run_metadata.json	prediction_stats.inferred_clips	99	/data/narendhiran_rpx/docker-smoke/tracking-production-250/cutie/easy
mos	250	cutie	easy	run_metadata.json	prediction_stats.model_propagation_frames	24651	/data/narendhiran_rpx/docker-smoke/tracking-production-250/cutie/easy
mos	250	cutie	easy	run_metadata.json	protocol.association_iou_threshold	0.5	/data/narendhiran_rpx/docker-smoke/tracking-production-250/cutie/easy
mos	250	cutie	easy	run_metadata.json	protocol.association_representation	tight_boxes_derived_from_instance_masks	/data/narendhiran_rpx/docker-smoke/tracking-production-250/cutie/easy
mos	250	cutie	easy	run_metadata.json	protocol.hota	mean_over_0.05_to_0.95	/data/narendhiran_rpx/docker-smoke/tracking-production-250/cutie/easy
mos	250	cutie	easy	run_metadata.json	protocol.initialization	ground_truth_first_frame_mask	/data/narendhiran_rpx/docker-smoke/tracking-production-250/cutie/easy
mos	250	cutie	easy	run_metadata.json	protocol.metric_implementation	TrackEval	/data/narendhiran_rpx/docker-smoke/tracking-production-250/cutie/easy
mos	250	cutie	easy	run_metadata.json	protocol.scored_frames	1_to_end (initialization frame excluded)	/data/narendhiran_rpx/docker-smoke/tracking-production-250/cutie/easy
mos	250	cutie	easy	run_metadata.json	rpx_git_sha	ccd827ee74cec0d9c4e4f71903b24b5df0777b29	/data/narendhiran_rpx/docker-smoke/tracking-production-250/cutie/easy
mos	250	cutie	easy	run_metadata.json	split	easy	/data/narendhiran_rpx/docker-smoke/tracking-production-250/cutie/easy
mos	250	cutie	easy	run_metadata.json	started_unix	1786718016.8649998	/data/narendhiran_rpx/docker-smoke/tracking-production-250/cutie/easy
mos	250	cutie	easy	run_metadata.json	task	object_tracking	/data/narendhiran_rpx/docker-smoke/tracking-production-250/cutie/easy
mos	250	cutie	medium	result.json	clips	99	/data/narendhiran_rpx/docker-smoke/tracking-production-250/cutie/medium
mos	250	cutie	medium	result.json	dataset.manifest_sha256	092980d23ee7a30de981c8dbf718cb05be8fa5209cc191bd116fd19439b2e72d	/data/narendhiran_rpx/docker-smoke/tracking-production-250/cutie/medium
mos	250	cutie	medium	result.json	dataset.repo	IRVLUTD/RPX	/data/narendhiran_rpx/docker-smoke/tracking-production-250/cutie/medium
mos	250	cutie	medium	result.json	dataset.revision	2e2a387f7f93e98c177b2e039c141eacda94e5fc	/data/narendhiran_rpx/docker-smoke/tracking-production-250/cutie/medium
mos	250	cutie	medium	result.json	evaluator_git_sha	2bb9b919082727eb099f2b0824f97373a32a33d1	/data/narendhiran_rpx/docker-smoke/tracking-production-250/cutie/medium
mos	250	cutie	medium	result.json	frames	24750	/data/narendhiran_rpx/docker-smoke/tracking-production-250/cutie/medium
mos	250	cutie	medium	result.json	hardware.gpu_compute_capability.__length__	2	/data/narendhiran_rpx/docker-smoke/tracking-production-250/cutie/medium
mos	250	cutie	medium	result.json	hardware.gpu_name	NVIDIA RTX 6000 Ada Generation	/data/narendhiran_rpx/docker-smoke/tracking-production-250/cutie/medium
mos	250	cutie	medium	result.json	hardware.gpu_total_memory_bytes	50865307648	/data/narendhiran_rpx/docker-smoke/tracking-production-250/cutie/medium
mos	250	cutie	medium	result.json	hardware.torch_cuda_version	12.8	/data/narendhiran_rpx/docker-smoke/tracking-production-250/cutie/medium
mos	250	cutie	medium	result.json	hardware.torch_version	2.7.1+cu128	/data/narendhiran_rpx/docker-smoke/tracking-production-250/cutie/medium
mos	250	cutie	medium	result.json	model	cutie	/data/narendhiran_rpx/docker-smoke/tracking-production-250/cutie/medium
mos	250	cutie	medium	result.json	model_checkpoint.filename	cutie-base-mega.pth	/data/narendhiran_rpx/docker-smoke/tracking-production-250/cutie/medium
mos	250	cutie	medium	result.json	model_checkpoint.repo	hkchengrex/Cutie	/data/narendhiran_rpx/docker-smoke/tracking-production-250/cutie/medium
mos	250	cutie	medium	result.json	model_checkpoint.revision	v1.0	/data/narendhiran_rpx/docker-smoke/tracking-production-250/cutie/medium
mos	250	cutie	medium	result.json	model_checkpoint.sha256	9c05402ee36d3a356fb72715d263ba7e1ea06ad3bada48c1306491792da43023	/data/narendhiran_rpx/docker-smoke/tracking-production-250/cutie/medium
mos	250	cutie	medium	result.json	phase_metrics.0.assa	0.9575574284910892	/data/narendhiran_rpx/docker-smoke/tracking-production-250/cutie/medium
mos	250	cutie	medium	result.json	phase_metrics.0.deta	0.9381413100789946	/data/narendhiran_rpx/docker-smoke/tracking-production-250/cutie/medium
mos	250	cutie	medium	result.json	phase_metrics.0.hota	0.9474262943734068	/data/narendhiran_rpx/docker-smoke/tracking-production-250/cutie/medium
mos	250	cutie	medium	result.json	phase_metrics.0.idf1	0.9846889157905375	/data/narendhiran_rpx/docker-smoke/tracking-production-250/cutie/medium
mos	250	cutie	medium	result.json	phase_metrics.0.idsw	0.8787878787878788	/data/narendhiran_rpx/docker-smoke/tracking-production-250/cutie/medium
mos	250	cutie	medium	result.json	phase_metrics.0.mota	0.969678003805448	/data/narendhiran_rpx/docker-smoke/tracking-production-250/cutie/medium
mos	250	cutie	medium	result.json	phase_metrics.1.assa	0.9237321733936809	/data/narendhiran_rpx/docker-smoke/tracking-production-250/cutie/medium
mos	250	cutie	medium	result.json	phase_metrics.1.deta	0.8659261356986624	/data/narendhiran_rpx/docker-smoke/tracking-production-250/cutie/medium
mos	250	cutie	medium	result.json	phase_metrics.1.hota	0.8931473424096904	/data/narendhiran_rpx/docker-smoke/tracking-production-250/cutie/medium
mos	250	cutie	medium	result.json	phase_metrics.1.idf1	0.9533403594040093	/data/narendhiran_rpx/docker-smoke/tracking-production-250/cutie/medium
mos	250	cutie	medium	result.json	phase_metrics.1.idsw	0.696969696969697	/data/narendhiran_rpx/docker-smoke/tracking-production-250/cutie/medium
mos	250	cutie	medium	result.json	phase_metrics.1.mota	0.9108694945557754	/data/narendhiran_rpx/docker-smoke/tracking-production-250/cutie/medium
mos	250	cutie	medium	result.json	phase_metrics.2.assa	0.9641686654549054	/data/narendhiran_rpx/docker-smoke/tracking-production-250/cutie/medium
mos	250	cutie	medium	result.json	phase_metrics.2.deta	0.954527335775344	/data/narendhiran_rpx/docker-smoke/tracking-production-250/cutie/medium
mos	250	cutie	medium	result.json	phase_metrics.2.hota	0.9591313471174703	/data/narendhiran_rpx/docker-smoke/tracking-production-250/cutie/medium
mos	250	cutie	medium	result.json	phase_metrics.2.idf1	0.9962554865194817	/data/narendhiran_rpx/docker-smoke/tracking-production-250/cutie/medium
mos	250	cutie	medium	result.json	phase_metrics.2.idsw	0.06060606060606061	/data/narendhiran_rpx/docker-smoke/tracking-production-250/cutie/medium
mos	250	cutie	medium	result.json	phase_metrics.2.mota	0.992500222414823	/data/narendhiran_rpx/docker-smoke/tracking-production-250/cutie/medium
mos	250	cutie	medium	result.json	prediction_stats.complete_clip_cache_hits	0	/data/narendhiran_rpx/docker-smoke/tracking-production-250/cutie/medium
mos	250	cutie	medium	result.json	prediction_stats.inferred_clips	99	/data/narendhiran_rpx/docker-smoke/tracking-production-250/cutie/medium
mos	250	cutie	medium	result.json	prediction_stats.model_propagation_frames	24651	/data/narendhiran_rpx/docker-smoke/tracking-production-250/cutie/medium
mos	250	cutie	medium	result.json	protocol.association_iou_threshold	0.5	/data/narendhiran_rpx/docker-smoke/tracking-production-250/cutie/medium
mos	250	cutie	medium	result.json	protocol.association_representation	tight_boxes_derived_from_instance_masks	/data/narendhiran_rpx/docker-smoke/tracking-production-250/cutie/medium
mos	250	cutie	medium	result.json	protocol.hota	mean_over_0.05_to_0.95	/data/narendhiran_rpx/docker-smoke/tracking-production-250/cutie/medium
mos	250	cutie	medium	result.json	protocol.initialization	ground_truth_first_frame_mask	/data/narendhiran_rpx/docker-smoke/tracking-production-250/cutie/medium
mos	250	cutie	medium	result.json	protocol.metric_implementation	TrackEval	/data/narendhiran_rpx/docker-smoke/tracking-production-250/cutie/medium
mos	250	cutie	medium	result.json	protocol.scored_frames	1_to_end (initialization frame excluded)	/data/narendhiran_rpx/docker-smoke/tracking-production-250/cutie/medium
mos	250	cutie	medium	result.json	rpx_git_sha	ccd827ee74cec0d9c4e4f71903b24b5df0777b29	/data/narendhiran_rpx/docker-smoke/tracking-production-250/cutie/medium
mos	250	cutie	medium	result.json	split	medium	/data/narendhiran_rpx/docker-smoke/tracking-production-250/cutie/medium
mos	250	cutie	medium	result.json	task	object_tracking	/data/narendhiran_rpx/docker-smoke/tracking-production-250/cutie/medium
mos	250	cutie	medium	run_metadata.json	clips	99	/data/narendhiran_rpx/docker-smoke/tracking-production-250/cutie/medium
mos	250	cutie	medium	run_metadata.json	dataset.manifest_sha256	092980d23ee7a30de981c8dbf718cb05be8fa5209cc191bd116fd19439b2e72d	/data/narendhiran_rpx/docker-smoke/tracking-production-250/cutie/medium
mos	250	cutie	medium	run_metadata.json	dataset.repo	IRVLUTD/RPX	/data/narendhiran_rpx/docker-smoke/tracking-production-250/cutie/medium
mos	250	cutie	medium	run_metadata.json	dataset.revision	2e2a387f7f93e98c177b2e039c141eacda94e5fc	/data/narendhiran_rpx/docker-smoke/tracking-production-250/cutie/medium
mos	250	cutie	medium	run_metadata.json	evaluator_git_sha	2bb9b919082727eb099f2b0824f97373a32a33d1	/data/narendhiran_rpx/docker-smoke/tracking-production-250/cutie/medium
mos	250	cutie	medium	run_metadata.json	finished_unix	1786722906.795605	/data/narendhiran_rpx/docker-smoke/tracking-production-250/cutie/medium
mos	250	cutie	medium	run_metadata.json	frames	24750	/data/narendhiran_rpx/docker-smoke/tracking-production-250/cutie/medium
mos	250	cutie	medium	run_metadata.json	hardware.gpu_compute_capability.__length__	2	/data/narendhiran_rpx/docker-smoke/tracking-production-250/cutie/medium
mos	250	cutie	medium	run_metadata.json	hardware.gpu_name	NVIDIA RTX 6000 Ada Generation	/data/narendhiran_rpx/docker-smoke/tracking-production-250/cutie/medium
mos	250	cutie	medium	run_metadata.json	hardware.gpu_total_memory_bytes	50865307648	/data/narendhiran_rpx/docker-smoke/tracking-production-250/cutie/medium
mos	250	cutie	medium	run_metadata.json	hardware.torch_cuda_version	12.8	/data/narendhiran_rpx/docker-smoke/tracking-production-250/cutie/medium
mos	250	cutie	medium	run_metadata.json	hardware.torch_version	2.7.1+cu128	/data/narendhiran_rpx/docker-smoke/tracking-production-250/cutie/medium
mos	250	cutie	medium	run_metadata.json	model	cutie	/data/narendhiran_rpx/docker-smoke/tracking-production-250/cutie/medium
mos	250	cutie	medium	run_metadata.json	model_checkpoint.filename	cutie-base-mega.pth	/data/narendhiran_rpx/docker-smoke/tracking-production-250/cutie/medium
mos	250	cutie	medium	run_metadata.json	model_checkpoint.repo	hkchengrex/Cutie	/data/narendhiran_rpx/docker-smoke/tracking-production-250/cutie/medium
mos	250	cutie	medium	run_metadata.json	model_checkpoint.revision	v1.0	/data/narendhiran_rpx/docker-smoke/tracking-production-250/cutie/medium
mos	250	cutie	medium	run_metadata.json	model_checkpoint.sha256	9c05402ee36d3a356fb72715d263ba7e1ea06ad3bada48c1306491792da43023	/data/narendhiran_rpx/docker-smoke/tracking-production-250/cutie/medium
mos	250	cutie	medium	run_metadata.json	parameter_count	35024186	/data/narendhiran_rpx/docker-smoke/tracking-production-250/cutie/medium
mos	250	cutie	medium	run_metadata.json	phase_metrics.0.assa	0.9575574284910892	/data/narendhiran_rpx/docker-smoke/tracking-production-250/cutie/medium
mos	250	cutie	medium	run_metadata.json	phase_metrics.0.deta	0.9381413100789946	/data/narendhiran_rpx/docker-smoke/tracking-production-250/cutie/medium
mos	250	cutie	medium	run_metadata.json	phase_metrics.0.hota	0.9474262943734068	/data/narendhiran_rpx/docker-smoke/tracking-production-250/cutie/medium
mos	250	cutie	medium	run_metadata.json	phase_metrics.0.idf1	0.9846889157905375	/data/narendhiran_rpx/docker-smoke/tracking-production-250/cutie/medium
mos	250	cutie	medium	run_metadata.json	phase_metrics.0.idsw	0.8787878787878788	/data/narendhiran_rpx/docker-smoke/tracking-production-250/cutie/medium
mos	250	cutie	medium	run_metadata.json	phase_metrics.0.mota	0.969678003805448	/data/narendhiran_rpx/docker-smoke/tracking-production-250/cutie/medium
mos	250	cutie	medium	run_metadata.json	phase_metrics.1.assa	0.9237321733936809	/data/narendhiran_rpx/docker-smoke/tracking-production-250/cutie/medium
mos	250	cutie	medium	run_metadata.json	phase_metrics.1.deta	0.8659261356986624	/data/narendhiran_rpx/docker-smoke/tracking-production-250/cutie/medium
mos	250	cutie	medium	run_metadata.json	phase_metrics.1.hota	0.8931473424096904	/data/narendhiran_rpx/docker-smoke/tracking-production-250/cutie/medium
mos	250	cutie	medium	run_metadata.json	phase_metrics.1.idf1	0.9533403594040093	/data/narendhiran_rpx/docker-smoke/tracking-production-250/cutie/medium
mos	250	cutie	medium	run_metadata.json	phase_metrics.1.idsw	0.696969696969697	/data/narendhiran_rpx/docker-smoke/tracking-production-250/cutie/medium
mos	250	cutie	medium	run_metadata.json	phase_metrics.1.mota	0.9108694945557754	/data/narendhiran_rpx/docker-smoke/tracking-production-250/cutie/medium
mos	250	cutie	medium	run_metadata.json	phase_metrics.2.assa	0.9641686654549054	/data/narendhiran_rpx/docker-smoke/tracking-production-250/cutie/medium
mos	250	cutie	medium	run_metadata.json	phase_metrics.2.deta	0.954527335775344	/data/narendhiran_rpx/docker-smoke/tracking-production-250/cutie/medium
mos	250	cutie	medium	run_metadata.json	phase_metrics.2.hota	0.9591313471174703	/data/narendhiran_rpx/docker-smoke/tracking-production-250/cutie/medium
mos	250	cutie	medium	run_metadata.json	phase_metrics.2.idf1	0.9962554865194817	/data/narendhiran_rpx/docker-smoke/tracking-production-250/cutie/medium
mos	250	cutie	medium	run_metadata.json	phase_metrics.2.idsw	0.06060606060606061	/data/narendhiran_rpx/docker-smoke/tracking-production-250/cutie/medium
mos	250	cutie	medium	run_metadata.json	phase_metrics.2.mota	0.992500222414823	/data/narendhiran_rpx/docker-smoke/tracking-production-250/cutie/medium
mos	250	cutie	medium	run_metadata.json	pid	286	/data/narendhiran_rpx/docker-smoke/tracking-production-250/cutie/medium
mos	250	cutie	medium	run_metadata.json	prediction_stats.complete_clip_cache_hits	0	/data/narendhiran_rpx/docker-smoke/tracking-production-250/cutie/medium
mos	250	cutie	medium	run_metadata.json	prediction_stats.inferred_clips	99	/data/narendhiran_rpx/docker-smoke/tracking-production-250/cutie/medium
mos	250	cutie	medium	run_metadata.json	prediction_stats.model_propagation_frames	24651	/data/narendhiran_rpx/docker-smoke/tracking-production-250/cutie/medium
mos	250	cutie	medium	run_metadata.json	protocol.association_iou_threshold	0.5	/data/narendhiran_rpx/docker-smoke/tracking-production-250/cutie/medium
mos	250	cutie	medium	run_metadata.json	protocol.association_representation	tight_boxes_derived_from_instance_masks	/data/narendhiran_rpx/docker-smoke/tracking-production-250/cutie/medium
mos	250	cutie	medium	run_metadata.json	protocol.hota	mean_over_0.05_to_0.95	/data/narendhiran_rpx/docker-smoke/tracking-production-250/cutie/medium
mos	250	cutie	medium	run_metadata.json	protocol.initialization	ground_truth_first_frame_mask	/data/narendhiran_rpx/docker-smoke/tracking-production-250/cutie/medium
mos	250	cutie	medium	run_metadata.json	protocol.metric_implementation	TrackEval	/data/narendhiran_rpx/docker-smoke/tracking-production-250/cutie/medium
mos	250	cutie	medium	run_metadata.json	protocol.scored_frames	1_to_end (initialization frame excluded)	/data/narendhiran_rpx/docker-smoke/tracking-production-250/cutie/medium
mos	250	cutie	medium	run_metadata.json	rpx_git_sha	ccd827ee74cec0d9c4e4f71903b24b5df0777b29	/data/narendhiran_rpx/docker-smoke/tracking-production-250/cutie/medium
mos	250	cutie	medium	run_metadata.json	split	medium	/data/narendhiran_rpx/docker-smoke/tracking-production-250/cutie/medium
mos	250	cutie	medium	run_metadata.json	started_unix	1786720693.3022618	/data/narendhiran_rpx/docker-smoke/tracking-production-250/cutie/medium
mos	250	cutie	medium	run_metadata.json	task	object_tracking	/data/narendhiran_rpx/docker-smoke/tracking-production-250/cutie/medium
mos	250	cutie	hard	result.json	clips	102	/data/narendhiran_rpx/docker-smoke/tracking-production-250/cutie/hard
mos	250	cutie	hard	result.json	dataset.manifest_sha256	fbc3c01164696ffacfd8f09d202ab0880fe46ce5933af2daf3750a4ba3b7c6bc	/data/narendhiran_rpx/docker-smoke/tracking-production-250/cutie/hard
mos	250	cutie	hard	result.json	dataset.repo	IRVLUTD/RPX	/data/narendhiran_rpx/docker-smoke/tracking-production-250/cutie/hard
mos	250	cutie	hard	result.json	dataset.revision	2e2a387f7f93e98c177b2e039c141eacda94e5fc	/data/narendhiran_rpx/docker-smoke/tracking-production-250/cutie/hard
mos	250	cutie	hard	result.json	evaluator_git_sha	2bb9b919082727eb099f2b0824f97373a32a33d1	/data/narendhiran_rpx/docker-smoke/tracking-production-250/cutie/hard
mos	250	cutie	hard	result.json	frames	25500	/data/narendhiran_rpx/docker-smoke/tracking-production-250/cutie/hard
mos	250	cutie	hard	result.json	hardware.gpu_compute_capability.__length__	2	/data/narendhiran_rpx/docker-smoke/tracking-production-250/cutie/hard
mos	250	cutie	hard	result.json	hardware.gpu_name	NVIDIA RTX 6000 Ada Generation	/data/narendhiran_rpx/docker-smoke/tracking-production-250/cutie/hard
mos	250	cutie	hard	result.json	hardware.gpu_total_memory_bytes	50865307648	/data/narendhiran_rpx/docker-smoke/tracking-production-250/cutie/hard
mos	250	cutie	hard	result.json	hardware.torch_cuda_version	12.8	/data/narendhiran_rpx/docker-smoke/tracking-production-250/cutie/hard
mos	250	cutie	hard	result.json	hardware.torch_version	2.7.1+cu128	/data/narendhiran_rpx/docker-smoke/tracking-production-250/cutie/hard
mos	250	cutie	hard	result.json	model	cutie	/data/narendhiran_rpx/docker-smoke/tracking-production-250/cutie/hard
mos	250	cutie	hard	result.json	model_checkpoint.filename	cutie-base-mega.pth	/data/narendhiran_rpx/docker-smoke/tracking-production-250/cutie/hard
mos	250	cutie	hard	result.json	model_checkpoint.repo	hkchengrex/Cutie	/data/narendhiran_rpx/docker-smoke/tracking-production-250/cutie/hard
mos	250	cutie	hard	result.json	model_checkpoint.revision	v1.0	/data/narendhiran_rpx/docker-smoke/tracking-production-250/cutie/hard
mos	250	cutie	hard	result.json	model_checkpoint.sha256	9c05402ee36d3a356fb72715d263ba7e1ea06ad3bada48c1306491792da43023	/data/narendhiran_rpx/docker-smoke/tracking-production-250/cutie/hard
mos	250	cutie	hard	result.json	phase_metrics.0.assa	0.9385723050914817	/data/narendhiran_rpx/docker-smoke/tracking-production-250/cutie/hard
mos	250	cutie	hard	result.json	phase_metrics.0.deta	0.9053207674878793	/data/narendhiran_rpx/docker-smoke/tracking-production-250/cutie/hard
mos	250	cutie	hard	result.json	phase_metrics.0.hota	0.9211446455516272	/data/narendhiran_rpx/docker-smoke/tracking-production-250/cutie/hard
mos	250	cutie	hard	result.json	phase_metrics.0.idf1	0.9718021252810257	/data/narendhiran_rpx/docker-smoke/tracking-production-250/cutie/hard
mos	250	cutie	hard	result.json	phase_metrics.0.idsw	0.8529411764705882	/data/narendhiran_rpx/docker-smoke/tracking-production-250/cutie/hard
mos	250	cutie	hard	result.json	phase_metrics.0.mota	0.9440138786127434	/data/narendhiran_rpx/docker-smoke/tracking-production-250/cutie/hard
mos	250	cutie	hard	result.json	phase_metrics.1.assa	0.8916216743816733	/data/narendhiran_rpx/docker-smoke/tracking-production-250/cutie/hard
mos	250	cutie	hard	result.json	phase_metrics.1.deta	0.8245862368003182	/data/narendhiran_rpx/docker-smoke/tracking-production-250/cutie/hard
mos	250	cutie	hard	result.json	phase_metrics.1.hota	0.85557119983745	/data/narendhiran_rpx/docker-smoke/tracking-production-250/cutie/hard
mos	250	cutie	hard	result.json	phase_metrics.1.idf1	0.9252576989813558	/data/narendhiran_rpx/docker-smoke/tracking-production-250/cutie/hard
mos	250	cutie	hard	result.json	phase_metrics.1.idsw	2.3529411764705883	/data/narendhiran_rpx/docker-smoke/tracking-production-250/cutie/hard
mos	250	cutie	hard	result.json	phase_metrics.1.mota	0.8582469938464159	/data/narendhiran_rpx/docker-smoke/tracking-production-250/cutie/hard
mos	250	cutie	hard	result.json	phase_metrics.2.assa	0.947008225607153	/data/narendhiran_rpx/docker-smoke/tracking-production-250/cutie/hard
mos	250	cutie	hard	result.json	phase_metrics.2.deta	0.929332618600624	/data/narendhiran_rpx/docker-smoke/tracking-production-250/cutie/hard
mos	250	cutie	hard	result.json	phase_metrics.2.hota	0.9377783309565622	/data/narendhiran_rpx/docker-smoke/tracking-production-250/cutie/hard
mos	250	cutie	hard	result.json	phase_metrics.2.idf1	0.9868452003596689	/data/narendhiran_rpx/docker-smoke/tracking-production-250/cutie/hard
mos	250	cutie	hard	result.json	phase_metrics.2.idsw	0.4117647058823529	/data/narendhiran_rpx/docker-smoke/tracking-production-250/cutie/hard
mos	250	cutie	hard	result.json	phase_metrics.2.mota	0.9743811328240064	/data/narendhiran_rpx/docker-smoke/tracking-production-250/cutie/hard
mos	250	cutie	hard	result.json	prediction_stats.complete_clip_cache_hits	0	/data/narendhiran_rpx/docker-smoke/tracking-production-250/cutie/hard
mos	250	cutie	hard	result.json	prediction_stats.inferred_clips	102	/data/narendhiran_rpx/docker-smoke/tracking-production-250/cutie/hard
mos	250	cutie	hard	result.json	prediction_stats.model_propagation_frames	25398	/data/narendhiran_rpx/docker-smoke/tracking-production-250/cutie/hard
mos	250	cutie	hard	result.json	protocol.association_iou_threshold	0.5	/data/narendhiran_rpx/docker-smoke/tracking-production-250/cutie/hard
mos	250	cutie	hard	result.json	protocol.association_representation	tight_boxes_derived_from_instance_masks	/data/narendhiran_rpx/docker-smoke/tracking-production-250/cutie/hard
mos	250	cutie	hard	result.json	protocol.hota	mean_over_0.05_to_0.95	/data/narendhiran_rpx/docker-smoke/tracking-production-250/cutie/hard
mos	250	cutie	hard	result.json	protocol.initialization	ground_truth_first_frame_mask	/data/narendhiran_rpx/docker-smoke/tracking-production-250/cutie/hard
mos	250	cutie	hard	result.json	protocol.metric_implementation	TrackEval	/data/narendhiran_rpx/docker-smoke/tracking-production-250/cutie/hard
mos	250	cutie	hard	result.json	protocol.scored_frames	1_to_end (initialization frame excluded)	/data/narendhiran_rpx/docker-smoke/tracking-production-250/cutie/hard
mos	250	cutie	hard	result.json	rpx_git_sha	ccd827ee74cec0d9c4e4f71903b24b5df0777b29	/data/narendhiran_rpx/docker-smoke/tracking-production-250/cutie/hard
mos	250	cutie	hard	result.json	split	hard	/data/narendhiran_rpx/docker-smoke/tracking-production-250/cutie/hard
mos	250	cutie	hard	result.json	task	object_tracking	/data/narendhiran_rpx/docker-smoke/tracking-production-250/cutie/hard
mos	250	cutie	hard	run_metadata.json	clips	102	/data/narendhiran_rpx/docker-smoke/tracking-production-250/cutie/hard
mos	250	cutie	hard	run_metadata.json	dataset.manifest_sha256	fbc3c01164696ffacfd8f09d202ab0880fe46ce5933af2daf3750a4ba3b7c6bc	/data/narendhiran_rpx/docker-smoke/tracking-production-250/cutie/hard
mos	250	cutie	hard	run_metadata.json	dataset.repo	IRVLUTD/RPX	/data/narendhiran_rpx/docker-smoke/tracking-production-250/cutie/hard
mos	250	cutie	hard	run_metadata.json	dataset.revision	2e2a387f7f93e98c177b2e039c141eacda94e5fc	/data/narendhiran_rpx/docker-smoke/tracking-production-250/cutie/hard
mos	250	cutie	hard	run_metadata.json	evaluator_git_sha	2bb9b919082727eb099f2b0824f97373a32a33d1	/data/narendhiran_rpx/docker-smoke/tracking-production-250/cutie/hard
mos	250	cutie	hard	run_metadata.json	finished_unix	1786725352.8513894	/data/narendhiran_rpx/docker-smoke/tracking-production-250/cutie/hard
mos	250	cutie	hard	run_metadata.json	frames	25500	/data/narendhiran_rpx/docker-smoke/tracking-production-250/cutie/hard
mos	250	cutie	hard	run_metadata.json	hardware.gpu_compute_capability.__length__	2	/data/narendhiran_rpx/docker-smoke/tracking-production-250/cutie/hard
mos	250	cutie	hard	run_metadata.json	hardware.gpu_name	NVIDIA RTX 6000 Ada Generation	/data/narendhiran_rpx/docker-smoke/tracking-production-250/cutie/hard
mos	250	cutie	hard	run_metadata.json	hardware.gpu_total_memory_bytes	50865307648	/data/narendhiran_rpx/docker-smoke/tracking-production-250/cutie/hard
mos	250	cutie	hard	run_metadata.json	hardware.torch_cuda_version	12.8	/data/narendhiran_rpx/docker-smoke/tracking-production-250/cutie/hard
mos	250	cutie	hard	run_metadata.json	hardware.torch_version	2.7.1+cu128	/data/narendhiran_rpx/docker-smoke/tracking-production-250/cutie/hard
mos	250	cutie	hard	run_metadata.json	model	cutie	/data/narendhiran_rpx/docker-smoke/tracking-production-250/cutie/hard
mos	250	cutie	hard	run_metadata.json	model_checkpoint.filename	cutie-base-mega.pth	/data/narendhiran_rpx/docker-smoke/tracking-production-250/cutie/hard
mos	250	cutie	hard	run_metadata.json	model_checkpoint.repo	hkchengrex/Cutie	/data/narendhiran_rpx/docker-smoke/tracking-production-250/cutie/hard
mos	250	cutie	hard	run_metadata.json	model_checkpoint.revision	v1.0	/data/narendhiran_rpx/docker-smoke/tracking-production-250/cutie/hard
mos	250	cutie	hard	run_metadata.json	model_checkpoint.sha256	9c05402ee36d3a356fb72715d263ba7e1ea06ad3bada48c1306491792da43023	/data/narendhiran_rpx/docker-smoke/tracking-production-250/cutie/hard
mos	250	cutie	hard	run_metadata.json	parameter_count	35024186	/data/narendhiran_rpx/docker-smoke/tracking-production-250/cutie/hard
mos	250	cutie	hard	run_metadata.json	phase_metrics.0.assa	0.9385723050914817	/data/narendhiran_rpx/docker-smoke/tracking-production-250/cutie/hard
mos	250	cutie	hard	run_metadata.json	phase_metrics.0.deta	0.9053207674878793	/data/narendhiran_rpx/docker-smoke/tracking-production-250/cutie/hard
mos	250	cutie	hard	run_metadata.json	phase_metrics.0.hota	0.9211446455516272	/data/narendhiran_rpx/docker-smoke/tracking-production-250/cutie/hard
mos	250	cutie	hard	run_metadata.json	phase_metrics.0.idf1	0.9718021252810257	/data/narendhiran_rpx/docker-smoke/tracking-production-250/cutie/hard
mos	250	cutie	hard	run_metadata.json	phase_metrics.0.idsw	0.8529411764705882	/data/narendhiran_rpx/docker-smoke/tracking-production-250/cutie/hard
mos	250	cutie	hard	run_metadata.json	phase_metrics.0.mota	0.9440138786127434	/data/narendhiran_rpx/docker-smoke/tracking-production-250/cutie/hard
mos	250	cutie	hard	run_metadata.json	phase_metrics.1.assa	0.8916216743816733	/data/narendhiran_rpx/docker-smoke/tracking-production-250/cutie/hard
mos	250	cutie	hard	run_metadata.json	phase_metrics.1.deta	0.8245862368003182	/data/narendhiran_rpx/docker-smoke/tracking-production-250/cutie/hard
mos	250	cutie	hard	run_metadata.json	phase_metrics.1.hota	0.85557119983745	/data/narendhiran_rpx/docker-smoke/tracking-production-250/cutie/hard
mos	250	cutie	hard	run_metadata.json	phase_metrics.1.idf1	0.9252576989813558	/data/narendhiran_rpx/docker-smoke/tracking-production-250/cutie/hard
mos	250	cutie	hard	run_metadata.json	phase_metrics.1.idsw	2.3529411764705883	/data/narendhiran_rpx/docker-smoke/tracking-production-250/cutie/hard
mos	250	cutie	hard	run_metadata.json	phase_metrics.1.mota	0.8582469938464159	/data/narendhiran_rpx/docker-smoke/tracking-production-250/cutie/hard
mos	250	cutie	hard	run_metadata.json	phase_metrics.2.assa	0.947008225607153	/data/narendhiran_rpx/docker-smoke/tracking-production-250/cutie/hard
mos	250	cutie	hard	run_metadata.json	phase_metrics.2.deta	0.929332618600624	/data/narendhiran_rpx/docker-smoke/tracking-production-250/cutie/hard
mos	250	cutie	hard	run_metadata.json	phase_metrics.2.hota	0.9377783309565622	/data/narendhiran_rpx/docker-smoke/tracking-production-250/cutie/hard
mos	250	cutie	hard	run_metadata.json	phase_metrics.2.idf1	0.9868452003596689	/data/narendhiran_rpx/docker-smoke/tracking-production-250/cutie/hard
mos	250	cutie	hard	run_metadata.json	phase_metrics.2.idsw	0.4117647058823529	/data/narendhiran_rpx/docker-smoke/tracking-production-250/cutie/hard
mos	250	cutie	hard	run_metadata.json	phase_metrics.2.mota	0.9743811328240064	/data/narendhiran_rpx/docker-smoke/tracking-production-250/cutie/hard
mos	250	cutie	hard	run_metadata.json	pid	457	/data/narendhiran_rpx/docker-smoke/tracking-production-250/cutie/hard
mos	250	cutie	hard	run_metadata.json	prediction_stats.complete_clip_cache_hits	0	/data/narendhiran_rpx/docker-smoke/tracking-production-250/cutie/hard
mos	250	cutie	hard	run_metadata.json	prediction_stats.inferred_clips	102	/data/narendhiran_rpx/docker-smoke/tracking-production-250/cutie/hard
mos	250	cutie	hard	run_metadata.json	prediction_stats.model_propagation_frames	25398	/data/narendhiran_rpx/docker-smoke/tracking-production-250/cutie/hard
mos	250	cutie	hard	run_metadata.json	protocol.association_iou_threshold	0.5	/data/narendhiran_rpx/docker-smoke/tracking-production-250/cutie/hard
mos	250	cutie	hard	run_metadata.json	protocol.association_representation	tight_boxes_derived_from_instance_masks	/data/narendhiran_rpx/docker-smoke/tracking-production-250/cutie/hard
mos	250	cutie	hard	run_metadata.json	protocol.hota	mean_over_0.05_to_0.95	/data/narendhiran_rpx/docker-smoke/tracking-production-250/cutie/hard
mos	250	cutie	hard	run_metadata.json	protocol.initialization	ground_truth_first_frame_mask	/data/narendhiran_rpx/docker-smoke/tracking-production-250/cutie/hard
mos	250	cutie	hard	run_metadata.json	protocol.metric_implementation	TrackEval	/data/narendhiran_rpx/docker-smoke/tracking-production-250/cutie/hard
mos	250	cutie	hard	run_metadata.json	protocol.scored_frames	1_to_end (initialization frame excluded)	/data/narendhiran_rpx/docker-smoke/tracking-production-250/cutie/hard
mos	250	cutie	hard	run_metadata.json	rpx_git_sha	ccd827ee74cec0d9c4e4f71903b24b5df0777b29	/data/narendhiran_rpx/docker-smoke/tracking-production-250/cutie/hard
mos	250	cutie	hard	run_metadata.json	split	hard	/data/narendhiran_rpx/docker-smoke/tracking-production-250/cutie/hard
mos	250	cutie	hard	run_metadata.json	started_unix	1786723069.2145903	/data/narendhiran_rpx/docker-smoke/tracking-production-250/cutie/hard
mos	250	cutie	hard	run_metadata.json	task	object_tracking	/data/narendhiran_rpx/docker-smoke/tracking-production-250/cutie/hard
mos	250	edgetam	easy	result.json	clips	99	/data/narendhiran_rpx/docker-smoke/tracking-production-250/edgetam/easy
mos	250	edgetam	easy	result.json	dataset.manifest_sha256	0ba018a738383d23df239f1b138669dd1cc8261a730d41cb84ce1bde14f80c4a	/data/narendhiran_rpx/docker-smoke/tracking-production-250/edgetam/easy
mos	250	edgetam	easy	result.json	dataset.repo	IRVLUTD/RPX	/data/narendhiran_rpx/docker-smoke/tracking-production-250/edgetam/easy
mos	250	edgetam	easy	result.json	dataset.revision	2e2a387f7f93e98c177b2e039c141eacda94e5fc	/data/narendhiran_rpx/docker-smoke/tracking-production-250/edgetam/easy
mos	250	edgetam	easy	result.json	evaluator_git_sha	2bb9b919082727eb099f2b0824f97373a32a33d1	/data/narendhiran_rpx/docker-smoke/tracking-production-250/edgetam/easy
mos	250	edgetam	easy	result.json	frames	24750	/data/narendhiran_rpx/docker-smoke/tracking-production-250/edgetam/easy
mos	250	edgetam	easy	result.json	hardware.gpu_compute_capability.__length__	2	/data/narendhiran_rpx/docker-smoke/tracking-production-250/edgetam/easy
mos	250	edgetam	easy	result.json	hardware.gpu_name	NVIDIA RTX 6000 Ada Generation	/data/narendhiran_rpx/docker-smoke/tracking-production-250/edgetam/easy
mos	250	edgetam	easy	result.json	hardware.gpu_total_memory_bytes	50865307648	/data/narendhiran_rpx/docker-smoke/tracking-production-250/edgetam/easy
mos	250	edgetam	easy	result.json	hardware.torch_cuda_version	12.8	/data/narendhiran_rpx/docker-smoke/tracking-production-250/edgetam/easy
mos	250	edgetam	easy	result.json	hardware.torch_version	2.7.1+cu128	/data/narendhiran_rpx/docker-smoke/tracking-production-250/edgetam/easy
mos	250	edgetam	easy	result.json	model	edgetam	/data/narendhiran_rpx/docker-smoke/tracking-production-250/edgetam/easy
mos	250	edgetam	easy	result.json	model_checkpoint.filename	edgetam.pt	/data/narendhiran_rpx/docker-smoke/tracking-production-250/edgetam/easy
mos	250	edgetam	easy	result.json	model_checkpoint.repo	facebook/EdgeTAM	/data/narendhiran_rpx/docker-smoke/tracking-production-250/edgetam/easy
mos	250	edgetam	easy	result.json	model_checkpoint.revision	14d7ecc48c656b94e5184519f698cd5386c5a2bf	/data/narendhiran_rpx/docker-smoke/tracking-production-250/edgetam/easy
mos	250	edgetam	easy	result.json	model_checkpoint.sha256	ed2d4850b8792c239689b043c47046ec239b6e808a3d9b6ae676c803fd8780df	/data/narendhiran_rpx/docker-smoke/tracking-production-250/edgetam/easy
mos	250	edgetam	easy	result.json	phase_metrics.0.assa	0.9745374094106746	/data/narendhiran_rpx/docker-smoke/tracking-production-250/edgetam/easy
mos	250	edgetam	easy	result.json	phase_metrics.0.deta	0.9670820046101144	/data/narendhiran_rpx/docker-smoke/tracking-production-250/edgetam/easy
mos	250	edgetam	easy	result.json	phase_metrics.0.hota	0.9706562464943305	/data/narendhiran_rpx/docker-smoke/tracking-production-250/edgetam/easy
mos	250	edgetam	easy	result.json	phase_metrics.0.idf1	0.9966444073619043	/data/narendhiran_rpx/docker-smoke/tracking-production-250/edgetam/easy
mos	250	edgetam	easy	result.json	phase_metrics.0.idsw	0.0	/data/narendhiran_rpx/docker-smoke/tracking-production-250/edgetam/easy
mos	250	edgetam	easy	result.json	phase_metrics.0.mota	0.9932884550228136	/data/narendhiran_rpx/docker-smoke/tracking-production-250/edgetam/easy
mos	250	edgetam	easy	result.json	phase_metrics.1.assa	0.9426634518867454	/data/narendhiran_rpx/docker-smoke/tracking-production-250/edgetam/easy
mos	250	edgetam	easy	result.json	phase_metrics.1.deta	0.9096356534685477	/data/narendhiran_rpx/docker-smoke/tracking-production-250/edgetam/easy
mos	250	edgetam	easy	result.json	phase_metrics.1.hota	0.9252332793810801	/data/narendhiran_rpx/docker-smoke/tracking-production-250/edgetam/easy
mos	250	edgetam	easy	result.json	phase_metrics.1.idf1	0.968056739666019	/data/narendhiran_rpx/docker-smoke/tracking-production-250/edgetam/easy
mos	250	edgetam	easy	result.json	phase_metrics.1.idsw	0.18181818181818182	/data/narendhiran_rpx/docker-smoke/tracking-production-250/edgetam/easy
mos	250	edgetam	easy	result.json	phase_metrics.1.mota	0.9384073137675591	/data/narendhiran_rpx/docker-smoke/tracking-production-250/edgetam/easy
mos	250	edgetam	easy	result.json	phase_metrics.2.assa	0.9731973423573954	/data/narendhiran_rpx/docker-smoke/tracking-production-250/edgetam/easy
mos	250	edgetam	easy	result.json	phase_metrics.2.deta	0.966771587728341	/data/narendhiran_rpx/docker-smoke/tracking-production-250/edgetam/easy
mos	250	edgetam	easy	result.json	phase_metrics.2.hota	0.9698774400778208	/data/narendhiran_rpx/docker-smoke/tracking-production-250/edgetam/easy
mos	250	edgetam	easy	result.json	phase_metrics.2.idf1	0.9967660254240273	/data/narendhiran_rpx/docker-smoke/tracking-production-250/edgetam/easy
mos	250	edgetam	easy	result.json	phase_metrics.2.idsw	0.030303030303030304	/data/narendhiran_rpx/docker-smoke/tracking-production-250/edgetam/easy
mos	250	edgetam	easy	result.json	phase_metrics.2.mota	0.9935466489535341	/data/narendhiran_rpx/docker-smoke/tracking-production-250/edgetam/easy
mos	250	edgetam	easy	result.json	prediction_stats.complete_clip_cache_hits	0	/data/narendhiran_rpx/docker-smoke/tracking-production-250/edgetam/easy
mos	250	edgetam	easy	result.json	prediction_stats.inferred_clips	99	/data/narendhiran_rpx/docker-smoke/tracking-production-250/edgetam/easy
mos	250	edgetam	easy	result.json	prediction_stats.model_propagation_frames	24651	/data/narendhiran_rpx/docker-smoke/tracking-production-250/edgetam/easy
mos	250	edgetam	easy	result.json	protocol.association_iou_threshold	0.5	/data/narendhiran_rpx/docker-smoke/tracking-production-250/edgetam/easy
mos	250	edgetam	easy	result.json	protocol.association_representation	tight_boxes_derived_from_instance_masks	/data/narendhiran_rpx/docker-smoke/tracking-production-250/edgetam/easy
mos	250	edgetam	easy	result.json	protocol.hota	mean_over_0.05_to_0.95	/data/narendhiran_rpx/docker-smoke/tracking-production-250/edgetam/easy
mos	250	edgetam	easy	result.json	protocol.initialization	ground_truth_first_frame_mask	/data/narendhiran_rpx/docker-smoke/tracking-production-250/edgetam/easy
mos	250	edgetam	easy	result.json	protocol.metric_implementation	TrackEval	/data/narendhiran_rpx/docker-smoke/tracking-production-250/edgetam/easy
mos	250	edgetam	easy	result.json	protocol.scored_frames	1_to_end (initialization frame excluded)	/data/narendhiran_rpx/docker-smoke/tracking-production-250/edgetam/easy
mos	250	edgetam	easy	result.json	rpx_git_sha	73e9f1309b0566003b924694ed646df574d5e531	/data/narendhiran_rpx/docker-smoke/tracking-production-250/edgetam/easy
mos	250	edgetam	easy	result.json	split	easy	/data/narendhiran_rpx/docker-smoke/tracking-production-250/edgetam/easy
mos	250	edgetam	easy	result.json	task	object_tracking	/data/narendhiran_rpx/docker-smoke/tracking-production-250/edgetam/easy
mos	250	edgetam	easy	run_metadata.json	clips	99	/data/narendhiran_rpx/docker-smoke/tracking-production-250/edgetam/easy
mos	250	edgetam	easy	run_metadata.json	dataset.manifest_sha256	0ba018a738383d23df239f1b138669dd1cc8261a730d41cb84ce1bde14f80c4a	/data/narendhiran_rpx/docker-smoke/tracking-production-250/edgetam/easy
mos	250	edgetam	easy	run_metadata.json	dataset.repo	IRVLUTD/RPX	/data/narendhiran_rpx/docker-smoke/tracking-production-250/edgetam/easy
mos	250	edgetam	easy	run_metadata.json	dataset.revision	2e2a387f7f93e98c177b2e039c141eacda94e5fc	/data/narendhiran_rpx/docker-smoke/tracking-production-250/edgetam/easy
mos	250	edgetam	easy	run_metadata.json	evaluator_git_sha	2bb9b919082727eb099f2b0824f97373a32a33d1	/data/narendhiran_rpx/docker-smoke/tracking-production-250/edgetam/easy
mos	250	edgetam	easy	run_metadata.json	finished_unix	1786720479.0958734	/data/narendhiran_rpx/docker-smoke/tracking-production-250/edgetam/easy
mos	250	edgetam	easy	run_metadata.json	frames	24750	/data/narendhiran_rpx/docker-smoke/tracking-production-250/edgetam/easy
mos	250	edgetam	easy	run_metadata.json	hardware.gpu_compute_capability.__length__	2	/data/narendhiran_rpx/docker-smoke/tracking-production-250/edgetam/easy
mos	250	edgetam	easy	run_metadata.json	hardware.gpu_name	NVIDIA RTX 6000 Ada Generation	/data/narendhiran_rpx/docker-smoke/tracking-production-250/edgetam/easy
mos	250	edgetam	easy	run_metadata.json	hardware.gpu_total_memory_bytes	50865307648	/data/narendhiran_rpx/docker-smoke/tracking-production-250/edgetam/easy
mos	250	edgetam	easy	run_metadata.json	hardware.torch_cuda_version	12.8	/data/narendhiran_rpx/docker-smoke/tracking-production-250/edgetam/easy
mos	250	edgetam	easy	run_metadata.json	hardware.torch_version	2.7.1+cu128	/data/narendhiran_rpx/docker-smoke/tracking-production-250/edgetam/easy
mos	250	edgetam	easy	run_metadata.json	model	edgetam	/data/narendhiran_rpx/docker-smoke/tracking-production-250/edgetam/easy
mos	250	edgetam	easy	run_metadata.json	model_checkpoint.filename	edgetam.pt	/data/narendhiran_rpx/docker-smoke/tracking-production-250/edgetam/easy
mos	250	edgetam	easy	run_metadata.json	model_checkpoint.repo	facebook/EdgeTAM	/data/narendhiran_rpx/docker-smoke/tracking-production-250/edgetam/easy
mos	250	edgetam	easy	run_metadata.json	model_checkpoint.revision	14d7ecc48c656b94e5184519f698cd5386c5a2bf	/data/narendhiran_rpx/docker-smoke/tracking-production-250/edgetam/easy
mos	250	edgetam	easy	run_metadata.json	model_checkpoint.sha256	ed2d4850b8792c239689b043c47046ec239b6e808a3d9b6ae676c803fd8780df	/data/narendhiran_rpx/docker-smoke/tracking-production-250/edgetam/easy
mos	250	edgetam	easy	run_metadata.json	parameter_count	13895794	/data/narendhiran_rpx/docker-smoke/tracking-production-250/edgetam/easy
mos	250	edgetam	easy	run_metadata.json	phase_metrics.0.assa	0.9745374094106746	/data/narendhiran_rpx/docker-smoke/tracking-production-250/edgetam/easy
mos	250	edgetam	easy	run_metadata.json	phase_metrics.0.deta	0.9670820046101144	/data/narendhiran_rpx/docker-smoke/tracking-production-250/edgetam/easy
mos	250	edgetam	easy	run_metadata.json	phase_metrics.0.hota	0.9706562464943305	/data/narendhiran_rpx/docker-smoke/tracking-production-250/edgetam/easy
mos	250	edgetam	easy	run_metadata.json	phase_metrics.0.idf1	0.9966444073619043	/data/narendhiran_rpx/docker-smoke/tracking-production-250/edgetam/easy
mos	250	edgetam	easy	run_metadata.json	phase_metrics.0.idsw	0.0	/data/narendhiran_rpx/docker-smoke/tracking-production-250/edgetam/easy
mos	250	edgetam	easy	run_metadata.json	phase_metrics.0.mota	0.9932884550228136	/data/narendhiran_rpx/docker-smoke/tracking-production-250/edgetam/easy
mos	250	edgetam	easy	run_metadata.json	phase_metrics.1.assa	0.9426634518867454	/data/narendhiran_rpx/docker-smoke/tracking-production-250/edgetam/easy
mos	250	edgetam	easy	run_metadata.json	phase_metrics.1.deta	0.9096356534685477	/data/narendhiran_rpx/docker-smoke/tracking-production-250/edgetam/easy
mos	250	edgetam	easy	run_metadata.json	phase_metrics.1.hota	0.9252332793810801	/data/narendhiran_rpx/docker-smoke/tracking-production-250/edgetam/easy
mos	250	edgetam	easy	run_metadata.json	phase_metrics.1.idf1	0.968056739666019	/data/narendhiran_rpx/docker-smoke/tracking-production-250/edgetam/easy
mos	250	edgetam	easy	run_metadata.json	phase_metrics.1.idsw	0.18181818181818182	/data/narendhiran_rpx/docker-smoke/tracking-production-250/edgetam/easy
mos	250	edgetam	easy	run_metadata.json	phase_metrics.1.mota	0.9384073137675591	/data/narendhiran_rpx/docker-smoke/tracking-production-250/edgetam/easy
mos	250	edgetam	easy	run_metadata.json	phase_metrics.2.assa	0.9731973423573954	/data/narendhiran_rpx/docker-smoke/tracking-production-250/edgetam/easy
mos	250	edgetam	easy	run_metadata.json	phase_metrics.2.deta	0.966771587728341	/data/narendhiran_rpx/docker-smoke/tracking-production-250/edgetam/easy
mos	250	edgetam	easy	run_metadata.json	phase_metrics.2.hota	0.9698774400778208	/data/narendhiran_rpx/docker-smoke/tracking-production-250/edgetam/easy
mos	250	edgetam	easy	run_metadata.json	phase_metrics.2.idf1	0.9967660254240273	/data/narendhiran_rpx/docker-smoke/tracking-production-250/edgetam/easy
mos	250	edgetam	easy	run_metadata.json	phase_metrics.2.idsw	0.030303030303030304	/data/narendhiran_rpx/docker-smoke/tracking-production-250/edgetam/easy
mos	250	edgetam	easy	run_metadata.json	phase_metrics.2.mota	0.9935466489535341	/data/narendhiran_rpx/docker-smoke/tracking-production-250/edgetam/easy
mos	250	edgetam	easy	run_metadata.json	pid	115	/data/narendhiran_rpx/docker-smoke/tracking-production-250/edgetam/easy
mos	250	edgetam	easy	run_metadata.json	prediction_stats.complete_clip_cache_hits	0	/data/narendhiran_rpx/docker-smoke/tracking-production-250/edgetam/easy
mos	250	edgetam	easy	run_metadata.json	prediction_stats.inferred_clips	99	/data/narendhiran_rpx/docker-smoke/tracking-production-250/edgetam/easy
mos	250	edgetam	easy	run_metadata.json	prediction_stats.model_propagation_frames	24651	/data/narendhiran_rpx/docker-smoke/tracking-production-250/edgetam/easy
mos	250	edgetam	easy	run_metadata.json	protocol.association_iou_threshold	0.5	/data/narendhiran_rpx/docker-smoke/tracking-production-250/edgetam/easy
mos	250	edgetam	easy	run_metadata.json	protocol.association_representation	tight_boxes_derived_from_instance_masks	/data/narendhiran_rpx/docker-smoke/tracking-production-250/edgetam/easy
mos	250	edgetam	easy	run_metadata.json	protocol.hota	mean_over_0.05_to_0.95	/data/narendhiran_rpx/docker-smoke/tracking-production-250/edgetam/easy
mos	250	edgetam	easy	run_metadata.json	protocol.initialization	ground_truth_first_frame_mask	/data/narendhiran_rpx/docker-smoke/tracking-production-250/edgetam/easy
mos	250	edgetam	easy	run_metadata.json	protocol.metric_implementation	TrackEval	/data/narendhiran_rpx/docker-smoke/tracking-production-250/edgetam/easy
mos	250	edgetam	easy	run_metadata.json	protocol.scored_frames	1_to_end (initialization frame excluded)	/data/narendhiran_rpx/docker-smoke/tracking-production-250/edgetam/easy
mos	250	edgetam	easy	run_metadata.json	rpx_git_sha	73e9f1309b0566003b924694ed646df574d5e531	/data/narendhiran_rpx/docker-smoke/tracking-production-250/edgetam/easy
mos	250	edgetam	easy	run_metadata.json	split	easy	/data/narendhiran_rpx/docker-smoke/tracking-production-250/edgetam/easy
mos	250	edgetam	easy	run_metadata.json	started_unix	1786716762.073319	/data/narendhiran_rpx/docker-smoke/tracking-production-250/edgetam/easy
mos	250	edgetam	easy	run_metadata.json	task	object_tracking	/data/narendhiran_rpx/docker-smoke/tracking-production-250/edgetam/easy
mos	250	edgetam	medium	result.json	clips	99	/data/narendhiran_rpx/docker-smoke/tracking-production-250/edgetam/medium
mos	250	edgetam	medium	result.json	dataset.manifest_sha256	092980d23ee7a30de981c8dbf718cb05be8fa5209cc191bd116fd19439b2e72d	/data/narendhiran_rpx/docker-smoke/tracking-production-250/edgetam/medium
mos	250	edgetam	medium	result.json	dataset.repo	IRVLUTD/RPX	/data/narendhiran_rpx/docker-smoke/tracking-production-250/edgetam/medium
mos	250	edgetam	medium	result.json	dataset.revision	2e2a387f7f93e98c177b2e039c141eacda94e5fc	/data/narendhiran_rpx/docker-smoke/tracking-production-250/edgetam/medium
mos	250	edgetam	medium	result.json	evaluator_git_sha	2bb9b919082727eb099f2b0824f97373a32a33d1	/data/narendhiran_rpx/docker-smoke/tracking-production-250/edgetam/medium
mos	250	edgetam	medium	result.json	frames	24750	/data/narendhiran_rpx/docker-smoke/tracking-production-250/edgetam/medium
mos	250	edgetam	medium	result.json	hardware.gpu_compute_capability.__length__	2	/data/narendhiran_rpx/docker-smoke/tracking-production-250/edgetam/medium
mos	250	edgetam	medium	result.json	hardware.gpu_name	NVIDIA RTX 6000 Ada Generation	/data/narendhiran_rpx/docker-smoke/tracking-production-250/edgetam/medium
mos	250	edgetam	medium	result.json	hardware.gpu_total_memory_bytes	50865307648	/data/narendhiran_rpx/docker-smoke/tracking-production-250/edgetam/medium
mos	250	edgetam	medium	result.json	hardware.torch_cuda_version	12.8	/data/narendhiran_rpx/docker-smoke/tracking-production-250/edgetam/medium
mos	250	edgetam	medium	result.json	hardware.torch_version	2.7.1+cu128	/data/narendhiran_rpx/docker-smoke/tracking-production-250/edgetam/medium
mos	250	edgetam	medium	result.json	model	edgetam	/data/narendhiran_rpx/docker-smoke/tracking-production-250/edgetam/medium
mos	250	edgetam	medium	result.json	model_checkpoint.filename	edgetam.pt	/data/narendhiran_rpx/docker-smoke/tracking-production-250/edgetam/medium
mos	250	edgetam	medium	result.json	model_checkpoint.repo	facebook/EdgeTAM	/data/narendhiran_rpx/docker-smoke/tracking-production-250/edgetam/medium
mos	250	edgetam	medium	result.json	model_checkpoint.revision	14d7ecc48c656b94e5184519f698cd5386c5a2bf	/data/narendhiran_rpx/docker-smoke/tracking-production-250/edgetam/medium
mos	250	edgetam	medium	result.json	model_checkpoint.sha256	ed2d4850b8792c239689b043c47046ec239b6e808a3d9b6ae676c803fd8780df	/data/narendhiran_rpx/docker-smoke/tracking-production-250/edgetam/medium
mos	250	edgetam	medium	result.json	phase_metrics.0.assa	0.9564673402854565	/data/narendhiran_rpx/docker-smoke/tracking-production-250/edgetam/medium
mos	250	edgetam	medium	result.json	phase_metrics.0.deta	0.9369424378957006	/data/narendhiran_rpx/docker-smoke/tracking-production-250/edgetam/medium
mos	250	edgetam	medium	result.json	phase_metrics.0.hota	0.9463511926405969	/data/narendhiran_rpx/docker-smoke/tracking-production-250/edgetam/medium
mos	250	edgetam	medium	result.json	phase_metrics.0.idf1	0.9784220073706652	/data/narendhiran_rpx/docker-smoke/tracking-production-250/edgetam/medium
mos	250	edgetam	medium	result.json	phase_metrics.0.idsw	0.6363636363636364	/data/narendhiran_rpx/docker-smoke/tracking-production-250/edgetam/medium
mos	250	edgetam	medium	result.json	phase_metrics.0.mota	0.9577436441298364	/data/narendhiran_rpx/docker-smoke/tracking-production-250/edgetam/medium
mos	250	edgetam	medium	result.json	phase_metrics.1.assa	0.9286215608145785	/data/narendhiran_rpx/docker-smoke/tracking-production-250/edgetam/medium
mos	250	edgetam	medium	result.json	phase_metrics.1.deta	0.874941735873762	/data/narendhiran_rpx/docker-smoke/tracking-production-250/edgetam/medium
mos	250	edgetam	medium	result.json	phase_metrics.1.hota	0.9004242209814233	/data/narendhiran_rpx/docker-smoke/tracking-production-250/edgetam/medium
mos	250	edgetam	medium	result.json	phase_metrics.1.idf1	0.9494474895699819	/data/narendhiran_rpx/docker-smoke/tracking-production-250/edgetam/medium
mos	250	edgetam	medium	result.json	phase_metrics.1.idsw	0.9696969696969697	/data/narendhiran_rpx/docker-smoke/tracking-production-250/edgetam/medium
mos	250	edgetam	medium	result.json	phase_metrics.1.mota	0.9031009817265121	/data/narendhiran_rpx/docker-smoke/tracking-production-250/edgetam/medium
mos	250	edgetam	medium	result.json	phase_metrics.2.assa	0.9636341399942041	/data/narendhiran_rpx/docker-smoke/tracking-production-250/edgetam/medium
mos	250	edgetam	medium	result.json	phase_metrics.2.deta	0.9525911145327182	/data/narendhiran_rpx/docker-smoke/tracking-production-250/edgetam/medium
mos	250	edgetam	medium	result.json	phase_metrics.2.hota	0.9579507401199838	/data/narendhiran_rpx/docker-smoke/tracking-production-250/edgetam/medium
mos	250	edgetam	medium	result.json	phase_metrics.2.idf1	0.9903053959923245	/data/narendhiran_rpx/docker-smoke/tracking-production-250/edgetam/medium
mos	250	edgetam	medium	result.json	phase_metrics.2.idsw	0.06060606060606061	/data/narendhiran_rpx/docker-smoke/tracking-production-250/edgetam/medium
mos	250	edgetam	medium	result.json	phase_metrics.2.mota	0.9807140662258378	/data/narendhiran_rpx/docker-smoke/tracking-production-250/edgetam/medium
mos	250	edgetam	medium	result.json	prediction_stats.complete_clip_cache_hits	0	/data/narendhiran_rpx/docker-smoke/tracking-production-250/edgetam/medium
mos	250	edgetam	medium	result.json	prediction_stats.inferred_clips	99	/data/narendhiran_rpx/docker-smoke/tracking-production-250/edgetam/medium
mos	250	edgetam	medium	result.json	prediction_stats.model_propagation_frames	24651	/data/narendhiran_rpx/docker-smoke/tracking-production-250/edgetam/medium
mos	250	edgetam	medium	result.json	protocol.association_iou_threshold	0.5	/data/narendhiran_rpx/docker-smoke/tracking-production-250/edgetam/medium
mos	250	edgetam	medium	result.json	protocol.association_representation	tight_boxes_derived_from_instance_masks	/data/narendhiran_rpx/docker-smoke/tracking-production-250/edgetam/medium
mos	250	edgetam	medium	result.json	protocol.hota	mean_over_0.05_to_0.95	/data/narendhiran_rpx/docker-smoke/tracking-production-250/edgetam/medium
mos	250	edgetam	medium	result.json	protocol.initialization	ground_truth_first_frame_mask	/data/narendhiran_rpx/docker-smoke/tracking-production-250/edgetam/medium
mos	250	edgetam	medium	result.json	protocol.metric_implementation	TrackEval	/data/narendhiran_rpx/docker-smoke/tracking-production-250/edgetam/medium
mos	250	edgetam	medium	result.json	protocol.scored_frames	1_to_end (initialization frame excluded)	/data/narendhiran_rpx/docker-smoke/tracking-production-250/edgetam/medium
mos	250	edgetam	medium	result.json	rpx_git_sha	73e9f1309b0566003b924694ed646df574d5e531	/data/narendhiran_rpx/docker-smoke/tracking-production-250/edgetam/medium
mos	250	edgetam	medium	result.json	split	medium	/data/narendhiran_rpx/docker-smoke/tracking-production-250/edgetam/medium
mos	250	edgetam	medium	result.json	task	object_tracking	/data/narendhiran_rpx/docker-smoke/tracking-production-250/edgetam/medium
mos	250	edgetam	medium	run_metadata.json	clips	99	/data/narendhiran_rpx/docker-smoke/tracking-production-250/edgetam/medium
mos	250	edgetam	medium	run_metadata.json	dataset.manifest_sha256	092980d23ee7a30de981c8dbf718cb05be8fa5209cc191bd116fd19439b2e72d	/data/narendhiran_rpx/docker-smoke/tracking-production-250/edgetam/medium
mos	250	edgetam	medium	run_metadata.json	dataset.repo	IRVLUTD/RPX	/data/narendhiran_rpx/docker-smoke/tracking-production-250/edgetam/medium
mos	250	edgetam	medium	run_metadata.json	dataset.revision	2e2a387f7f93e98c177b2e039c141eacda94e5fc	/data/narendhiran_rpx/docker-smoke/tracking-production-250/edgetam/medium
mos	250	edgetam	medium	run_metadata.json	evaluator_git_sha	2bb9b919082727eb099f2b0824f97373a32a33d1	/data/narendhiran_rpx/docker-smoke/tracking-production-250/edgetam/medium
mos	250	edgetam	medium	run_metadata.json	finished_unix	1786723539.4969242	/data/narendhiran_rpx/docker-smoke/tracking-production-250/edgetam/medium
mos	250	edgetam	medium	run_metadata.json	frames	24750	/data/narendhiran_rpx/docker-smoke/tracking-production-250/edgetam/medium
mos	250	edgetam	medium	run_metadata.json	hardware.gpu_compute_capability.__length__	2	/data/narendhiran_rpx/docker-smoke/tracking-production-250/edgetam/medium
mos	250	edgetam	medium	run_metadata.json	hardware.gpu_name	NVIDIA RTX 6000 Ada Generation	/data/narendhiran_rpx/docker-smoke/tracking-production-250/edgetam/medium
mos	250	edgetam	medium	run_metadata.json	hardware.gpu_total_memory_bytes	50865307648	/data/narendhiran_rpx/docker-smoke/tracking-production-250/edgetam/medium
mos	250	edgetam	medium	run_metadata.json	hardware.torch_cuda_version	12.8	/data/narendhiran_rpx/docker-smoke/tracking-production-250/edgetam/medium
mos	250	edgetam	medium	run_metadata.json	hardware.torch_version	2.7.1+cu128	/data/narendhiran_rpx/docker-smoke/tracking-production-250/edgetam/medium
mos	250	edgetam	medium	run_metadata.json	model	edgetam	/data/narendhiran_rpx/docker-smoke/tracking-production-250/edgetam/medium
mos	250	edgetam	medium	run_metadata.json	model_checkpoint.filename	edgetam.pt	/data/narendhiran_rpx/docker-smoke/tracking-production-250/edgetam/medium
mos	250	edgetam	medium	run_metadata.json	model_checkpoint.repo	facebook/EdgeTAM	/data/narendhiran_rpx/docker-smoke/tracking-production-250/edgetam/medium
mos	250	edgetam	medium	run_metadata.json	model_checkpoint.revision	14d7ecc48c656b94e5184519f698cd5386c5a2bf	/data/narendhiran_rpx/docker-smoke/tracking-production-250/edgetam/medium
mos	250	edgetam	medium	run_metadata.json	model_checkpoint.sha256	ed2d4850b8792c239689b043c47046ec239b6e808a3d9b6ae676c803fd8780df	/data/narendhiran_rpx/docker-smoke/tracking-production-250/edgetam/medium
mos	250	edgetam	medium	run_metadata.json	parameter_count	13895794	/data/narendhiran_rpx/docker-smoke/tracking-production-250/edgetam/medium
mos	250	edgetam	medium	run_metadata.json	phase_metrics.0.assa	0.9564673402854565	/data/narendhiran_rpx/docker-smoke/tracking-production-250/edgetam/medium
mos	250	edgetam	medium	run_metadata.json	phase_metrics.0.deta	0.9369424378957006	/data/narendhiran_rpx/docker-smoke/tracking-production-250/edgetam/medium
mos	250	edgetam	medium	run_metadata.json	phase_metrics.0.hota	0.9463511926405969	/data/narendhiran_rpx/docker-smoke/tracking-production-250/edgetam/medium
mos	250	edgetam	medium	run_metadata.json	phase_metrics.0.idf1	0.9784220073706652	/data/narendhiran_rpx/docker-smoke/tracking-production-250/edgetam/medium
mos	250	edgetam	medium	run_metadata.json	phase_metrics.0.idsw	0.6363636363636364	/data/narendhiran_rpx/docker-smoke/tracking-production-250/edgetam/medium
mos	250	edgetam	medium	run_metadata.json	phase_metrics.0.mota	0.9577436441298364	/data/narendhiran_rpx/docker-smoke/tracking-production-250/edgetam/medium
mos	250	edgetam	medium	run_metadata.json	phase_metrics.1.assa	0.9286215608145785	/data/narendhiran_rpx/docker-smoke/tracking-production-250/edgetam/medium
mos	250	edgetam	medium	run_metadata.json	phase_metrics.1.deta	0.874941735873762	/data/narendhiran_rpx/docker-smoke/tracking-production-250/edgetam/medium
mos	250	edgetam	medium	run_metadata.json	phase_metrics.1.hota	0.9004242209814233	/data/narendhiran_rpx/docker-smoke/tracking-production-250/edgetam/medium
mos	250	edgetam	medium	run_metadata.json	phase_metrics.1.idf1	0.9494474895699819	/data/narendhiran_rpx/docker-smoke/tracking-production-250/edgetam/medium
mos	250	edgetam	medium	run_metadata.json	phase_metrics.1.idsw	0.9696969696969697	/data/narendhiran_rpx/docker-smoke/tracking-production-250/edgetam/medium
mos	250	edgetam	medium	run_metadata.json	phase_metrics.1.mota	0.9031009817265121	/data/narendhiran_rpx/docker-smoke/tracking-production-250/edgetam/medium
mos	250	edgetam	medium	run_metadata.json	phase_metrics.2.assa	0.9636341399942041	/data/narendhiran_rpx/docker-smoke/tracking-production-250/edgetam/medium
mos	250	edgetam	medium	run_metadata.json	phase_metrics.2.deta	0.9525911145327182	/data/narendhiran_rpx/docker-smoke/tracking-production-250/edgetam/medium
mos	250	edgetam	medium	run_metadata.json	phase_metrics.2.hota	0.9579507401199838	/data/narendhiran_rpx/docker-smoke/tracking-production-250/edgetam/medium
mos	250	edgetam	medium	run_metadata.json	phase_metrics.2.idf1	0.9903053959923245	/data/narendhiran_rpx/docker-smoke/tracking-production-250/edgetam/medium
mos	250	edgetam	medium	run_metadata.json	phase_metrics.2.idsw	0.06060606060606061	/data/narendhiran_rpx/docker-smoke/tracking-production-250/edgetam/medium
mos	250	edgetam	medium	run_metadata.json	phase_metrics.2.mota	0.9807140662258378	/data/narendhiran_rpx/docker-smoke/tracking-production-250/edgetam/medium
mos	250	edgetam	medium	run_metadata.json	pid	3458	/data/narendhiran_rpx/docker-smoke/tracking-production-250/edgetam/medium
mos	250	edgetam	medium	run_metadata.json	prediction_stats.complete_clip_cache_hits	0	/data/narendhiran_rpx/docker-smoke/tracking-production-250/edgetam/medium
mos	250	edgetam	medium	run_metadata.json	prediction_stats.inferred_clips	99	/data/narendhiran_rpx/docker-smoke/tracking-production-250/edgetam/medium
mos	250	edgetam	medium	run_metadata.json	prediction_stats.model_propagation_frames	24651	/data/narendhiran_rpx/docker-smoke/tracking-production-250/edgetam/medium
mos	250	edgetam	medium	run_metadata.json	protocol.association_iou_threshold	0.5	/data/narendhiran_rpx/docker-smoke/tracking-production-250/edgetam/medium
mos	250	edgetam	medium	run_metadata.json	protocol.association_representation	tight_boxes_derived_from_instance_masks	/data/narendhiran_rpx/docker-smoke/tracking-production-250/edgetam/medium
mos	250	edgetam	medium	run_metadata.json	protocol.hota	mean_over_0.05_to_0.95	/data/narendhiran_rpx/docker-smoke/tracking-production-250/edgetam/medium
mos	250	edgetam	medium	run_metadata.json	protocol.initialization	ground_truth_first_frame_mask	/data/narendhiran_rpx/docker-smoke/tracking-production-250/edgetam/medium
mos	250	edgetam	medium	run_metadata.json	protocol.metric_implementation	TrackEval	/data/narendhiran_rpx/docker-smoke/tracking-production-250/edgetam/medium
mos	250	edgetam	medium	run_metadata.json	protocol.scored_frames	1_to_end (initialization frame excluded)	/data/narendhiran_rpx/docker-smoke/tracking-production-250/edgetam/medium
mos	250	edgetam	medium	run_metadata.json	rpx_git_sha	73e9f1309b0566003b924694ed646df574d5e531	/data/narendhiran_rpx/docker-smoke/tracking-production-250/edgetam/medium
mos	250	edgetam	medium	run_metadata.json	split	medium	/data/narendhiran_rpx/docker-smoke/tracking-production-250/edgetam/medium
mos	250	edgetam	medium	run_metadata.json	started_unix	1786720880.5862432	/data/narendhiran_rpx/docker-smoke/tracking-production-250/edgetam/medium
mos	250	edgetam	medium	run_metadata.json	task	object_tracking	/data/narendhiran_rpx/docker-smoke/tracking-production-250/edgetam/medium
mos	250	edgetam	hard	result.json	clips	102	/data/narendhiran_rpx/docker-smoke/tracking-production-250/edgetam/hard
mos	250	edgetam	hard	result.json	dataset.manifest_sha256	fbc3c01164696ffacfd8f09d202ab0880fe46ce5933af2daf3750a4ba3b7c6bc	/data/narendhiran_rpx/docker-smoke/tracking-production-250/edgetam/hard
mos	250	edgetam	hard	result.json	dataset.repo	IRVLUTD/RPX	/data/narendhiran_rpx/docker-smoke/tracking-production-250/edgetam/hard
mos	250	edgetam	hard	result.json	dataset.revision	2e2a387f7f93e98c177b2e039c141eacda94e5fc	/data/narendhiran_rpx/docker-smoke/tracking-production-250/edgetam/hard
mos	250	edgetam	hard	result.json	evaluator_git_sha	2bb9b919082727eb099f2b0824f97373a32a33d1	/data/narendhiran_rpx/docker-smoke/tracking-production-250/edgetam/hard
mos	250	edgetam	hard	result.json	frames	25500	/data/narendhiran_rpx/docker-smoke/tracking-production-250/edgetam/hard
mos	250	edgetam	hard	result.json	hardware.gpu_compute_capability.__length__	2	/data/narendhiran_rpx/docker-smoke/tracking-production-250/edgetam/hard
mos	250	edgetam	hard	result.json	hardware.gpu_name	NVIDIA RTX 6000 Ada Generation	/data/narendhiran_rpx/docker-smoke/tracking-production-250/edgetam/hard
mos	250	edgetam	hard	result.json	hardware.gpu_total_memory_bytes	50865307648	/data/narendhiran_rpx/docker-smoke/tracking-production-250/edgetam/hard
mos	250	edgetam	hard	result.json	hardware.torch_cuda_version	12.8	/data/narendhiran_rpx/docker-smoke/tracking-production-250/edgetam/hard
mos	250	edgetam	hard	result.json	hardware.torch_version	2.7.1+cu128	/data/narendhiran_rpx/docker-smoke/tracking-production-250/edgetam/hard
mos	250	edgetam	hard	result.json	model	edgetam	/data/narendhiran_rpx/docker-smoke/tracking-production-250/edgetam/hard
mos	250	edgetam	hard	result.json	model_checkpoint.filename	edgetam.pt	/data/narendhiran_rpx/docker-smoke/tracking-production-250/edgetam/hard
mos	250	edgetam	hard	result.json	model_checkpoint.repo	facebook/EdgeTAM	/data/narendhiran_rpx/docker-smoke/tracking-production-250/edgetam/hard
mos	250	edgetam	hard	result.json	model_checkpoint.revision	14d7ecc48c656b94e5184519f698cd5386c5a2bf	/data/narendhiran_rpx/docker-smoke/tracking-production-250/edgetam/hard
mos	250	edgetam	hard	result.json	model_checkpoint.sha256	ed2d4850b8792c239689b043c47046ec239b6e808a3d9b6ae676c803fd8780df	/data/narendhiran_rpx/docker-smoke/tracking-production-250/edgetam/hard
mos	250	edgetam	hard	result.json	phase_metrics.0.assa	0.9432852502593091	/data/narendhiran_rpx/docker-smoke/tracking-production-250/edgetam/hard
mos	250	edgetam	hard	result.json	phase_metrics.0.deta	0.9205467195510657	/data/narendhiran_rpx/docker-smoke/tracking-production-250/edgetam/hard
mos	250	edgetam	hard	result.json	phase_metrics.0.hota	0.9315518701634357	/data/narendhiran_rpx/docker-smoke/tracking-production-250/edgetam/hard
mos	250	edgetam	hard	result.json	phase_metrics.0.idf1	0.9751512274379214	/data/narendhiran_rpx/docker-smoke/tracking-production-250/edgetam/hard
mos	250	edgetam	hard	result.json	phase_metrics.0.idsw	1.1764705882352942	/data/narendhiran_rpx/docker-smoke/tracking-production-250/edgetam/hard
mos	250	edgetam	hard	result.json	phase_metrics.0.mota	0.9506674750086098	/data/narendhiran_rpx/docker-smoke/tracking-production-250/edgetam/hard
mos	250	edgetam	hard	result.json	phase_metrics.1.assa	0.8822871746419276	/data/narendhiran_rpx/docker-smoke/tracking-production-250/edgetam/hard
mos	250	edgetam	hard	result.json	phase_metrics.1.deta	0.8019982644652549	/data/narendhiran_rpx/docker-smoke/tracking-production-250/edgetam/hard
mos	250	edgetam	hard	result.json	phase_metrics.1.hota	0.8392924248505669	/data/narendhiran_rpx/docker-smoke/tracking-production-250/edgetam/hard
mos	250	edgetam	hard	result.json	phase_metrics.1.idf1	0.9093530521667478	/data/narendhiran_rpx/docker-smoke/tracking-production-250/edgetam/hard
mos	250	edgetam	hard	result.json	phase_metrics.1.idsw	2.5	/data/narendhiran_rpx/docker-smoke/tracking-production-250/edgetam/hard
mos	250	edgetam	hard	result.json	phase_metrics.1.mota	0.8262769268798729	/data/narendhiran_rpx/docker-smoke/tracking-production-250/edgetam/hard
mos	250	edgetam	hard	result.json	phase_metrics.2.assa	0.9480984691114791	/data/narendhiran_rpx/docker-smoke/tracking-production-250/edgetam/hard
mos	250	edgetam	hard	result.json	phase_metrics.2.deta	0.9281327570477769	/data/narendhiran_rpx/docker-smoke/tracking-production-250/edgetam/hard
mos	250	edgetam	hard	result.json	phase_metrics.2.hota	0.9377131433288526	/data/narendhiran_rpx/docker-smoke/tracking-production-250/edgetam/hard
mos	250	edgetam	hard	result.json	phase_metrics.2.idf1	0.9814582785876664	/data/narendhiran_rpx/docker-smoke/tracking-production-250/edgetam/hard
mos	250	edgetam	hard	result.json	phase_metrics.2.idsw	0.5882352941176471	/data/narendhiran_rpx/docker-smoke/tracking-production-250/edgetam/hard
mos	250	edgetam	hard	result.json	phase_metrics.2.mota	0.9636775404153248	/data/narendhiran_rpx/docker-smoke/tracking-production-250/edgetam/hard
mos	250	edgetam	hard	result.json	prediction_stats.complete_clip_cache_hits	0	/data/narendhiran_rpx/docker-smoke/tracking-production-250/edgetam/hard
mos	250	edgetam	hard	result.json	prediction_stats.inferred_clips	102	/data/narendhiran_rpx/docker-smoke/tracking-production-250/edgetam/hard
mos	250	edgetam	hard	result.json	prediction_stats.model_propagation_frames	25398	/data/narendhiran_rpx/docker-smoke/tracking-production-250/edgetam/hard
mos	250	edgetam	hard	result.json	protocol.association_iou_threshold	0.5	/data/narendhiran_rpx/docker-smoke/tracking-production-250/edgetam/hard
mos	250	edgetam	hard	result.json	protocol.association_representation	tight_boxes_derived_from_instance_masks	/data/narendhiran_rpx/docker-smoke/tracking-production-250/edgetam/hard
mos	250	edgetam	hard	result.json	protocol.hota	mean_over_0.05_to_0.95	/data/narendhiran_rpx/docker-smoke/tracking-production-250/edgetam/hard
mos	250	edgetam	hard	result.json	protocol.initialization	ground_truth_first_frame_mask	/data/narendhiran_rpx/docker-smoke/tracking-production-250/edgetam/hard
mos	250	edgetam	hard	result.json	protocol.metric_implementation	TrackEval	/data/narendhiran_rpx/docker-smoke/tracking-production-250/edgetam/hard
mos	250	edgetam	hard	result.json	protocol.scored_frames	1_to_end (initialization frame excluded)	/data/narendhiran_rpx/docker-smoke/tracking-production-250/edgetam/hard
mos	250	edgetam	hard	result.json	rpx_git_sha	73e9f1309b0566003b924694ed646df574d5e531	/data/narendhiran_rpx/docker-smoke/tracking-production-250/edgetam/hard
mos	250	edgetam	hard	result.json	split	hard	/data/narendhiran_rpx/docker-smoke/tracking-production-250/edgetam/hard
mos	250	edgetam	hard	result.json	task	object_tracking	/data/narendhiran_rpx/docker-smoke/tracking-production-250/edgetam/hard
mos	250	edgetam	hard	run_metadata.json	clips	102	/data/narendhiran_rpx/docker-smoke/tracking-production-250/edgetam/hard
mos	250	edgetam	hard	run_metadata.json	dataset.manifest_sha256	fbc3c01164696ffacfd8f09d202ab0880fe46ce5933af2daf3750a4ba3b7c6bc	/data/narendhiran_rpx/docker-smoke/tracking-production-250/edgetam/hard
mos	250	edgetam	hard	run_metadata.json	dataset.repo	IRVLUTD/RPX	/data/narendhiran_rpx/docker-smoke/tracking-production-250/edgetam/hard
mos	250	edgetam	hard	run_metadata.json	dataset.revision	2e2a387f7f93e98c177b2e039c141eacda94e5fc	/data/narendhiran_rpx/docker-smoke/tracking-production-250/edgetam/hard
mos	250	edgetam	hard	run_metadata.json	evaluator_git_sha	2bb9b919082727eb099f2b0824f97373a32a33d1	/data/narendhiran_rpx/docker-smoke/tracking-production-250/edgetam/hard
mos	250	edgetam	hard	run_metadata.json	finished_unix	1786726984.6290164	/data/narendhiran_rpx/docker-smoke/tracking-production-250/edgetam/hard
mos	250	edgetam	hard	run_metadata.json	frames	25500	/data/narendhiran_rpx/docker-smoke/tracking-production-250/edgetam/hard
mos	250	edgetam	hard	run_metadata.json	hardware.gpu_compute_capability.__length__	2	/data/narendhiran_rpx/docker-smoke/tracking-production-250/edgetam/hard
mos	250	edgetam	hard	run_metadata.json	hardware.gpu_name	NVIDIA RTX 6000 Ada Generation	/data/narendhiran_rpx/docker-smoke/tracking-production-250/edgetam/hard
mos	250	edgetam	hard	run_metadata.json	hardware.gpu_total_memory_bytes	50865307648	/data/narendhiran_rpx/docker-smoke/tracking-production-250/edgetam/hard
mos	250	edgetam	hard	run_metadata.json	hardware.torch_cuda_version	12.8	/data/narendhiran_rpx/docker-smoke/tracking-production-250/edgetam/hard
mos	250	edgetam	hard	run_metadata.json	hardware.torch_version	2.7.1+cu128	/data/narendhiran_rpx/docker-smoke/tracking-production-250/edgetam/hard
mos	250	edgetam	hard	run_metadata.json	model	edgetam	/data/narendhiran_rpx/docker-smoke/tracking-production-250/edgetam/hard
mos	250	edgetam	hard	run_metadata.json	model_checkpoint.filename	edgetam.pt	/data/narendhiran_rpx/docker-smoke/tracking-production-250/edgetam/hard
mos	250	edgetam	hard	run_metadata.json	model_checkpoint.repo	facebook/EdgeTAM	/data/narendhiran_rpx/docker-smoke/tracking-production-250/edgetam/hard
mos	250	edgetam	hard	run_metadata.json	model_checkpoint.revision	14d7ecc48c656b94e5184519f698cd5386c5a2bf	/data/narendhiran_rpx/docker-smoke/tracking-production-250/edgetam/hard
mos	250	edgetam	hard	run_metadata.json	model_checkpoint.sha256	ed2d4850b8792c239689b043c47046ec239b6e808a3d9b6ae676c803fd8780df	/data/narendhiran_rpx/docker-smoke/tracking-production-250/edgetam/hard
mos	250	edgetam	hard	run_metadata.json	parameter_count	13895794	/data/narendhiran_rpx/docker-smoke/tracking-production-250/edgetam/hard
mos	250	edgetam	hard	run_metadata.json	phase_metrics.0.assa	0.9432852502593091	/data/narendhiran_rpx/docker-smoke/tracking-production-250/edgetam/hard
mos	250	edgetam	hard	run_metadata.json	phase_metrics.0.deta	0.9205467195510657	/data/narendhiran_rpx/docker-smoke/tracking-production-250/edgetam/hard
mos	250	edgetam	hard	run_metadata.json	phase_metrics.0.hota	0.9315518701634357	/data/narendhiran_rpx/docker-smoke/tracking-production-250/edgetam/hard
mos	250	edgetam	hard	run_metadata.json	phase_metrics.0.idf1	0.9751512274379214	/data/narendhiran_rpx/docker-smoke/tracking-production-250/edgetam/hard
mos	250	edgetam	hard	run_metadata.json	phase_metrics.0.idsw	1.1764705882352942	/data/narendhiran_rpx/docker-smoke/tracking-production-250/edgetam/hard
mos	250	edgetam	hard	run_metadata.json	phase_metrics.0.mota	0.9506674750086098	/data/narendhiran_rpx/docker-smoke/tracking-production-250/edgetam/hard
mos	250	edgetam	hard	run_metadata.json	phase_metrics.1.assa	0.8822871746419276	/data/narendhiran_rpx/docker-smoke/tracking-production-250/edgetam/hard
mos	250	edgetam	hard	run_metadata.json	phase_metrics.1.deta	0.8019982644652549	/data/narendhiran_rpx/docker-smoke/tracking-production-250/edgetam/hard
mos	250	edgetam	hard	run_metadata.json	phase_metrics.1.hota	0.8392924248505669	/data/narendhiran_rpx/docker-smoke/tracking-production-250/edgetam/hard
mos	250	edgetam	hard	run_metadata.json	phase_metrics.1.idf1	0.9093530521667478	/data/narendhiran_rpx/docker-smoke/tracking-production-250/edgetam/hard
mos	250	edgetam	hard	run_metadata.json	phase_metrics.1.idsw	2.5	/data/narendhiran_rpx/docker-smoke/tracking-production-250/edgetam/hard
mos	250	edgetam	hard	run_metadata.json	phase_metrics.1.mota	0.8262769268798729	/data/narendhiran_rpx/docker-smoke/tracking-production-250/edgetam/hard
mos	250	edgetam	hard	run_metadata.json	phase_metrics.2.assa	0.9480984691114791	/data/narendhiran_rpx/docker-smoke/tracking-production-250/edgetam/hard
mos	250	edgetam	hard	run_metadata.json	phase_metrics.2.deta	0.9281327570477769	/data/narendhiran_rpx/docker-smoke/tracking-production-250/edgetam/hard
mos	250	edgetam	hard	run_metadata.json	phase_metrics.2.hota	0.9377131433288526	/data/narendhiran_rpx/docker-smoke/tracking-production-250/edgetam/hard
mos	250	edgetam	hard	run_metadata.json	phase_metrics.2.idf1	0.9814582785876664	/data/narendhiran_rpx/docker-smoke/tracking-production-250/edgetam/hard
mos	250	edgetam	hard	run_metadata.json	phase_metrics.2.idsw	0.5882352941176471	/data/narendhiran_rpx/docker-smoke/tracking-production-250/edgetam/hard
mos	250	edgetam	hard	run_metadata.json	phase_metrics.2.mota	0.9636775404153248	/data/narendhiran_rpx/docker-smoke/tracking-production-250/edgetam/hard
mos	250	edgetam	hard	run_metadata.json	pid	6801	/data/narendhiran_rpx/docker-smoke/tracking-production-250/edgetam/hard
mos	250	edgetam	hard	run_metadata.json	prediction_stats.complete_clip_cache_hits	0	/data/narendhiran_rpx/docker-smoke/tracking-production-250/edgetam/hard
mos	250	edgetam	hard	run_metadata.json	prediction_stats.inferred_clips	102	/data/narendhiran_rpx/docker-smoke/tracking-production-250/edgetam/hard
mos	250	edgetam	hard	run_metadata.json	prediction_stats.model_propagation_frames	25398	/data/narendhiran_rpx/docker-smoke/tracking-production-250/edgetam/hard
mos	250	edgetam	hard	run_metadata.json	protocol.association_iou_threshold	0.5	/data/narendhiran_rpx/docker-smoke/tracking-production-250/edgetam/hard
mos	250	edgetam	hard	run_metadata.json	protocol.association_representation	tight_boxes_derived_from_instance_masks	/data/narendhiran_rpx/docker-smoke/tracking-production-250/edgetam/hard
mos	250	edgetam	hard	run_metadata.json	protocol.hota	mean_over_0.05_to_0.95	/data/narendhiran_rpx/docker-smoke/tracking-production-250/edgetam/hard
mos	250	edgetam	hard	run_metadata.json	protocol.initialization	ground_truth_first_frame_mask	/data/narendhiran_rpx/docker-smoke/tracking-production-250/edgetam/hard
mos	250	edgetam	hard	run_metadata.json	protocol.metric_implementation	TrackEval	/data/narendhiran_rpx/docker-smoke/tracking-production-250/edgetam/hard
mos	250	edgetam	hard	run_metadata.json	protocol.scored_frames	1_to_end (initialization frame excluded)	/data/narendhiran_rpx/docker-smoke/tracking-production-250/edgetam/hard
mos	250	edgetam	hard	run_metadata.json	rpx_git_sha	73e9f1309b0566003b924694ed646df574d5e531	/data/narendhiran_rpx/docker-smoke/tracking-production-250/edgetam/hard
mos	250	edgetam	hard	run_metadata.json	split	hard	/data/narendhiran_rpx/docker-smoke/tracking-production-250/edgetam/hard
mos	250	edgetam	hard	run_metadata.json	started_unix	1786723636.0893323	/data/narendhiran_rpx/docker-smoke/tracking-production-250/edgetam/hard
mos	250	edgetam	hard	run_metadata.json	task	object_tracking	/data/narendhiran_rpx/docker-smoke/tracking-production-250/edgetam/hard
mos	250	sam2long	easy	result.json	clips	99	/data/narendhiran_rpx/docker-smoke/tracking-production-250/sam2long/easy
mos	250	sam2long	easy	result.json	dataset.manifest_sha256	0ba018a738383d23df239f1b138669dd1cc8261a730d41cb84ce1bde14f80c4a	/data/narendhiran_rpx/docker-smoke/tracking-production-250/sam2long/easy
mos	250	sam2long	easy	result.json	dataset.repo	IRVLUTD/RPX	/data/narendhiran_rpx/docker-smoke/tracking-production-250/sam2long/easy
mos	250	sam2long	easy	result.json	dataset.revision	2e2a387f7f93e98c177b2e039c141eacda94e5fc	/data/narendhiran_rpx/docker-smoke/tracking-production-250/sam2long/easy
mos	250	sam2long	easy	result.json	evaluator_git_sha	2bb9b919082727eb099f2b0824f97373a32a33d1	/data/narendhiran_rpx/docker-smoke/tracking-production-250/sam2long/easy
mos	250	sam2long	easy	result.json	frames	24750	/data/narendhiran_rpx/docker-smoke/tracking-production-250/sam2long/easy
mos	250	sam2long	easy	result.json	hardware.gpu_compute_capability.__length__	2	/data/narendhiran_rpx/docker-smoke/tracking-production-250/sam2long/easy
mos	250	sam2long	easy	result.json	hardware.gpu_name	NVIDIA RTX 6000 Ada Generation	/data/narendhiran_rpx/docker-smoke/tracking-production-250/sam2long/easy
mos	250	sam2long	easy	result.json	hardware.gpu_total_memory_bytes	50865307648	/data/narendhiran_rpx/docker-smoke/tracking-production-250/sam2long/easy
mos	250	sam2long	easy	result.json	hardware.torch_cuda_version	12.8	/data/narendhiran_rpx/docker-smoke/tracking-production-250/sam2long/easy
mos	250	sam2long	easy	result.json	hardware.torch_version	2.7.1+cu128	/data/narendhiran_rpx/docker-smoke/tracking-production-250/sam2long/easy
mos	250	sam2long	easy	result.json	model	sam2long	/data/narendhiran_rpx/docker-smoke/tracking-production-250/sam2long/easy
mos	250	sam2long	easy	result.json	model_checkpoint.filename	sam2.1_hiera_large.pt	/data/narendhiran_rpx/docker-smoke/tracking-production-250/sam2long/easy
mos	250	sam2long	easy	result.json	model_checkpoint.repo	facebook/sam2.1-hiera-large	/data/narendhiran_rpx/docker-smoke/tracking-production-250/sam2long/easy
mos	250	sam2long	easy	result.json	model_checkpoint.revision	665f8e2ad61cf5f53d65644ff27c8ee525124610	/data/narendhiran_rpx/docker-smoke/tracking-production-250/sam2long/easy
mos	250	sam2long	easy	result.json	model_checkpoint.sha256	2647878d5dfa5098f2f8649825738a9345572bae2d4350a2468587ece47dd318	/data/narendhiran_rpx/docker-smoke/tracking-production-250/sam2long/easy
mos	250	sam2long	easy	result.json	phase_metrics.0.assa	0.9867291861540756	/data/narendhiran_rpx/docker-smoke/tracking-production-250/sam2long/easy
mos	250	sam2long	easy	result.json	phase_metrics.0.deta	0.9834069463391804	/data/narendhiran_rpx/docker-smoke/tracking-production-250/sam2long/easy
mos	250	sam2long	easy	result.json	phase_metrics.0.hota	0.9850238352094889	/data/narendhiran_rpx/docker-smoke/tracking-production-250/sam2long/easy
mos	250	sam2long	easy	result.json	phase_metrics.0.idf1	0.9991132366604403	/data/narendhiran_rpx/docker-smoke/tracking-production-250/sam2long/easy
mos	250	sam2long	easy	result.json	phase_metrics.0.idsw	0.0	/data/narendhiran_rpx/docker-smoke/tracking-production-250/sam2long/easy
mos	250	sam2long	easy	result.json	phase_metrics.0.mota	0.9982263533746893	/data/narendhiran_rpx/docker-smoke/tracking-production-250/sam2long/easy
mos	250	sam2long	easy	result.json	phase_metrics.1.assa	0.9701105819933978	/data/narendhiran_rpx/docker-smoke/tracking-production-250/sam2long/easy
mos	250	sam2long	easy	result.json	phase_metrics.1.deta	0.9529099113951087	/data/narendhiran_rpx/docker-smoke/tracking-production-250/sam2long/easy
mos	250	sam2long	easy	result.json	phase_metrics.1.hota	0.9610266372293373	/data/narendhiran_rpx/docker-smoke/tracking-production-250/sam2long/easy
mos	250	sam2long	easy	result.json	phase_metrics.1.idf1	0.9881865190938379	/data/narendhiran_rpx/docker-smoke/tracking-production-250/sam2long/easy
mos	250	sam2long	easy	result.json	phase_metrics.1.idsw	0.12121212121212122	/data/narendhiran_rpx/docker-smoke/tracking-production-250/sam2long/easy
mos	250	sam2long	easy	result.json	phase_metrics.1.mota	0.978014978797393	/data/narendhiran_rpx/docker-smoke/tracking-production-250/sam2long/easy
mos	250	sam2long	easy	result.json	phase_metrics.2.assa	0.9854488633677345	/data/narendhiran_rpx/docker-smoke/tracking-production-250/sam2long/easy
mos	250	sam2long	easy	result.json	phase_metrics.2.deta	0.982737351467866	/data/narendhiran_rpx/docker-smoke/tracking-production-250/sam2long/easy
mos	250	sam2long	easy	result.json	phase_metrics.2.hota	0.9840662739565447	/data/narendhiran_rpx/docker-smoke/tracking-production-250/sam2long/easy
mos	250	sam2long	easy	result.json	phase_metrics.2.idf1	0.9989288326400293	/data/narendhiran_rpx/docker-smoke/tracking-production-250/sam2long/easy
mos	250	sam2long	easy	result.json	phase_metrics.2.idsw	0.15151515151515152	/data/narendhiran_rpx/docker-smoke/tracking-production-250/sam2long/easy
mos	250	sam2long	easy	result.json	phase_metrics.2.mota	0.9978749944543667	/data/narendhiran_rpx/docker-smoke/tracking-production-250/sam2long/easy
mos	250	sam2long	easy	result.json	prediction_stats.complete_clip_cache_hits	0	/data/narendhiran_rpx/docker-smoke/tracking-production-250/sam2long/easy
mos	250	sam2long	easy	result.json	prediction_stats.inferred_clips	99	/data/narendhiran_rpx/docker-smoke/tracking-production-250/sam2long/easy
mos	250	sam2long	easy	result.json	prediction_stats.model_propagation_frames	24651	/data/narendhiran_rpx/docker-smoke/tracking-production-250/sam2long/easy
mos	250	sam2long	easy	result.json	protocol.association_iou_threshold	0.5	/data/narendhiran_rpx/docker-smoke/tracking-production-250/sam2long/easy
mos	250	sam2long	easy	result.json	protocol.association_representation	tight_boxes_derived_from_instance_masks	/data/narendhiran_rpx/docker-smoke/tracking-production-250/sam2long/easy
mos	250	sam2long	easy	result.json	protocol.hota	mean_over_0.05_to_0.95	/data/narendhiran_rpx/docker-smoke/tracking-production-250/sam2long/easy
mos	250	sam2long	easy	result.json	protocol.initialization	ground_truth_first_frame_mask	/data/narendhiran_rpx/docker-smoke/tracking-production-250/sam2long/easy
mos	250	sam2long	easy	result.json	protocol.metric_implementation	TrackEval	/data/narendhiran_rpx/docker-smoke/tracking-production-250/sam2long/easy
mos	250	sam2long	easy	result.json	protocol.scored_frames	1_to_end (initialization frame excluded)	/data/narendhiran_rpx/docker-smoke/tracking-production-250/sam2long/easy
mos	250	sam2long	easy	result.json	rpx_git_sha	bc16071faba747b667f8845ce560490e86445c2f	/data/narendhiran_rpx/docker-smoke/tracking-production-250/sam2long/easy
mos	250	sam2long	easy	result.json	split	easy	/data/narendhiran_rpx/docker-smoke/tracking-production-250/sam2long/easy
mos	250	sam2long	easy	result.json	task	object_tracking	/data/narendhiran_rpx/docker-smoke/tracking-production-250/sam2long/easy
mos	250	sam2long	easy	run_metadata.json	clips	99	/data/narendhiran_rpx/docker-smoke/tracking-production-250/sam2long/easy
mos	250	sam2long	easy	run_metadata.json	dataset.manifest_sha256	0ba018a738383d23df239f1b138669dd1cc8261a730d41cb84ce1bde14f80c4a	/data/narendhiran_rpx/docker-smoke/tracking-production-250/sam2long/easy
mos	250	sam2long	easy	run_metadata.json	dataset.repo	IRVLUTD/RPX	/data/narendhiran_rpx/docker-smoke/tracking-production-250/sam2long/easy
mos	250	sam2long	easy	run_metadata.json	dataset.revision	2e2a387f7f93e98c177b2e039c141eacda94e5fc	/data/narendhiran_rpx/docker-smoke/tracking-production-250/sam2long/easy
mos	250	sam2long	easy	run_metadata.json	evaluator_git_sha	2bb9b919082727eb099f2b0824f97373a32a33d1	/data/narendhiran_rpx/docker-smoke/tracking-production-250/sam2long/easy
mos	250	sam2long	easy	run_metadata.json	finished_unix	1786740954.6678705	/data/narendhiran_rpx/docker-smoke/tracking-production-250/sam2long/easy
mos	250	sam2long	easy	run_metadata.json	frames	24750	/data/narendhiran_rpx/docker-smoke/tracking-production-250/sam2long/easy
mos	250	sam2long	easy	run_metadata.json	hardware.gpu_compute_capability.__length__	2	/data/narendhiran_rpx/docker-smoke/tracking-production-250/sam2long/easy
mos	250	sam2long	easy	run_metadata.json	hardware.gpu_name	NVIDIA RTX 6000 Ada Generation	/data/narendhiran_rpx/docker-smoke/tracking-production-250/sam2long/easy
mos	250	sam2long	easy	run_metadata.json	hardware.gpu_total_memory_bytes	50865307648	/data/narendhiran_rpx/docker-smoke/tracking-production-250/sam2long/easy
mos	250	sam2long	easy	run_metadata.json	hardware.torch_cuda_version	12.8	/data/narendhiran_rpx/docker-smoke/tracking-production-250/sam2long/easy
mos	250	sam2long	easy	run_metadata.json	hardware.torch_version	2.7.1+cu128	/data/narendhiran_rpx/docker-smoke/tracking-production-250/sam2long/easy
mos	250	sam2long	easy	run_metadata.json	model	sam2long	/data/narendhiran_rpx/docker-smoke/tracking-production-250/sam2long/easy
mos	250	sam2long	easy	run_metadata.json	model_checkpoint.filename	sam2.1_hiera_large.pt	/data/narendhiran_rpx/docker-smoke/tracking-production-250/sam2long/easy
mos	250	sam2long	easy	run_metadata.json	model_checkpoint.repo	facebook/sam2.1-hiera-large	/data/narendhiran_rpx/docker-smoke/tracking-production-250/sam2long/easy
mos	250	sam2long	easy	run_metadata.json	model_checkpoint.revision	665f8e2ad61cf5f53d65644ff27c8ee525124610	/data/narendhiran_rpx/docker-smoke/tracking-production-250/sam2long/easy
mos	250	sam2long	easy	run_metadata.json	model_checkpoint.sha256	2647878d5dfa5098f2f8649825738a9345572bae2d4350a2468587ece47dd318	/data/narendhiran_rpx/docker-smoke/tracking-production-250/sam2long/easy
mos	250	sam2long	easy	run_metadata.json	parameter_count	224446642	/data/narendhiran_rpx/docker-smoke/tracking-production-250/sam2long/easy
mos	250	sam2long	easy	run_metadata.json	phase_metrics.0.assa	0.9867291861540756	/data/narendhiran_rpx/docker-smoke/tracking-production-250/sam2long/easy
mos	250	sam2long	easy	run_metadata.json	phase_metrics.0.deta	0.9834069463391804	/data/narendhiran_rpx/docker-smoke/tracking-production-250/sam2long/easy
mos	250	sam2long	easy	run_metadata.json	phase_metrics.0.hota	0.9850238352094889	/data/narendhiran_rpx/docker-smoke/tracking-production-250/sam2long/easy
mos	250	sam2long	easy	run_metadata.json	phase_metrics.0.idf1	0.9991132366604403	/data/narendhiran_rpx/docker-smoke/tracking-production-250/sam2long/easy
mos	250	sam2long	easy	run_metadata.json	phase_metrics.0.idsw	0.0	/data/narendhiran_rpx/docker-smoke/tracking-production-250/sam2long/easy
mos	250	sam2long	easy	run_metadata.json	phase_metrics.0.mota	0.9982263533746893	/data/narendhiran_rpx/docker-smoke/tracking-production-250/sam2long/easy
mos	250	sam2long	easy	run_metadata.json	phase_metrics.1.assa	0.9701105819933978	/data/narendhiran_rpx/docker-smoke/tracking-production-250/sam2long/easy
mos	250	sam2long	easy	run_metadata.json	phase_metrics.1.deta	0.9529099113951087	/data/narendhiran_rpx/docker-smoke/tracking-production-250/sam2long/easy
mos	250	sam2long	easy	run_metadata.json	phase_metrics.1.hota	0.9610266372293373	/data/narendhiran_rpx/docker-smoke/tracking-production-250/sam2long/easy
mos	250	sam2long	easy	run_metadata.json	phase_metrics.1.idf1	0.9881865190938379	/data/narendhiran_rpx/docker-smoke/tracking-production-250/sam2long/easy
mos	250	sam2long	easy	run_metadata.json	phase_metrics.1.idsw	0.12121212121212122	/data/narendhiran_rpx/docker-smoke/tracking-production-250/sam2long/easy
mos	250	sam2long	easy	run_metadata.json	phase_metrics.1.mota	0.978014978797393	/data/narendhiran_rpx/docker-smoke/tracking-production-250/sam2long/easy
mos	250	sam2long	easy	run_metadata.json	phase_metrics.2.assa	0.9854488633677345	/data/narendhiran_rpx/docker-smoke/tracking-production-250/sam2long/easy
mos	250	sam2long	easy	run_metadata.json	phase_metrics.2.deta	0.982737351467866	/data/narendhiran_rpx/docker-smoke/tracking-production-250/sam2long/easy
mos	250	sam2long	easy	run_metadata.json	phase_metrics.2.hota	0.9840662739565447	/data/narendhiran_rpx/docker-smoke/tracking-production-250/sam2long/easy
mos	250	sam2long	easy	run_metadata.json	phase_metrics.2.idf1	0.9989288326400293	/data/narendhiran_rpx/docker-smoke/tracking-production-250/sam2long/easy
mos	250	sam2long	easy	run_metadata.json	phase_metrics.2.idsw	0.15151515151515152	/data/narendhiran_rpx/docker-smoke/tracking-production-250/sam2long/easy
mos	250	sam2long	easy	run_metadata.json	phase_metrics.2.mota	0.9978749944543667	/data/narendhiran_rpx/docker-smoke/tracking-production-250/sam2long/easy
mos	250	sam2long	easy	run_metadata.json	pid	114	/data/narendhiran_rpx/docker-smoke/tracking-production-250/sam2long/easy
mos	250	sam2long	easy	run_metadata.json	prediction_stats.complete_clip_cache_hits	0	/data/narendhiran_rpx/docker-smoke/tracking-production-250/sam2long/easy
mos	250	sam2long	easy	run_metadata.json	prediction_stats.inferred_clips	99	/data/narendhiran_rpx/docker-smoke/tracking-production-250/sam2long/easy
mos	250	sam2long	easy	run_metadata.json	prediction_stats.model_propagation_frames	24651	/data/narendhiran_rpx/docker-smoke/tracking-production-250/sam2long/easy
mos	250	sam2long	easy	run_metadata.json	protocol.association_iou_threshold	0.5	/data/narendhiran_rpx/docker-smoke/tracking-production-250/sam2long/easy
mos	250	sam2long	easy	run_metadata.json	protocol.association_representation	tight_boxes_derived_from_instance_masks	/data/narendhiran_rpx/docker-smoke/tracking-production-250/sam2long/easy
mos	250	sam2long	easy	run_metadata.json	protocol.hota	mean_over_0.05_to_0.95	/data/narendhiran_rpx/docker-smoke/tracking-production-250/sam2long/easy
mos	250	sam2long	easy	run_metadata.json	protocol.initialization	ground_truth_first_frame_mask	/data/narendhiran_rpx/docker-smoke/tracking-production-250/sam2long/easy
mos	250	sam2long	easy	run_metadata.json	protocol.metric_implementation	TrackEval	/data/narendhiran_rpx/docker-smoke/tracking-production-250/sam2long/easy
mos	250	sam2long	easy	run_metadata.json	protocol.scored_frames	1_to_end (initialization frame excluded)	/data/narendhiran_rpx/docker-smoke/tracking-production-250/sam2long/easy
mos	250	sam2long	easy	run_metadata.json	rpx_git_sha	bc16071faba747b667f8845ce560490e86445c2f	/data/narendhiran_rpx/docker-smoke/tracking-production-250/sam2long/easy
mos	250	sam2long	easy	run_metadata.json	split	easy	/data/narendhiran_rpx/docker-smoke/tracking-production-250/sam2long/easy
mos	250	sam2long	easy	run_metadata.json	started_unix	1786721403.3564045	/data/narendhiran_rpx/docker-smoke/tracking-production-250/sam2long/easy
mos	250	sam2long	easy	run_metadata.json	task	object_tracking	/data/narendhiran_rpx/docker-smoke/tracking-production-250/sam2long/easy
mos	250	sam2long	medium	result.json	clips	99	/data/narendhiran_rpx/docker-smoke/tracking-production-250/sam2long/medium
mos	250	sam2long	medium	result.json	dataset.manifest_sha256	092980d23ee7a30de981c8dbf718cb05be8fa5209cc191bd116fd19439b2e72d	/data/narendhiran_rpx/docker-smoke/tracking-production-250/sam2long/medium
mos	250	sam2long	medium	result.json	dataset.repo	IRVLUTD/RPX	/data/narendhiran_rpx/docker-smoke/tracking-production-250/sam2long/medium
mos	250	sam2long	medium	result.json	dataset.revision	2e2a387f7f93e98c177b2e039c141eacda94e5fc	/data/narendhiran_rpx/docker-smoke/tracking-production-250/sam2long/medium
mos	250	sam2long	medium	result.json	evaluator_git_sha	2bb9b919082727eb099f2b0824f97373a32a33d1	/data/narendhiran_rpx/docker-smoke/tracking-production-250/sam2long/medium
mos	250	sam2long	medium	result.json	frames	24750	/data/narendhiran_rpx/docker-smoke/tracking-production-250/sam2long/medium
mos	250	sam2long	medium	result.json	hardware.gpu_compute_capability.__length__	2	/data/narendhiran_rpx/docker-smoke/tracking-production-250/sam2long/medium
mos	250	sam2long	medium	result.json	hardware.gpu_name	NVIDIA RTX 6000 Ada Generation	/data/narendhiran_rpx/docker-smoke/tracking-production-250/sam2long/medium
mos	250	sam2long	medium	result.json	hardware.gpu_total_memory_bytes	50865307648	/data/narendhiran_rpx/docker-smoke/tracking-production-250/sam2long/medium
mos	250	sam2long	medium	result.json	hardware.torch_cuda_version	12.8	/data/narendhiran_rpx/docker-smoke/tracking-production-250/sam2long/medium
mos	250	sam2long	medium	result.json	hardware.torch_version	2.7.1+cu128	/data/narendhiran_rpx/docker-smoke/tracking-production-250/sam2long/medium
mos	250	sam2long	medium	result.json	model	sam2long	/data/narendhiran_rpx/docker-smoke/tracking-production-250/sam2long/medium
mos	250	sam2long	medium	result.json	model_checkpoint.filename	sam2.1_hiera_large.pt	/data/narendhiran_rpx/docker-smoke/tracking-production-250/sam2long/medium
mos	250	sam2long	medium	result.json	model_checkpoint.repo	facebook/sam2.1-hiera-large	/data/narendhiran_rpx/docker-smoke/tracking-production-250/sam2long/medium
mos	250	sam2long	medium	result.json	model_checkpoint.revision	665f8e2ad61cf5f53d65644ff27c8ee525124610	/data/narendhiran_rpx/docker-smoke/tracking-production-250/sam2long/medium
mos	250	sam2long	medium	result.json	model_checkpoint.sha256	2647878d5dfa5098f2f8649825738a9345572bae2d4350a2468587ece47dd318	/data/narendhiran_rpx/docker-smoke/tracking-production-250/sam2long/medium
mos	250	sam2long	medium	result.json	phase_metrics.0.assa	0.9774827933795965	/data/narendhiran_rpx/docker-smoke/tracking-production-250/sam2long/medium
mos	250	sam2long	medium	result.json	phase_metrics.0.deta	0.9627965336709675	/data/narendhiran_rpx/docker-smoke/tracking-production-250/sam2long/medium
mos	250	sam2long	medium	result.json	phase_metrics.0.hota	0.9698168945944357	/data/narendhiran_rpx/docker-smoke/tracking-production-250/sam2long/medium
mos	250	sam2long	medium	result.json	phase_metrics.0.idf1	0.9863918094018433	/data/narendhiran_rpx/docker-smoke/tracking-production-250/sam2long/medium
mos	250	sam2long	medium	result.json	phase_metrics.0.idsw	0.9393939393939394	/data/narendhiran_rpx/docker-smoke/tracking-production-250/sam2long/medium
mos	250	sam2long	medium	result.json	phase_metrics.0.mota	0.9732272936437945	/data/narendhiran_rpx/docker-smoke/tracking-production-250/sam2long/medium
mos	250	sam2long	medium	result.json	phase_metrics.1.assa	0.9569580827725249	/data/narendhiran_rpx/docker-smoke/tracking-production-250/sam2long/medium
mos	250	sam2long	medium	result.json	phase_metrics.1.deta	0.9211502231371695	/data/narendhiran_rpx/docker-smoke/tracking-production-250/sam2long/medium
mos	250	sam2long	medium	result.json	phase_metrics.1.hota	0.9382622850451656	/data/narendhiran_rpx/docker-smoke/tracking-production-250/sam2long/medium
mos	250	sam2long	medium	result.json	phase_metrics.1.idf1	0.9711961194615076	/data/narendhiran_rpx/docker-smoke/tracking-production-250/sam2long/medium
mos	250	sam2long	medium	result.json	phase_metrics.1.idsw	0.7575757575757576	/data/narendhiran_rpx/docker-smoke/tracking-production-250/sam2long/medium
mos	250	sam2long	medium	result.json	phase_metrics.1.mota	0.945870283940629	/data/narendhiran_rpx/docker-smoke/tracking-production-250/sam2long/medium
mos	250	sam2long	medium	result.json	phase_metrics.2.assa	0.982291120043562	/data/narendhiran_rpx/docker-smoke/tracking-production-250/sam2long/medium
mos	250	sam2long	medium	result.json	phase_metrics.2.deta	0.9785717528144333	/data/narendhiran_rpx/docker-smoke/tracking-production-250/sam2long/medium
mos	250	sam2long	medium	result.json	phase_metrics.2.hota	0.9803953007096882	/data/narendhiran_rpx/docker-smoke/tracking-production-250/sam2long/medium
mos	250	sam2long	medium	result.json	phase_metrics.2.idf1	0.9974047833695557	/data/narendhiran_rpx/docker-smoke/tracking-production-250/sam2long/medium
mos	250	sam2long	medium	result.json	phase_metrics.2.idsw	0.06060606060606061	/data/narendhiran_rpx/docker-smoke/tracking-production-250/sam2long/medium
mos	250	sam2long	medium	result.json	phase_metrics.2.mota	0.9947986036806825	/data/narendhiran_rpx/docker-smoke/tracking-production-250/sam2long/medium
mos	250	sam2long	medium	result.json	prediction_stats.complete_clip_cache_hits	0	/data/narendhiran_rpx/docker-smoke/tracking-production-250/sam2long/medium
mos	250	sam2long	medium	result.json	prediction_stats.inferred_clips	99	/data/narendhiran_rpx/docker-smoke/tracking-production-250/sam2long/medium
mos	250	sam2long	medium	result.json	prediction_stats.model_propagation_frames	24651	/data/narendhiran_rpx/docker-smoke/tracking-production-250/sam2long/medium
mos	250	sam2long	medium	result.json	protocol.association_iou_threshold	0.5	/data/narendhiran_rpx/docker-smoke/tracking-production-250/sam2long/medium
mos	250	sam2long	medium	result.json	protocol.association_representation	tight_boxes_derived_from_instance_masks	/data/narendhiran_rpx/docker-smoke/tracking-production-250/sam2long/medium
mos	250	sam2long	medium	result.json	protocol.hota	mean_over_0.05_to_0.95	/data/narendhiran_rpx/docker-smoke/tracking-production-250/sam2long/medium
mos	250	sam2long	medium	result.json	protocol.initialization	ground_truth_first_frame_mask	/data/narendhiran_rpx/docker-smoke/tracking-production-250/sam2long/medium
mos	250	sam2long	medium	result.json	protocol.metric_implementation	TrackEval	/data/narendhiran_rpx/docker-smoke/tracking-production-250/sam2long/medium
mos	250	sam2long	medium	result.json	protocol.scored_frames	1_to_end (initialization frame excluded)	/data/narendhiran_rpx/docker-smoke/tracking-production-250/sam2long/medium
mos	250	sam2long	medium	result.json	rpx_git_sha	bc16071faba747b667f8845ce560490e86445c2f	/data/narendhiran_rpx/docker-smoke/tracking-production-250/sam2long/medium
mos	250	sam2long	medium	result.json	split	medium	/data/narendhiran_rpx/docker-smoke/tracking-production-250/sam2long/medium
mos	250	sam2long	medium	result.json	task	object_tracking	/data/narendhiran_rpx/docker-smoke/tracking-production-250/sam2long/medium
mos	250	sam2long	medium	run_metadata.json	clips	99	/data/narendhiran_rpx/docker-smoke/tracking-production-250/sam2long/medium
mos	250	sam2long	medium	run_metadata.json	dataset.manifest_sha256	092980d23ee7a30de981c8dbf718cb05be8fa5209cc191bd116fd19439b2e72d	/data/narendhiran_rpx/docker-smoke/tracking-production-250/sam2long/medium
mos	250	sam2long	medium	run_metadata.json	dataset.repo	IRVLUTD/RPX	/data/narendhiran_rpx/docker-smoke/tracking-production-250/sam2long/medium
mos	250	sam2long	medium	run_metadata.json	dataset.revision	2e2a387f7f93e98c177b2e039c141eacda94e5fc	/data/narendhiran_rpx/docker-smoke/tracking-production-250/sam2long/medium
mos	250	sam2long	medium	run_metadata.json	evaluator_git_sha	2bb9b919082727eb099f2b0824f97373a32a33d1	/data/narendhiran_rpx/docker-smoke/tracking-production-250/sam2long/medium
mos	250	sam2long	medium	run_metadata.json	finished_unix	1786759277.49479	/data/narendhiran_rpx/docker-smoke/tracking-production-250/sam2long/medium
mos	250	sam2long	medium	run_metadata.json	frames	24750	/data/narendhiran_rpx/docker-smoke/tracking-production-250/sam2long/medium
mos	250	sam2long	medium	run_metadata.json	hardware.gpu_compute_capability.__length__	2	/data/narendhiran_rpx/docker-smoke/tracking-production-250/sam2long/medium
mos	250	sam2long	medium	run_metadata.json	hardware.gpu_name	NVIDIA RTX 6000 Ada Generation	/data/narendhiran_rpx/docker-smoke/tracking-production-250/sam2long/medium
mos	250	sam2long	medium	run_metadata.json	hardware.gpu_total_memory_bytes	50865307648	/data/narendhiran_rpx/docker-smoke/tracking-production-250/sam2long/medium
mos	250	sam2long	medium	run_metadata.json	hardware.torch_cuda_version	12.8	/data/narendhiran_rpx/docker-smoke/tracking-production-250/sam2long/medium
mos	250	sam2long	medium	run_metadata.json	hardware.torch_version	2.7.1+cu128	/data/narendhiran_rpx/docker-smoke/tracking-production-250/sam2long/medium
mos	250	sam2long	medium	run_metadata.json	model	sam2long	/data/narendhiran_rpx/docker-smoke/tracking-production-250/sam2long/medium
mos	250	sam2long	medium	run_metadata.json	model_checkpoint.filename	sam2.1_hiera_large.pt	/data/narendhiran_rpx/docker-smoke/tracking-production-250/sam2long/medium
mos	250	sam2long	medium	run_metadata.json	model_checkpoint.repo	facebook/sam2.1-hiera-large	/data/narendhiran_rpx/docker-smoke/tracking-production-250/sam2long/medium
mos	250	sam2long	medium	run_metadata.json	model_checkpoint.revision	665f8e2ad61cf5f53d65644ff27c8ee525124610	/data/narendhiran_rpx/docker-smoke/tracking-production-250/sam2long/medium
mos	250	sam2long	medium	run_metadata.json	model_checkpoint.sha256	2647878d5dfa5098f2f8649825738a9345572bae2d4350a2468587ece47dd318	/data/narendhiran_rpx/docker-smoke/tracking-production-250/sam2long/medium
mos	250	sam2long	medium	run_metadata.json	parameter_count	224446642	/data/narendhiran_rpx/docker-smoke/tracking-production-250/sam2long/medium
mos	250	sam2long	medium	run_metadata.json	phase_metrics.0.assa	0.9774827933795965	/data/narendhiran_rpx/docker-smoke/tracking-production-250/sam2long/medium
mos	250	sam2long	medium	run_metadata.json	phase_metrics.0.deta	0.9627965336709675	/data/narendhiran_rpx/docker-smoke/tracking-production-250/sam2long/medium
mos	250	sam2long	medium	run_metadata.json	phase_metrics.0.hota	0.9698168945944357	/data/narendhiran_rpx/docker-smoke/tracking-production-250/sam2long/medium
mos	250	sam2long	medium	run_metadata.json	phase_metrics.0.idf1	0.9863918094018433	/data/narendhiran_rpx/docker-smoke/tracking-production-250/sam2long/medium
mos	250	sam2long	medium	run_metadata.json	phase_metrics.0.idsw	0.9393939393939394	/data/narendhiran_rpx/docker-smoke/tracking-production-250/sam2long/medium
mos	250	sam2long	medium	run_metadata.json	phase_metrics.0.mota	0.9732272936437945	/data/narendhiran_rpx/docker-smoke/tracking-production-250/sam2long/medium
mos	250	sam2long	medium	run_metadata.json	phase_metrics.1.assa	0.9569580827725249	/data/narendhiran_rpx/docker-smoke/tracking-production-250/sam2long/medium
mos	250	sam2long	medium	run_metadata.json	phase_metrics.1.deta	0.9211502231371695	/data/narendhiran_rpx/docker-smoke/tracking-production-250/sam2long/medium
mos	250	sam2long	medium	run_metadata.json	phase_metrics.1.hota	0.9382622850451656	/data/narendhiran_rpx/docker-smoke/tracking-production-250/sam2long/medium
mos	250	sam2long	medium	run_metadata.json	phase_metrics.1.idf1	0.9711961194615076	/data/narendhiran_rpx/docker-smoke/tracking-production-250/sam2long/medium
mos	250	sam2long	medium	run_metadata.json	phase_metrics.1.idsw	0.7575757575757576	/data/narendhiran_rpx/docker-smoke/tracking-production-250/sam2long/medium
mos	250	sam2long	medium	run_metadata.json	phase_metrics.1.mota	0.945870283940629	/data/narendhiran_rpx/docker-smoke/tracking-production-250/sam2long/medium
mos	250	sam2long	medium	run_metadata.json	phase_metrics.2.assa	0.982291120043562	/data/narendhiran_rpx/docker-smoke/tracking-production-250/sam2long/medium
mos	250	sam2long	medium	run_metadata.json	phase_metrics.2.deta	0.9785717528144333	/data/narendhiran_rpx/docker-smoke/tracking-production-250/sam2long/medium
mos	250	sam2long	medium	run_metadata.json	phase_metrics.2.hota	0.9803953007096882	/data/narendhiran_rpx/docker-smoke/tracking-production-250/sam2long/medium
mos	250	sam2long	medium	run_metadata.json	phase_metrics.2.idf1	0.9974047833695557	/data/narendhiran_rpx/docker-smoke/tracking-production-250/sam2long/medium
mos	250	sam2long	medium	run_metadata.json	phase_metrics.2.idsw	0.06060606060606061	/data/narendhiran_rpx/docker-smoke/tracking-production-250/sam2long/medium
mos	250	sam2long	medium	run_metadata.json	phase_metrics.2.mota	0.9947986036806825	/data/narendhiran_rpx/docker-smoke/tracking-production-250/sam2long/medium
mos	250	sam2long	medium	run_metadata.json	pid	286	/data/narendhiran_rpx/docker-smoke/tracking-production-250/sam2long/medium
mos	250	sam2long	medium	run_metadata.json	prediction_stats.complete_clip_cache_hits	0	/data/narendhiran_rpx/docker-smoke/tracking-production-250/sam2long/medium
mos	250	sam2long	medium	run_metadata.json	prediction_stats.inferred_clips	99	/data/narendhiran_rpx/docker-smoke/tracking-production-250/sam2long/medium
mos	250	sam2long	medium	run_metadata.json	prediction_stats.model_propagation_frames	24651	/data/narendhiran_rpx/docker-smoke/tracking-production-250/sam2long/medium
mos	250	sam2long	medium	run_metadata.json	protocol.association_iou_threshold	0.5	/data/narendhiran_rpx/docker-smoke/tracking-production-250/sam2long/medium
mos	250	sam2long	medium	run_metadata.json	protocol.association_representation	tight_boxes_derived_from_instance_masks	/data/narendhiran_rpx/docker-smoke/tracking-production-250/sam2long/medium
mos	250	sam2long	medium	run_metadata.json	protocol.hota	mean_over_0.05_to_0.95	/data/narendhiran_rpx/docker-smoke/tracking-production-250/sam2long/medium
mos	250	sam2long	medium	run_metadata.json	protocol.initialization	ground_truth_first_frame_mask	/data/narendhiran_rpx/docker-smoke/tracking-production-250/sam2long/medium
mos	250	sam2long	medium	run_metadata.json	protocol.metric_implementation	TrackEval	/data/narendhiran_rpx/docker-smoke/tracking-production-250/sam2long/medium
mos	250	sam2long	medium	run_metadata.json	protocol.scored_frames	1_to_end (initialization frame excluded)	/data/narendhiran_rpx/docker-smoke/tracking-production-250/sam2long/medium
mos	250	sam2long	medium	run_metadata.json	rpx_git_sha	bc16071faba747b667f8845ce560490e86445c2f	/data/narendhiran_rpx/docker-smoke/tracking-production-250/sam2long/medium
mos	250	sam2long	medium	run_metadata.json	split	medium	/data/narendhiran_rpx/docker-smoke/tracking-production-250/sam2long/medium
mos	250	sam2long	medium	run_metadata.json	started_unix	1786741008.8082893	/data/narendhiran_rpx/docker-smoke/tracking-production-250/sam2long/medium
mos	250	sam2long	medium	run_metadata.json	task	object_tracking	/data/narendhiran_rpx/docker-smoke/tracking-production-250/sam2long/medium
mos	250	sam2long	hard	result.json	clips	102	/data/narendhiran_rpx/docker-smoke/tracking-production-250/sam2long/hard
mos	250	sam2long	hard	result.json	dataset.manifest_sha256	fbc3c01164696ffacfd8f09d202ab0880fe46ce5933af2daf3750a4ba3b7c6bc	/data/narendhiran_rpx/docker-smoke/tracking-production-250/sam2long/hard
mos	250	sam2long	hard	result.json	dataset.repo	IRVLUTD/RPX	/data/narendhiran_rpx/docker-smoke/tracking-production-250/sam2long/hard
mos	250	sam2long	hard	result.json	dataset.revision	2e2a387f7f93e98c177b2e039c141eacda94e5fc	/data/narendhiran_rpx/docker-smoke/tracking-production-250/sam2long/hard
mos	250	sam2long	hard	result.json	evaluator_git_sha	2bb9b919082727eb099f2b0824f97373a32a33d1	/data/narendhiran_rpx/docker-smoke/tracking-production-250/sam2long/hard
mos	250	sam2long	hard	result.json	frames	25500	/data/narendhiran_rpx/docker-smoke/tracking-production-250/sam2long/hard
mos	250	sam2long	hard	result.json	hardware.gpu_compute_capability.__length__	2	/data/narendhiran_rpx/docker-smoke/tracking-production-250/sam2long/hard
mos	250	sam2long	hard	result.json	hardware.gpu_name	NVIDIA RTX 6000 Ada Generation	/data/narendhiran_rpx/docker-smoke/tracking-production-250/sam2long/hard
mos	250	sam2long	hard	result.json	hardware.gpu_total_memory_bytes	50865307648	/data/narendhiran_rpx/docker-smoke/tracking-production-250/sam2long/hard
mos	250	sam2long	hard	result.json	hardware.torch_cuda_version	12.8	/data/narendhiran_rpx/docker-smoke/tracking-production-250/sam2long/hard
mos	250	sam2long	hard	result.json	hardware.torch_version	2.7.1+cu128	/data/narendhiran_rpx/docker-smoke/tracking-production-250/sam2long/hard
mos	250	sam2long	hard	result.json	model	sam2long	/data/narendhiran_rpx/docker-smoke/tracking-production-250/sam2long/hard
mos	250	sam2long	hard	result.json	model_checkpoint.filename	sam2.1_hiera_large.pt	/data/narendhiran_rpx/docker-smoke/tracking-production-250/sam2long/hard
mos	250	sam2long	hard	result.json	model_checkpoint.repo	facebook/sam2.1-hiera-large	/data/narendhiran_rpx/docker-smoke/tracking-production-250/sam2long/hard
mos	250	sam2long	hard	result.json	model_checkpoint.revision	665f8e2ad61cf5f53d65644ff27c8ee525124610	/data/narendhiran_rpx/docker-smoke/tracking-production-250/sam2long/hard
mos	250	sam2long	hard	result.json	model_checkpoint.sha256	2647878d5dfa5098f2f8649825738a9345572bae2d4350a2468587ece47dd318	/data/narendhiran_rpx/docker-smoke/tracking-production-250/sam2long/hard
mos	250	sam2long	hard	result.json	phase_metrics.0.assa	0.9701664090322443	/data/narendhiran_rpx/docker-smoke/tracking-production-250/sam2long/hard
mos	250	sam2long	hard	result.json	phase_metrics.0.deta	0.9600613751079059	/data/narendhiran_rpx/docker-smoke/tracking-production-250/sam2long/hard
mos	250	sam2long	hard	result.json	phase_metrics.0.hota	0.9649943010922447	/data/narendhiran_rpx/docker-smoke/tracking-production-250/sam2long/hard
mos	250	sam2long	hard	result.json	phase_metrics.0.idf1	0.9895253294592012	/data/narendhiran_rpx/docker-smoke/tracking-production-250/sam2long/hard
mos	250	sam2long	hard	result.json	phase_metrics.0.idsw	1.0	/data/narendhiran_rpx/docker-smoke/tracking-production-250/sam2long/hard
mos	250	sam2long	hard	result.json	phase_metrics.0.mota	0.9791628703788393	/data/narendhiran_rpx/docker-smoke/tracking-production-250/sam2long/hard
mos	250	sam2long	hard	result.json	phase_metrics.1.assa	0.919284183534047	/data/narendhiran_rpx/docker-smoke/tracking-production-250/sam2long/hard
mos	250	sam2long	hard	result.json	phase_metrics.1.deta	0.868262828539037	/data/narendhiran_rpx/docker-smoke/tracking-production-250/sam2long/hard
mos	250	sam2long	hard	result.json	phase_metrics.1.hota	0.8925764203001066	/data/narendhiran_rpx/docker-smoke/tracking-production-250/sam2long/hard
mos	250	sam2long	hard	result.json	phase_metrics.1.idf1	0.9439634799846279	/data/narendhiran_rpx/docker-smoke/tracking-production-250/sam2long/hard
mos	250	sam2long	hard	result.json	phase_metrics.1.idsw	2.3823529411764706	/data/narendhiran_rpx/docker-smoke/tracking-production-250/sam2long/hard
mos	250	sam2long	hard	result.json	phase_metrics.1.mota	0.891538194459553	/data/narendhiran_rpx/docker-smoke/tracking-production-250/sam2long/hard
mos	250	sam2long	hard	result.json	phase_metrics.2.assa	0.9685822179680176	/data/narendhiran_rpx/docker-smoke/tracking-production-250/sam2long/hard
mos	250	sam2long	hard	result.json	phase_metrics.2.deta	0.9561172081416318	/data/narendhiran_rpx/docker-smoke/tracking-production-250/sam2long/hard
mos	250	sam2long	hard	result.json	phase_metrics.2.hota	0.962210321342292	/data/narendhiran_rpx/docker-smoke/tracking-production-250/sam2long/hard
mos	250	sam2long	hard	result.json	phase_metrics.2.idf1	0.989736812667755	/data/narendhiran_rpx/docker-smoke/tracking-production-250/sam2long/hard
mos	250	sam2long	hard	result.json	phase_metrics.2.idsw	0.4117647058823529	/data/narendhiran_rpx/docker-smoke/tracking-production-250/sam2long/hard
mos	250	sam2long	hard	result.json	phase_metrics.2.mota	0.9801483315146882	/data/narendhiran_rpx/docker-smoke/tracking-production-250/sam2long/hard
mos	250	sam2long	hard	result.json	prediction_stats.complete_clip_cache_hits	0	/data/narendhiran_rpx/docker-smoke/tracking-production-250/sam2long/hard
mos	250	sam2long	hard	result.json	prediction_stats.inferred_clips	102	/data/narendhiran_rpx/docker-smoke/tracking-production-250/sam2long/hard
mos	250	sam2long	hard	result.json	prediction_stats.model_propagation_frames	25398	/data/narendhiran_rpx/docker-smoke/tracking-production-250/sam2long/hard
mos	250	sam2long	hard	result.json	protocol.association_iou_threshold	0.5	/data/narendhiran_rpx/docker-smoke/tracking-production-250/sam2long/hard
mos	250	sam2long	hard	result.json	protocol.association_representation	tight_boxes_derived_from_instance_masks	/data/narendhiran_rpx/docker-smoke/tracking-production-250/sam2long/hard
mos	250	sam2long	hard	result.json	protocol.hota	mean_over_0.05_to_0.95	/data/narendhiran_rpx/docker-smoke/tracking-production-250/sam2long/hard
mos	250	sam2long	hard	result.json	protocol.initialization	ground_truth_first_frame_mask	/data/narendhiran_rpx/docker-smoke/tracking-production-250/sam2long/hard
mos	250	sam2long	hard	result.json	protocol.metric_implementation	TrackEval	/data/narendhiran_rpx/docker-smoke/tracking-production-250/sam2long/hard
mos	250	sam2long	hard	result.json	protocol.scored_frames	1_to_end (initialization frame excluded)	/data/narendhiran_rpx/docker-smoke/tracking-production-250/sam2long/hard
mos	250	sam2long	hard	result.json	rpx_git_sha	bc16071faba747b667f8845ce560490e86445c2f	/data/narendhiran_rpx/docker-smoke/tracking-production-250/sam2long/hard
mos	250	sam2long	hard	result.json	split	hard	/data/narendhiran_rpx/docker-smoke/tracking-production-250/sam2long/hard
mos	250	sam2long	hard	result.json	task	object_tracking	/data/narendhiran_rpx/docker-smoke/tracking-production-250/sam2long/hard
mos	250	sam2long	hard	run_metadata.json	clips	102	/data/narendhiran_rpx/docker-smoke/tracking-production-250/sam2long/hard
mos	250	sam2long	hard	run_metadata.json	dataset.manifest_sha256	fbc3c01164696ffacfd8f09d202ab0880fe46ce5933af2daf3750a4ba3b7c6bc	/data/narendhiran_rpx/docker-smoke/tracking-production-250/sam2long/hard
mos	250	sam2long	hard	run_metadata.json	dataset.repo	IRVLUTD/RPX	/data/narendhiran_rpx/docker-smoke/tracking-production-250/sam2long/hard
mos	250	sam2long	hard	run_metadata.json	dataset.revision	2e2a387f7f93e98c177b2e039c141eacda94e5fc	/data/narendhiran_rpx/docker-smoke/tracking-production-250/sam2long/hard
mos	250	sam2long	hard	run_metadata.json	evaluator_git_sha	2bb9b919082727eb099f2b0824f97373a32a33d1	/data/narendhiran_rpx/docker-smoke/tracking-production-250/sam2long/hard
mos	250	sam2long	hard	run_metadata.json	finished_unix	1786778091.869569	/data/narendhiran_rpx/docker-smoke/tracking-production-250/sam2long/hard
mos	250	sam2long	hard	run_metadata.json	frames	25500	/data/narendhiran_rpx/docker-smoke/tracking-production-250/sam2long/hard
mos	250	sam2long	hard	run_metadata.json	hardware.gpu_compute_capability.__length__	2	/data/narendhiran_rpx/docker-smoke/tracking-production-250/sam2long/hard
mos	250	sam2long	hard	run_metadata.json	hardware.gpu_name	NVIDIA RTX 6000 Ada Generation	/data/narendhiran_rpx/docker-smoke/tracking-production-250/sam2long/hard
mos	250	sam2long	hard	run_metadata.json	hardware.gpu_total_memory_bytes	50865307648	/data/narendhiran_rpx/docker-smoke/tracking-production-250/sam2long/hard
mos	250	sam2long	hard	run_metadata.json	hardware.torch_cuda_version	12.8	/data/narendhiran_rpx/docker-smoke/tracking-production-250/sam2long/hard
mos	250	sam2long	hard	run_metadata.json	hardware.torch_version	2.7.1+cu128	/data/narendhiran_rpx/docker-smoke/tracking-production-250/sam2long/hard
mos	250	sam2long	hard	run_metadata.json	model	sam2long	/data/narendhiran_rpx/docker-smoke/tracking-production-250/sam2long/hard
mos	250	sam2long	hard	run_metadata.json	model_checkpoint.filename	sam2.1_hiera_large.pt	/data/narendhiran_rpx/docker-smoke/tracking-production-250/sam2long/hard
mos	250	sam2long	hard	run_metadata.json	model_checkpoint.repo	facebook/sam2.1-hiera-large	/data/narendhiran_rpx/docker-smoke/tracking-production-250/sam2long/hard
mos	250	sam2long	hard	run_metadata.json	model_checkpoint.revision	665f8e2ad61cf5f53d65644ff27c8ee525124610	/data/narendhiran_rpx/docker-smoke/tracking-production-250/sam2long/hard
mos	250	sam2long	hard	run_metadata.json	model_checkpoint.sha256	2647878d5dfa5098f2f8649825738a9345572bae2d4350a2468587ece47dd318	/data/narendhiran_rpx/docker-smoke/tracking-production-250/sam2long/hard
mos	250	sam2long	hard	run_metadata.json	parameter_count	224446642	/data/narendhiran_rpx/docker-smoke/tracking-production-250/sam2long/hard
mos	250	sam2long	hard	run_metadata.json	phase_metrics.0.assa	0.9701664090322443	/data/narendhiran_rpx/docker-smoke/tracking-production-250/sam2long/hard
mos	250	sam2long	hard	run_metadata.json	phase_metrics.0.deta	0.9600613751079059	/data/narendhiran_rpx/docker-smoke/tracking-production-250/sam2long/hard
mos	250	sam2long	hard	run_metadata.json	phase_metrics.0.hota	0.9649943010922447	/data/narendhiran_rpx/docker-smoke/tracking-production-250/sam2long/hard
mos	250	sam2long	hard	run_metadata.json	phase_metrics.0.idf1	0.9895253294592012	/data/narendhiran_rpx/docker-smoke/tracking-production-250/sam2long/hard
mos	250	sam2long	hard	run_metadata.json	phase_metrics.0.idsw	1.0	/data/narendhiran_rpx/docker-smoke/tracking-production-250/sam2long/hard
mos	250	sam2long	hard	run_metadata.json	phase_metrics.0.mota	0.9791628703788393	/data/narendhiran_rpx/docker-smoke/tracking-production-250/sam2long/hard
mos	250	sam2long	hard	run_metadata.json	phase_metrics.1.assa	0.919284183534047	/data/narendhiran_rpx/docker-smoke/tracking-production-250/sam2long/hard
mos	250	sam2long	hard	run_metadata.json	phase_metrics.1.deta	0.868262828539037	/data/narendhiran_rpx/docker-smoke/tracking-production-250/sam2long/hard
mos	250	sam2long	hard	run_metadata.json	phase_metrics.1.hota	0.8925764203001066	/data/narendhiran_rpx/docker-smoke/tracking-production-250/sam2long/hard
mos	250	sam2long	hard	run_metadata.json	phase_metrics.1.idf1	0.9439634799846279	/data/narendhiran_rpx/docker-smoke/tracking-production-250/sam2long/hard
mos	250	sam2long	hard	run_metadata.json	phase_metrics.1.idsw	2.3823529411764706	/data/narendhiran_rpx/docker-smoke/tracking-production-250/sam2long/hard
mos	250	sam2long	hard	run_metadata.json	phase_metrics.1.mota	0.891538194459553	/data/narendhiran_rpx/docker-smoke/tracking-production-250/sam2long/hard
mos	250	sam2long	hard	run_metadata.json	phase_metrics.2.assa	0.9685822179680176	/data/narendhiran_rpx/docker-smoke/tracking-production-250/sam2long/hard
mos	250	sam2long	hard	run_metadata.json	phase_metrics.2.deta	0.9561172081416318	/data/narendhiran_rpx/docker-smoke/tracking-production-250/sam2long/hard
mos	250	sam2long	hard	run_metadata.json	phase_metrics.2.hota	0.962210321342292	/data/narendhiran_rpx/docker-smoke/tracking-production-250/sam2long/hard
mos	250	sam2long	hard	run_metadata.json	phase_metrics.2.idf1	0.989736812667755	/data/narendhiran_rpx/docker-smoke/tracking-production-250/sam2long/hard
mos	250	sam2long	hard	run_metadata.json	phase_metrics.2.idsw	0.4117647058823529	/data/narendhiran_rpx/docker-smoke/tracking-production-250/sam2long/hard
mos	250	sam2long	hard	run_metadata.json	phase_metrics.2.mota	0.9801483315146882	/data/narendhiran_rpx/docker-smoke/tracking-production-250/sam2long/hard
mos	250	sam2long	hard	run_metadata.json	pid	458	/data/narendhiran_rpx/docker-smoke/tracking-production-250/sam2long/hard
mos	250	sam2long	hard	run_metadata.json	prediction_stats.complete_clip_cache_hits	0	/data/narendhiran_rpx/docker-smoke/tracking-production-250/sam2long/hard
mos	250	sam2long	hard	run_metadata.json	prediction_stats.inferred_clips	102	/data/narendhiran_rpx/docker-smoke/tracking-production-250/sam2long/hard
mos	250	sam2long	hard	run_metadata.json	prediction_stats.model_propagation_frames	25398	/data/narendhiran_rpx/docker-smoke/tracking-production-250/sam2long/hard
mos	250	sam2long	hard	run_metadata.json	protocol.association_iou_threshold	0.5	/data/narendhiran_rpx/docker-smoke/tracking-production-250/sam2long/hard
mos	250	sam2long	hard	run_metadata.json	protocol.association_representation	tight_boxes_derived_from_instance_masks	/data/narendhiran_rpx/docker-smoke/tracking-production-250/sam2long/hard
mos	250	sam2long	hard	run_metadata.json	protocol.hota	mean_over_0.05_to_0.95	/data/narendhiran_rpx/docker-smoke/tracking-production-250/sam2long/hard
mos	250	sam2long	hard	run_metadata.json	protocol.initialization	ground_truth_first_frame_mask	/data/narendhiran_rpx/docker-smoke/tracking-production-250/sam2long/hard
mos	250	sam2long	hard	run_metadata.json	protocol.metric_implementation	TrackEval	/data/narendhiran_rpx/docker-smoke/tracking-production-250/sam2long/hard
mos	250	sam2long	hard	run_metadata.json	protocol.scored_frames	1_to_end (initialization frame excluded)	/data/narendhiran_rpx/docker-smoke/tracking-production-250/sam2long/hard
mos	250	sam2long	hard	run_metadata.json	rpx_git_sha	bc16071faba747b667f8845ce560490e86445c2f	/data/narendhiran_rpx/docker-smoke/tracking-production-250/sam2long/hard
mos	250	sam2long	hard	run_metadata.json	split	hard	/data/narendhiran_rpx/docker-smoke/tracking-production-250/sam2long/hard
mos	250	sam2long	hard	run_metadata.json	started_unix	1786759426.2627704	/data/narendhiran_rpx/docker-smoke/tracking-production-250/sam2long/hard
mos	250	sam2long	hard	run_metadata.json	task	object_tracking	/data/narendhiran_rpx/docker-smoke/tracking-production-250/sam2long/hard
mos	250	sam2-plus	easy	result.json	clips	99	/data/narendhiran_rpx/docker-smoke/tracking-production-250/sam2-plus/easy
mos	250	sam2-plus	easy	result.json	dataset.manifest_sha256	0ba018a738383d23df239f1b138669dd1cc8261a730d41cb84ce1bde14f80c4a	/data/narendhiran_rpx/docker-smoke/tracking-production-250/sam2-plus/easy
mos	250	sam2-plus	easy	result.json	dataset.repo	IRVLUTD/RPX	/data/narendhiran_rpx/docker-smoke/tracking-production-250/sam2-plus/easy
mos	250	sam2-plus	easy	result.json	dataset.revision	2e2a387f7f93e98c177b2e039c141eacda94e5fc	/data/narendhiran_rpx/docker-smoke/tracking-production-250/sam2-plus/easy
mos	250	sam2-plus	easy	result.json	evaluator_git_sha	2bb9b919082727eb099f2b0824f97373a32a33d1	/data/narendhiran_rpx/docker-smoke/tracking-production-250/sam2-plus/easy
mos	250	sam2-plus	easy	result.json	frames	24750	/data/narendhiran_rpx/docker-smoke/tracking-production-250/sam2-plus/easy
mos	250	sam2-plus	easy	result.json	hardware.gpu_compute_capability.__length__	2	/data/narendhiran_rpx/docker-smoke/tracking-production-250/sam2-plus/easy
mos	250	sam2-plus	easy	result.json	hardware.gpu_name	NVIDIA RTX 6000 Ada Generation	/data/narendhiran_rpx/docker-smoke/tracking-production-250/sam2-plus/easy
mos	250	sam2-plus	easy	result.json	hardware.gpu_total_memory_bytes	50865307648	/data/narendhiran_rpx/docker-smoke/tracking-production-250/sam2-plus/easy
mos	250	sam2-plus	easy	result.json	hardware.torch_cuda_version	12.8	/data/narendhiran_rpx/docker-smoke/tracking-production-250/sam2-plus/easy
mos	250	sam2-plus	easy	result.json	hardware.torch_version	2.7.1+cu128	/data/narendhiran_rpx/docker-smoke/tracking-production-250/sam2-plus/easy
mos	250	sam2-plus	easy	result.json	model	sam2-plus	/data/narendhiran_rpx/docker-smoke/tracking-production-250/sam2-plus/easy
mos	250	sam2-plus	easy	result.json	model_checkpoint.filename	checkpoint_phase123.pt	/data/narendhiran_rpx/docker-smoke/tracking-production-250/sam2-plus/easy
mos	250	sam2-plus	easy	result.json	model_checkpoint.repo	MCG-NJU/SAM2-Plus	/data/narendhiran_rpx/docker-smoke/tracking-production-250/sam2-plus/easy
mos	250	sam2-plus	easy	result.json	model_checkpoint.revision	c3c534e30469d8788123287a484488567c5115d4	/data/narendhiran_rpx/docker-smoke/tracking-production-250/sam2-plus/easy
mos	250	sam2-plus	easy	result.json	model_checkpoint.sha256	03c1e183955ccdab5d2e4aefdbf8ecee47b3e1433b2b2941a531ad1aaf1777f5	/data/narendhiran_rpx/docker-smoke/tracking-production-250/sam2-plus/easy
mos	250	sam2-plus	easy	result.json	phase_metrics.0.assa	0.974096433864002	/data/narendhiran_rpx/docker-smoke/tracking-production-250/sam2-plus/easy
mos	250	sam2-plus	easy	result.json	phase_metrics.0.deta	0.9644538894648499	/data/narendhiran_rpx/docker-smoke/tracking-production-250/sam2-plus/easy
mos	250	sam2-plus	easy	result.json	phase_metrics.0.hota	0.9690177798890895	/data/narendhiran_rpx/docker-smoke/tracking-production-250/sam2-plus/easy
mos	250	sam2-plus	easy	result.json	phase_metrics.0.idf1	0.9963138322246398	/data/narendhiran_rpx/docker-smoke/tracking-production-250/sam2-plus/easy
mos	250	sam2-plus	easy	result.json	phase_metrics.0.idsw	0.0	/data/narendhiran_rpx/docker-smoke/tracking-production-250/sam2-plus/easy
mos	250	sam2-plus	easy	result.json	phase_metrics.0.mota	0.9926268850512638	/data/narendhiran_rpx/docker-smoke/tracking-production-250/sam2-plus/easy
mos	250	sam2-plus	easy	result.json	phase_metrics.1.assa	0.9453200537860625	/data/narendhiran_rpx/docker-smoke/tracking-production-250/sam2-plus/easy
mos	250	sam2-plus	easy	result.json	phase_metrics.1.deta	0.8989780952262998	/data/narendhiran_rpx/docker-smoke/tracking-production-250/sam2-plus/easy
mos	250	sam2-plus	easy	result.json	phase_metrics.1.hota	0.9207458340005631	/data/narendhiran_rpx/docker-smoke/tracking-production-250/sam2-plus/easy
mos	250	sam2-plus	easy	result.json	phase_metrics.1.idf1	0.9644178642589412	/data/narendhiran_rpx/docker-smoke/tracking-production-250/sam2-plus/easy
mos	250	sam2-plus	easy	result.json	phase_metrics.1.idsw	0.12121212121212122	/data/narendhiran_rpx/docker-smoke/tracking-production-250/sam2-plus/easy
mos	250	sam2-plus	easy	result.json	phase_metrics.1.mota	0.9301129518899547	/data/narendhiran_rpx/docker-smoke/tracking-production-250/sam2-plus/easy
mos	250	sam2-plus	easy	result.json	phase_metrics.2.assa	0.970556818999669	/data/narendhiran_rpx/docker-smoke/tracking-production-250/sam2-plus/easy
mos	250	sam2-plus	easy	result.json	phase_metrics.2.deta	0.9572093535761546	/data/narendhiran_rpx/docker-smoke/tracking-production-250/sam2-plus/easy
mos	250	sam2-plus	easy	result.json	phase_metrics.2.hota	0.9636671766851133	/data/narendhiran_rpx/docker-smoke/tracking-production-250/sam2-plus/easy
mos	250	sam2-plus	easy	result.json	phase_metrics.2.idf1	0.9917480290609346	/data/narendhiran_rpx/docker-smoke/tracking-production-250/sam2-plus/easy
mos	250	sam2-plus	easy	result.json	phase_metrics.2.idsw	0.15151515151515152	/data/narendhiran_rpx/docker-smoke/tracking-production-250/sam2-plus/easy
mos	250	sam2-plus	easy	result.json	phase_metrics.2.mota	0.9838369288670307	/data/narendhiran_rpx/docker-smoke/tracking-production-250/sam2-plus/easy
mos	250	sam2-plus	easy	result.json	prediction_stats.complete_clip_cache_hits	0	/data/narendhiran_rpx/docker-smoke/tracking-production-250/sam2-plus/easy
mos	250	sam2-plus	easy	result.json	prediction_stats.inferred_clips	99	/data/narendhiran_rpx/docker-smoke/tracking-production-250/sam2-plus/easy
mos	250	sam2-plus	easy	result.json	prediction_stats.model_propagation_frames	24651	/data/narendhiran_rpx/docker-smoke/tracking-production-250/sam2-plus/easy
mos	250	sam2-plus	easy	result.json	protocol.association_iou_threshold	0.5	/data/narendhiran_rpx/docker-smoke/tracking-production-250/sam2-plus/easy
mos	250	sam2-plus	easy	result.json	protocol.association_representation	tight_boxes_derived_from_instance_masks	/data/narendhiran_rpx/docker-smoke/tracking-production-250/sam2-plus/easy
mos	250	sam2-plus	easy	result.json	protocol.hota	mean_over_0.05_to_0.95	/data/narendhiran_rpx/docker-smoke/tracking-production-250/sam2-plus/easy
mos	250	sam2-plus	easy	result.json	protocol.initialization	ground_truth_first_frame_box	/data/narendhiran_rpx/docker-smoke/tracking-production-250/sam2-plus/easy
mos	250	sam2-plus	easy	result.json	protocol.metric_implementation	TrackEval	/data/narendhiran_rpx/docker-smoke/tracking-production-250/sam2-plus/easy
mos	250	sam2-plus	easy	result.json	protocol.scored_frames	1_to_end (initialization frame excluded)	/data/narendhiran_rpx/docker-smoke/tracking-production-250/sam2-plus/easy
mos	250	sam2-plus	easy	result.json	rpx_git_sha	711b53f7b7e279eef3ccdfe559d0f4860a0dc902	/data/narendhiran_rpx/docker-smoke/tracking-production-250/sam2-plus/easy
mos	250	sam2-plus	easy	result.json	split	easy	/data/narendhiran_rpx/docker-smoke/tracking-production-250/sam2-plus/easy
mos	250	sam2-plus	easy	result.json	task	object_tracking	/data/narendhiran_rpx/docker-smoke/tracking-production-250/sam2-plus/easy
mos	250	sam2-plus	easy	run_metadata.json	clips	99	/data/narendhiran_rpx/docker-smoke/tracking-production-250/sam2-plus/easy
mos	250	sam2-plus	easy	run_metadata.json	dataset.manifest_sha256	0ba018a738383d23df239f1b138669dd1cc8261a730d41cb84ce1bde14f80c4a	/data/narendhiran_rpx/docker-smoke/tracking-production-250/sam2-plus/easy
mos	250	sam2-plus	easy	run_metadata.json	dataset.repo	IRVLUTD/RPX	/data/narendhiran_rpx/docker-smoke/tracking-production-250/sam2-plus/easy
mos	250	sam2-plus	easy	run_metadata.json	dataset.revision	2e2a387f7f93e98c177b2e039c141eacda94e5fc	/data/narendhiran_rpx/docker-smoke/tracking-production-250/sam2-plus/easy
mos	250	sam2-plus	easy	run_metadata.json	evaluator_git_sha	2bb9b919082727eb099f2b0824f97373a32a33d1	/data/narendhiran_rpx/docker-smoke/tracking-production-250/sam2-plus/easy
mos	250	sam2-plus	easy	run_metadata.json	finished_unix	1786738233.9933934	/data/narendhiran_rpx/docker-smoke/tracking-production-250/sam2-plus/easy
mos	250	sam2-plus	easy	run_metadata.json	frames	24750	/data/narendhiran_rpx/docker-smoke/tracking-production-250/sam2-plus/easy
mos	250	sam2-plus	easy	run_metadata.json	hardware.gpu_compute_capability.__length__	2	/data/narendhiran_rpx/docker-smoke/tracking-production-250/sam2-plus/easy
mos	250	sam2-plus	easy	run_metadata.json	hardware.gpu_name	NVIDIA RTX 6000 Ada Generation	/data/narendhiran_rpx/docker-smoke/tracking-production-250/sam2-plus/easy
mos	250	sam2-plus	easy	run_metadata.json	hardware.gpu_total_memory_bytes	50865307648	/data/narendhiran_rpx/docker-smoke/tracking-production-250/sam2-plus/easy
mos	250	sam2-plus	easy	run_metadata.json	hardware.torch_cuda_version	12.8	/data/narendhiran_rpx/docker-smoke/tracking-production-250/sam2-plus/easy
mos	250	sam2-plus	easy	run_metadata.json	hardware.torch_version	2.7.1+cu128	/data/narendhiran_rpx/docker-smoke/tracking-production-250/sam2-plus/easy
mos	250	sam2-plus	easy	run_metadata.json	model	sam2-plus	/data/narendhiran_rpx/docker-smoke/tracking-production-250/sam2-plus/easy
mos	250	sam2-plus	easy	run_metadata.json	model_checkpoint.filename	checkpoint_phase123.pt	/data/narendhiran_rpx/docker-smoke/tracking-production-250/sam2-plus/easy
mos	250	sam2-plus	easy	run_metadata.json	model_checkpoint.repo	MCG-NJU/SAM2-Plus	/data/narendhiran_rpx/docker-smoke/tracking-production-250/sam2-plus/easy
mos	250	sam2-plus	easy	run_metadata.json	model_checkpoint.revision	c3c534e30469d8788123287a484488567c5115d4	/data/narendhiran_rpx/docker-smoke/tracking-production-250/sam2-plus/easy
mos	250	sam2-plus	easy	run_metadata.json	model_checkpoint.sha256	03c1e183955ccdab5d2e4aefdbf8ecee47b3e1433b2b2941a531ad1aaf1777f5	/data/narendhiran_rpx/docker-smoke/tracking-production-250/sam2-plus/easy
mos	250	sam2-plus	easy	run_metadata.json	parameter_count	101205890	/data/narendhiran_rpx/docker-smoke/tracking-production-250/sam2-plus/easy
mos	250	sam2-plus	easy	run_metadata.json	phase_metrics.0.assa	0.974096433864002	/data/narendhiran_rpx/docker-smoke/tracking-production-250/sam2-plus/easy
mos	250	sam2-plus	easy	run_metadata.json	phase_metrics.0.deta	0.9644538894648499	/data/narendhiran_rpx/docker-smoke/tracking-production-250/sam2-plus/easy
mos	250	sam2-plus	easy	run_metadata.json	phase_metrics.0.hota	0.9690177798890895	/data/narendhiran_rpx/docker-smoke/tracking-production-250/sam2-plus/easy
mos	250	sam2-plus	easy	run_metadata.json	phase_metrics.0.idf1	0.9963138322246398	/data/narendhiran_rpx/docker-smoke/tracking-production-250/sam2-plus/easy
mos	250	sam2-plus	easy	run_metadata.json	phase_metrics.0.idsw	0.0	/data/narendhiran_rpx/docker-smoke/tracking-production-250/sam2-plus/easy
mos	250	sam2-plus	easy	run_metadata.json	phase_metrics.0.mota	0.9926268850512638	/data/narendhiran_rpx/docker-smoke/tracking-production-250/sam2-plus/easy
mos	250	sam2-plus	easy	run_metadata.json	phase_metrics.1.assa	0.9453200537860625	/data/narendhiran_rpx/docker-smoke/tracking-production-250/sam2-plus/easy
mos	250	sam2-plus	easy	run_metadata.json	phase_metrics.1.deta	0.8989780952262998	/data/narendhiran_rpx/docker-smoke/tracking-production-250/sam2-plus/easy
mos	250	sam2-plus	easy	run_metadata.json	phase_metrics.1.hota	0.9207458340005631	/data/narendhiran_rpx/docker-smoke/tracking-production-250/sam2-plus/easy
mos	250	sam2-plus	easy	run_metadata.json	phase_metrics.1.idf1	0.9644178642589412	/data/narendhiran_rpx/docker-smoke/tracking-production-250/sam2-plus/easy
mos	250	sam2-plus	easy	run_metadata.json	phase_metrics.1.idsw	0.12121212121212122	/data/narendhiran_rpx/docker-smoke/tracking-production-250/sam2-plus/easy
mos	250	sam2-plus	easy	run_metadata.json	phase_metrics.1.mota	0.9301129518899547	/data/narendhiran_rpx/docker-smoke/tracking-production-250/sam2-plus/easy
mos	250	sam2-plus	easy	run_metadata.json	phase_metrics.2.assa	0.970556818999669	/data/narendhiran_rpx/docker-smoke/tracking-production-250/sam2-plus/easy
mos	250	sam2-plus	easy	run_metadata.json	phase_metrics.2.deta	0.9572093535761546	/data/narendhiran_rpx/docker-smoke/tracking-production-250/sam2-plus/easy
mos	250	sam2-plus	easy	run_metadata.json	phase_metrics.2.hota	0.9636671766851133	/data/narendhiran_rpx/docker-smoke/tracking-production-250/sam2-plus/easy
mos	250	sam2-plus	easy	run_metadata.json	phase_metrics.2.idf1	0.9917480290609346	/data/narendhiran_rpx/docker-smoke/tracking-production-250/sam2-plus/easy
mos	250	sam2-plus	easy	run_metadata.json	phase_metrics.2.idsw	0.15151515151515152	/data/narendhiran_rpx/docker-smoke/tracking-production-250/sam2-plus/easy
mos	250	sam2-plus	easy	run_metadata.json	phase_metrics.2.mota	0.9838369288670307	/data/narendhiran_rpx/docker-smoke/tracking-production-250/sam2-plus/easy
mos	250	sam2-plus	easy	run_metadata.json	pid	115	/data/narendhiran_rpx/docker-smoke/tracking-production-250/sam2-plus/easy
mos	250	sam2-plus	easy	run_metadata.json	prediction_stats.complete_clip_cache_hits	0	/data/narendhiran_rpx/docker-smoke/tracking-production-250/sam2-plus/easy
mos	250	sam2-plus	easy	run_metadata.json	prediction_stats.inferred_clips	99	/data/narendhiran_rpx/docker-smoke/tracking-production-250/sam2-plus/easy
mos	250	sam2-plus	easy	run_metadata.json	prediction_stats.model_propagation_frames	24651	/data/narendhiran_rpx/docker-smoke/tracking-production-250/sam2-plus/easy
mos	250	sam2-plus	easy	run_metadata.json	protocol.association_iou_threshold	0.5	/data/narendhiran_rpx/docker-smoke/tracking-production-250/sam2-plus/easy
mos	250	sam2-plus	easy	run_metadata.json	protocol.association_representation	tight_boxes_derived_from_instance_masks	/data/narendhiran_rpx/docker-smoke/tracking-production-250/sam2-plus/easy
mos	250	sam2-plus	easy	run_metadata.json	protocol.hota	mean_over_0.05_to_0.95	/data/narendhiran_rpx/docker-smoke/tracking-production-250/sam2-plus/easy
mos	250	sam2-plus	easy	run_metadata.json	protocol.initialization	ground_truth_first_frame_box	/data/narendhiran_rpx/docker-smoke/tracking-production-250/sam2-plus/easy
mos	250	sam2-plus	easy	run_metadata.json	protocol.metric_implementation	TrackEval	/data/narendhiran_rpx/docker-smoke/tracking-production-250/sam2-plus/easy
mos	250	sam2-plus	easy	run_metadata.json	protocol.scored_frames	1_to_end (initialization frame excluded)	/data/narendhiran_rpx/docker-smoke/tracking-production-250/sam2-plus/easy
mos	250	sam2-plus	easy	run_metadata.json	rpx_git_sha	711b53f7b7e279eef3ccdfe559d0f4860a0dc902	/data/narendhiran_rpx/docker-smoke/tracking-production-250/sam2-plus/easy
mos	250	sam2-plus	easy	run_metadata.json	split	easy	/data/narendhiran_rpx/docker-smoke/tracking-production-250/sam2-plus/easy
mos	250	sam2-plus	easy	run_metadata.json	started_unix	1786733414.5828395	/data/narendhiran_rpx/docker-smoke/tracking-production-250/sam2-plus/easy
mos	250	sam2-plus	easy	run_metadata.json	task	object_tracking	/data/narendhiran_rpx/docker-smoke/tracking-production-250/sam2-plus/easy
mos	250	sam2-plus	medium	result.json	clips	99	/data/narendhiran_rpx/docker-smoke/tracking-production-250/sam2-plus/medium
mos	250	sam2-plus	medium	result.json	dataset.manifest_sha256	092980d23ee7a30de981c8dbf718cb05be8fa5209cc191bd116fd19439b2e72d	/data/narendhiran_rpx/docker-smoke/tracking-production-250/sam2-plus/medium
mos	250	sam2-plus	medium	result.json	dataset.repo	IRVLUTD/RPX	/data/narendhiran_rpx/docker-smoke/tracking-production-250/sam2-plus/medium
mos	250	sam2-plus	medium	result.json	dataset.revision	2e2a387f7f93e98c177b2e039c141eacda94e5fc	/data/narendhiran_rpx/docker-smoke/tracking-production-250/sam2-plus/medium
mos	250	sam2-plus	medium	result.json	evaluator_git_sha	2bb9b919082727eb099f2b0824f97373a32a33d1	/data/narendhiran_rpx/docker-smoke/tracking-production-250/sam2-plus/medium
mos	250	sam2-plus	medium	result.json	frames	24750	/data/narendhiran_rpx/docker-smoke/tracking-production-250/sam2-plus/medium
mos	250	sam2-plus	medium	result.json	hardware.gpu_compute_capability.__length__	2	/data/narendhiran_rpx/docker-smoke/tracking-production-250/sam2-plus/medium
mos	250	sam2-plus	medium	result.json	hardware.gpu_name	NVIDIA RTX 6000 Ada Generation	/data/narendhiran_rpx/docker-smoke/tracking-production-250/sam2-plus/medium
mos	250	sam2-plus	medium	result.json	hardware.gpu_total_memory_bytes	50865307648	/data/narendhiran_rpx/docker-smoke/tracking-production-250/sam2-plus/medium
mos	250	sam2-plus	medium	result.json	hardware.torch_cuda_version	12.8	/data/narendhiran_rpx/docker-smoke/tracking-production-250/sam2-plus/medium
mos	250	sam2-plus	medium	result.json	hardware.torch_version	2.7.1+cu128	/data/narendhiran_rpx/docker-smoke/tracking-production-250/sam2-plus/medium
mos	250	sam2-plus	medium	result.json	model	sam2-plus	/data/narendhiran_rpx/docker-smoke/tracking-production-250/sam2-plus/medium
mos	250	sam2-plus	medium	result.json	model_checkpoint.filename	checkpoint_phase123.pt	/data/narendhiran_rpx/docker-smoke/tracking-production-250/sam2-plus/medium
mos	250	sam2-plus	medium	result.json	model_checkpoint.repo	MCG-NJU/SAM2-Plus	/data/narendhiran_rpx/docker-smoke/tracking-production-250/sam2-plus/medium
mos	250	sam2-plus	medium	result.json	model_checkpoint.revision	c3c534e30469d8788123287a484488567c5115d4	/data/narendhiran_rpx/docker-smoke/tracking-production-250/sam2-plus/medium
mos	250	sam2-plus	medium	result.json	model_checkpoint.sha256	03c1e183955ccdab5d2e4aefdbf8ecee47b3e1433b2b2941a531ad1aaf1777f5	/data/narendhiran_rpx/docker-smoke/tracking-production-250/sam2-plus/medium
mos	250	sam2-plus	medium	result.json	phase_metrics.0.assa	0.9657374165403204	/data/narendhiran_rpx/docker-smoke/tracking-production-250/sam2-plus/medium
mos	250	sam2-plus	medium	result.json	phase_metrics.0.deta	0.945323076209795	/data/narendhiran_rpx/docker-smoke/tracking-production-250/sam2-plus/medium
mos	250	sam2-plus	medium	result.json	phase_metrics.0.hota	0.9550714530615813	/data/narendhiran_rpx/docker-smoke/tracking-production-250/sam2-plus/medium
mos	250	sam2-plus	medium	result.json	phase_metrics.0.idf1	0.9832278371370832	/data/narendhiran_rpx/docker-smoke/tracking-production-250/sam2-plus/medium
mos	250	sam2-plus	medium	result.json	phase_metrics.0.idsw	0.45454545454545453	/data/narendhiran_rpx/docker-smoke/tracking-production-250/sam2-plus/medium
mos	250	sam2-plus	medium	result.json	phase_metrics.0.mota	0.9673046204381407	/data/narendhiran_rpx/docker-smoke/tracking-production-250/sam2-plus/medium
mos	250	sam2-plus	medium	result.json	phase_metrics.1.assa	0.9335274597121207	/data/narendhiran_rpx/docker-smoke/tracking-production-250/sam2-plus/medium
mos	250	sam2-plus	medium	result.json	phase_metrics.1.deta	0.8699224395102162	/data/narendhiran_rpx/docker-smoke/tracking-production-250/sam2-plus/medium
mos	250	sam2-plus	medium	result.json	phase_metrics.1.hota	0.8994883762295728	/data/narendhiran_rpx/docker-smoke/tracking-production-250/sam2-plus/medium
mos	250	sam2-plus	medium	result.json	phase_metrics.1.idf1	0.9431621493230096	/data/narendhiran_rpx/docker-smoke/tracking-production-250/sam2-plus/medium
mos	250	sam2-plus	medium	result.json	phase_metrics.1.idsw	0.6666666666666666	/data/narendhiran_rpx/docker-smoke/tracking-production-250/sam2-plus/medium
mos	250	sam2-plus	medium	result.json	phase_metrics.1.mota	0.8924850216980166	/data/narendhiran_rpx/docker-smoke/tracking-production-250/sam2-plus/medium
mos	250	sam2-plus	medium	result.json	phase_metrics.2.assa	0.9628250126410468	/data/narendhiran_rpx/docker-smoke/tracking-production-250/sam2-plus/medium
mos	250	sam2-plus	medium	result.json	phase_metrics.2.deta	0.9487902544157458	/data/narendhiran_rpx/docker-smoke/tracking-production-250/sam2-plus/medium
mos	250	sam2-plus	medium	result.json	phase_metrics.2.hota	0.9556078529810134	/data/narendhiran_rpx/docker-smoke/tracking-production-250/sam2-plus/medium
mos	250	sam2-plus	medium	result.json	phase_metrics.2.idf1	0.9881925723140836	/data/narendhiran_rpx/docker-smoke/tracking-production-250/sam2-plus/medium
mos	250	sam2-plus	medium	result.json	phase_metrics.2.idsw	0.09090909090909091	/data/narendhiran_rpx/docker-smoke/tracking-production-250/sam2-plus/medium
mos	250	sam2-plus	medium	result.json	phase_metrics.2.mota	0.9771852752825447	/data/narendhiran_rpx/docker-smoke/tracking-production-250/sam2-plus/medium
mos	250	sam2-plus	medium	result.json	prediction_stats.complete_clip_cache_hits	0	/data/narendhiran_rpx/docker-smoke/tracking-production-250/sam2-plus/medium
mos	250	sam2-plus	medium	result.json	prediction_stats.inferred_clips	99	/data/narendhiran_rpx/docker-smoke/tracking-production-250/sam2-plus/medium
mos	250	sam2-plus	medium	result.json	prediction_stats.model_propagation_frames	24651	/data/narendhiran_rpx/docker-smoke/tracking-production-250/sam2-plus/medium
mos	250	sam2-plus	medium	result.json	protocol.association_iou_threshold	0.5	/data/narendhiran_rpx/docker-smoke/tracking-production-250/sam2-plus/medium
mos	250	sam2-plus	medium	result.json	protocol.association_representation	tight_boxes_derived_from_instance_masks	/data/narendhiran_rpx/docker-smoke/tracking-production-250/sam2-plus/medium
mos	250	sam2-plus	medium	result.json	protocol.hota	mean_over_0.05_to_0.95	/data/narendhiran_rpx/docker-smoke/tracking-production-250/sam2-plus/medium
mos	250	sam2-plus	medium	result.json	protocol.initialization	ground_truth_first_frame_box	/data/narendhiran_rpx/docker-smoke/tracking-production-250/sam2-plus/medium
mos	250	sam2-plus	medium	result.json	protocol.metric_implementation	TrackEval	/data/narendhiran_rpx/docker-smoke/tracking-production-250/sam2-plus/medium
mos	250	sam2-plus	medium	result.json	protocol.scored_frames	1_to_end (initialization frame excluded)	/data/narendhiran_rpx/docker-smoke/tracking-production-250/sam2-plus/medium
mos	250	sam2-plus	medium	result.json	rpx_git_sha	711b53f7b7e279eef3ccdfe559d0f4860a0dc902	/data/narendhiran_rpx/docker-smoke/tracking-production-250/sam2-plus/medium
mos	250	sam2-plus	medium	result.json	split	medium	/data/narendhiran_rpx/docker-smoke/tracking-production-250/sam2-plus/medium
mos	250	sam2-plus	medium	result.json	task	object_tracking	/data/narendhiran_rpx/docker-smoke/tracking-production-250/sam2-plus/medium
mos	250	sam2-plus	medium	run_metadata.json	clips	99	/data/narendhiran_rpx/docker-smoke/tracking-production-250/sam2-plus/medium
mos	250	sam2-plus	medium	run_metadata.json	dataset.manifest_sha256	092980d23ee7a30de981c8dbf718cb05be8fa5209cc191bd116fd19439b2e72d	/data/narendhiran_rpx/docker-smoke/tracking-production-250/sam2-plus/medium
mos	250	sam2-plus	medium	run_metadata.json	dataset.repo	IRVLUTD/RPX	/data/narendhiran_rpx/docker-smoke/tracking-production-250/sam2-plus/medium
mos	250	sam2-plus	medium	run_metadata.json	dataset.revision	2e2a387f7f93e98c177b2e039c141eacda94e5fc	/data/narendhiran_rpx/docker-smoke/tracking-production-250/sam2-plus/medium
mos	250	sam2-plus	medium	run_metadata.json	evaluator_git_sha	2bb9b919082727eb099f2b0824f97373a32a33d1	/data/narendhiran_rpx/docker-smoke/tracking-production-250/sam2-plus/medium
mos	250	sam2-plus	medium	run_metadata.json	finished_unix	1786743226.561396	/data/narendhiran_rpx/docker-smoke/tracking-production-250/sam2-plus/medium
mos	250	sam2-plus	medium	run_metadata.json	frames	24750	/data/narendhiran_rpx/docker-smoke/tracking-production-250/sam2-plus/medium
mos	250	sam2-plus	medium	run_metadata.json	hardware.gpu_compute_capability.__length__	2	/data/narendhiran_rpx/docker-smoke/tracking-production-250/sam2-plus/medium
mos	250	sam2-plus	medium	run_metadata.json	hardware.gpu_name	NVIDIA RTX 6000 Ada Generation	/data/narendhiran_rpx/docker-smoke/tracking-production-250/sam2-plus/medium
mos	250	sam2-plus	medium	run_metadata.json	hardware.gpu_total_memory_bytes	50865307648	/data/narendhiran_rpx/docker-smoke/tracking-production-250/sam2-plus/medium
mos	250	sam2-plus	medium	run_metadata.json	hardware.torch_cuda_version	12.8	/data/narendhiran_rpx/docker-smoke/tracking-production-250/sam2-plus/medium
mos	250	sam2-plus	medium	run_metadata.json	hardware.torch_version	2.7.1+cu128	/data/narendhiran_rpx/docker-smoke/tracking-production-250/sam2-plus/medium
mos	250	sam2-plus	medium	run_metadata.json	model	sam2-plus	/data/narendhiran_rpx/docker-smoke/tracking-production-250/sam2-plus/medium
mos	250	sam2-plus	medium	run_metadata.json	model_checkpoint.filename	checkpoint_phase123.pt	/data/narendhiran_rpx/docker-smoke/tracking-production-250/sam2-plus/medium
mos	250	sam2-plus	medium	run_metadata.json	model_checkpoint.repo	MCG-NJU/SAM2-Plus	/data/narendhiran_rpx/docker-smoke/tracking-production-250/sam2-plus/medium
mos	250	sam2-plus	medium	run_metadata.json	model_checkpoint.revision	c3c534e30469d8788123287a484488567c5115d4	/data/narendhiran_rpx/docker-smoke/tracking-production-250/sam2-plus/medium
mos	250	sam2-plus	medium	run_metadata.json	model_checkpoint.sha256	03c1e183955ccdab5d2e4aefdbf8ecee47b3e1433b2b2941a531ad1aaf1777f5	/data/narendhiran_rpx/docker-smoke/tracking-production-250/sam2-plus/medium
mos	250	sam2-plus	medium	run_metadata.json	parameter_count	101205890	/data/narendhiran_rpx/docker-smoke/tracking-production-250/sam2-plus/medium
mos	250	sam2-plus	medium	run_metadata.json	phase_metrics.0.assa	0.9657374165403204	/data/narendhiran_rpx/docker-smoke/tracking-production-250/sam2-plus/medium
mos	250	sam2-plus	medium	run_metadata.json	phase_metrics.0.deta	0.945323076209795	/data/narendhiran_rpx/docker-smoke/tracking-production-250/sam2-plus/medium
mos	250	sam2-plus	medium	run_metadata.json	phase_metrics.0.hota	0.9550714530615813	/data/narendhiran_rpx/docker-smoke/tracking-production-250/sam2-plus/medium
mos	250	sam2-plus	medium	run_metadata.json	phase_metrics.0.idf1	0.9832278371370832	/data/narendhiran_rpx/docker-smoke/tracking-production-250/sam2-plus/medium
mos	250	sam2-plus	medium	run_metadata.json	phase_metrics.0.idsw	0.45454545454545453	/data/narendhiran_rpx/docker-smoke/tracking-production-250/sam2-plus/medium
mos	250	sam2-plus	medium	run_metadata.json	phase_metrics.0.mota	0.9673046204381407	/data/narendhiran_rpx/docker-smoke/tracking-production-250/sam2-plus/medium
mos	250	sam2-plus	medium	run_metadata.json	phase_metrics.1.assa	0.9335274597121207	/data/narendhiran_rpx/docker-smoke/tracking-production-250/sam2-plus/medium
mos	250	sam2-plus	medium	run_metadata.json	phase_metrics.1.deta	0.8699224395102162	/data/narendhiran_rpx/docker-smoke/tracking-production-250/sam2-plus/medium
mos	250	sam2-plus	medium	run_metadata.json	phase_metrics.1.hota	0.8994883762295728	/data/narendhiran_rpx/docker-smoke/tracking-production-250/sam2-plus/medium
mos	250	sam2-plus	medium	run_metadata.json	phase_metrics.1.idf1	0.9431621493230096	/data/narendhiran_rpx/docker-smoke/tracking-production-250/sam2-plus/medium
mos	250	sam2-plus	medium	run_metadata.json	phase_metrics.1.idsw	0.6666666666666666	/data/narendhiran_rpx/docker-smoke/tracking-production-250/sam2-plus/medium
mos	250	sam2-plus	medium	run_metadata.json	phase_metrics.1.mota	0.8924850216980166	/data/narendhiran_rpx/docker-smoke/tracking-production-250/sam2-plus/medium
mos	250	sam2-plus	medium	run_metadata.json	phase_metrics.2.assa	0.9628250126410468	/data/narendhiran_rpx/docker-smoke/tracking-production-250/sam2-plus/medium
mos	250	sam2-plus	medium	run_metadata.json	phase_metrics.2.deta	0.9487902544157458	/data/narendhiran_rpx/docker-smoke/tracking-production-250/sam2-plus/medium
mos	250	sam2-plus	medium	run_metadata.json	phase_metrics.2.hota	0.9556078529810134	/data/narendhiran_rpx/docker-smoke/tracking-production-250/sam2-plus/medium
mos	250	sam2-plus	medium	run_metadata.json	phase_metrics.2.idf1	0.9881925723140836	/data/narendhiran_rpx/docker-smoke/tracking-production-250/sam2-plus/medium
mos	250	sam2-plus	medium	run_metadata.json	phase_metrics.2.idsw	0.09090909090909091	/data/narendhiran_rpx/docker-smoke/tracking-production-250/sam2-plus/medium
mos	250	sam2-plus	medium	run_metadata.json	phase_metrics.2.mota	0.9771852752825447	/data/narendhiran_rpx/docker-smoke/tracking-production-250/sam2-plus/medium
mos	250	sam2-plus	medium	run_metadata.json	pid	344	/data/narendhiran_rpx/docker-smoke/tracking-production-250/sam2-plus/medium
mos	250	sam2-plus	medium	run_metadata.json	prediction_stats.complete_clip_cache_hits	0	/data/narendhiran_rpx/docker-smoke/tracking-production-250/sam2-plus/medium
mos	250	sam2-plus	medium	run_metadata.json	prediction_stats.inferred_clips	99	/data/narendhiran_rpx/docker-smoke/tracking-production-250/sam2-plus/medium
mos	250	sam2-plus	medium	run_metadata.json	prediction_stats.model_propagation_frames	24651	/data/narendhiran_rpx/docker-smoke/tracking-production-250/sam2-plus/medium
mos	250	sam2-plus	medium	run_metadata.json	protocol.association_iou_threshold	0.5	/data/narendhiran_rpx/docker-smoke/tracking-production-250/sam2-plus/medium
mos	250	sam2-plus	medium	run_metadata.json	protocol.association_representation	tight_boxes_derived_from_instance_masks	/data/narendhiran_rpx/docker-smoke/tracking-production-250/sam2-plus/medium
mos	250	sam2-plus	medium	run_metadata.json	protocol.hota	mean_over_0.05_to_0.95	/data/narendhiran_rpx/docker-smoke/tracking-production-250/sam2-plus/medium
mos	250	sam2-plus	medium	run_metadata.json	protocol.initialization	ground_truth_first_frame_box	/data/narendhiran_rpx/docker-smoke/tracking-production-250/sam2-plus/medium
mos	250	sam2-plus	medium	run_metadata.json	protocol.metric_implementation	TrackEval	/data/narendhiran_rpx/docker-smoke/tracking-production-250/sam2-plus/medium
mos	250	sam2-plus	medium	run_metadata.json	protocol.scored_frames	1_to_end (initialization frame excluded)	/data/narendhiran_rpx/docker-smoke/tracking-production-250/sam2-plus/medium
mos	250	sam2-plus	medium	run_metadata.json	rpx_git_sha	711b53f7b7e279eef3ccdfe559d0f4860a0dc902	/data/narendhiran_rpx/docker-smoke/tracking-production-250/sam2-plus/medium
mos	250	sam2-plus	medium	run_metadata.json	split	medium	/data/narendhiran_rpx/docker-smoke/tracking-production-250/sam2-plus/medium
mos	250	sam2-plus	medium	run_metadata.json	started_unix	1786738391.6472473	/data/narendhiran_rpx/docker-smoke/tracking-production-250/sam2-plus/medium
mos	250	sam2-plus	medium	run_metadata.json	task	object_tracking	/data/narendhiran_rpx/docker-smoke/tracking-production-250/sam2-plus/medium
mos	250	sam2-plus	hard	result.json	clips	102	/data/narendhiran_rpx/docker-smoke/tracking-production-250/sam2-plus/hard
mos	250	sam2-plus	hard	result.json	dataset.manifest_sha256	fbc3c01164696ffacfd8f09d202ab0880fe46ce5933af2daf3750a4ba3b7c6bc	/data/narendhiran_rpx/docker-smoke/tracking-production-250/sam2-plus/hard
mos	250	sam2-plus	hard	result.json	dataset.repo	IRVLUTD/RPX	/data/narendhiran_rpx/docker-smoke/tracking-production-250/sam2-plus/hard
mos	250	sam2-plus	hard	result.json	dataset.revision	2e2a387f7f93e98c177b2e039c141eacda94e5fc	/data/narendhiran_rpx/docker-smoke/tracking-production-250/sam2-plus/hard
mos	250	sam2-plus	hard	result.json	evaluator_git_sha	2bb9b919082727eb099f2b0824f97373a32a33d1	/data/narendhiran_rpx/docker-smoke/tracking-production-250/sam2-plus/hard
mos	250	sam2-plus	hard	result.json	frames	25500	/data/narendhiran_rpx/docker-smoke/tracking-production-250/sam2-plus/hard
mos	250	sam2-plus	hard	result.json	hardware.gpu_compute_capability.__length__	2	/data/narendhiran_rpx/docker-smoke/tracking-production-250/sam2-plus/hard
mos	250	sam2-plus	hard	result.json	hardware.gpu_name	NVIDIA RTX 6000 Ada Generation	/data/narendhiran_rpx/docker-smoke/tracking-production-250/sam2-plus/hard
mos	250	sam2-plus	hard	result.json	hardware.gpu_total_memory_bytes	50865307648	/data/narendhiran_rpx/docker-smoke/tracking-production-250/sam2-plus/hard
mos	250	sam2-plus	hard	result.json	hardware.torch_cuda_version	12.8	/data/narendhiran_rpx/docker-smoke/tracking-production-250/sam2-plus/hard
mos	250	sam2-plus	hard	result.json	hardware.torch_version	2.7.1+cu128	/data/narendhiran_rpx/docker-smoke/tracking-production-250/sam2-plus/hard
mos	250	sam2-plus	hard	result.json	model	sam2-plus	/data/narendhiran_rpx/docker-smoke/tracking-production-250/sam2-plus/hard
mos	250	sam2-plus	hard	result.json	model_checkpoint.filename	checkpoint_phase123.pt	/data/narendhiran_rpx/docker-smoke/tracking-production-250/sam2-plus/hard
mos	250	sam2-plus	hard	result.json	model_checkpoint.repo	MCG-NJU/SAM2-Plus	/data/narendhiran_rpx/docker-smoke/tracking-production-250/sam2-plus/hard
mos	250	sam2-plus	hard	result.json	model_checkpoint.revision	c3c534e30469d8788123287a484488567c5115d4	/data/narendhiran_rpx/docker-smoke/tracking-production-250/sam2-plus/hard
mos	250	sam2-plus	hard	result.json	model_checkpoint.sha256	03c1e183955ccdab5d2e4aefdbf8ecee47b3e1433b2b2941a531ad1aaf1777f5	/data/narendhiran_rpx/docker-smoke/tracking-production-250/sam2-plus/hard
mos	250	sam2-plus	hard	result.json	phase_metrics.0.assa	0.9516749283597499	/data/narendhiran_rpx/docker-smoke/tracking-production-250/sam2-plus/hard
mos	250	sam2-plus	hard	result.json	phase_metrics.0.deta	0.9246509371899327	/data/narendhiran_rpx/docker-smoke/tracking-production-250/sam2-plus/hard
mos	250	sam2-plus	hard	result.json	phase_metrics.0.hota	0.9375164597832084	/data/narendhiran_rpx/docker-smoke/tracking-production-250/sam2-plus/hard
mos	250	sam2-plus	hard	result.json	phase_metrics.0.idf1	0.9796535930345601	/data/narendhiran_rpx/docker-smoke/tracking-production-250/sam2-plus/hard
mos	250	sam2-plus	hard	result.json	phase_metrics.0.idsw	0.7941176470588235	/data/narendhiran_rpx/docker-smoke/tracking-production-250/sam2-plus/hard
mos	250	sam2-plus	hard	result.json	phase_metrics.0.mota	0.9595500910342671	/data/narendhiran_rpx/docker-smoke/tracking-production-250/sam2-plus/hard
mos	250	sam2-plus	hard	result.json	phase_metrics.1.assa	0.8948397252434053	/data/narendhiran_rpx/docker-smoke/tracking-production-250/sam2-plus/hard
mos	250	sam2-plus	hard	result.json	phase_metrics.1.deta	0.8152925420987527	/data/narendhiran_rpx/docker-smoke/tracking-production-250/sam2-plus/hard
mos	250	sam2-plus	hard	result.json	phase_metrics.1.hota	0.8519769991456964	/data/narendhiran_rpx/docker-smoke/tracking-production-250/sam2-plus/hard
mos	250	sam2-plus	hard	result.json	phase_metrics.1.idf1	0.906576545726071	/data/narendhiran_rpx/docker-smoke/tracking-production-250/sam2-plus/hard
mos	250	sam2-plus	hard	result.json	phase_metrics.1.idsw	2.735294117647059	/data/narendhiran_rpx/docker-smoke/tracking-production-250/sam2-plus/hard
mos	250	sam2-plus	hard	result.json	phase_metrics.1.mota	0.8233099026510031	/data/narendhiran_rpx/docker-smoke/tracking-production-250/sam2-plus/hard
mos	250	sam2-plus	hard	result.json	phase_metrics.2.assa	0.9593890039712285	/data/narendhiran_rpx/docker-smoke/tracking-production-250/sam2-plus/hard
mos	250	sam2-plus	hard	result.json	phase_metrics.2.deta	0.9439071445026866	/data/narendhiran_rpx/docker-smoke/tracking-production-250/sam2-plus/hard
mos	250	sam2-plus	hard	result.json	phase_metrics.2.hota	0.9514239550997277	/data/narendhiran_rpx/docker-smoke/tracking-production-250/sam2-plus/hard
mos	250	sam2-plus	hard	result.json	phase_metrics.2.idf1	0.9870315942747089	/data/narendhiran_rpx/docker-smoke/tracking-production-250/sam2-plus/hard
mos	250	sam2-plus	hard	result.json	phase_metrics.2.idsw	0.47058823529411764	/data/narendhiran_rpx/docker-smoke/tracking-production-250/sam2-plus/hard
mos	250	sam2-plus	hard	result.json	phase_metrics.2.mota	0.974907767272696	/data/narendhiran_rpx/docker-smoke/tracking-production-250/sam2-plus/hard
mos	250	sam2-plus	hard	result.json	prediction_stats.complete_clip_cache_hits	0	/data/narendhiran_rpx/docker-smoke/tracking-production-250/sam2-plus/hard
mos	250	sam2-plus	hard	result.json	prediction_stats.inferred_clips	102	/data/narendhiran_rpx/docker-smoke/tracking-production-250/sam2-plus/hard
mos	250	sam2-plus	hard	result.json	prediction_stats.model_propagation_frames	25398	/data/narendhiran_rpx/docker-smoke/tracking-production-250/sam2-plus/hard
mos	250	sam2-plus	hard	result.json	protocol.association_iou_threshold	0.5	/data/narendhiran_rpx/docker-smoke/tracking-production-250/sam2-plus/hard
mos	250	sam2-plus	hard	result.json	protocol.association_representation	tight_boxes_derived_from_instance_masks	/data/narendhiran_rpx/docker-smoke/tracking-production-250/sam2-plus/hard
mos	250	sam2-plus	hard	result.json	protocol.hota	mean_over_0.05_to_0.95	/data/narendhiran_rpx/docker-smoke/tracking-production-250/sam2-plus/hard
mos	250	sam2-plus	hard	result.json	protocol.initialization	ground_truth_first_frame_box	/data/narendhiran_rpx/docker-smoke/tracking-production-250/sam2-plus/hard
mos	250	sam2-plus	hard	result.json	protocol.metric_implementation	TrackEval	/data/narendhiran_rpx/docker-smoke/tracking-production-250/sam2-plus/hard
mos	250	sam2-plus	hard	result.json	protocol.scored_frames	1_to_end (initialization frame excluded)	/data/narendhiran_rpx/docker-smoke/tracking-production-250/sam2-plus/hard
mos	250	sam2-plus	hard	result.json	rpx_git_sha	711b53f7b7e279eef3ccdfe559d0f4860a0dc902	/data/narendhiran_rpx/docker-smoke/tracking-production-250/sam2-plus/hard
mos	250	sam2-plus	hard	result.json	split	hard	/data/narendhiran_rpx/docker-smoke/tracking-production-250/sam2-plus/hard
mos	250	sam2-plus	hard	result.json	task	object_tracking	/data/narendhiran_rpx/docker-smoke/tracking-production-250/sam2-plus/hard
mos	250	sam2-plus	hard	run_metadata.json	clips	102	/data/narendhiran_rpx/docker-smoke/tracking-production-250/sam2-plus/hard
mos	250	sam2-plus	hard	run_metadata.json	dataset.manifest_sha256	fbc3c01164696ffacfd8f09d202ab0880fe46ce5933af2daf3750a4ba3b7c6bc	/data/narendhiran_rpx/docker-smoke/tracking-production-250/sam2-plus/hard
mos	250	sam2-plus	hard	run_metadata.json	dataset.repo	IRVLUTD/RPX	/data/narendhiran_rpx/docker-smoke/tracking-production-250/sam2-plus/hard
mos	250	sam2-plus	hard	run_metadata.json	dataset.revision	2e2a387f7f93e98c177b2e039c141eacda94e5fc	/data/narendhiran_rpx/docker-smoke/tracking-production-250/sam2-plus/hard
mos	250	sam2-plus	hard	run_metadata.json	evaluator_git_sha	2bb9b919082727eb099f2b0824f97373a32a33d1	/data/narendhiran_rpx/docker-smoke/tracking-production-250/sam2-plus/hard
mos	250	sam2-plus	hard	run_metadata.json	finished_unix	1786748372.1117275	/data/narendhiran_rpx/docker-smoke/tracking-production-250/sam2-plus/hard
mos	250	sam2-plus	hard	run_metadata.json	frames	25500	/data/narendhiran_rpx/docker-smoke/tracking-production-250/sam2-plus/hard
mos	250	sam2-plus	hard	run_metadata.json	hardware.gpu_compute_capability.__length__	2	/data/narendhiran_rpx/docker-smoke/tracking-production-250/sam2-plus/hard
mos	250	sam2-plus	hard	run_metadata.json	hardware.gpu_name	NVIDIA RTX 6000 Ada Generation	/data/narendhiran_rpx/docker-smoke/tracking-production-250/sam2-plus/hard
mos	250	sam2-plus	hard	run_metadata.json	hardware.gpu_total_memory_bytes	50865307648	/data/narendhiran_rpx/docker-smoke/tracking-production-250/sam2-plus/hard
mos	250	sam2-plus	hard	run_metadata.json	hardware.torch_cuda_version	12.8	/data/narendhiran_rpx/docker-smoke/tracking-production-250/sam2-plus/hard
mos	250	sam2-plus	hard	run_metadata.json	hardware.torch_version	2.7.1+cu128	/data/narendhiran_rpx/docker-smoke/tracking-production-250/sam2-plus/hard
mos	250	sam2-plus	hard	run_metadata.json	model	sam2-plus	/data/narendhiran_rpx/docker-smoke/tracking-production-250/sam2-plus/hard
mos	250	sam2-plus	hard	run_metadata.json	model_checkpoint.filename	checkpoint_phase123.pt	/data/narendhiran_rpx/docker-smoke/tracking-production-250/sam2-plus/hard
mos	250	sam2-plus	hard	run_metadata.json	model_checkpoint.repo	MCG-NJU/SAM2-Plus	/data/narendhiran_rpx/docker-smoke/tracking-production-250/sam2-plus/hard
mos	250	sam2-plus	hard	run_metadata.json	model_checkpoint.revision	c3c534e30469d8788123287a484488567c5115d4	/data/narendhiran_rpx/docker-smoke/tracking-production-250/sam2-plus/hard
mos	250	sam2-plus	hard	run_metadata.json	model_checkpoint.sha256	03c1e183955ccdab5d2e4aefdbf8ecee47b3e1433b2b2941a531ad1aaf1777f5	/data/narendhiran_rpx/docker-smoke/tracking-production-250/sam2-plus/hard
mos	250	sam2-plus	hard	run_metadata.json	parameter_count	101205890	/data/narendhiran_rpx/docker-smoke/tracking-production-250/sam2-plus/hard
mos	250	sam2-plus	hard	run_metadata.json	phase_metrics.0.assa	0.9516749283597499	/data/narendhiran_rpx/docker-smoke/tracking-production-250/sam2-plus/hard
mos	250	sam2-plus	hard	run_metadata.json	phase_metrics.0.deta	0.9246509371899327	/data/narendhiran_rpx/docker-smoke/tracking-production-250/sam2-plus/hard
mos	250	sam2-plus	hard	run_metadata.json	phase_metrics.0.hota	0.9375164597832084	/data/narendhiran_rpx/docker-smoke/tracking-production-250/sam2-plus/hard
mos	250	sam2-plus	hard	run_metadata.json	phase_metrics.0.idf1	0.9796535930345601	/data/narendhiran_rpx/docker-smoke/tracking-production-250/sam2-plus/hard
mos	250	sam2-plus	hard	run_metadata.json	phase_metrics.0.idsw	0.7941176470588235	/data/narendhiran_rpx/docker-smoke/tracking-production-250/sam2-plus/hard
mos	250	sam2-plus	hard	run_metadata.json	phase_metrics.0.mota	0.9595500910342671	/data/narendhiran_rpx/docker-smoke/tracking-production-250/sam2-plus/hard
mos	250	sam2-plus	hard	run_metadata.json	phase_metrics.1.assa	0.8948397252434053	/data/narendhiran_rpx/docker-smoke/tracking-production-250/sam2-plus/hard
mos	250	sam2-plus	hard	run_metadata.json	phase_metrics.1.deta	0.8152925420987527	/data/narendhiran_rpx/docker-smoke/tracking-production-250/sam2-plus/hard
mos	250	sam2-plus	hard	run_metadata.json	phase_metrics.1.hota	0.8519769991456964	/data/narendhiran_rpx/docker-smoke/tracking-production-250/sam2-plus/hard
mos	250	sam2-plus	hard	run_metadata.json	phase_metrics.1.idf1	0.906576545726071	/data/narendhiran_rpx/docker-smoke/tracking-production-250/sam2-plus/hard
mos	250	sam2-plus	hard	run_metadata.json	phase_metrics.1.idsw	2.735294117647059	/data/narendhiran_rpx/docker-smoke/tracking-production-250/sam2-plus/hard
mos	250	sam2-plus	hard	run_metadata.json	phase_metrics.1.mota	0.8233099026510031	/data/narendhiran_rpx/docker-smoke/tracking-production-250/sam2-plus/hard
mos	250	sam2-plus	hard	run_metadata.json	phase_metrics.2.assa	0.9593890039712285	/data/narendhiran_rpx/docker-smoke/tracking-production-250/sam2-plus/hard
mos	250	sam2-plus	hard	run_metadata.json	phase_metrics.2.deta	0.9439071445026866	/data/narendhiran_rpx/docker-smoke/tracking-production-250/sam2-plus/hard
mos	250	sam2-plus	hard	run_metadata.json	phase_metrics.2.hota	0.9514239550997277	/data/narendhiran_rpx/docker-smoke/tracking-production-250/sam2-plus/hard
mos	250	sam2-plus	hard	run_metadata.json	phase_metrics.2.idf1	0.9870315942747089	/data/narendhiran_rpx/docker-smoke/tracking-production-250/sam2-plus/hard
mos	250	sam2-plus	hard	run_metadata.json	phase_metrics.2.idsw	0.47058823529411764	/data/narendhiran_rpx/docker-smoke/tracking-production-250/sam2-plus/hard
mos	250	sam2-plus	hard	run_metadata.json	phase_metrics.2.mota	0.974907767272696	/data/narendhiran_rpx/docker-smoke/tracking-production-250/sam2-plus/hard
mos	250	sam2-plus	hard	run_metadata.json	pid	516	/data/narendhiran_rpx/docker-smoke/tracking-production-250/sam2-plus/hard
mos	250	sam2-plus	hard	run_metadata.json	prediction_stats.complete_clip_cache_hits	0	/data/narendhiran_rpx/docker-smoke/tracking-production-250/sam2-plus/hard
mos	250	sam2-plus	hard	run_metadata.json	prediction_stats.inferred_clips	102	/data/narendhiran_rpx/docker-smoke/tracking-production-250/sam2-plus/hard
mos	250	sam2-plus	hard	run_metadata.json	prediction_stats.model_propagation_frames	25398	/data/narendhiran_rpx/docker-smoke/tracking-production-250/sam2-plus/hard
mos	250	sam2-plus	hard	run_metadata.json	protocol.association_iou_threshold	0.5	/data/narendhiran_rpx/docker-smoke/tracking-production-250/sam2-plus/hard
mos	250	sam2-plus	hard	run_metadata.json	protocol.association_representation	tight_boxes_derived_from_instance_masks	/data/narendhiran_rpx/docker-smoke/tracking-production-250/sam2-plus/hard
mos	250	sam2-plus	hard	run_metadata.json	protocol.hota	mean_over_0.05_to_0.95	/data/narendhiran_rpx/docker-smoke/tracking-production-250/sam2-plus/hard
mos	250	sam2-plus	hard	run_metadata.json	protocol.initialization	ground_truth_first_frame_box	/data/narendhiran_rpx/docker-smoke/tracking-production-250/sam2-plus/hard
mos	250	sam2-plus	hard	run_metadata.json	protocol.metric_implementation	TrackEval	/data/narendhiran_rpx/docker-smoke/tracking-production-250/sam2-plus/hard
mos	250	sam2-plus	hard	run_metadata.json	protocol.scored_frames	1_to_end (initialization frame excluded)	/data/narendhiran_rpx/docker-smoke/tracking-production-250/sam2-plus/hard
mos	250	sam2-plus	hard	run_metadata.json	rpx_git_sha	711b53f7b7e279eef3ccdfe559d0f4860a0dc902	/data/narendhiran_rpx/docker-smoke/tracking-production-250/sam2-plus/hard
mos	250	sam2-plus	hard	run_metadata.json	split	hard	/data/narendhiran_rpx/docker-smoke/tracking-production-250/sam2-plus/hard
mos	250	sam2-plus	hard	run_metadata.json	started_unix	1786743361.1561034	/data/narendhiran_rpx/docker-smoke/tracking-production-250/sam2-plus/hard
mos	250	sam2-plus	hard	run_metadata.json	task	object_tracking	/data/narendhiran_rpx/docker-smoke/tracking-production-250/sam2-plus/hard
mos	250	xmem	easy	result.json	clips	99	/data/narendhiran_rpx/docker-smoke/tracking-production-250/xmem/easy
mos	250	xmem	easy	result.json	dataset.manifest_sha256	0ba018a738383d23df239f1b138669dd1cc8261a730d41cb84ce1bde14f80c4a	/data/narendhiran_rpx/docker-smoke/tracking-production-250/xmem/easy
mos	250	xmem	easy	result.json	dataset.repo	IRVLUTD/RPX	/data/narendhiran_rpx/docker-smoke/tracking-production-250/xmem/easy
mos	250	xmem	easy	result.json	dataset.revision	2e2a387f7f93e98c177b2e039c141eacda94e5fc	/data/narendhiran_rpx/docker-smoke/tracking-production-250/xmem/easy
mos	250	xmem	easy	result.json	evaluator_git_sha	537fea4f83244d9076768cb69b2f44c1026a1c52	/data/narendhiran_rpx/docker-smoke/tracking-production-250/xmem/easy
mos	250	xmem	easy	result.json	frames	24750	/data/narendhiran_rpx/docker-smoke/tracking-production-250/xmem/easy
mos	250	xmem	easy	result.json	hardware.gpu_compute_capability.__length__	2	/data/narendhiran_rpx/docker-smoke/tracking-production-250/xmem/easy
mos	250	xmem	easy	result.json	hardware.gpu_name	NVIDIA RTX 6000 Ada Generation	/data/narendhiran_rpx/docker-smoke/tracking-production-250/xmem/easy
mos	250	xmem	easy	result.json	hardware.gpu_total_memory_bytes	50865307648	/data/narendhiran_rpx/docker-smoke/tracking-production-250/xmem/easy
mos	250	xmem	easy	result.json	hardware.torch_cuda_version	12.8	/data/narendhiran_rpx/docker-smoke/tracking-production-250/xmem/easy
mos	250	xmem	easy	result.json	hardware.torch_version	2.7.1+cu128	/data/narendhiran_rpx/docker-smoke/tracking-production-250/xmem/easy
mos	250	xmem	easy	result.json	model	xmem	/data/narendhiran_rpx/docker-smoke/tracking-production-250/xmem/easy
mos	250	xmem	easy	result.json	model_checkpoint.filename	XMem.pth	/data/narendhiran_rpx/docker-smoke/tracking-production-250/xmem/easy
mos	250	xmem	easy	result.json	model_checkpoint.repo	hkchengrex/XMem	/data/narendhiran_rpx/docker-smoke/tracking-production-250/xmem/easy
mos	250	xmem	easy	result.json	model_checkpoint.revision	v1.0	/data/narendhiran_rpx/docker-smoke/tracking-production-250/xmem/easy
mos	250	xmem	easy	result.json	model_checkpoint.sha256	27776291d2f0639b4e6b372a67651579b51180aa4d8f8f89bbff2dcc09ebf6f9	/data/narendhiran_rpx/docker-smoke/tracking-production-250/xmem/easy
mos	250	xmem	easy	result.json	phase_metrics.0.assa	0.9614252038934114	/data/narendhiran_rpx/docker-smoke/tracking-production-250/xmem/easy
mos	250	xmem	easy	result.json	phase_metrics.0.deta	0.9480382419318706	/data/narendhiran_rpx/docker-smoke/tracking-production-250/xmem/easy
mos	250	xmem	easy	result.json	phase_metrics.0.hota	0.9543521233761062	/data/narendhiran_rpx/docker-smoke/tracking-production-250/xmem/easy
mos	250	xmem	easy	result.json	phase_metrics.0.idf1	0.9957051627812089	/data/narendhiran_rpx/docker-smoke/tracking-production-250/xmem/easy
mos	250	xmem	easy	result.json	phase_metrics.0.idsw	0.0	/data/narendhiran_rpx/docker-smoke/tracking-production-250/xmem/easy
mos	250	xmem	easy	result.json	phase_metrics.0.mota	0.9914104550963301	/data/narendhiran_rpx/docker-smoke/tracking-production-250/xmem/easy
mos	250	xmem	easy	result.json	phase_metrics.1.assa	0.9178542006716283	/data/narendhiran_rpx/docker-smoke/tracking-production-250/xmem/easy
mos	250	xmem	easy	result.json	phase_metrics.1.deta	0.8569355210990223	/data/narendhiran_rpx/docker-smoke/tracking-production-250/xmem/easy
mos	250	xmem	easy	result.json	phase_metrics.1.hota	0.8855792274456152	/data/narendhiran_rpx/docker-smoke/tracking-production-250/xmem/easy
mos	250	xmem	easy	result.json	phase_metrics.1.idf1	0.9392069634988021	/data/narendhiran_rpx/docker-smoke/tracking-production-250/xmem/easy
mos	250	xmem	easy	result.json	phase_metrics.1.idsw	0.21212121212121213	/data/narendhiran_rpx/docker-smoke/tracking-production-250/xmem/easy
mos	250	xmem	easy	result.json	phase_metrics.1.mota	0.8852731397628714	/data/narendhiran_rpx/docker-smoke/tracking-production-250/xmem/easy
mos	250	xmem	easy	result.json	phase_metrics.2.assa	0.9668206908300276	/data/narendhiran_rpx/docker-smoke/tracking-production-250/xmem/easy
mos	250	xmem	easy	result.json	phase_metrics.2.deta	0.9587173604689141	/data/narendhiran_rpx/docker-smoke/tracking-production-250/xmem/easy
mos	250	xmem	easy	result.json	phase_metrics.2.hota	0.9626079347454709	/data/narendhiran_rpx/docker-smoke/tracking-production-250/xmem/easy
mos	250	xmem	easy	result.json	phase_metrics.2.idf1	0.9968826875749915	/data/narendhiran_rpx/docker-smoke/tracking-production-250/xmem/easy
mos	250	xmem	easy	result.json	phase_metrics.2.idsw	0.09090909090909091	/data/narendhiran_rpx/docker-smoke/tracking-production-250/xmem/easy
mos	250	xmem	easy	result.json	phase_metrics.2.mota	0.9937853655530567	/data/narendhiran_rpx/docker-smoke/tracking-production-250/xmem/easy
mos	250	xmem	easy	result.json	prediction_stats.complete_clip_cache_hits	0	/data/narendhiran_rpx/docker-smoke/tracking-production-250/xmem/easy
mos	250	xmem	easy	result.json	prediction_stats.inferred_clips	99	/data/narendhiran_rpx/docker-smoke/tracking-production-250/xmem/easy
mos	250	xmem	easy	result.json	prediction_stats.model_propagation_frames	24651	/data/narendhiran_rpx/docker-smoke/tracking-production-250/xmem/easy
mos	250	xmem	easy	result.json	protocol.association_iou_threshold	0.5	/data/narendhiran_rpx/docker-smoke/tracking-production-250/xmem/easy
mos	250	xmem	easy	result.json	protocol.association_representation	tight_boxes_derived_from_instance_masks	/data/narendhiran_rpx/docker-smoke/tracking-production-250/xmem/easy
mos	250	xmem	easy	result.json	protocol.hota	mean_over_0.05_to_0.95	/data/narendhiran_rpx/docker-smoke/tracking-production-250/xmem/easy
mos	250	xmem	easy	result.json	protocol.initialization	ground_truth_first_frame_mask	/data/narendhiran_rpx/docker-smoke/tracking-production-250/xmem/easy
mos	250	xmem	easy	result.json	protocol.metric_implementation	TrackEval	/data/narendhiran_rpx/docker-smoke/tracking-production-250/xmem/easy
mos	250	xmem	easy	result.json	protocol.open_vocabulary	False	/data/narendhiran_rpx/docker-smoke/tracking-production-250/xmem/easy
mos	250	xmem	easy	result.json	protocol.scored_frames	1_to_end (initialization frame excluded)	/data/narendhiran_rpx/docker-smoke/tracking-production-250/xmem/easy
mos	250	xmem	easy	result.json	protocol.vocabulary		/data/narendhiran_rpx/docker-smoke/tracking-production-250/xmem/easy
mos	250	xmem	easy	result.json	protocol.vocabulary_size		/data/narendhiran_rpx/docker-smoke/tracking-production-250/xmem/easy
mos	250	xmem	easy	result.json	rpx_git_sha	537fea4f83244d9076768cb69b2f44c1026a1c52	/data/narendhiran_rpx/docker-smoke/tracking-production-250/xmem/easy
mos	250	xmem	easy	result.json	split	easy	/data/narendhiran_rpx/docker-smoke/tracking-production-250/xmem/easy
mos	250	xmem	easy	result.json	task	object_tracking	/data/narendhiran_rpx/docker-smoke/tracking-production-250/xmem/easy
mos	250	xmem	easy	run_metadata.json	clips	99	/data/narendhiran_rpx/docker-smoke/tracking-production-250/xmem/easy
mos	250	xmem	easy	run_metadata.json	dataset.manifest_sha256	0ba018a738383d23df239f1b138669dd1cc8261a730d41cb84ce1bde14f80c4a	/data/narendhiran_rpx/docker-smoke/tracking-production-250/xmem/easy
mos	250	xmem	easy	run_metadata.json	dataset.repo	IRVLUTD/RPX	/data/narendhiran_rpx/docker-smoke/tracking-production-250/xmem/easy
mos	250	xmem	easy	run_metadata.json	dataset.revision	2e2a387f7f93e98c177b2e039c141eacda94e5fc	/data/narendhiran_rpx/docker-smoke/tracking-production-250/xmem/easy
mos	250	xmem	easy	run_metadata.json	evaluator_git_sha	537fea4f83244d9076768cb69b2f44c1026a1c52	/data/narendhiran_rpx/docker-smoke/tracking-production-250/xmem/easy
mos	250	xmem	easy	run_metadata.json	finished_unix	1787145211.7515311	/data/narendhiran_rpx/docker-smoke/tracking-production-250/xmem/easy
mos	250	xmem	easy	run_metadata.json	frames	24750	/data/narendhiran_rpx/docker-smoke/tracking-production-250/xmem/easy
mos	250	xmem	easy	run_metadata.json	hardware.gpu_compute_capability.__length__	2	/data/narendhiran_rpx/docker-smoke/tracking-production-250/xmem/easy
mos	250	xmem	easy	run_metadata.json	hardware.gpu_name	NVIDIA RTX 6000 Ada Generation	/data/narendhiran_rpx/docker-smoke/tracking-production-250/xmem/easy
mos	250	xmem	easy	run_metadata.json	hardware.gpu_total_memory_bytes	50865307648	/data/narendhiran_rpx/docker-smoke/tracking-production-250/xmem/easy
mos	250	xmem	easy	run_metadata.json	hardware.torch_cuda_version	12.8	/data/narendhiran_rpx/docker-smoke/tracking-production-250/xmem/easy
mos	250	xmem	easy	run_metadata.json	hardware.torch_version	2.7.1+cu128	/data/narendhiran_rpx/docker-smoke/tracking-production-250/xmem/easy
mos	250	xmem	easy	run_metadata.json	model	xmem	/data/narendhiran_rpx/docker-smoke/tracking-production-250/xmem/easy
mos	250	xmem	easy	run_metadata.json	model_checkpoint.filename	XMem.pth	/data/narendhiran_rpx/docker-smoke/tracking-production-250/xmem/easy
mos	250	xmem	easy	run_metadata.json	model_checkpoint.repo	hkchengrex/XMem	/data/narendhiran_rpx/docker-smoke/tracking-production-250/xmem/easy
mos	250	xmem	easy	run_metadata.json	model_checkpoint.revision	v1.0	/data/narendhiran_rpx/docker-smoke/tracking-production-250/xmem/easy
mos	250	xmem	easy	run_metadata.json	model_checkpoint.sha256	27776291d2f0639b4e6b372a67651579b51180aa4d8f8f89bbff2dcc09ebf6f9	/data/narendhiran_rpx/docker-smoke/tracking-production-250/xmem/easy
mos	250	xmem	easy	run_metadata.json	parameter_count	62185224	/data/narendhiran_rpx/docker-smoke/tracking-production-250/xmem/easy
mos	250	xmem	easy	run_metadata.json	phase_metrics.0.assa	0.9614252038934114	/data/narendhiran_rpx/docker-smoke/tracking-production-250/xmem/easy
mos	250	xmem	easy	run_metadata.json	phase_metrics.0.deta	0.9480382419318706	/data/narendhiran_rpx/docker-smoke/tracking-production-250/xmem/easy
mos	250	xmem	easy	run_metadata.json	phase_metrics.0.hota	0.9543521233761062	/data/narendhiran_rpx/docker-smoke/tracking-production-250/xmem/easy
mos	250	xmem	easy	run_metadata.json	phase_metrics.0.idf1	0.9957051627812089	/data/narendhiran_rpx/docker-smoke/tracking-production-250/xmem/easy
mos	250	xmem	easy	run_metadata.json	phase_metrics.0.idsw	0.0	/data/narendhiran_rpx/docker-smoke/tracking-production-250/xmem/easy
mos	250	xmem	easy	run_metadata.json	phase_metrics.0.mota	0.9914104550963301	/data/narendhiran_rpx/docker-smoke/tracking-production-250/xmem/easy
mos	250	xmem	easy	run_metadata.json	phase_metrics.1.assa	0.9178542006716283	/data/narendhiran_rpx/docker-smoke/tracking-production-250/xmem/easy
mos	250	xmem	easy	run_metadata.json	phase_metrics.1.deta	0.8569355210990223	/data/narendhiran_rpx/docker-smoke/tracking-production-250/xmem/easy
mos	250	xmem	easy	run_metadata.json	phase_metrics.1.hota	0.8855792274456152	/data/narendhiran_rpx/docker-smoke/tracking-production-250/xmem/easy
mos	250	xmem	easy	run_metadata.json	phase_metrics.1.idf1	0.9392069634988021	/data/narendhiran_rpx/docker-smoke/tracking-production-250/xmem/easy
mos	250	xmem	easy	run_metadata.json	phase_metrics.1.idsw	0.21212121212121213	/data/narendhiran_rpx/docker-smoke/tracking-production-250/xmem/easy
mos	250	xmem	easy	run_metadata.json	phase_metrics.1.mota	0.8852731397628714	/data/narendhiran_rpx/docker-smoke/tracking-production-250/xmem/easy
mos	250	xmem	easy	run_metadata.json	phase_metrics.2.assa	0.9668206908300276	/data/narendhiran_rpx/docker-smoke/tracking-production-250/xmem/easy
mos	250	xmem	easy	run_metadata.json	phase_metrics.2.deta	0.9587173604689141	/data/narendhiran_rpx/docker-smoke/tracking-production-250/xmem/easy
mos	250	xmem	easy	run_metadata.json	phase_metrics.2.hota	0.9626079347454709	/data/narendhiran_rpx/docker-smoke/tracking-production-250/xmem/easy
mos	250	xmem	easy	run_metadata.json	phase_metrics.2.idf1	0.9968826875749915	/data/narendhiran_rpx/docker-smoke/tracking-production-250/xmem/easy
mos	250	xmem	easy	run_metadata.json	phase_metrics.2.idsw	0.09090909090909091	/data/narendhiran_rpx/docker-smoke/tracking-production-250/xmem/easy
mos	250	xmem	easy	run_metadata.json	phase_metrics.2.mota	0.9937853655530567	/data/narendhiran_rpx/docker-smoke/tracking-production-250/xmem/easy
mos	250	xmem	easy	run_metadata.json	pid	115	/data/narendhiran_rpx/docker-smoke/tracking-production-250/xmem/easy
mos	250	xmem	easy	run_metadata.json	prediction_stats.complete_clip_cache_hits	0	/data/narendhiran_rpx/docker-smoke/tracking-production-250/xmem/easy
mos	250	xmem	easy	run_metadata.json	prediction_stats.inferred_clips	99	/data/narendhiran_rpx/docker-smoke/tracking-production-250/xmem/easy
mos	250	xmem	easy	run_metadata.json	prediction_stats.model_propagation_frames	24651	/data/narendhiran_rpx/docker-smoke/tracking-production-250/xmem/easy
mos	250	xmem	easy	run_metadata.json	protocol.association_iou_threshold	0.5	/data/narendhiran_rpx/docker-smoke/tracking-production-250/xmem/easy
mos	250	xmem	easy	run_metadata.json	protocol.association_representation	tight_boxes_derived_from_instance_masks	/data/narendhiran_rpx/docker-smoke/tracking-production-250/xmem/easy
mos	250	xmem	easy	run_metadata.json	protocol.hota	mean_over_0.05_to_0.95	/data/narendhiran_rpx/docker-smoke/tracking-production-250/xmem/easy
mos	250	xmem	easy	run_metadata.json	protocol.initialization	ground_truth_first_frame_mask	/data/narendhiran_rpx/docker-smoke/tracking-production-250/xmem/easy
mos	250	xmem	easy	run_metadata.json	protocol.metric_implementation	TrackEval	/data/narendhiran_rpx/docker-smoke/tracking-production-250/xmem/easy
mos	250	xmem	easy	run_metadata.json	protocol.open_vocabulary	False	/data/narendhiran_rpx/docker-smoke/tracking-production-250/xmem/easy
mos	250	xmem	easy	run_metadata.json	protocol.scored_frames	1_to_end (initialization frame excluded)	/data/narendhiran_rpx/docker-smoke/tracking-production-250/xmem/easy
mos	250	xmem	easy	run_metadata.json	protocol.vocabulary		/data/narendhiran_rpx/docker-smoke/tracking-production-250/xmem/easy
mos	250	xmem	easy	run_metadata.json	protocol.vocabulary_size		/data/narendhiran_rpx/docker-smoke/tracking-production-250/xmem/easy
mos	250	xmem	easy	run_metadata.json	rpx_git_sha	537fea4f83244d9076768cb69b2f44c1026a1c52	/data/narendhiran_rpx/docker-smoke/tracking-production-250/xmem/easy
mos	250	xmem	easy	run_metadata.json	split	easy	/data/narendhiran_rpx/docker-smoke/tracking-production-250/xmem/easy
mos	250	xmem	easy	run_metadata.json	started_unix	1787143096.7689779	/data/narendhiran_rpx/docker-smoke/tracking-production-250/xmem/easy
mos	250	xmem	easy	run_metadata.json	task	object_tracking	/data/narendhiran_rpx/docker-smoke/tracking-production-250/xmem/easy
mos	250	xmem	medium	result.json	clips	99	/data/narendhiran_rpx/docker-smoke/tracking-production-250/xmem/medium
mos	250	xmem	medium	result.json	dataset.manifest_sha256	092980d23ee7a30de981c8dbf718cb05be8fa5209cc191bd116fd19439b2e72d	/data/narendhiran_rpx/docker-smoke/tracking-production-250/xmem/medium
mos	250	xmem	medium	result.json	dataset.repo	IRVLUTD/RPX	/data/narendhiran_rpx/docker-smoke/tracking-production-250/xmem/medium
mos	250	xmem	medium	result.json	dataset.revision	2e2a387f7f93e98c177b2e039c141eacda94e5fc	/data/narendhiran_rpx/docker-smoke/tracking-production-250/xmem/medium
mos	250	xmem	medium	result.json	evaluator_git_sha	537fea4f83244d9076768cb69b2f44c1026a1c52	/data/narendhiran_rpx/docker-smoke/tracking-production-250/xmem/medium
mos	250	xmem	medium	result.json	frames	24750	/data/narendhiran_rpx/docker-smoke/tracking-production-250/xmem/medium
mos	250	xmem	medium	result.json	hardware.gpu_compute_capability.__length__	2	/data/narendhiran_rpx/docker-smoke/tracking-production-250/xmem/medium
mos	250	xmem	medium	result.json	hardware.gpu_name	NVIDIA RTX 6000 Ada Generation	/data/narendhiran_rpx/docker-smoke/tracking-production-250/xmem/medium
mos	250	xmem	medium	result.json	hardware.gpu_total_memory_bytes	50865307648	/data/narendhiran_rpx/docker-smoke/tracking-production-250/xmem/medium
mos	250	xmem	medium	result.json	hardware.torch_cuda_version	12.8	/data/narendhiran_rpx/docker-smoke/tracking-production-250/xmem/medium
mos	250	xmem	medium	result.json	hardware.torch_version	2.7.1+cu128	/data/narendhiran_rpx/docker-smoke/tracking-production-250/xmem/medium
mos	250	xmem	medium	result.json	model	xmem	/data/narendhiran_rpx/docker-smoke/tracking-production-250/xmem/medium
mos	250	xmem	medium	result.json	model_checkpoint.filename	XMem.pth	/data/narendhiran_rpx/docker-smoke/tracking-production-250/xmem/medium
mos	250	xmem	medium	result.json	model_checkpoint.repo	hkchengrex/XMem	/data/narendhiran_rpx/docker-smoke/tracking-production-250/xmem/medium
mos	250	xmem	medium	result.json	model_checkpoint.revision	v1.0	/data/narendhiran_rpx/docker-smoke/tracking-production-250/xmem/medium
mos	250	xmem	medium	result.json	model_checkpoint.sha256	27776291d2f0639b4e6b372a67651579b51180aa4d8f8f89bbff2dcc09ebf6f9	/data/narendhiran_rpx/docker-smoke/tracking-production-250/xmem/medium
mos	250	xmem	medium	result.json	phase_metrics.0.assa	0.9463489183913806	/data/narendhiran_rpx/docker-smoke/tracking-production-250/xmem/medium
mos	250	xmem	medium	result.json	phase_metrics.0.deta	0.9188423603775484	/data/narendhiran_rpx/docker-smoke/tracking-production-250/xmem/medium
mos	250	xmem	medium	result.json	phase_metrics.0.hota	0.9320478430848506	/data/narendhiran_rpx/docker-smoke/tracking-production-250/xmem/medium
mos	250	xmem	medium	result.json	phase_metrics.0.idf1	0.9798974772189651	/data/narendhiran_rpx/docker-smoke/tracking-production-250/xmem/medium
mos	250	xmem	medium	result.json	phase_metrics.0.idsw	0.3939393939393939	/data/narendhiran_rpx/docker-smoke/tracking-production-250/xmem/medium
mos	250	xmem	medium	result.json	phase_metrics.0.mota	0.9607640795574153	/data/narendhiran_rpx/docker-smoke/tracking-production-250/xmem/medium
mos	250	xmem	medium	result.json	phase_metrics.1.assa	0.8943305159112774	/data/narendhiran_rpx/docker-smoke/tracking-production-250/xmem/medium
mos	250	xmem	medium	result.json	phase_metrics.1.deta	0.7971907482191799	/data/narendhiran_rpx/docker-smoke/tracking-production-250/xmem/medium
mos	250	xmem	medium	result.json	phase_metrics.1.hota	0.8421819096807216	/data/narendhiran_rpx/docker-smoke/tracking-production-250/xmem/medium
mos	250	xmem	medium	result.json	phase_metrics.1.idf1	0.903389944971309	/data/narendhiran_rpx/docker-smoke/tracking-production-250/xmem/medium
mos	250	xmem	medium	result.json	phase_metrics.1.idsw	0.8484848484848485	/data/narendhiran_rpx/docker-smoke/tracking-production-250/xmem/medium
mos	250	xmem	medium	result.json	phase_metrics.1.mota	0.8174537405860917	/data/narendhiran_rpx/docker-smoke/tracking-production-250/xmem/medium
mos	250	xmem	medium	result.json	phase_metrics.2.assa	0.9585903136802867	/data/narendhiran_rpx/docker-smoke/tracking-production-250/xmem/medium
mos	250	xmem	medium	result.json	phase_metrics.2.deta	0.9478747304581264	/data/narendhiran_rpx/docker-smoke/tracking-production-250/xmem/medium
mos	250	xmem	medium	result.json	phase_metrics.2.hota	0.9529996000774812	/data/narendhiran_rpx/docker-smoke/tracking-production-250/xmem/medium
mos	250	xmem	medium	result.json	phase_metrics.2.idf1	0.9948240451645604	/data/narendhiran_rpx/docker-smoke/tracking-production-250/xmem/medium
mos	250	xmem	medium	result.json	phase_metrics.2.idsw	0.06060606060606061	/data/narendhiran_rpx/docker-smoke/tracking-production-250/xmem/medium
mos	250	xmem	medium	result.json	phase_metrics.2.mota	0.98964013466672	/data/narendhiran_rpx/docker-smoke/tracking-production-250/xmem/medium
mos	250	xmem	medium	result.json	prediction_stats.complete_clip_cache_hits	0	/data/narendhiran_rpx/docker-smoke/tracking-production-250/xmem/medium
mos	250	xmem	medium	result.json	prediction_stats.inferred_clips	99	/data/narendhiran_rpx/docker-smoke/tracking-production-250/xmem/medium
mos	250	xmem	medium	result.json	prediction_stats.model_propagation_frames	24651	/data/narendhiran_rpx/docker-smoke/tracking-production-250/xmem/medium
mos	250	xmem	medium	result.json	protocol.association_iou_threshold	0.5	/data/narendhiran_rpx/docker-smoke/tracking-production-250/xmem/medium
mos	250	xmem	medium	result.json	protocol.association_representation	tight_boxes_derived_from_instance_masks	/data/narendhiran_rpx/docker-smoke/tracking-production-250/xmem/medium
mos	250	xmem	medium	result.json	protocol.hota	mean_over_0.05_to_0.95	/data/narendhiran_rpx/docker-smoke/tracking-production-250/xmem/medium
mos	250	xmem	medium	result.json	protocol.initialization	ground_truth_first_frame_mask	/data/narendhiran_rpx/docker-smoke/tracking-production-250/xmem/medium
mos	250	xmem	medium	result.json	protocol.metric_implementation	TrackEval	/data/narendhiran_rpx/docker-smoke/tracking-production-250/xmem/medium
mos	250	xmem	medium	result.json	protocol.open_vocabulary	False	/data/narendhiran_rpx/docker-smoke/tracking-production-250/xmem/medium
mos	250	xmem	medium	result.json	protocol.scored_frames	1_to_end (initialization frame excluded)	/data/narendhiran_rpx/docker-smoke/tracking-production-250/xmem/medium
mos	250	xmem	medium	result.json	protocol.vocabulary		/data/narendhiran_rpx/docker-smoke/tracking-production-250/xmem/medium
mos	250	xmem	medium	result.json	protocol.vocabulary_size		/data/narendhiran_rpx/docker-smoke/tracking-production-250/xmem/medium
mos	250	xmem	medium	result.json	rpx_git_sha	537fea4f83244d9076768cb69b2f44c1026a1c52	/data/narendhiran_rpx/docker-smoke/tracking-production-250/xmem/medium
mos	250	xmem	medium	result.json	split	medium	/data/narendhiran_rpx/docker-smoke/tracking-production-250/xmem/medium
mos	250	xmem	medium	result.json	task	object_tracking	/data/narendhiran_rpx/docker-smoke/tracking-production-250/xmem/medium
mos	250	xmem	medium	run_metadata.json	clips	99	/data/narendhiran_rpx/docker-smoke/tracking-production-250/xmem/medium
mos	250	xmem	medium	run_metadata.json	dataset.manifest_sha256	092980d23ee7a30de981c8dbf718cb05be8fa5209cc191bd116fd19439b2e72d	/data/narendhiran_rpx/docker-smoke/tracking-production-250/xmem/medium
mos	250	xmem	medium	run_metadata.json	dataset.repo	IRVLUTD/RPX	/data/narendhiran_rpx/docker-smoke/tracking-production-250/xmem/medium
mos	250	xmem	medium	run_metadata.json	dataset.revision	2e2a387f7f93e98c177b2e039c141eacda94e5fc	/data/narendhiran_rpx/docker-smoke/tracking-production-250/xmem/medium
mos	250	xmem	medium	run_metadata.json	evaluator_git_sha	537fea4f83244d9076768cb69b2f44c1026a1c52	/data/narendhiran_rpx/docker-smoke/tracking-production-250/xmem/medium
mos	250	xmem	medium	run_metadata.json	finished_unix	1787147480.087974	/data/narendhiran_rpx/docker-smoke/tracking-production-250/xmem/medium
mos	250	xmem	medium	run_metadata.json	frames	24750	/data/narendhiran_rpx/docker-smoke/tracking-production-250/xmem/medium
mos	250	xmem	medium	run_metadata.json	hardware.gpu_compute_capability.__length__	2	/data/narendhiran_rpx/docker-smoke/tracking-production-250/xmem/medium
mos	250	xmem	medium	run_metadata.json	hardware.gpu_name	NVIDIA RTX 6000 Ada Generation	/data/narendhiran_rpx/docker-smoke/tracking-production-250/xmem/medium
mos	250	xmem	medium	run_metadata.json	hardware.gpu_total_memory_bytes	50865307648	/data/narendhiran_rpx/docker-smoke/tracking-production-250/xmem/medium
mos	250	xmem	medium	run_metadata.json	hardware.torch_cuda_version	12.8	/data/narendhiran_rpx/docker-smoke/tracking-production-250/xmem/medium
mos	250	xmem	medium	run_metadata.json	hardware.torch_version	2.7.1+cu128	/data/narendhiran_rpx/docker-smoke/tracking-production-250/xmem/medium
mos	250	xmem	medium	run_metadata.json	model	xmem	/data/narendhiran_rpx/docker-smoke/tracking-production-250/xmem/medium
mos	250	xmem	medium	run_metadata.json	model_checkpoint.filename	XMem.pth	/data/narendhiran_rpx/docker-smoke/tracking-production-250/xmem/medium
mos	250	xmem	medium	run_metadata.json	model_checkpoint.repo	hkchengrex/XMem	/data/narendhiran_rpx/docker-smoke/tracking-production-250/xmem/medium
mos	250	xmem	medium	run_metadata.json	model_checkpoint.revision	v1.0	/data/narendhiran_rpx/docker-smoke/tracking-production-250/xmem/medium
mos	250	xmem	medium	run_metadata.json	model_checkpoint.sha256	27776291d2f0639b4e6b372a67651579b51180aa4d8f8f89bbff2dcc09ebf6f9	/data/narendhiran_rpx/docker-smoke/tracking-production-250/xmem/medium
mos	250	xmem	medium	run_metadata.json	parameter_count	62185224	/data/narendhiran_rpx/docker-smoke/tracking-production-250/xmem/medium
mos	250	xmem	medium	run_metadata.json	phase_metrics.0.assa	0.9463489183913806	/data/narendhiran_rpx/docker-smoke/tracking-production-250/xmem/medium
mos	250	xmem	medium	run_metadata.json	phase_metrics.0.deta	0.9188423603775484	/data/narendhiran_rpx/docker-smoke/tracking-production-250/xmem/medium
mos	250	xmem	medium	run_metadata.json	phase_metrics.0.hota	0.9320478430848506	/data/narendhiran_rpx/docker-smoke/tracking-production-250/xmem/medium
mos	250	xmem	medium	run_metadata.json	phase_metrics.0.idf1	0.9798974772189651	/data/narendhiran_rpx/docker-smoke/tracking-production-250/xmem/medium
mos	250	xmem	medium	run_metadata.json	phase_metrics.0.idsw	0.3939393939393939	/data/narendhiran_rpx/docker-smoke/tracking-production-250/xmem/medium
mos	250	xmem	medium	run_metadata.json	phase_metrics.0.mota	0.9607640795574153	/data/narendhiran_rpx/docker-smoke/tracking-production-250/xmem/medium
mos	250	xmem	medium	run_metadata.json	phase_metrics.1.assa	0.8943305159112774	/data/narendhiran_rpx/docker-smoke/tracking-production-250/xmem/medium
mos	250	xmem	medium	run_metadata.json	phase_metrics.1.deta	0.7971907482191799	/data/narendhiran_rpx/docker-smoke/tracking-production-250/xmem/medium
mos	250	xmem	medium	run_metadata.json	phase_metrics.1.hota	0.8421819096807216	/data/narendhiran_rpx/docker-smoke/tracking-production-250/xmem/medium
mos	250	xmem	medium	run_metadata.json	phase_metrics.1.idf1	0.903389944971309	/data/narendhiran_rpx/docker-smoke/tracking-production-250/xmem/medium
mos	250	xmem	medium	run_metadata.json	phase_metrics.1.idsw	0.8484848484848485	/data/narendhiran_rpx/docker-smoke/tracking-production-250/xmem/medium
mos	250	xmem	medium	run_metadata.json	phase_metrics.1.mota	0.8174537405860917	/data/narendhiran_rpx/docker-smoke/tracking-production-250/xmem/medium
mos	250	xmem	medium	run_metadata.json	phase_metrics.2.assa	0.9585903136802867	/data/narendhiran_rpx/docker-smoke/tracking-production-250/xmem/medium
mos	250	xmem	medium	run_metadata.json	phase_metrics.2.deta	0.9478747304581264	/data/narendhiran_rpx/docker-smoke/tracking-production-250/xmem/medium
mos	250	xmem	medium	run_metadata.json	phase_metrics.2.hota	0.9529996000774812	/data/narendhiran_rpx/docker-smoke/tracking-production-250/xmem/medium
mos	250	xmem	medium	run_metadata.json	phase_metrics.2.idf1	0.9948240451645604	/data/narendhiran_rpx/docker-smoke/tracking-production-250/xmem/medium
mos	250	xmem	medium	run_metadata.json	phase_metrics.2.idsw	0.06060606060606061	/data/narendhiran_rpx/docker-smoke/tracking-production-250/xmem/medium
mos	250	xmem	medium	run_metadata.json	phase_metrics.2.mota	0.98964013466672	/data/narendhiran_rpx/docker-smoke/tracking-production-250/xmem/medium
mos	250	xmem	medium	run_metadata.json	pid	278	/data/narendhiran_rpx/docker-smoke/tracking-production-250/xmem/medium
mos	250	xmem	medium	run_metadata.json	prediction_stats.complete_clip_cache_hits	0	/data/narendhiran_rpx/docker-smoke/tracking-production-250/xmem/medium
mos	250	xmem	medium	run_metadata.json	prediction_stats.inferred_clips	99	/data/narendhiran_rpx/docker-smoke/tracking-production-250/xmem/medium
mos	250	xmem	medium	run_metadata.json	prediction_stats.model_propagation_frames	24651	/data/narendhiran_rpx/docker-smoke/tracking-production-250/xmem/medium
mos	250	xmem	medium	run_metadata.json	protocol.association_iou_threshold	0.5	/data/narendhiran_rpx/docker-smoke/tracking-production-250/xmem/medium
mos	250	xmem	medium	run_metadata.json	protocol.association_representation	tight_boxes_derived_from_instance_masks	/data/narendhiran_rpx/docker-smoke/tracking-production-250/xmem/medium
mos	250	xmem	medium	run_metadata.json	protocol.hota	mean_over_0.05_to_0.95	/data/narendhiran_rpx/docker-smoke/tracking-production-250/xmem/medium
mos	250	xmem	medium	run_metadata.json	protocol.initialization	ground_truth_first_frame_mask	/data/narendhiran_rpx/docker-smoke/tracking-production-250/xmem/medium
mos	250	xmem	medium	run_metadata.json	protocol.metric_implementation	TrackEval	/data/narendhiran_rpx/docker-smoke/tracking-production-250/xmem/medium
mos	250	xmem	medium	run_metadata.json	protocol.open_vocabulary	False	/data/narendhiran_rpx/docker-smoke/tracking-production-250/xmem/medium
mos	250	xmem	medium	run_metadata.json	protocol.scored_frames	1_to_end (initialization frame excluded)	/data/narendhiran_rpx/docker-smoke/tracking-production-250/xmem/medium
mos	250	xmem	medium	run_metadata.json	protocol.vocabulary		/data/narendhiran_rpx/docker-smoke/tracking-production-250/xmem/medium
mos	250	xmem	medium	run_metadata.json	protocol.vocabulary_size		/data/narendhiran_rpx/docker-smoke/tracking-production-250/xmem/medium
mos	250	xmem	medium	run_metadata.json	rpx_git_sha	537fea4f83244d9076768cb69b2f44c1026a1c52	/data/narendhiran_rpx/docker-smoke/tracking-production-250/xmem/medium
mos	250	xmem	medium	run_metadata.json	split	medium	/data/narendhiran_rpx/docker-smoke/tracking-production-250/xmem/medium
mos	250	xmem	medium	run_metadata.json	started_unix	1787145259.279287	/data/narendhiran_rpx/docker-smoke/tracking-production-250/xmem/medium
mos	250	xmem	medium	run_metadata.json	task	object_tracking	/data/narendhiran_rpx/docker-smoke/tracking-production-250/xmem/medium
mos	250	xmem	hard	result.json	clips	102	/data/narendhiran_rpx/docker-smoke/tracking-production-250/xmem/hard
mos	250	xmem	hard	result.json	dataset.manifest_sha256	fbc3c01164696ffacfd8f09d202ab0880fe46ce5933af2daf3750a4ba3b7c6bc	/data/narendhiran_rpx/docker-smoke/tracking-production-250/xmem/hard
mos	250	xmem	hard	result.json	dataset.repo	IRVLUTD/RPX	/data/narendhiran_rpx/docker-smoke/tracking-production-250/xmem/hard
mos	250	xmem	hard	result.json	dataset.revision	2e2a387f7f93e98c177b2e039c141eacda94e5fc	/data/narendhiran_rpx/docker-smoke/tracking-production-250/xmem/hard
mos	250	xmem	hard	result.json	evaluator_git_sha	537fea4f83244d9076768cb69b2f44c1026a1c52	/data/narendhiran_rpx/docker-smoke/tracking-production-250/xmem/hard
mos	250	xmem	hard	result.json	frames	25500	/data/narendhiran_rpx/docker-smoke/tracking-production-250/xmem/hard
mos	250	xmem	hard	result.json	hardware.gpu_compute_capability.__length__	2	/data/narendhiran_rpx/docker-smoke/tracking-production-250/xmem/hard
mos	250	xmem	hard	result.json	hardware.gpu_name	NVIDIA RTX 6000 Ada Generation	/data/narendhiran_rpx/docker-smoke/tracking-production-250/xmem/hard
mos	250	xmem	hard	result.json	hardware.gpu_total_memory_bytes	50865307648	/data/narendhiran_rpx/docker-smoke/tracking-production-250/xmem/hard
mos	250	xmem	hard	result.json	hardware.torch_cuda_version	12.8	/data/narendhiran_rpx/docker-smoke/tracking-production-250/xmem/hard
mos	250	xmem	hard	result.json	hardware.torch_version	2.7.1+cu128	/data/narendhiran_rpx/docker-smoke/tracking-production-250/xmem/hard
mos	250	xmem	hard	result.json	model	xmem	/data/narendhiran_rpx/docker-smoke/tracking-production-250/xmem/hard
mos	250	xmem	hard	result.json	model_checkpoint.filename	XMem.pth	/data/narendhiran_rpx/docker-smoke/tracking-production-250/xmem/hard
mos	250	xmem	hard	result.json	model_checkpoint.repo	hkchengrex/XMem	/data/narendhiran_rpx/docker-smoke/tracking-production-250/xmem/hard
mos	250	xmem	hard	result.json	model_checkpoint.revision	v1.0	/data/narendhiran_rpx/docker-smoke/tracking-production-250/xmem/hard
mos	250	xmem	hard	result.json	model_checkpoint.sha256	27776291d2f0639b4e6b372a67651579b51180aa4d8f8f89bbff2dcc09ebf6f9	/data/narendhiran_rpx/docker-smoke/tracking-production-250/xmem/hard
mos	250	xmem	hard	result.json	phase_metrics.0.assa	0.919280381038444	/data/narendhiran_rpx/docker-smoke/tracking-production-250/xmem/hard
mos	250	xmem	hard	result.json	phase_metrics.0.deta	0.8756896214817718	/data/narendhiran_rpx/docker-smoke/tracking-production-250/xmem/hard
mos	250	xmem	hard	result.json	phase_metrics.0.hota	0.8963419740558225	/data/narendhiran_rpx/docker-smoke/tracking-production-250/xmem/hard
mos	250	xmem	hard	result.json	phase_metrics.0.idf1	0.9616319019515792	/data/narendhiran_rpx/docker-smoke/tracking-production-250/xmem/hard
mos	250	xmem	hard	result.json	phase_metrics.0.idsw	0.5882352941176471	/data/narendhiran_rpx/docker-smoke/tracking-production-250/xmem/hard
mos	250	xmem	hard	result.json	phase_metrics.0.mota	0.9240644621660651	/data/narendhiran_rpx/docker-smoke/tracking-production-250/xmem/hard
mos	250	xmem	hard	result.json	phase_metrics.1.assa	0.8579581539087123	/data/narendhiran_rpx/docker-smoke/tracking-production-250/xmem/hard
mos	250	xmem	hard	result.json	phase_metrics.1.deta	0.7671130493283784	/data/narendhiran_rpx/docker-smoke/tracking-production-250/xmem/hard
mos	250	xmem	hard	result.json	phase_metrics.1.hota	0.8086854640575515	/data/narendhiran_rpx/docker-smoke/tracking-production-250/xmem/hard
mos	250	xmem	hard	result.json	phase_metrics.1.idf1	0.882337523056184	/data/narendhiran_rpx/docker-smoke/tracking-production-250/xmem/hard
mos	250	xmem	hard	result.json	phase_metrics.1.idsw	2.7058823529411766	/data/narendhiran_rpx/docker-smoke/tracking-production-250/xmem/hard
mos	250	xmem	hard	result.json	phase_metrics.1.mota	0.7816196634228746	/data/narendhiran_rpx/docker-smoke/tracking-production-250/xmem/hard
mos	250	xmem	hard	result.json	phase_metrics.2.assa	0.9349584614309874	/data/narendhiran_rpx/docker-smoke/tracking-production-250/xmem/hard
mos	250	xmem	hard	result.json	phase_metrics.2.deta	0.9041339213654794	/data/narendhiran_rpx/docker-smoke/tracking-production-250/xmem/hard
mos	250	xmem	hard	result.json	phase_metrics.2.hota	0.9187617820847603	/data/narendhiran_rpx/docker-smoke/tracking-production-250/xmem/hard
mos	250	xmem	hard	result.json	phase_metrics.2.idf1	0.9748872602597781	/data/narendhiran_rpx/docker-smoke/tracking-production-250/xmem/hard
mos	250	xmem	hard	result.json	phase_metrics.2.idsw	0.4117647058823529	/data/narendhiran_rpx/docker-smoke/tracking-production-250/xmem/hard
mos	250	xmem	hard	result.json	phase_metrics.2.mota	0.9508350104109077	/data/narendhiran_rpx/docker-smoke/tracking-production-250/xmem/hard
mos	250	xmem	hard	result.json	prediction_stats.complete_clip_cache_hits	0	/data/narendhiran_rpx/docker-smoke/tracking-production-250/xmem/hard
mos	250	xmem	hard	result.json	prediction_stats.inferred_clips	102	/data/narendhiran_rpx/docker-smoke/tracking-production-250/xmem/hard
mos	250	xmem	hard	result.json	prediction_stats.model_propagation_frames	25398	/data/narendhiran_rpx/docker-smoke/tracking-production-250/xmem/hard
mos	250	xmem	hard	result.json	protocol.association_iou_threshold	0.5	/data/narendhiran_rpx/docker-smoke/tracking-production-250/xmem/hard
mos	250	xmem	hard	result.json	protocol.association_representation	tight_boxes_derived_from_instance_masks	/data/narendhiran_rpx/docker-smoke/tracking-production-250/xmem/hard
mos	250	xmem	hard	result.json	protocol.hota	mean_over_0.05_to_0.95	/data/narendhiran_rpx/docker-smoke/tracking-production-250/xmem/hard
mos	250	xmem	hard	result.json	protocol.initialization	ground_truth_first_frame_mask	/data/narendhiran_rpx/docker-smoke/tracking-production-250/xmem/hard
mos	250	xmem	hard	result.json	protocol.metric_implementation	TrackEval	/data/narendhiran_rpx/docker-smoke/tracking-production-250/xmem/hard
mos	250	xmem	hard	result.json	protocol.open_vocabulary	False	/data/narendhiran_rpx/docker-smoke/tracking-production-250/xmem/hard
mos	250	xmem	hard	result.json	protocol.scored_frames	1_to_end (initialization frame excluded)	/data/narendhiran_rpx/docker-smoke/tracking-production-250/xmem/hard
mos	250	xmem	hard	result.json	protocol.vocabulary		/data/narendhiran_rpx/docker-smoke/tracking-production-250/xmem/hard
mos	250	xmem	hard	result.json	protocol.vocabulary_size		/data/narendhiran_rpx/docker-smoke/tracking-production-250/xmem/hard
mos	250	xmem	hard	result.json	rpx_git_sha	537fea4f83244d9076768cb69b2f44c1026a1c52	/data/narendhiran_rpx/docker-smoke/tracking-production-250/xmem/hard
mos	250	xmem	hard	result.json	split	hard	/data/narendhiran_rpx/docker-smoke/tracking-production-250/xmem/hard
mos	250	xmem	hard	result.json	task	object_tracking	/data/narendhiran_rpx/docker-smoke/tracking-production-250/xmem/hard
mos	250	xmem	hard	run_metadata.json	clips	102	/data/narendhiran_rpx/docker-smoke/tracking-production-250/xmem/hard
mos	250	xmem	hard	run_metadata.json	dataset.manifest_sha256	fbc3c01164696ffacfd8f09d202ab0880fe46ce5933af2daf3750a4ba3b7c6bc	/data/narendhiran_rpx/docker-smoke/tracking-production-250/xmem/hard
mos	250	xmem	hard	run_metadata.json	dataset.repo	IRVLUTD/RPX	/data/narendhiran_rpx/docker-smoke/tracking-production-250/xmem/hard
mos	250	xmem	hard	run_metadata.json	dataset.revision	2e2a387f7f93e98c177b2e039c141eacda94e5fc	/data/narendhiran_rpx/docker-smoke/tracking-production-250/xmem/hard
mos	250	xmem	hard	run_metadata.json	evaluator_git_sha	537fea4f83244d9076768cb69b2f44c1026a1c52	/data/narendhiran_rpx/docker-smoke/tracking-production-250/xmem/hard
mos	250	xmem	hard	run_metadata.json	finished_unix	1787149725.0011518	/data/narendhiran_rpx/docker-smoke/tracking-production-250/xmem/hard
mos	250	xmem	hard	run_metadata.json	frames	25500	/data/narendhiran_rpx/docker-smoke/tracking-production-250/xmem/hard
mos	250	xmem	hard	run_metadata.json	hardware.gpu_compute_capability.__length__	2	/data/narendhiran_rpx/docker-smoke/tracking-production-250/xmem/hard
mos	250	xmem	hard	run_metadata.json	hardware.gpu_name	NVIDIA RTX 6000 Ada Generation	/data/narendhiran_rpx/docker-smoke/tracking-production-250/xmem/hard
mos	250	xmem	hard	run_metadata.json	hardware.gpu_total_memory_bytes	50865307648	/data/narendhiran_rpx/docker-smoke/tracking-production-250/xmem/hard
mos	250	xmem	hard	run_metadata.json	hardware.torch_cuda_version	12.8	/data/narendhiran_rpx/docker-smoke/tracking-production-250/xmem/hard
mos	250	xmem	hard	run_metadata.json	hardware.torch_version	2.7.1+cu128	/data/narendhiran_rpx/docker-smoke/tracking-production-250/xmem/hard
mos	250	xmem	hard	run_metadata.json	model	xmem	/data/narendhiran_rpx/docker-smoke/tracking-production-250/xmem/hard
mos	250	xmem	hard	run_metadata.json	model_checkpoint.filename	XMem.pth	/data/narendhiran_rpx/docker-smoke/tracking-production-250/xmem/hard
mos	250	xmem	hard	run_metadata.json	model_checkpoint.repo	hkchengrex/XMem	/data/narendhiran_rpx/docker-smoke/tracking-production-250/xmem/hard
mos	250	xmem	hard	run_metadata.json	model_checkpoint.revision	v1.0	/data/narendhiran_rpx/docker-smoke/tracking-production-250/xmem/hard
mos	250	xmem	hard	run_metadata.json	model_checkpoint.sha256	27776291d2f0639b4e6b372a67651579b51180aa4d8f8f89bbff2dcc09ebf6f9	/data/narendhiran_rpx/docker-smoke/tracking-production-250/xmem/hard
mos	250	xmem	hard	run_metadata.json	parameter_count	62185224	/data/narendhiran_rpx/docker-smoke/tracking-production-250/xmem/hard
mos	250	xmem	hard	run_metadata.json	phase_metrics.0.assa	0.919280381038444	/data/narendhiran_rpx/docker-smoke/tracking-production-250/xmem/hard
mos	250	xmem	hard	run_metadata.json	phase_metrics.0.deta	0.8756896214817718	/data/narendhiran_rpx/docker-smoke/tracking-production-250/xmem/hard
mos	250	xmem	hard	run_metadata.json	phase_metrics.0.hota	0.8963419740558225	/data/narendhiran_rpx/docker-smoke/tracking-production-250/xmem/hard
mos	250	xmem	hard	run_metadata.json	phase_metrics.0.idf1	0.9616319019515792	/data/narendhiran_rpx/docker-smoke/tracking-production-250/xmem/hard
mos	250	xmem	hard	run_metadata.json	phase_metrics.0.idsw	0.5882352941176471	/data/narendhiran_rpx/docker-smoke/tracking-production-250/xmem/hard
mos	250	xmem	hard	run_metadata.json	phase_metrics.0.mota	0.9240644621660651	/data/narendhiran_rpx/docker-smoke/tracking-production-250/xmem/hard
mos	250	xmem	hard	run_metadata.json	phase_metrics.1.assa	0.8579581539087123	/data/narendhiran_rpx/docker-smoke/tracking-production-250/xmem/hard
mos	250	xmem	hard	run_metadata.json	phase_metrics.1.deta	0.7671130493283784	/data/narendhiran_rpx/docker-smoke/tracking-production-250/xmem/hard
mos	250	xmem	hard	run_metadata.json	phase_metrics.1.hota	0.8086854640575515	/data/narendhiran_rpx/docker-smoke/tracking-production-250/xmem/hard
mos	250	xmem	hard	run_metadata.json	phase_metrics.1.idf1	0.882337523056184	/data/narendhiran_rpx/docker-smoke/tracking-production-250/xmem/hard
mos	250	xmem	hard	run_metadata.json	phase_metrics.1.idsw	2.7058823529411766	/data/narendhiran_rpx/docker-smoke/tracking-production-250/xmem/hard
mos	250	xmem	hard	run_metadata.json	phase_metrics.1.mota	0.7816196634228746	/data/narendhiran_rpx/docker-smoke/tracking-production-250/xmem/hard
mos	250	xmem	hard	run_metadata.json	phase_metrics.2.assa	0.9349584614309874	/data/narendhiran_rpx/docker-smoke/tracking-production-250/xmem/hard
mos	250	xmem	hard	run_metadata.json	phase_metrics.2.deta	0.9041339213654794	/data/narendhiran_rpx/docker-smoke/tracking-production-250/xmem/hard
mos	250	xmem	hard	run_metadata.json	phase_metrics.2.hota	0.9187617820847603	/data/narendhiran_rpx/docker-smoke/tracking-production-250/xmem/hard
mos	250	xmem	hard	run_metadata.json	phase_metrics.2.idf1	0.9748872602597781	/data/narendhiran_rpx/docker-smoke/tracking-production-250/xmem/hard
mos	250	xmem	hard	run_metadata.json	phase_metrics.2.idsw	0.4117647058823529	/data/narendhiran_rpx/docker-smoke/tracking-production-250/xmem/hard
mos	250	xmem	hard	run_metadata.json	phase_metrics.2.mota	0.9508350104109077	/data/narendhiran_rpx/docker-smoke/tracking-production-250/xmem/hard
mos	250	xmem	hard	run_metadata.json	pid	440	/data/narendhiran_rpx/docker-smoke/tracking-production-250/xmem/hard
mos	250	xmem	hard	run_metadata.json	prediction_stats.complete_clip_cache_hits	0	/data/narendhiran_rpx/docker-smoke/tracking-production-250/xmem/hard
mos	250	xmem	hard	run_metadata.json	prediction_stats.inferred_clips	102	/data/narendhiran_rpx/docker-smoke/tracking-production-250/xmem/hard
mos	250	xmem	hard	run_metadata.json	prediction_stats.model_propagation_frames	25398	/data/narendhiran_rpx/docker-smoke/tracking-production-250/xmem/hard
mos	250	xmem	hard	run_metadata.json	protocol.association_iou_threshold	0.5	/data/narendhiran_rpx/docker-smoke/tracking-production-250/xmem/hard
mos	250	xmem	hard	run_metadata.json	protocol.association_representation	tight_boxes_derived_from_instance_masks	/data/narendhiran_rpx/docker-smoke/tracking-production-250/xmem/hard
mos	250	xmem	hard	run_metadata.json	protocol.hota	mean_over_0.05_to_0.95	/data/narendhiran_rpx/docker-smoke/tracking-production-250/xmem/hard
mos	250	xmem	hard	run_metadata.json	protocol.initialization	ground_truth_first_frame_mask	/data/narendhiran_rpx/docker-smoke/tracking-production-250/xmem/hard
mos	250	xmem	hard	run_metadata.json	protocol.metric_implementation	TrackEval	/data/narendhiran_rpx/docker-smoke/tracking-production-250/xmem/hard
mos	250	xmem	hard	run_metadata.json	protocol.open_vocabulary	False	/data/narendhiran_rpx/docker-smoke/tracking-production-250/xmem/hard
mos	250	xmem	hard	run_metadata.json	protocol.scored_frames	1_to_end (initialization frame excluded)	/data/narendhiran_rpx/docker-smoke/tracking-production-250/xmem/hard
mos	250	xmem	hard	run_metadata.json	protocol.vocabulary		/data/narendhiran_rpx/docker-smoke/tracking-production-250/xmem/hard
mos	250	xmem	hard	run_metadata.json	protocol.vocabulary_size		/data/narendhiran_rpx/docker-smoke/tracking-production-250/xmem/hard
mos	250	xmem	hard	run_metadata.json	rpx_git_sha	537fea4f83244d9076768cb69b2f44c1026a1c52	/data/narendhiran_rpx/docker-smoke/tracking-production-250/xmem/hard
mos	250	xmem	hard	run_metadata.json	split	hard	/data/narendhiran_rpx/docker-smoke/tracking-production-250/xmem/hard
mos	250	xmem	hard	run_metadata.json	started_unix	1787147542.9274828	/data/narendhiran_rpx/docker-smoke/tracking-production-250/xmem/hard
mos	250	xmem	hard	run_metadata.json	task	object_tracking	/data/narendhiran_rpx/docker-smoke/tracking-production-250/xmem/hard
mos	250	mits	easy	result.json	clips	99	/data/narendhiran_rpx/docker-smoke/tracking-production-250/mits/easy
mos	250	mits	easy	result.json	dataset.manifest_sha256	0ba018a738383d23df239f1b138669dd1cc8261a730d41cb84ce1bde14f80c4a	/data/narendhiran_rpx/docker-smoke/tracking-production-250/mits/easy
mos	250	mits	easy	result.json	dataset.repo	IRVLUTD/RPX	/data/narendhiran_rpx/docker-smoke/tracking-production-250/mits/easy
mos	250	mits	easy	result.json	dataset.revision	2e2a387f7f93e98c177b2e039c141eacda94e5fc	/data/narendhiran_rpx/docker-smoke/tracking-production-250/mits/easy
mos	250	mits	easy	result.json	evaluator_git_sha	fe57a310ee7c1a479c7eeefe79f253015160c6d0	/data/narendhiran_rpx/docker-smoke/tracking-production-250/mits/easy
mos	250	mits	easy	result.json	frames	24750	/data/narendhiran_rpx/docker-smoke/tracking-production-250/mits/easy
mos	250	mits	easy	result.json	hardware.gpu_compute_capability.__length__	2	/data/narendhiran_rpx/docker-smoke/tracking-production-250/mits/easy
mos	250	mits	easy	result.json	hardware.gpu_name	NVIDIA RTX 6000 Ada Generation	/data/narendhiran_rpx/docker-smoke/tracking-production-250/mits/easy
mos	250	mits	easy	result.json	hardware.gpu_total_memory_bytes	50865307648	/data/narendhiran_rpx/docker-smoke/tracking-production-250/mits/easy
mos	250	mits	easy	result.json	hardware.torch_cuda_version	12.8	/data/narendhiran_rpx/docker-smoke/tracking-production-250/mits/easy
mos	250	mits	easy	result.json	hardware.torch_version	2.7.1+cu128	/data/narendhiran_rpx/docker-smoke/tracking-production-250/mits/easy
mos	250	mits	easy	result.json	model	mits	/data/narendhiran_rpx/docker-smoke/tracking-production-250/mits/easy
mos	250	mits	easy	result.json	model_checkpoint.filename	mits.pth	/data/narendhiran_rpx/docker-smoke/tracking-production-250/mits/easy
mos	250	mits	easy	result.json	model_checkpoint.repo	yoxu515/MITS	/data/narendhiran_rpx/docker-smoke/tracking-production-250/mits/easy
mos	250	mits	easy	result.json	model_checkpoint.revision	gdrive-1Db9DxXc-gyRkxhKs0AMXJ2RH6DyHWCfq	/data/narendhiran_rpx/docker-smoke/tracking-production-250/mits/easy
mos	250	mits	easy	result.json	model_checkpoint.sha256	9291f533b9e47b22803acedc941761fdffbcd023ceffe5c611d540e3509d3f22	/data/narendhiran_rpx/docker-smoke/tracking-production-250/mits/easy
mos	250	mits	easy	result.json	phase_metrics.0.assa	0.9465020837517722	/data/narendhiran_rpx/docker-smoke/tracking-production-250/mits/easy
mos	250	mits	easy	result.json	phase_metrics.0.deta	0.9294427365263581	/data/narendhiran_rpx/docker-smoke/tracking-production-250/mits/easy
mos	250	mits	easy	result.json	phase_metrics.0.hota	0.9375622539697877	/data/narendhiran_rpx/docker-smoke/tracking-production-250/mits/easy
mos	250	mits	easy	result.json	phase_metrics.0.idf1	0.9891484145395082	/data/narendhiran_rpx/docker-smoke/tracking-production-250/mits/easy
mos	250	mits	easy	result.json	phase_metrics.0.idsw	0.0	/data/narendhiran_rpx/docker-smoke/tracking-production-250/mits/easy
mos	250	mits	easy	result.json	phase_metrics.0.mota	0.9783188890889077	/data/narendhiran_rpx/docker-smoke/tracking-production-250/mits/easy
mos	250	mits	easy	result.json	phase_metrics.1.assa	0.9030199334610842	/data/narendhiran_rpx/docker-smoke/tracking-production-250/mits/easy
mos	250	mits	easy	result.json	phase_metrics.1.deta	0.8331736766047891	/data/narendhiran_rpx/docker-smoke/tracking-production-250/mits/easy
mos	250	mits	easy	result.json	phase_metrics.1.hota	0.8653116760896771	/data/narendhiran_rpx/docker-smoke/tracking-production-250/mits/easy
mos	250	mits	easy	result.json	phase_metrics.1.idf1	0.931290846928055	/data/narendhiran_rpx/docker-smoke/tracking-production-250/mits/easy
mos	250	mits	easy	result.json	phase_metrics.1.idsw	1.0606060606060606	/data/narendhiran_rpx/docker-smoke/tracking-production-250/mits/easy
mos	250	mits	easy	result.json	phase_metrics.1.mota	0.8695649172493897	/data/narendhiran_rpx/docker-smoke/tracking-production-250/mits/easy
mos	250	mits	easy	result.json	phase_metrics.2.assa	0.9617990863486368	/data/narendhiran_rpx/docker-smoke/tracking-production-250/mits/easy
mos	250	mits	easy	result.json	phase_metrics.2.deta	0.9542638598793439	/data/narendhiran_rpx/docker-smoke/tracking-production-250/mits/easy
mos	250	mits	easy	result.json	phase_metrics.2.hota	0.9578569685525699	/data/narendhiran_rpx/docker-smoke/tracking-production-250/mits/easy
mos	250	mits	easy	result.json	phase_metrics.2.idf1	0.9970923332509101	/data/narendhiran_rpx/docker-smoke/tracking-production-250/mits/easy
mos	250	mits	easy	result.json	phase_metrics.2.idsw	0.09090909090909091	/data/narendhiran_rpx/docker-smoke/tracking-production-250/mits/easy
mos	250	mits	easy	result.json	phase_metrics.2.mota	0.9942081112613398	/data/narendhiran_rpx/docker-smoke/tracking-production-250/mits/easy
mos	250	mits	easy	result.json	prediction_stats.complete_clip_cache_hits	0	/data/narendhiran_rpx/docker-smoke/tracking-production-250/mits/easy
mos	250	mits	easy	result.json	prediction_stats.inferred_clips	99	/data/narendhiran_rpx/docker-smoke/tracking-production-250/mits/easy
mos	250	mits	easy	result.json	prediction_stats.model_propagation_frames	24651	/data/narendhiran_rpx/docker-smoke/tracking-production-250/mits/easy
mos	250	mits	easy	result.json	protocol.association_iou_threshold	0.5	/data/narendhiran_rpx/docker-smoke/tracking-production-250/mits/easy
mos	250	mits	easy	result.json	protocol.association_representation	tight_boxes_derived_from_instance_masks	/data/narendhiran_rpx/docker-smoke/tracking-production-250/mits/easy
mos	250	mits	easy	result.json	protocol.hota	mean_over_0.05_to_0.95	/data/narendhiran_rpx/docker-smoke/tracking-production-250/mits/easy
mos	250	mits	easy	result.json	protocol.initialization	ground_truth_first_frame_box	/data/narendhiran_rpx/docker-smoke/tracking-production-250/mits/easy
mos	250	mits	easy	result.json	protocol.metric_implementation	TrackEval	/data/narendhiran_rpx/docker-smoke/tracking-production-250/mits/easy
mos	250	mits	easy	result.json	protocol.open_vocabulary	False	/data/narendhiran_rpx/docker-smoke/tracking-production-250/mits/easy
mos	250	mits	easy	result.json	protocol.scored_frames	1_to_end (initialization frame excluded)	/data/narendhiran_rpx/docker-smoke/tracking-production-250/mits/easy
mos	250	mits	easy	result.json	protocol.vocabulary		/data/narendhiran_rpx/docker-smoke/tracking-production-250/mits/easy
mos	250	mits	easy	result.json	protocol.vocabulary_size		/data/narendhiran_rpx/docker-smoke/tracking-production-250/mits/easy
mos	250	mits	easy	result.json	rpx_git_sha	fe57a310ee7c1a479c7eeefe79f253015160c6d0	/data/narendhiran_rpx/docker-smoke/tracking-production-250/mits/easy
mos	250	mits	easy	result.json	split	easy	/data/narendhiran_rpx/docker-smoke/tracking-production-250/mits/easy
mos	250	mits	easy	result.json	task	object_tracking	/data/narendhiran_rpx/docker-smoke/tracking-production-250/mits/easy
mos	250	mits	easy	run_metadata.json	clips	99	/data/narendhiran_rpx/docker-smoke/tracking-production-250/mits/easy
mos	250	mits	easy	run_metadata.json	dataset.manifest_sha256	0ba018a738383d23df239f1b138669dd1cc8261a730d41cb84ce1bde14f80c4a	/data/narendhiran_rpx/docker-smoke/tracking-production-250/mits/easy
mos	250	mits	easy	run_metadata.json	dataset.repo	IRVLUTD/RPX	/data/narendhiran_rpx/docker-smoke/tracking-production-250/mits/easy
mos	250	mits	easy	run_metadata.json	dataset.revision	2e2a387f7f93e98c177b2e039c141eacda94e5fc	/data/narendhiran_rpx/docker-smoke/tracking-production-250/mits/easy
mos	250	mits	easy	run_metadata.json	evaluator_git_sha	fe57a310ee7c1a479c7eeefe79f253015160c6d0	/data/narendhiran_rpx/docker-smoke/tracking-production-250/mits/easy
mos	250	mits	easy	run_metadata.json	finished_unix	1787145212.8504522	/data/narendhiran_rpx/docker-smoke/tracking-production-250/mits/easy
mos	250	mits	easy	run_metadata.json	frames	24750	/data/narendhiran_rpx/docker-smoke/tracking-production-250/mits/easy
mos	250	mits	easy	run_metadata.json	hardware.gpu_compute_capability.__length__	2	/data/narendhiran_rpx/docker-smoke/tracking-production-250/mits/easy
mos	250	mits	easy	run_metadata.json	hardware.gpu_name	NVIDIA RTX 6000 Ada Generation	/data/narendhiran_rpx/docker-smoke/tracking-production-250/mits/easy
mos	250	mits	easy	run_metadata.json	hardware.gpu_total_memory_bytes	50865307648	/data/narendhiran_rpx/docker-smoke/tracking-production-250/mits/easy
mos	250	mits	easy	run_metadata.json	hardware.torch_cuda_version	12.8	/data/narendhiran_rpx/docker-smoke/tracking-production-250/mits/easy
mos	250	mits	easy	run_metadata.json	hardware.torch_version	2.7.1+cu128	/data/narendhiran_rpx/docker-smoke/tracking-production-250/mits/easy
mos	250	mits	easy	run_metadata.json	model	mits	/data/narendhiran_rpx/docker-smoke/tracking-production-250/mits/easy
mos	250	mits	easy	run_metadata.json	model_checkpoint.filename	mits.pth	/data/narendhiran_rpx/docker-smoke/tracking-production-250/mits/easy
mos	250	mits	easy	run_metadata.json	model_checkpoint.repo	yoxu515/MITS	/data/narendhiran_rpx/docker-smoke/tracking-production-250/mits/easy
mos	250	mits	easy	run_metadata.json	model_checkpoint.revision	gdrive-1Db9DxXc-gyRkxhKs0AMXJ2RH6DyHWCfq	/data/narendhiran_rpx/docker-smoke/tracking-production-250/mits/easy
mos	250	mits	easy	run_metadata.json	model_checkpoint.sha256	9291f533b9e47b22803acedc941761fdffbcd023ceffe5c611d540e3509d3f22	/data/narendhiran_rpx/docker-smoke/tracking-production-250/mits/easy
mos	250	mits	easy	run_metadata.json	parameter_count	32743472	/data/narendhiran_rpx/docker-smoke/tracking-production-250/mits/easy
mos	250	mits	easy	run_metadata.json	phase_metrics.0.assa	0.9465020837517722	/data/narendhiran_rpx/docker-smoke/tracking-production-250/mits/easy
mos	250	mits	easy	run_metadata.json	phase_metrics.0.deta	0.9294427365263581	/data/narendhiran_rpx/docker-smoke/tracking-production-250/mits/easy
mos	250	mits	easy	run_metadata.json	phase_metrics.0.hota	0.9375622539697877	/data/narendhiran_rpx/docker-smoke/tracking-production-250/mits/easy
mos	250	mits	easy	run_metadata.json	phase_metrics.0.idf1	0.9891484145395082	/data/narendhiran_rpx/docker-smoke/tracking-production-250/mits/easy
mos	250	mits	easy	run_metadata.json	phase_metrics.0.idsw	0.0	/data/narendhiran_rpx/docker-smoke/tracking-production-250/mits/easy
mos	250	mits	easy	run_metadata.json	phase_metrics.0.mota	0.9783188890889077	/data/narendhiran_rpx/docker-smoke/tracking-production-250/mits/easy
mos	250	mits	easy	run_metadata.json	phase_metrics.1.assa	0.9030199334610842	/data/narendhiran_rpx/docker-smoke/tracking-production-250/mits/easy
mos	250	mits	easy	run_metadata.json	phase_metrics.1.deta	0.8331736766047891	/data/narendhiran_rpx/docker-smoke/tracking-production-250/mits/easy
mos	250	mits	easy	run_metadata.json	phase_metrics.1.hota	0.8653116760896771	/data/narendhiran_rpx/docker-smoke/tracking-production-250/mits/easy
mos	250	mits	easy	run_metadata.json	phase_metrics.1.idf1	0.931290846928055	/data/narendhiran_rpx/docker-smoke/tracking-production-250/mits/easy
mos	250	mits	easy	run_metadata.json	phase_metrics.1.idsw	1.0606060606060606	/data/narendhiran_rpx/docker-smoke/tracking-production-250/mits/easy
mos	250	mits	easy	run_metadata.json	phase_metrics.1.mota	0.8695649172493897	/data/narendhiran_rpx/docker-smoke/tracking-production-250/mits/easy
mos	250	mits	easy	run_metadata.json	phase_metrics.2.assa	0.9617990863486368	/data/narendhiran_rpx/docker-smoke/tracking-production-250/mits/easy
mos	250	mits	easy	run_metadata.json	phase_metrics.2.deta	0.9542638598793439	/data/narendhiran_rpx/docker-smoke/tracking-production-250/mits/easy
mos	250	mits	easy	run_metadata.json	phase_metrics.2.hota	0.9578569685525699	/data/narendhiran_rpx/docker-smoke/tracking-production-250/mits/easy
mos	250	mits	easy	run_metadata.json	phase_metrics.2.idf1	0.9970923332509101	/data/narendhiran_rpx/docker-smoke/tracking-production-250/mits/easy
mos	250	mits	easy	run_metadata.json	phase_metrics.2.idsw	0.09090909090909091	/data/narendhiran_rpx/docker-smoke/tracking-production-250/mits/easy
mos	250	mits	easy	run_metadata.json	phase_metrics.2.mota	0.9942081112613398	/data/narendhiran_rpx/docker-smoke/tracking-production-250/mits/easy
mos	250	mits	easy	run_metadata.json	pid	114	/data/narendhiran_rpx/docker-smoke/tracking-production-250/mits/easy
mos	250	mits	easy	run_metadata.json	prediction_stats.complete_clip_cache_hits	0	/data/narendhiran_rpx/docker-smoke/tracking-production-250/mits/easy
mos	250	mits	easy	run_metadata.json	prediction_stats.inferred_clips	99	/data/narendhiran_rpx/docker-smoke/tracking-production-250/mits/easy
mos	250	mits	easy	run_metadata.json	prediction_stats.model_propagation_frames	24651	/data/narendhiran_rpx/docker-smoke/tracking-production-250/mits/easy
mos	250	mits	easy	run_metadata.json	protocol.association_iou_threshold	0.5	/data/narendhiran_rpx/docker-smoke/tracking-production-250/mits/easy
mos	250	mits	easy	run_metadata.json	protocol.association_representation	tight_boxes_derived_from_instance_masks	/data/narendhiran_rpx/docker-smoke/tracking-production-250/mits/easy
mos	250	mits	easy	run_metadata.json	protocol.hota	mean_over_0.05_to_0.95	/data/narendhiran_rpx/docker-smoke/tracking-production-250/mits/easy
mos	250	mits	easy	run_metadata.json	protocol.initialization	ground_truth_first_frame_box	/data/narendhiran_rpx/docker-smoke/tracking-production-250/mits/easy
mos	250	mits	easy	run_metadata.json	protocol.metric_implementation	TrackEval	/data/narendhiran_rpx/docker-smoke/tracking-production-250/mits/easy
mos	250	mits	easy	run_metadata.json	protocol.open_vocabulary	False	/data/narendhiran_rpx/docker-smoke/tracking-production-250/mits/easy
mos	250	mits	easy	run_metadata.json	protocol.scored_frames	1_to_end (initialization frame excluded)	/data/narendhiran_rpx/docker-smoke/tracking-production-250/mits/easy
mos	250	mits	easy	run_metadata.json	protocol.vocabulary		/data/narendhiran_rpx/docker-smoke/tracking-production-250/mits/easy
mos	250	mits	easy	run_metadata.json	protocol.vocabulary_size		/data/narendhiran_rpx/docker-smoke/tracking-production-250/mits/easy
mos	250	mits	easy	run_metadata.json	rpx_git_sha	fe57a310ee7c1a479c7eeefe79f253015160c6d0	/data/narendhiran_rpx/docker-smoke/tracking-production-250/mits/easy
mos	250	mits	easy	run_metadata.json	split	easy	/data/narendhiran_rpx/docker-smoke/tracking-production-250/mits/easy
mos	250	mits	easy	run_metadata.json	started_unix	1787143119.64873	/data/narendhiran_rpx/docker-smoke/tracking-production-250/mits/easy
mos	250	mits	easy	run_metadata.json	task	object_tracking	/data/narendhiran_rpx/docker-smoke/tracking-production-250/mits/easy
mos	250	mits	medium	result.json	clips	99	/data/narendhiran_rpx/docker-smoke/tracking-production-250/mits/medium
mos	250	mits	medium	result.json	dataset.manifest_sha256	092980d23ee7a30de981c8dbf718cb05be8fa5209cc191bd116fd19439b2e72d	/data/narendhiran_rpx/docker-smoke/tracking-production-250/mits/medium
mos	250	mits	medium	result.json	dataset.repo	IRVLUTD/RPX	/data/narendhiran_rpx/docker-smoke/tracking-production-250/mits/medium
mos	250	mits	medium	result.json	dataset.revision	2e2a387f7f93e98c177b2e039c141eacda94e5fc	/data/narendhiran_rpx/docker-smoke/tracking-production-250/mits/medium
mos	250	mits	medium	result.json	evaluator_git_sha	fe57a310ee7c1a479c7eeefe79f253015160c6d0	/data/narendhiran_rpx/docker-smoke/tracking-production-250/mits/medium
mos	250	mits	medium	result.json	frames	24750	/data/narendhiran_rpx/docker-smoke/tracking-production-250/mits/medium
mos	250	mits	medium	result.json	hardware.gpu_compute_capability.__length__	2	/data/narendhiran_rpx/docker-smoke/tracking-production-250/mits/medium
mos	250	mits	medium	result.json	hardware.gpu_name	NVIDIA RTX 6000 Ada Generation	/data/narendhiran_rpx/docker-smoke/tracking-production-250/mits/medium
mos	250	mits	medium	result.json	hardware.gpu_total_memory_bytes	50865307648	/data/narendhiran_rpx/docker-smoke/tracking-production-250/mits/medium
mos	250	mits	medium	result.json	hardware.torch_cuda_version	12.8	/data/narendhiran_rpx/docker-smoke/tracking-production-250/mits/medium
mos	250	mits	medium	result.json	hardware.torch_version	2.7.1+cu128	/data/narendhiran_rpx/docker-smoke/tracking-production-250/mits/medium
mos	250	mits	medium	result.json	model	mits	/data/narendhiran_rpx/docker-smoke/tracking-production-250/mits/medium
mos	250	mits	medium	result.json	model_checkpoint.filename	mits.pth	/data/narendhiran_rpx/docker-smoke/tracking-production-250/mits/medium
mos	250	mits	medium	result.json	model_checkpoint.repo	yoxu515/MITS	/data/narendhiran_rpx/docker-smoke/tracking-production-250/mits/medium
mos	250	mits	medium	result.json	model_checkpoint.revision	gdrive-1Db9DxXc-gyRkxhKs0AMXJ2RH6DyHWCfq	/data/narendhiran_rpx/docker-smoke/tracking-production-250/mits/medium
mos	250	mits	medium	result.json	model_checkpoint.sha256	9291f533b9e47b22803acedc941761fdffbcd023ceffe5c611d540e3509d3f22	/data/narendhiran_rpx/docker-smoke/tracking-production-250/mits/medium
mos	250	mits	medium	result.json	phase_metrics.0.assa	0.9287537501307416	/data/narendhiran_rpx/docker-smoke/tracking-production-250/mits/medium
mos	250	mits	medium	result.json	phase_metrics.0.deta	0.8901768390225108	/data/narendhiran_rpx/docker-smoke/tracking-production-250/mits/medium
mos	250	mits	medium	result.json	phase_metrics.0.hota	0.9083949274426839	/data/narendhiran_rpx/docker-smoke/tracking-production-250/mits/medium
mos	250	mits	medium	result.json	phase_metrics.0.idf1	0.9674964814285378	/data/narendhiran_rpx/docker-smoke/tracking-production-250/mits/medium
mos	250	mits	medium	result.json	phase_metrics.0.idsw	0.8787878787878788	/data/narendhiran_rpx/docker-smoke/tracking-production-250/mits/medium
mos	250	mits	medium	result.json	phase_metrics.0.mota	0.9357254051562172	/data/narendhiran_rpx/docker-smoke/tracking-production-250/mits/medium
mos	250	mits	medium	result.json	phase_metrics.1.assa	0.8746576908252834	/data/narendhiran_rpx/docker-smoke/tracking-production-250/mits/medium
mos	250	mits	medium	result.json	phase_metrics.1.deta	0.7802888066741264	/data/narendhiran_rpx/docker-smoke/tracking-production-250/mits/medium
mos	250	mits	medium	result.json	phase_metrics.1.hota	0.8238520440986334	/data/narendhiran_rpx/docker-smoke/tracking-production-250/mits/medium
mos	250	mits	medium	result.json	phase_metrics.1.idf1	0.8921395668072316	/data/narendhiran_rpx/docker-smoke/tracking-production-250/mits/medium
mos	250	mits	medium	result.json	phase_metrics.1.idsw	1.5151515151515151	/data/narendhiran_rpx/docker-smoke/tracking-production-250/mits/medium
mos	250	mits	medium	result.json	phase_metrics.1.mota	0.7972805838427502	/data/narendhiran_rpx/docker-smoke/tracking-production-250/mits/medium
mos	250	mits	medium	result.json	phase_metrics.2.assa	0.94606616395322	/data/narendhiran_rpx/docker-smoke/tracking-production-250/mits/medium
mos	250	mits	medium	result.json	phase_metrics.2.deta	0.9242213778261296	/data/narendhiran_rpx/docker-smoke/tracking-production-250/mits/medium
mos	250	mits	medium	result.json	phase_metrics.2.hota	0.9345920811034759	/data/narendhiran_rpx/docker-smoke/tracking-production-250/mits/medium
mos	250	mits	medium	result.json	phase_metrics.2.idf1	0.9811561582420968	/data/narendhiran_rpx/docker-smoke/tracking-production-250/mits/medium
mos	250	mits	medium	result.json	phase_metrics.2.idsw	0.06060606060606061	/data/narendhiran_rpx/docker-smoke/tracking-production-250/mits/medium
mos	250	mits	medium	result.json	phase_metrics.2.mota	0.9623171313027379	/data/narendhiran_rpx/docker-smoke/tracking-production-250/mits/medium
mos	250	mits	medium	result.json	prediction_stats.complete_clip_cache_hits	0	/data/narendhiran_rpx/docker-smoke/tracking-production-250/mits/medium
mos	250	mits	medium	result.json	prediction_stats.inferred_clips	99	/data/narendhiran_rpx/docker-smoke/tracking-production-250/mits/medium
mos	250	mits	medium	result.json	prediction_stats.model_propagation_frames	24651	/data/narendhiran_rpx/docker-smoke/tracking-production-250/mits/medium
mos	250	mits	medium	result.json	protocol.association_iou_threshold	0.5	/data/narendhiran_rpx/docker-smoke/tracking-production-250/mits/medium
mos	250	mits	medium	result.json	protocol.association_representation	tight_boxes_derived_from_instance_masks	/data/narendhiran_rpx/docker-smoke/tracking-production-250/mits/medium
mos	250	mits	medium	result.json	protocol.hota	mean_over_0.05_to_0.95	/data/narendhiran_rpx/docker-smoke/tracking-production-250/mits/medium
mos	250	mits	medium	result.json	protocol.initialization	ground_truth_first_frame_box	/data/narendhiran_rpx/docker-smoke/tracking-production-250/mits/medium
mos	250	mits	medium	result.json	protocol.metric_implementation	TrackEval	/data/narendhiran_rpx/docker-smoke/tracking-production-250/mits/medium
mos	250	mits	medium	result.json	protocol.open_vocabulary	False	/data/narendhiran_rpx/docker-smoke/tracking-production-250/mits/medium
mos	250	mits	medium	result.json	protocol.scored_frames	1_to_end (initialization frame excluded)	/data/narendhiran_rpx/docker-smoke/tracking-production-250/mits/medium
mos	250	mits	medium	result.json	protocol.vocabulary		/data/narendhiran_rpx/docker-smoke/tracking-production-250/mits/medium
mos	250	mits	medium	result.json	protocol.vocabulary_size		/data/narendhiran_rpx/docker-smoke/tracking-production-250/mits/medium
mos	250	mits	medium	result.json	rpx_git_sha	fe57a310ee7c1a479c7eeefe79f253015160c6d0	/data/narendhiran_rpx/docker-smoke/tracking-production-250/mits/medium
mos	250	mits	medium	result.json	split	medium	/data/narendhiran_rpx/docker-smoke/tracking-production-250/mits/medium
mos	250	mits	medium	result.json	task	object_tracking	/data/narendhiran_rpx/docker-smoke/tracking-production-250/mits/medium
mos	250	mits	medium	run_metadata.json	clips	99	/data/narendhiran_rpx/docker-smoke/tracking-production-250/mits/medium
mos	250	mits	medium	run_metadata.json	dataset.manifest_sha256	092980d23ee7a30de981c8dbf718cb05be8fa5209cc191bd116fd19439b2e72d	/data/narendhiran_rpx/docker-smoke/tracking-production-250/mits/medium
mos	250	mits	medium	run_metadata.json	dataset.repo	IRVLUTD/RPX	/data/narendhiran_rpx/docker-smoke/tracking-production-250/mits/medium
mos	250	mits	medium	run_metadata.json	dataset.revision	2e2a387f7f93e98c177b2e039c141eacda94e5fc	/data/narendhiran_rpx/docker-smoke/tracking-production-250/mits/medium
mos	250	mits	medium	run_metadata.json	evaluator_git_sha	fe57a310ee7c1a479c7eeefe79f253015160c6d0	/data/narendhiran_rpx/docker-smoke/tracking-production-250/mits/medium
mos	250	mits	medium	run_metadata.json	finished_unix	1787147497.6129506	/data/narendhiran_rpx/docker-smoke/tracking-production-250/mits/medium
mos	250	mits	medium	run_metadata.json	frames	24750	/data/narendhiran_rpx/docker-smoke/tracking-production-250/mits/medium
mos	250	mits	medium	run_metadata.json	hardware.gpu_compute_capability.__length__	2	/data/narendhiran_rpx/docker-smoke/tracking-production-250/mits/medium
mos	250	mits	medium	run_metadata.json	hardware.gpu_name	NVIDIA RTX 6000 Ada Generation	/data/narendhiran_rpx/docker-smoke/tracking-production-250/mits/medium
mos	250	mits	medium	run_metadata.json	hardware.gpu_total_memory_bytes	50865307648	/data/narendhiran_rpx/docker-smoke/tracking-production-250/mits/medium
mos	250	mits	medium	run_metadata.json	hardware.torch_cuda_version	12.8	/data/narendhiran_rpx/docker-smoke/tracking-production-250/mits/medium
mos	250	mits	medium	run_metadata.json	hardware.torch_version	2.7.1+cu128	/data/narendhiran_rpx/docker-smoke/tracking-production-250/mits/medium
mos	250	mits	medium	run_metadata.json	model	mits	/data/narendhiran_rpx/docker-smoke/tracking-production-250/mits/medium
mos	250	mits	medium	run_metadata.json	model_checkpoint.filename	mits.pth	/data/narendhiran_rpx/docker-smoke/tracking-production-250/mits/medium
mos	250	mits	medium	run_metadata.json	model_checkpoint.repo	yoxu515/MITS	/data/narendhiran_rpx/docker-smoke/tracking-production-250/mits/medium
mos	250	mits	medium	run_metadata.json	model_checkpoint.revision	gdrive-1Db9DxXc-gyRkxhKs0AMXJ2RH6DyHWCfq	/data/narendhiran_rpx/docker-smoke/tracking-production-250/mits/medium
mos	250	mits	medium	run_metadata.json	model_checkpoint.sha256	9291f533b9e47b22803acedc941761fdffbcd023ceffe5c611d540e3509d3f22	/data/narendhiran_rpx/docker-smoke/tracking-production-250/mits/medium
mos	250	mits	medium	run_metadata.json	parameter_count	32743472	/data/narendhiran_rpx/docker-smoke/tracking-production-250/mits/medium
mos	250	mits	medium	run_metadata.json	phase_metrics.0.assa	0.9287537501307416	/data/narendhiran_rpx/docker-smoke/tracking-production-250/mits/medium
mos	250	mits	medium	run_metadata.json	phase_metrics.0.deta	0.8901768390225108	/data/narendhiran_rpx/docker-smoke/tracking-production-250/mits/medium
mos	250	mits	medium	run_metadata.json	phase_metrics.0.hota	0.9083949274426839	/data/narendhiran_rpx/docker-smoke/tracking-production-250/mits/medium
mos	250	mits	medium	run_metadata.json	phase_metrics.0.idf1	0.9674964814285378	/data/narendhiran_rpx/docker-smoke/tracking-production-250/mits/medium
mos	250	mits	medium	run_metadata.json	phase_metrics.0.idsw	0.8787878787878788	/data/narendhiran_rpx/docker-smoke/tracking-production-250/mits/medium
mos	250	mits	medium	run_metadata.json	phase_metrics.0.mota	0.9357254051562172	/data/narendhiran_rpx/docker-smoke/tracking-production-250/mits/medium
mos	250	mits	medium	run_metadata.json	phase_metrics.1.assa	0.8746576908252834	/data/narendhiran_rpx/docker-smoke/tracking-production-250/mits/medium
mos	250	mits	medium	run_metadata.json	phase_metrics.1.deta	0.7802888066741264	/data/narendhiran_rpx/docker-smoke/tracking-production-250/mits/medium
mos	250	mits	medium	run_metadata.json	phase_metrics.1.hota	0.8238520440986334	/data/narendhiran_rpx/docker-smoke/tracking-production-250/mits/medium
mos	250	mits	medium	run_metadata.json	phase_metrics.1.idf1	0.8921395668072316	/data/narendhiran_rpx/docker-smoke/tracking-production-250/mits/medium
mos	250	mits	medium	run_metadata.json	phase_metrics.1.idsw	1.5151515151515151	/data/narendhiran_rpx/docker-smoke/tracking-production-250/mits/medium
mos	250	mits	medium	run_metadata.json	phase_metrics.1.mota	0.7972805838427502	/data/narendhiran_rpx/docker-smoke/tracking-production-250/mits/medium
mos	250	mits	medium	run_metadata.json	phase_metrics.2.assa	0.94606616395322	/data/narendhiran_rpx/docker-smoke/tracking-production-250/mits/medium
mos	250	mits	medium	run_metadata.json	phase_metrics.2.deta	0.9242213778261296	/data/narendhiran_rpx/docker-smoke/tracking-production-250/mits/medium
mos	250	mits	medium	run_metadata.json	phase_metrics.2.hota	0.9345920811034759	/data/narendhiran_rpx/docker-smoke/tracking-production-250/mits/medium
mos	250	mits	medium	run_metadata.json	phase_metrics.2.idf1	0.9811561582420968	/data/narendhiran_rpx/docker-smoke/tracking-production-250/mits/medium
mos	250	mits	medium	run_metadata.json	phase_metrics.2.idsw	0.06060606060606061	/data/narendhiran_rpx/docker-smoke/tracking-production-250/mits/medium
mos	250	mits	medium	run_metadata.json	phase_metrics.2.mota	0.9623171313027379	/data/narendhiran_rpx/docker-smoke/tracking-production-250/mits/medium
mos	250	mits	medium	run_metadata.json	pid	280	/data/narendhiran_rpx/docker-smoke/tracking-production-250/mits/medium
mos	250	mits	medium	run_metadata.json	prediction_stats.complete_clip_cache_hits	0	/data/narendhiran_rpx/docker-smoke/tracking-production-250/mits/medium
mos	250	mits	medium	run_metadata.json	prediction_stats.inferred_clips	99	/data/narendhiran_rpx/docker-smoke/tracking-production-250/mits/medium
mos	250	mits	medium	run_metadata.json	prediction_stats.model_propagation_frames	24651	/data/narendhiran_rpx/docker-smoke/tracking-production-250/mits/medium
mos	250	mits	medium	run_metadata.json	protocol.association_iou_threshold	0.5	/data/narendhiran_rpx/docker-smoke/tracking-production-250/mits/medium
mos	250	mits	medium	run_metadata.json	protocol.association_representation	tight_boxes_derived_from_instance_masks	/data/narendhiran_rpx/docker-smoke/tracking-production-250/mits/medium
mos	250	mits	medium	run_metadata.json	protocol.hota	mean_over_0.05_to_0.95	/data/narendhiran_rpx/docker-smoke/tracking-production-250/mits/medium
mos	250	mits	medium	run_metadata.json	protocol.initialization	ground_truth_first_frame_box	/data/narendhiran_rpx/docker-smoke/tracking-production-250/mits/medium
mos	250	mits	medium	run_metadata.json	protocol.metric_implementation	TrackEval	/data/narendhiran_rpx/docker-smoke/tracking-production-250/mits/medium
mos	250	mits	medium	run_metadata.json	protocol.open_vocabulary	False	/data/narendhiran_rpx/docker-smoke/tracking-production-250/mits/medium
mos	250	mits	medium	run_metadata.json	protocol.scored_frames	1_to_end (initialization frame excluded)	/data/narendhiran_rpx/docker-smoke/tracking-production-250/mits/medium
mos	250	mits	medium	run_metadata.json	protocol.vocabulary		/data/narendhiran_rpx/docker-smoke/tracking-production-250/mits/medium
mos	250	mits	medium	run_metadata.json	protocol.vocabulary_size		/data/narendhiran_rpx/docker-smoke/tracking-production-250/mits/medium
mos	250	mits	medium	run_metadata.json	rpx_git_sha	fe57a310ee7c1a479c7eeefe79f253015160c6d0	/data/narendhiran_rpx/docker-smoke/tracking-production-250/mits/medium
mos	250	mits	medium	run_metadata.json	split	medium	/data/narendhiran_rpx/docker-smoke/tracking-production-250/mits/medium
mos	250	mits	medium	run_metadata.json	started_unix	1787145288.9129605	/data/narendhiran_rpx/docker-smoke/tracking-production-250/mits/medium
mos	250	mits	medium	run_metadata.json	task	object_tracking	/data/narendhiran_rpx/docker-smoke/tracking-production-250/mits/medium
mos	250	mits	hard	result.json	clips	102	/data/narendhiran_rpx/docker-smoke/tracking-production-250/mits/hard
mos	250	mits	hard	result.json	dataset.manifest_sha256	fbc3c01164696ffacfd8f09d202ab0880fe46ce5933af2daf3750a4ba3b7c6bc	/data/narendhiran_rpx/docker-smoke/tracking-production-250/mits/hard
mos	250	mits	hard	result.json	dataset.repo	IRVLUTD/RPX	/data/narendhiran_rpx/docker-smoke/tracking-production-250/mits/hard
mos	250	mits	hard	result.json	dataset.revision	2e2a387f7f93e98c177b2e039c141eacda94e5fc	/data/narendhiran_rpx/docker-smoke/tracking-production-250/mits/hard
mos	250	mits	hard	result.json	evaluator_git_sha	fe57a310ee7c1a479c7eeefe79f253015160c6d0	/data/narendhiran_rpx/docker-smoke/tracking-production-250/mits/hard
mos	250	mits	hard	result.json	frames	25500	/data/narendhiran_rpx/docker-smoke/tracking-production-250/mits/hard
mos	250	mits	hard	result.json	hardware.gpu_compute_capability.__length__	2	/data/narendhiran_rpx/docker-smoke/tracking-production-250/mits/hard
mos	250	mits	hard	result.json	hardware.gpu_name	NVIDIA RTX 6000 Ada Generation	/data/narendhiran_rpx/docker-smoke/tracking-production-250/mits/hard
mos	250	mits	hard	result.json	hardware.gpu_total_memory_bytes	50865307648	/data/narendhiran_rpx/docker-smoke/tracking-production-250/mits/hard
mos	250	mits	hard	result.json	hardware.torch_cuda_version	12.8	/data/narendhiran_rpx/docker-smoke/tracking-production-250/mits/hard
mos	250	mits	hard	result.json	hardware.torch_version	2.7.1+cu128	/data/narendhiran_rpx/docker-smoke/tracking-production-250/mits/hard
mos	250	mits	hard	result.json	model	mits	/data/narendhiran_rpx/docker-smoke/tracking-production-250/mits/hard
mos	250	mits	hard	result.json	model_checkpoint.filename	mits.pth	/data/narendhiran_rpx/docker-smoke/tracking-production-250/mits/hard
mos	250	mits	hard	result.json	model_checkpoint.repo	yoxu515/MITS	/data/narendhiran_rpx/docker-smoke/tracking-production-250/mits/hard
mos	250	mits	hard	result.json	model_checkpoint.revision	gdrive-1Db9DxXc-gyRkxhKs0AMXJ2RH6DyHWCfq	/data/narendhiran_rpx/docker-smoke/tracking-production-250/mits/hard
mos	250	mits	hard	result.json	model_checkpoint.sha256	9291f533b9e47b22803acedc941761fdffbcd023ceffe5c611d540e3509d3f22	/data/narendhiran_rpx/docker-smoke/tracking-production-250/mits/hard
mos	250	mits	hard	result.json	phase_metrics.0.assa	0.9085226085662012	/data/narendhiran_rpx/docker-smoke/tracking-production-250/mits/hard
mos	250	mits	hard	result.json	phase_metrics.0.deta	0.8608465429375377	/data/narendhiran_rpx/docker-smoke/tracking-production-250/mits/hard
mos	250	mits	hard	result.json	phase_metrics.0.hota	0.8833096103814931	/data/narendhiran_rpx/docker-smoke/tracking-production-250/mits/hard
mos	250	mits	hard	result.json	phase_metrics.0.idf1	0.9544321675129686	/data/narendhiran_rpx/docker-smoke/tracking-production-250/mits/hard
mos	250	mits	hard	result.json	phase_metrics.0.idsw	0.9705882352941176	/data/narendhiran_rpx/docker-smoke/tracking-production-250/mits/hard
mos	250	mits	hard	result.json	phase_metrics.0.mota	0.9095228431727468	/data/narendhiran_rpx/docker-smoke/tracking-production-250/mits/hard
mos	250	mits	hard	result.json	phase_metrics.1.assa	0.8280464091691361	/data/narendhiran_rpx/docker-smoke/tracking-production-250/mits/hard
mos	250	mits	hard	result.json	phase_metrics.1.deta	0.7283953612662325	/data/narendhiran_rpx/docker-smoke/tracking-production-250/mits/hard
mos	250	mits	hard	result.json	phase_metrics.1.hota	0.7740057109841806	/data/narendhiran_rpx/docker-smoke/tracking-production-250/mits/hard
mos	250	mits	hard	result.json	phase_metrics.1.idf1	0.8617124721899333	/data/narendhiran_rpx/docker-smoke/tracking-production-250/mits/hard
mos	250	mits	hard	result.json	phase_metrics.1.idsw	3.823529411764706	/data/narendhiran_rpx/docker-smoke/tracking-production-250/mits/hard
mos	250	mits	hard	result.json	phase_metrics.1.mota	0.7423422051199066	/data/narendhiran_rpx/docker-smoke/tracking-production-250/mits/hard
mos	250	mits	hard	result.json	phase_metrics.2.assa	0.9234787611211976	/data/narendhiran_rpx/docker-smoke/tracking-production-250/mits/hard
mos	250	mits	hard	result.json	phase_metrics.2.deta	0.8825593178167449	/data/narendhiran_rpx/docker-smoke/tracking-production-250/mits/hard
mos	250	mits	hard	result.json	phase_metrics.2.hota	0.9017149438249457	/data/narendhiran_rpx/docker-smoke/tracking-production-250/mits/hard
mos	250	mits	hard	result.json	phase_metrics.2.idf1	0.9600182790173588	/data/narendhiran_rpx/docker-smoke/tracking-production-250/mits/hard
mos	250	mits	hard	result.json	phase_metrics.2.idsw	0.4117647058823529	/data/narendhiran_rpx/docker-smoke/tracking-production-250/mits/hard
mos	250	mits	hard	result.json	phase_metrics.2.mota	0.9205570494938481	/data/narendhiran_rpx/docker-smoke/tracking-production-250/mits/hard
mos	250	mits	hard	result.json	prediction_stats.complete_clip_cache_hits	0	/data/narendhiran_rpx/docker-smoke/tracking-production-250/mits/hard
mos	250	mits	hard	result.json	prediction_stats.inferred_clips	102	/data/narendhiran_rpx/docker-smoke/tracking-production-250/mits/hard
mos	250	mits	hard	result.json	prediction_stats.model_propagation_frames	25398	/data/narendhiran_rpx/docker-smoke/tracking-production-250/mits/hard
mos	250	mits	hard	result.json	protocol.association_iou_threshold	0.5	/data/narendhiran_rpx/docker-smoke/tracking-production-250/mits/hard
mos	250	mits	hard	result.json	protocol.association_representation	tight_boxes_derived_from_instance_masks	/data/narendhiran_rpx/docker-smoke/tracking-production-250/mits/hard
mos	250	mits	hard	result.json	protocol.hota	mean_over_0.05_to_0.95	/data/narendhiran_rpx/docker-smoke/tracking-production-250/mits/hard
mos	250	mits	hard	result.json	protocol.initialization	ground_truth_first_frame_box	/data/narendhiran_rpx/docker-smoke/tracking-production-250/mits/hard
mos	250	mits	hard	result.json	protocol.metric_implementation	TrackEval	/data/narendhiran_rpx/docker-smoke/tracking-production-250/mits/hard
mos	250	mits	hard	result.json	protocol.open_vocabulary	False	/data/narendhiran_rpx/docker-smoke/tracking-production-250/mits/hard
mos	250	mits	hard	result.json	protocol.scored_frames	1_to_end (initialization frame excluded)	/data/narendhiran_rpx/docker-smoke/tracking-production-250/mits/hard
mos	250	mits	hard	result.json	protocol.vocabulary		/data/narendhiran_rpx/docker-smoke/tracking-production-250/mits/hard
mos	250	mits	hard	result.json	protocol.vocabulary_size		/data/narendhiran_rpx/docker-smoke/tracking-production-250/mits/hard
mos	250	mits	hard	result.json	rpx_git_sha	fe57a310ee7c1a479c7eeefe79f253015160c6d0	/data/narendhiran_rpx/docker-smoke/tracking-production-250/mits/hard
mos	250	mits	hard	result.json	split	hard	/data/narendhiran_rpx/docker-smoke/tracking-production-250/mits/hard
mos	250	mits	hard	result.json	task	object_tracking	/data/narendhiran_rpx/docker-smoke/tracking-production-250/mits/hard
mos	250	mits	hard	run_metadata.json	clips	102	/data/narendhiran_rpx/docker-smoke/tracking-production-250/mits/hard
mos	250	mits	hard	run_metadata.json	dataset.manifest_sha256	fbc3c01164696ffacfd8f09d202ab0880fe46ce5933af2daf3750a4ba3b7c6bc	/data/narendhiran_rpx/docker-smoke/tracking-production-250/mits/hard
mos	250	mits	hard	run_metadata.json	dataset.repo	IRVLUTD/RPX	/data/narendhiran_rpx/docker-smoke/tracking-production-250/mits/hard
mos	250	mits	hard	run_metadata.json	dataset.revision	2e2a387f7f93e98c177b2e039c141eacda94e5fc	/data/narendhiran_rpx/docker-smoke/tracking-production-250/mits/hard
mos	250	mits	hard	run_metadata.json	evaluator_git_sha	fe57a310ee7c1a479c7eeefe79f253015160c6d0	/data/narendhiran_rpx/docker-smoke/tracking-production-250/mits/hard
mos	250	mits	hard	run_metadata.json	finished_unix	1787149796.1076982	/data/narendhiran_rpx/docker-smoke/tracking-production-250/mits/hard
mos	250	mits	hard	run_metadata.json	frames	25500	/data/narendhiran_rpx/docker-smoke/tracking-production-250/mits/hard
mos	250	mits	hard	run_metadata.json	hardware.gpu_compute_capability.__length__	2	/data/narendhiran_rpx/docker-smoke/tracking-production-250/mits/hard
mos	250	mits	hard	run_metadata.json	hardware.gpu_name	NVIDIA RTX 6000 Ada Generation	/data/narendhiran_rpx/docker-smoke/tracking-production-250/mits/hard
mos	250	mits	hard	run_metadata.json	hardware.gpu_total_memory_bytes	50865307648	/data/narendhiran_rpx/docker-smoke/tracking-production-250/mits/hard
mos	250	mits	hard	run_metadata.json	hardware.torch_cuda_version	12.8	/data/narendhiran_rpx/docker-smoke/tracking-production-250/mits/hard
mos	250	mits	hard	run_metadata.json	hardware.torch_version	2.7.1+cu128	/data/narendhiran_rpx/docker-smoke/tracking-production-250/mits/hard
mos	250	mits	hard	run_metadata.json	model	mits	/data/narendhiran_rpx/docker-smoke/tracking-production-250/mits/hard
mos	250	mits	hard	run_metadata.json	model_checkpoint.filename	mits.pth	/data/narendhiran_rpx/docker-smoke/tracking-production-250/mits/hard
mos	250	mits	hard	run_metadata.json	model_checkpoint.repo	yoxu515/MITS	/data/narendhiran_rpx/docker-smoke/tracking-production-250/mits/hard
mos	250	mits	hard	run_metadata.json	model_checkpoint.revision	gdrive-1Db9DxXc-gyRkxhKs0AMXJ2RH6DyHWCfq	/data/narendhiran_rpx/docker-smoke/tracking-production-250/mits/hard
mos	250	mits	hard	run_metadata.json	model_checkpoint.sha256	9291f533b9e47b22803acedc941761fdffbcd023ceffe5c611d540e3509d3f22	/data/narendhiran_rpx/docker-smoke/tracking-production-250/mits/hard
mos	250	mits	hard	run_metadata.json	parameter_count	32743472	/data/narendhiran_rpx/docker-smoke/tracking-production-250/mits/hard
mos	250	mits	hard	run_metadata.json	phase_metrics.0.assa	0.9085226085662012	/data/narendhiran_rpx/docker-smoke/tracking-production-250/mits/hard
mos	250	mits	hard	run_metadata.json	phase_metrics.0.deta	0.8608465429375377	/data/narendhiran_rpx/docker-smoke/tracking-production-250/mits/hard
mos	250	mits	hard	run_metadata.json	phase_metrics.0.hota	0.8833096103814931	/data/narendhiran_rpx/docker-smoke/tracking-production-250/mits/hard
mos	250	mits	hard	run_metadata.json	phase_metrics.0.idf1	0.9544321675129686	/data/narendhiran_rpx/docker-smoke/tracking-production-250/mits/hard
mos	250	mits	hard	run_metadata.json	phase_metrics.0.idsw	0.9705882352941176	/data/narendhiran_rpx/docker-smoke/tracking-production-250/mits/hard
mos	250	mits	hard	run_metadata.json	phase_metrics.0.mota	0.9095228431727468	/data/narendhiran_rpx/docker-smoke/tracking-production-250/mits/hard
mos	250	mits	hard	run_metadata.json	phase_metrics.1.assa	0.8280464091691361	/data/narendhiran_rpx/docker-smoke/tracking-production-250/mits/hard
mos	250	mits	hard	run_metadata.json	phase_metrics.1.deta	0.7283953612662325	/data/narendhiran_rpx/docker-smoke/tracking-production-250/mits/hard
mos	250	mits	hard	run_metadata.json	phase_metrics.1.hota	0.7740057109841806	/data/narendhiran_rpx/docker-smoke/tracking-production-250/mits/hard
mos	250	mits	hard	run_metadata.json	phase_metrics.1.idf1	0.8617124721899333	/data/narendhiran_rpx/docker-smoke/tracking-production-250/mits/hard
mos	250	mits	hard	run_metadata.json	phase_metrics.1.idsw	3.823529411764706	/data/narendhiran_rpx/docker-smoke/tracking-production-250/mits/hard
mos	250	mits	hard	run_metadata.json	phase_metrics.1.mota	0.7423422051199066	/data/narendhiran_rpx/docker-smoke/tracking-production-250/mits/hard
mos	250	mits	hard	run_metadata.json	phase_metrics.2.assa	0.9234787611211976	/data/narendhiran_rpx/docker-smoke/tracking-production-250/mits/hard
mos	250	mits	hard	run_metadata.json	phase_metrics.2.deta	0.8825593178167449	/data/narendhiran_rpx/docker-smoke/tracking-production-250/mits/hard
mos	250	mits	hard	run_metadata.json	phase_metrics.2.hota	0.9017149438249457	/data/narendhiran_rpx/docker-smoke/tracking-production-250/mits/hard
mos	250	mits	hard	run_metadata.json	phase_metrics.2.idf1	0.9600182790173588	/data/narendhiran_rpx/docker-smoke/tracking-production-250/mits/hard
mos	250	mits	hard	run_metadata.json	phase_metrics.2.idsw	0.4117647058823529	/data/narendhiran_rpx/docker-smoke/tracking-production-250/mits/hard
mos	250	mits	hard	run_metadata.json	phase_metrics.2.mota	0.9205570494938481	/data/narendhiran_rpx/docker-smoke/tracking-production-250/mits/hard
mos	250	mits	hard	run_metadata.json	pid	445	/data/narendhiran_rpx/docker-smoke/tracking-production-250/mits/hard
mos	250	mits	hard	run_metadata.json	prediction_stats.complete_clip_cache_hits	0	/data/narendhiran_rpx/docker-smoke/tracking-production-250/mits/hard
mos	250	mits	hard	run_metadata.json	prediction_stats.inferred_clips	102	/data/narendhiran_rpx/docker-smoke/tracking-production-250/mits/hard
mos	250	mits	hard	run_metadata.json	prediction_stats.model_propagation_frames	25398	/data/narendhiran_rpx/docker-smoke/tracking-production-250/mits/hard
mos	250	mits	hard	run_metadata.json	protocol.association_iou_threshold	0.5	/data/narendhiran_rpx/docker-smoke/tracking-production-250/mits/hard
mos	250	mits	hard	run_metadata.json	protocol.association_representation	tight_boxes_derived_from_instance_masks	/data/narendhiran_rpx/docker-smoke/tracking-production-250/mits/hard
mos	250	mits	hard	run_metadata.json	protocol.hota	mean_over_0.05_to_0.95	/data/narendhiran_rpx/docker-smoke/tracking-production-250/mits/hard
mos	250	mits	hard	run_metadata.json	protocol.initialization	ground_truth_first_frame_box	/data/narendhiran_rpx/docker-smoke/tracking-production-250/mits/hard
mos	250	mits	hard	run_metadata.json	protocol.metric_implementation	TrackEval	/data/narendhiran_rpx/docker-smoke/tracking-production-250/mits/hard
mos	250	mits	hard	run_metadata.json	protocol.open_vocabulary	False	/data/narendhiran_rpx/docker-smoke/tracking-production-250/mits/hard
mos	250	mits	hard	run_metadata.json	protocol.scored_frames	1_to_end (initialization frame excluded)	/data/narendhiran_rpx/docker-smoke/tracking-production-250/mits/hard
mos	250	mits	hard	run_metadata.json	protocol.vocabulary		/data/narendhiran_rpx/docker-smoke/tracking-production-250/mits/hard
mos	250	mits	hard	run_metadata.json	protocol.vocabulary_size		/data/narendhiran_rpx/docker-smoke/tracking-production-250/mits/hard
mos	250	mits	hard	run_metadata.json	rpx_git_sha	fe57a310ee7c1a479c7eeefe79f253015160c6d0	/data/narendhiran_rpx/docker-smoke/tracking-production-250/mits/hard
mos	250	mits	hard	run_metadata.json	split	hard	/data/narendhiran_rpx/docker-smoke/tracking-production-250/mits/hard
mos	250	mits	hard	run_metadata.json	started_unix	1787147576.7064831	/data/narendhiran_rpx/docker-smoke/tracking-production-250/mits/hard
mos	250	mits	hard	run_metadata.json	task	object_tracking	/data/narendhiran_rpx/docker-smoke/tracking-production-250/mits/hard
mos	250	dam4sam	easy	result.json	clips	99	/data/narendhiran_rpx/docker-smoke/tracking-production-250/dam4sam/easy
mos	250	dam4sam	easy	result.json	dataset.manifest_sha256	0ba018a738383d23df239f1b138669dd1cc8261a730d41cb84ce1bde14f80c4a	/data/narendhiran_rpx/docker-smoke/tracking-production-250/dam4sam/easy
mos	250	dam4sam	easy	result.json	dataset.repo	IRVLUTD/RPX	/data/narendhiran_rpx/docker-smoke/tracking-production-250/dam4sam/easy
mos	250	dam4sam	easy	result.json	dataset.revision	2e2a387f7f93e98c177b2e039c141eacda94e5fc	/data/narendhiran_rpx/docker-smoke/tracking-production-250/dam4sam/easy
mos	250	dam4sam	easy	result.json	evaluator_git_sha	67a9c210c73008e4bfbaeae86df8c442b93cf3ce	/data/narendhiran_rpx/docker-smoke/tracking-production-250/dam4sam/easy
mos	250	dam4sam	easy	result.json	frames	24750	/data/narendhiran_rpx/docker-smoke/tracking-production-250/dam4sam/easy
mos	250	dam4sam	easy	result.json	hardware.gpu_compute_capability.__length__	2	/data/narendhiran_rpx/docker-smoke/tracking-production-250/dam4sam/easy
mos	250	dam4sam	easy	result.json	hardware.gpu_name	NVIDIA RTX 6000 Ada Generation	/data/narendhiran_rpx/docker-smoke/tracking-production-250/dam4sam/easy
mos	250	dam4sam	easy	result.json	hardware.gpu_total_memory_bytes	50865307648	/data/narendhiran_rpx/docker-smoke/tracking-production-250/dam4sam/easy
mos	250	dam4sam	easy	result.json	hardware.torch_cuda_version	12.8	/data/narendhiran_rpx/docker-smoke/tracking-production-250/dam4sam/easy
mos	250	dam4sam	easy	result.json	hardware.torch_version	2.7.1+cu128	/data/narendhiran_rpx/docker-smoke/tracking-production-250/dam4sam/easy
mos	250	dam4sam	easy	result.json	model	dam4sam	/data/narendhiran_rpx/docker-smoke/tracking-production-250/dam4sam/easy
mos	250	dam4sam	easy	result.json	model_checkpoint.filename	sam2.1_hiera_large.pt	/data/narendhiran_rpx/docker-smoke/tracking-production-250/dam4sam/easy
mos	250	dam4sam	easy	result.json	model_checkpoint.repo	facebook/sam2.1-hiera-large	/data/narendhiran_rpx/docker-smoke/tracking-production-250/dam4sam/easy
mos	250	dam4sam	easy	result.json	model_checkpoint.revision	665f8e2ad61cf5f53d65644ff27c8ee525124610	/data/narendhiran_rpx/docker-smoke/tracking-production-250/dam4sam/easy
mos	250	dam4sam	easy	result.json	model_checkpoint.sha256	2647878d5dfa5098f2f8649825738a9345572bae2d4350a2468587ece47dd318	/data/narendhiran_rpx/docker-smoke/tracking-production-250/dam4sam/easy
mos	250	dam4sam	easy	result.json	phase_metrics.0.assa	0.9867423547556645	/data/narendhiran_rpx/docker-smoke/tracking-production-250/dam4sam/easy
mos	250	dam4sam	easy	result.json	phase_metrics.0.deta	0.9835388459598043	/data/narendhiran_rpx/docker-smoke/tracking-production-250/dam4sam/easy
mos	250	dam4sam	easy	result.json	phase_metrics.0.hota	0.9850995012388263	/data/narendhiran_rpx/docker-smoke/tracking-production-250/dam4sam/easy
mos	250	dam4sam	easy	result.json	phase_metrics.0.idf1	0.9991219319374227	/data/narendhiran_rpx/docker-smoke/tracking-production-250/dam4sam/easy
mos	250	dam4sam	easy	result.json	phase_metrics.0.idsw	0.0	/data/narendhiran_rpx/docker-smoke/tracking-production-250/dam4sam/easy
mos	250	dam4sam	easy	result.json	phase_metrics.0.mota	0.9982436989903963	/data/narendhiran_rpx/docker-smoke/tracking-production-250/dam4sam/easy
mos	250	dam4sam	easy	result.json	phase_metrics.1.assa	0.9703906668036707	/data/narendhiran_rpx/docker-smoke/tracking-production-250/dam4sam/easy
mos	250	dam4sam	easy	result.json	phase_metrics.1.deta	0.9523710380678713	/data/narendhiran_rpx/docker-smoke/tracking-production-250/dam4sam/easy
mos	250	dam4sam	easy	result.json	phase_metrics.1.hota	0.9608893803600133	/data/narendhiran_rpx/docker-smoke/tracking-production-250/dam4sam/easy
mos	250	dam4sam	easy	result.json	phase_metrics.1.idf1	0.9873561244337007	/data/narendhiran_rpx/docker-smoke/tracking-production-250/dam4sam/easy
mos	250	dam4sam	easy	result.json	phase_metrics.1.idsw	0.12121212121212122	/data/narendhiran_rpx/docker-smoke/tracking-production-250/dam4sam/easy
mos	250	dam4sam	easy	result.json	phase_metrics.1.mota	0.9763477530732957	/data/narendhiran_rpx/docker-smoke/tracking-production-250/dam4sam/easy
mos	250	dam4sam	easy	result.json	phase_metrics.2.assa	0.9860564920321012	/data/narendhiran_rpx/docker-smoke/tracking-production-250/dam4sam/easy
mos	250	dam4sam	easy	result.json	phase_metrics.2.deta	0.9835880804452386	/data/narendhiran_rpx/docker-smoke/tracking-production-250/dam4sam/easy
mos	250	dam4sam	easy	result.json	phase_metrics.2.hota	0.9847972729229968	/data/narendhiran_rpx/docker-smoke/tracking-production-250/dam4sam/easy
mos	250	dam4sam	easy	result.json	phase_metrics.2.idf1	0.9992672666749112	/data/narendhiran_rpx/docker-smoke/tracking-production-250/dam4sam/easy
mos	250	dam4sam	easy	result.json	phase_metrics.2.idsw	0.15151515151515152	/data/narendhiran_rpx/docker-smoke/tracking-production-250/dam4sam/easy
mos	250	dam4sam	easy	result.json	phase_metrics.2.mota	0.9985520312486408	/data/narendhiran_rpx/docker-smoke/tracking-production-250/dam4sam/easy
mos	250	dam4sam	easy	result.json	prediction_stats.complete_clip_cache_hits	0	/data/narendhiran_rpx/docker-smoke/tracking-production-250/dam4sam/easy
mos	250	dam4sam	easy	result.json	prediction_stats.inferred_clips	99	/data/narendhiran_rpx/docker-smoke/tracking-production-250/dam4sam/easy
mos	250	dam4sam	easy	result.json	prediction_stats.model_propagation_frames	24651	/data/narendhiran_rpx/docker-smoke/tracking-production-250/dam4sam/easy
mos	250	dam4sam	easy	result.json	protocol.association_iou_threshold	0.5	/data/narendhiran_rpx/docker-smoke/tracking-production-250/dam4sam/easy
mos	250	dam4sam	easy	result.json	protocol.association_representation	tight_boxes_derived_from_instance_masks	/data/narendhiran_rpx/docker-smoke/tracking-production-250/dam4sam/easy
mos	250	dam4sam	easy	result.json	protocol.hota	mean_over_0.05_to_0.95	/data/narendhiran_rpx/docker-smoke/tracking-production-250/dam4sam/easy
mos	250	dam4sam	easy	result.json	protocol.initialization	ground_truth_first_frame_mask	/data/narendhiran_rpx/docker-smoke/tracking-production-250/dam4sam/easy
mos	250	dam4sam	easy	result.json	protocol.metric_implementation	TrackEval	/data/narendhiran_rpx/docker-smoke/tracking-production-250/dam4sam/easy
mos	250	dam4sam	easy	result.json	protocol.open_vocabulary	False	/data/narendhiran_rpx/docker-smoke/tracking-production-250/dam4sam/easy
mos	250	dam4sam	easy	result.json	protocol.scored_frames	1_to_end (initialization frame excluded)	/data/narendhiran_rpx/docker-smoke/tracking-production-250/dam4sam/easy
mos	250	dam4sam	easy	result.json	protocol.vocabulary		/data/narendhiran_rpx/docker-smoke/tracking-production-250/dam4sam/easy
mos	250	dam4sam	easy	result.json	protocol.vocabulary_size		/data/narendhiran_rpx/docker-smoke/tracking-production-250/dam4sam/easy
mos	250	dam4sam	easy	result.json	rpx_git_sha	67a9c210c73008e4bfbaeae86df8c442b93cf3ce	/data/narendhiran_rpx/docker-smoke/tracking-production-250/dam4sam/easy
mos	250	dam4sam	easy	result.json	split	easy	/data/narendhiran_rpx/docker-smoke/tracking-production-250/dam4sam/easy
mos	250	dam4sam	easy	result.json	task	object_tracking	/data/narendhiran_rpx/docker-smoke/tracking-production-250/dam4sam/easy
mos	250	dam4sam	easy	run_metadata.json	clips	99	/data/narendhiran_rpx/docker-smoke/tracking-production-250/dam4sam/easy
mos	250	dam4sam	easy	run_metadata.json	dataset.manifest_sha256	0ba018a738383d23df239f1b138669dd1cc8261a730d41cb84ce1bde14f80c4a	/data/narendhiran_rpx/docker-smoke/tracking-production-250/dam4sam/easy
mos	250	dam4sam	easy	run_metadata.json	dataset.repo	IRVLUTD/RPX	/data/narendhiran_rpx/docker-smoke/tracking-production-250/dam4sam/easy
mos	250	dam4sam	easy	run_metadata.json	dataset.revision	2e2a387f7f93e98c177b2e039c141eacda94e5fc	/data/narendhiran_rpx/docker-smoke/tracking-production-250/dam4sam/easy
mos	250	dam4sam	easy	run_metadata.json	evaluator_git_sha	67a9c210c73008e4bfbaeae86df8c442b93cf3ce	/data/narendhiran_rpx/docker-smoke/tracking-production-250/dam4sam/easy
mos	250	dam4sam	easy	run_metadata.json	finished_unix	1787154750.3048162	/data/narendhiran_rpx/docker-smoke/tracking-production-250/dam4sam/easy
mos	250	dam4sam	easy	run_metadata.json	frames	24750	/data/narendhiran_rpx/docker-smoke/tracking-production-250/dam4sam/easy
mos	250	dam4sam	easy	run_metadata.json	hardware.gpu_compute_capability.__length__	2	/data/narendhiran_rpx/docker-smoke/tracking-production-250/dam4sam/easy
mos	250	dam4sam	easy	run_metadata.json	hardware.gpu_name	NVIDIA RTX 6000 Ada Generation	/data/narendhiran_rpx/docker-smoke/tracking-production-250/dam4sam/easy
mos	250	dam4sam	easy	run_metadata.json	hardware.gpu_total_memory_bytes	50865307648	/data/narendhiran_rpx/docker-smoke/tracking-production-250/dam4sam/easy
mos	250	dam4sam	easy	run_metadata.json	hardware.torch_cuda_version	12.8	/data/narendhiran_rpx/docker-smoke/tracking-production-250/dam4sam/easy
mos	250	dam4sam	easy	run_metadata.json	hardware.torch_version	2.7.1+cu128	/data/narendhiran_rpx/docker-smoke/tracking-production-250/dam4sam/easy
mos	250	dam4sam	easy	run_metadata.json	model	dam4sam	/data/narendhiran_rpx/docker-smoke/tracking-production-250/dam4sam/easy
mos	250	dam4sam	easy	run_metadata.json	model_checkpoint.filename	sam2.1_hiera_large.pt	/data/narendhiran_rpx/docker-smoke/tracking-production-250/dam4sam/easy
mos	250	dam4sam	easy	run_metadata.json	model_checkpoint.repo	facebook/sam2.1-hiera-large	/data/narendhiran_rpx/docker-smoke/tracking-production-250/dam4sam/easy
mos	250	dam4sam	easy	run_metadata.json	model_checkpoint.revision	665f8e2ad61cf5f53d65644ff27c8ee525124610	/data/narendhiran_rpx/docker-smoke/tracking-production-250/dam4sam/easy
mos	250	dam4sam	easy	run_metadata.json	model_checkpoint.sha256	2647878d5dfa5098f2f8649825738a9345572bae2d4350a2468587ece47dd318	/data/narendhiran_rpx/docker-smoke/tracking-production-250/dam4sam/easy
mos	250	dam4sam	easy	run_metadata.json	parameter_count	224446642	/data/narendhiran_rpx/docker-smoke/tracking-production-250/dam4sam/easy
mos	250	dam4sam	easy	run_metadata.json	phase_metrics.0.assa	0.9867423547556645	/data/narendhiran_rpx/docker-smoke/tracking-production-250/dam4sam/easy
mos	250	dam4sam	easy	run_metadata.json	phase_metrics.0.deta	0.9835388459598043	/data/narendhiran_rpx/docker-smoke/tracking-production-250/dam4sam/easy
mos	250	dam4sam	easy	run_metadata.json	phase_metrics.0.hota	0.9850995012388263	/data/narendhiran_rpx/docker-smoke/tracking-production-250/dam4sam/easy
mos	250	dam4sam	easy	run_metadata.json	phase_metrics.0.idf1	0.9991219319374227	/data/narendhiran_rpx/docker-smoke/tracking-production-250/dam4sam/easy
mos	250	dam4sam	easy	run_metadata.json	phase_metrics.0.idsw	0.0	/data/narendhiran_rpx/docker-smoke/tracking-production-250/dam4sam/easy
mos	250	dam4sam	easy	run_metadata.json	phase_metrics.0.mota	0.9982436989903963	/data/narendhiran_rpx/docker-smoke/tracking-production-250/dam4sam/easy
mos	250	dam4sam	easy	run_metadata.json	phase_metrics.1.assa	0.9703906668036707	/data/narendhiran_rpx/docker-smoke/tracking-production-250/dam4sam/easy
mos	250	dam4sam	easy	run_metadata.json	phase_metrics.1.deta	0.9523710380678713	/data/narendhiran_rpx/docker-smoke/tracking-production-250/dam4sam/easy
mos	250	dam4sam	easy	run_metadata.json	phase_metrics.1.hota	0.9608893803600133	/data/narendhiran_rpx/docker-smoke/tracking-production-250/dam4sam/easy
mos	250	dam4sam	easy	run_metadata.json	phase_metrics.1.idf1	0.9873561244337007	/data/narendhiran_rpx/docker-smoke/tracking-production-250/dam4sam/easy
mos	250	dam4sam	easy	run_metadata.json	phase_metrics.1.idsw	0.12121212121212122	/data/narendhiran_rpx/docker-smoke/tracking-production-250/dam4sam/easy
mos	250	dam4sam	easy	run_metadata.json	phase_metrics.1.mota	0.9763477530732957	/data/narendhiran_rpx/docker-smoke/tracking-production-250/dam4sam/easy
mos	250	dam4sam	easy	run_metadata.json	phase_metrics.2.assa	0.9860564920321012	/data/narendhiran_rpx/docker-smoke/tracking-production-250/dam4sam/easy
mos	250	dam4sam	easy	run_metadata.json	phase_metrics.2.deta	0.9835880804452386	/data/narendhiran_rpx/docker-smoke/tracking-production-250/dam4sam/easy
mos	250	dam4sam	easy	run_metadata.json	phase_metrics.2.hota	0.9847972729229968	/data/narendhiran_rpx/docker-smoke/tracking-production-250/dam4sam/easy
mos	250	dam4sam	easy	run_metadata.json	phase_metrics.2.idf1	0.9992672666749112	/data/narendhiran_rpx/docker-smoke/tracking-production-250/dam4sam/easy
mos	250	dam4sam	easy	run_metadata.json	phase_metrics.2.idsw	0.15151515151515152	/data/narendhiran_rpx/docker-smoke/tracking-production-250/dam4sam/easy
mos	250	dam4sam	easy	run_metadata.json	phase_metrics.2.mota	0.9985520312486408	/data/narendhiran_rpx/docker-smoke/tracking-production-250/dam4sam/easy
mos	250	dam4sam	easy	run_metadata.json	pid	115	/data/narendhiran_rpx/docker-smoke/tracking-production-250/dam4sam/easy
mos	250	dam4sam	easy	run_metadata.json	prediction_stats.complete_clip_cache_hits	0	/data/narendhiran_rpx/docker-smoke/tracking-production-250/dam4sam/easy
mos	250	dam4sam	easy	run_metadata.json	prediction_stats.inferred_clips	99	/data/narendhiran_rpx/docker-smoke/tracking-production-250/dam4sam/easy
mos	250	dam4sam	easy	run_metadata.json	prediction_stats.model_propagation_frames	24651	/data/narendhiran_rpx/docker-smoke/tracking-production-250/dam4sam/easy
mos	250	dam4sam	easy	run_metadata.json	protocol.association_iou_threshold	0.5	/data/narendhiran_rpx/docker-smoke/tracking-production-250/dam4sam/easy
mos	250	dam4sam	easy	run_metadata.json	protocol.association_representation	tight_boxes_derived_from_instance_masks	/data/narendhiran_rpx/docker-smoke/tracking-production-250/dam4sam/easy
mos	250	dam4sam	easy	run_metadata.json	protocol.hota	mean_over_0.05_to_0.95	/data/narendhiran_rpx/docker-smoke/tracking-production-250/dam4sam/easy
mos	250	dam4sam	easy	run_metadata.json	protocol.initialization	ground_truth_first_frame_mask	/data/narendhiran_rpx/docker-smoke/tracking-production-250/dam4sam/easy
mos	250	dam4sam	easy	run_metadata.json	protocol.metric_implementation	TrackEval	/data/narendhiran_rpx/docker-smoke/tracking-production-250/dam4sam/easy
mos	250	dam4sam	easy	run_metadata.json	protocol.open_vocabulary	False	/data/narendhiran_rpx/docker-smoke/tracking-production-250/dam4sam/easy
mos	250	dam4sam	easy	run_metadata.json	protocol.scored_frames	1_to_end (initialization frame excluded)	/data/narendhiran_rpx/docker-smoke/tracking-production-250/dam4sam/easy
mos	250	dam4sam	easy	run_metadata.json	protocol.vocabulary		/data/narendhiran_rpx/docker-smoke/tracking-production-250/dam4sam/easy
mos	250	dam4sam	easy	run_metadata.json	protocol.vocabulary_size		/data/narendhiran_rpx/docker-smoke/tracking-production-250/dam4sam/easy
mos	250	dam4sam	easy	run_metadata.json	rpx_git_sha	67a9c210c73008e4bfbaeae86df8c442b93cf3ce	/data/narendhiran_rpx/docker-smoke/tracking-production-250/dam4sam/easy
mos	250	dam4sam	easy	run_metadata.json	split	easy	/data/narendhiran_rpx/docker-smoke/tracking-production-250/dam4sam/easy
mos	250	dam4sam	easy	run_metadata.json	started_unix	1787143738.0731452	/data/narendhiran_rpx/docker-smoke/tracking-production-250/dam4sam/easy
mos	250	dam4sam	easy	run_metadata.json	task	object_tracking	/data/narendhiran_rpx/docker-smoke/tracking-production-250/dam4sam/easy
mos	250	dam4sam	medium	result.json	clips	99	/data/narendhiran_rpx/docker-smoke/tracking-production-250/dam4sam/medium
mos	250	dam4sam	medium	result.json	dataset.manifest_sha256	092980d23ee7a30de981c8dbf718cb05be8fa5209cc191bd116fd19439b2e72d	/data/narendhiran_rpx/docker-smoke/tracking-production-250/dam4sam/medium
mos	250	dam4sam	medium	result.json	dataset.repo	IRVLUTD/RPX	/data/narendhiran_rpx/docker-smoke/tracking-production-250/dam4sam/medium
mos	250	dam4sam	medium	result.json	dataset.revision	2e2a387f7f93e98c177b2e039c141eacda94e5fc	/data/narendhiran_rpx/docker-smoke/tracking-production-250/dam4sam/medium
mos	250	dam4sam	medium	result.json	evaluator_git_sha	67a9c210c73008e4bfbaeae86df8c442b93cf3ce	/data/narendhiran_rpx/docker-smoke/tracking-production-250/dam4sam/medium
mos	250	dam4sam	medium	result.json	frames	24750	/data/narendhiran_rpx/docker-smoke/tracking-production-250/dam4sam/medium
mos	250	dam4sam	medium	result.json	hardware.gpu_compute_capability.__length__	2	/data/narendhiran_rpx/docker-smoke/tracking-production-250/dam4sam/medium
mos	250	dam4sam	medium	result.json	hardware.gpu_name	NVIDIA RTX 6000 Ada Generation	/data/narendhiran_rpx/docker-smoke/tracking-production-250/dam4sam/medium
mos	250	dam4sam	medium	result.json	hardware.gpu_total_memory_bytes	50865307648	/data/narendhiran_rpx/docker-smoke/tracking-production-250/dam4sam/medium
mos	250	dam4sam	medium	result.json	hardware.torch_cuda_version	12.8	/data/narendhiran_rpx/docker-smoke/tracking-production-250/dam4sam/medium
mos	250	dam4sam	medium	result.json	hardware.torch_version	2.7.1+cu128	/data/narendhiran_rpx/docker-smoke/tracking-production-250/dam4sam/medium
mos	250	dam4sam	medium	result.json	model	dam4sam	/data/narendhiran_rpx/docker-smoke/tracking-production-250/dam4sam/medium
mos	250	dam4sam	medium	result.json	model_checkpoint.filename	sam2.1_hiera_large.pt	/data/narendhiran_rpx/docker-smoke/tracking-production-250/dam4sam/medium
mos	250	dam4sam	medium	result.json	model_checkpoint.repo	facebook/sam2.1-hiera-large	/data/narendhiran_rpx/docker-smoke/tracking-production-250/dam4sam/medium
mos	250	dam4sam	medium	result.json	model_checkpoint.revision	665f8e2ad61cf5f53d65644ff27c8ee525124610	/data/narendhiran_rpx/docker-smoke/tracking-production-250/dam4sam/medium
mos	250	dam4sam	medium	result.json	model_checkpoint.sha256	2647878d5dfa5098f2f8649825738a9345572bae2d4350a2468587ece47dd318	/data/narendhiran_rpx/docker-smoke/tracking-production-250/dam4sam/medium
mos	250	dam4sam	medium	result.json	phase_metrics.0.assa	0.9761822600963491	/data/narendhiran_rpx/docker-smoke/tracking-production-250/dam4sam/medium
mos	250	dam4sam	medium	result.json	phase_metrics.0.deta	0.9583243383420202	/data/narendhiran_rpx/docker-smoke/tracking-production-250/dam4sam/medium
mos	250	dam4sam	medium	result.json	phase_metrics.0.hota	0.9667974553427219	/data/narendhiran_rpx/docker-smoke/tracking-production-250/dam4sam/medium
mos	250	dam4sam	medium	result.json	phase_metrics.0.idf1	0.9824629718398415	/data/narendhiran_rpx/docker-smoke/tracking-production-250/dam4sam/medium
mos	250	dam4sam	medium	result.json	phase_metrics.0.idsw	1.0	/data/narendhiran_rpx/docker-smoke/tracking-production-250/dam4sam/medium
mos	250	dam4sam	medium	result.json	phase_metrics.0.mota	0.9657625886522738	/data/narendhiran_rpx/docker-smoke/tracking-production-250/dam4sam/medium
mos	250	dam4sam	medium	result.json	phase_metrics.1.assa	0.9545402591605122	/data/narendhiran_rpx/docker-smoke/tracking-production-250/dam4sam/medium
mos	250	dam4sam	medium	result.json	phase_metrics.1.deta	0.9061774129027466	/data/narendhiran_rpx/docker-smoke/tracking-production-250/dam4sam/medium
mos	250	dam4sam	medium	result.json	phase_metrics.1.hota	0.929071815212695	/data/narendhiran_rpx/docker-smoke/tracking-production-250/dam4sam/medium
mos	250	dam4sam	medium	result.json	phase_metrics.1.idf1	0.9586770462644257	/data/narendhiran_rpx/docker-smoke/tracking-production-250/dam4sam/medium
mos	250	dam4sam	medium	result.json	phase_metrics.1.idsw	2.212121212121212	/data/narendhiran_rpx/docker-smoke/tracking-production-250/dam4sam/medium
mos	250	dam4sam	medium	result.json	phase_metrics.1.mota	0.9252457570287386	/data/narendhiran_rpx/docker-smoke/tracking-production-250/dam4sam/medium
mos	250	dam4sam	medium	result.json	phase_metrics.2.assa	0.9799452331533208	/data/narendhiran_rpx/docker-smoke/tracking-production-250/dam4sam/medium
mos	250	dam4sam	medium	result.json	phase_metrics.2.deta	0.9736351832958057	/data/narendhiran_rpx/docker-smoke/tracking-production-250/dam4sam/medium
mos	250	dam4sam	medium	result.json	phase_metrics.2.hota	0.9767188702307903	/data/narendhiran_rpx/docker-smoke/tracking-production-250/dam4sam/medium
mos	250	dam4sam	medium	result.json	phase_metrics.2.idf1	0.9935076297094664	/data/narendhiran_rpx/docker-smoke/tracking-production-250/dam4sam/medium
mos	250	dam4sam	medium	result.json	phase_metrics.2.idsw	0.06060606060606061	/data/narendhiran_rpx/docker-smoke/tracking-production-250/dam4sam/medium
mos	250	dam4sam	medium	result.json	phase_metrics.2.mota	0.9870044085047193	/data/narendhiran_rpx/docker-smoke/tracking-production-250/dam4sam/medium
mos	250	dam4sam	medium	result.json	prediction_stats.complete_clip_cache_hits	0	/data/narendhiran_rpx/docker-smoke/tracking-production-250/dam4sam/medium
mos	250	dam4sam	medium	result.json	prediction_stats.inferred_clips	99	/data/narendhiran_rpx/docker-smoke/tracking-production-250/dam4sam/medium
mos	250	dam4sam	medium	result.json	prediction_stats.model_propagation_frames	24651	/data/narendhiran_rpx/docker-smoke/tracking-production-250/dam4sam/medium
mos	250	dam4sam	medium	result.json	protocol.association_iou_threshold	0.5	/data/narendhiran_rpx/docker-smoke/tracking-production-250/dam4sam/medium
mos	250	dam4sam	medium	result.json	protocol.association_representation	tight_boxes_derived_from_instance_masks	/data/narendhiran_rpx/docker-smoke/tracking-production-250/dam4sam/medium
mos	250	dam4sam	medium	result.json	protocol.hota	mean_over_0.05_to_0.95	/data/narendhiran_rpx/docker-smoke/tracking-production-250/dam4sam/medium
mos	250	dam4sam	medium	result.json	protocol.initialization	ground_truth_first_frame_mask	/data/narendhiran_rpx/docker-smoke/tracking-production-250/dam4sam/medium
mos	250	dam4sam	medium	result.json	protocol.metric_implementation	TrackEval	/data/narendhiran_rpx/docker-smoke/tracking-production-250/dam4sam/medium
mos	250	dam4sam	medium	result.json	protocol.open_vocabulary	False	/data/narendhiran_rpx/docker-smoke/tracking-production-250/dam4sam/medium
mos	250	dam4sam	medium	result.json	protocol.scored_frames	1_to_end (initialization frame excluded)	/data/narendhiran_rpx/docker-smoke/tracking-production-250/dam4sam/medium
mos	250	dam4sam	medium	result.json	protocol.vocabulary		/data/narendhiran_rpx/docker-smoke/tracking-production-250/dam4sam/medium
mos	250	dam4sam	medium	result.json	protocol.vocabulary_size		/data/narendhiran_rpx/docker-smoke/tracking-production-250/dam4sam/medium
mos	250	dam4sam	medium	result.json	rpx_git_sha	67a9c210c73008e4bfbaeae86df8c442b93cf3ce	/data/narendhiran_rpx/docker-smoke/tracking-production-250/dam4sam/medium
mos	250	dam4sam	medium	result.json	split	medium	/data/narendhiran_rpx/docker-smoke/tracking-production-250/dam4sam/medium
mos	250	dam4sam	medium	result.json	task	object_tracking	/data/narendhiran_rpx/docker-smoke/tracking-production-250/dam4sam/medium
mos	250	dam4sam	medium	run_metadata.json	clips	99	/data/narendhiran_rpx/docker-smoke/tracking-production-250/dam4sam/medium
mos	250	dam4sam	medium	run_metadata.json	dataset.manifest_sha256	092980d23ee7a30de981c8dbf718cb05be8fa5209cc191bd116fd19439b2e72d	/data/narendhiran_rpx/docker-smoke/tracking-production-250/dam4sam/medium
mos	250	dam4sam	medium	run_metadata.json	dataset.repo	IRVLUTD/RPX	/data/narendhiran_rpx/docker-smoke/tracking-production-250/dam4sam/medium
mos	250	dam4sam	medium	run_metadata.json	dataset.revision	2e2a387f7f93e98c177b2e039c141eacda94e5fc	/data/narendhiran_rpx/docker-smoke/tracking-production-250/dam4sam/medium
mos	250	dam4sam	medium	run_metadata.json	evaluator_git_sha	67a9c210c73008e4bfbaeae86df8c442b93cf3ce	/data/narendhiran_rpx/docker-smoke/tracking-production-250/dam4sam/medium
mos	250	dam4sam	medium	run_metadata.json	finished_unix	1787165860.1992497	/data/narendhiran_rpx/docker-smoke/tracking-production-250/dam4sam/medium
mos	250	dam4sam	medium	run_metadata.json	frames	24750	/data/narendhiran_rpx/docker-smoke/tracking-production-250/dam4sam/medium
mos	250	dam4sam	medium	run_metadata.json	hardware.gpu_compute_capability.__length__	2	/data/narendhiran_rpx/docker-smoke/tracking-production-250/dam4sam/medium
mos	250	dam4sam	medium	run_metadata.json	hardware.gpu_name	NVIDIA RTX 6000 Ada Generation	/data/narendhiran_rpx/docker-smoke/tracking-production-250/dam4sam/medium
mos	250	dam4sam	medium	run_metadata.json	hardware.gpu_total_memory_bytes	50865307648	/data/narendhiran_rpx/docker-smoke/tracking-production-250/dam4sam/medium
mos	250	dam4sam	medium	run_metadata.json	hardware.torch_cuda_version	12.8	/data/narendhiran_rpx/docker-smoke/tracking-production-250/dam4sam/medium
mos	250	dam4sam	medium	run_metadata.json	hardware.torch_version	2.7.1+cu128	/data/narendhiran_rpx/docker-smoke/tracking-production-250/dam4sam/medium
mos	250	dam4sam	medium	run_metadata.json	model	dam4sam	/data/narendhiran_rpx/docker-smoke/tracking-production-250/dam4sam/medium
mos	250	dam4sam	medium	run_metadata.json	model_checkpoint.filename	sam2.1_hiera_large.pt	/data/narendhiran_rpx/docker-smoke/tracking-production-250/dam4sam/medium
mos	250	dam4sam	medium	run_metadata.json	model_checkpoint.repo	facebook/sam2.1-hiera-large	/data/narendhiran_rpx/docker-smoke/tracking-production-250/dam4sam/medium
mos	250	dam4sam	medium	run_metadata.json	model_checkpoint.revision	665f8e2ad61cf5f53d65644ff27c8ee525124610	/data/narendhiran_rpx/docker-smoke/tracking-production-250/dam4sam/medium
mos	250	dam4sam	medium	run_metadata.json	model_checkpoint.sha256	2647878d5dfa5098f2f8649825738a9345572bae2d4350a2468587ece47dd318	/data/narendhiran_rpx/docker-smoke/tracking-production-250/dam4sam/medium
mos	250	dam4sam	medium	run_metadata.json	parameter_count	224446642	/data/narendhiran_rpx/docker-smoke/tracking-production-250/dam4sam/medium
mos	250	dam4sam	medium	run_metadata.json	phase_metrics.0.assa	0.9761822600963491	/data/narendhiran_rpx/docker-smoke/tracking-production-250/dam4sam/medium
mos	250	dam4sam	medium	run_metadata.json	phase_metrics.0.deta	0.9583243383420202	/data/narendhiran_rpx/docker-smoke/tracking-production-250/dam4sam/medium
mos	250	dam4sam	medium	run_metadata.json	phase_metrics.0.hota	0.9667974553427219	/data/narendhiran_rpx/docker-smoke/tracking-production-250/dam4sam/medium
mos	250	dam4sam	medium	run_metadata.json	phase_metrics.0.idf1	0.9824629718398415	/data/narendhiran_rpx/docker-smoke/tracking-production-250/dam4sam/medium
mos	250	dam4sam	medium	run_metadata.json	phase_metrics.0.idsw	1.0	/data/narendhiran_rpx/docker-smoke/tracking-production-250/dam4sam/medium
mos	250	dam4sam	medium	run_metadata.json	phase_metrics.0.mota	0.9657625886522738	/data/narendhiran_rpx/docker-smoke/tracking-production-250/dam4sam/medium
mos	250	dam4sam	medium	run_metadata.json	phase_metrics.1.assa	0.9545402591605122	/data/narendhiran_rpx/docker-smoke/tracking-production-250/dam4sam/medium
mos	250	dam4sam	medium	run_metadata.json	phase_metrics.1.deta	0.9061774129027466	/data/narendhiran_rpx/docker-smoke/tracking-production-250/dam4sam/medium
mos	250	dam4sam	medium	run_metadata.json	phase_metrics.1.hota	0.929071815212695	/data/narendhiran_rpx/docker-smoke/tracking-production-250/dam4sam/medium
mos	250	dam4sam	medium	run_metadata.json	phase_metrics.1.idf1	0.9586770462644257	/data/narendhiran_rpx/docker-smoke/tracking-production-250/dam4sam/medium
mos	250	dam4sam	medium	run_metadata.json	phase_metrics.1.idsw	2.212121212121212	/data/narendhiran_rpx/docker-smoke/tracking-production-250/dam4sam/medium
mos	250	dam4sam	medium	run_metadata.json	phase_metrics.1.mota	0.9252457570287386	/data/narendhiran_rpx/docker-smoke/tracking-production-250/dam4sam/medium
mos	250	dam4sam	medium	run_metadata.json	phase_metrics.2.assa	0.9799452331533208	/data/narendhiran_rpx/docker-smoke/tracking-production-250/dam4sam/medium
mos	250	dam4sam	medium	run_metadata.json	phase_metrics.2.deta	0.9736351832958057	/data/narendhiran_rpx/docker-smoke/tracking-production-250/dam4sam/medium
mos	250	dam4sam	medium	run_metadata.json	phase_metrics.2.hota	0.9767188702307903	/data/narendhiran_rpx/docker-smoke/tracking-production-250/dam4sam/medium
mos	250	dam4sam	medium	run_metadata.json	phase_metrics.2.idf1	0.9935076297094664	/data/narendhiran_rpx/docker-smoke/tracking-production-250/dam4sam/medium
mos	250	dam4sam	medium	run_metadata.json	phase_metrics.2.idsw	0.06060606060606061	/data/narendhiran_rpx/docker-smoke/tracking-production-250/dam4sam/medium
mos	250	dam4sam	medium	run_metadata.json	phase_metrics.2.mota	0.9870044085047193	/data/narendhiran_rpx/docker-smoke/tracking-production-250/dam4sam/medium
mos	250	dam4sam	medium	run_metadata.json	pid	340	/data/narendhiran_rpx/docker-smoke/tracking-production-250/dam4sam/medium
mos	250	dam4sam	medium	run_metadata.json	prediction_stats.complete_clip_cache_hits	0	/data/narendhiran_rpx/docker-smoke/tracking-production-250/dam4sam/medium
mos	250	dam4sam	medium	run_metadata.json	prediction_stats.inferred_clips	99	/data/narendhiran_rpx/docker-smoke/tracking-production-250/dam4sam/medium
mos	250	dam4sam	medium	run_metadata.json	prediction_stats.model_propagation_frames	24651	/data/narendhiran_rpx/docker-smoke/tracking-production-250/dam4sam/medium
mos	250	dam4sam	medium	run_metadata.json	protocol.association_iou_threshold	0.5	/data/narendhiran_rpx/docker-smoke/tracking-production-250/dam4sam/medium
mos	250	dam4sam	medium	run_metadata.json	protocol.association_representation	tight_boxes_derived_from_instance_masks	/data/narendhiran_rpx/docker-smoke/tracking-production-250/dam4sam/medium
mos	250	dam4sam	medium	run_metadata.json	protocol.hota	mean_over_0.05_to_0.95	/data/narendhiran_rpx/docker-smoke/tracking-production-250/dam4sam/medium
mos	250	dam4sam	medium	run_metadata.json	protocol.initialization	ground_truth_first_frame_mask	/data/narendhiran_rpx/docker-smoke/tracking-production-250/dam4sam/medium
mos	250	dam4sam	medium	run_metadata.json	protocol.metric_implementation	TrackEval	/data/narendhiran_rpx/docker-smoke/tracking-production-250/dam4sam/medium
mos	250	dam4sam	medium	run_metadata.json	protocol.open_vocabulary	False	/data/narendhiran_rpx/docker-smoke/tracking-production-250/dam4sam/medium
mos	250	dam4sam	medium	run_metadata.json	protocol.scored_frames	1_to_end (initialization frame excluded)	/data/narendhiran_rpx/docker-smoke/tracking-production-250/dam4sam/medium
mos	250	dam4sam	medium	run_metadata.json	protocol.vocabulary		/data/narendhiran_rpx/docker-smoke/tracking-production-250/dam4sam/medium
mos	250	dam4sam	medium	run_metadata.json	protocol.vocabulary_size		/data/narendhiran_rpx/docker-smoke/tracking-production-250/dam4sam/medium
mos	250	dam4sam	medium	run_metadata.json	rpx_git_sha	67a9c210c73008e4bfbaeae86df8c442b93cf3ce	/data/narendhiran_rpx/docker-smoke/tracking-production-250/dam4sam/medium
mos	250	dam4sam	medium	run_metadata.json	split	medium	/data/narendhiran_rpx/docker-smoke/tracking-production-250/dam4sam/medium
mos	250	dam4sam	medium	run_metadata.json	started_unix	1787154873.0862205	/data/narendhiran_rpx/docker-smoke/tracking-production-250/dam4sam/medium
mos	250	dam4sam	medium	run_metadata.json	task	object_tracking	/data/narendhiran_rpx/docker-smoke/tracking-production-250/dam4sam/medium
mos	250	dam4sam	hard	result.json	clips	102	/data/narendhiran_rpx/docker-smoke/tracking-production-250/dam4sam/hard
mos	250	dam4sam	hard	result.json	dataset.manifest_sha256	fbc3c01164696ffacfd8f09d202ab0880fe46ce5933af2daf3750a4ba3b7c6bc	/data/narendhiran_rpx/docker-smoke/tracking-production-250/dam4sam/hard
mos	250	dam4sam	hard	result.json	dataset.repo	IRVLUTD/RPX	/data/narendhiran_rpx/docker-smoke/tracking-production-250/dam4sam/hard
mos	250	dam4sam	hard	result.json	dataset.revision	2e2a387f7f93e98c177b2e039c141eacda94e5fc	/data/narendhiran_rpx/docker-smoke/tracking-production-250/dam4sam/hard
mos	250	dam4sam	hard	result.json	evaluator_git_sha	67a9c210c73008e4bfbaeae86df8c442b93cf3ce	/data/narendhiran_rpx/docker-smoke/tracking-production-250/dam4sam/hard
mos	250	dam4sam	hard	result.json	frames	25500	/data/narendhiran_rpx/docker-smoke/tracking-production-250/dam4sam/hard
mos	250	dam4sam	hard	result.json	hardware.gpu_compute_capability.__length__	2	/data/narendhiran_rpx/docker-smoke/tracking-production-250/dam4sam/hard
mos	250	dam4sam	hard	result.json	hardware.gpu_name	NVIDIA RTX 6000 Ada Generation	/data/narendhiran_rpx/docker-smoke/tracking-production-250/dam4sam/hard
mos	250	dam4sam	hard	result.json	hardware.gpu_total_memory_bytes	50865307648	/data/narendhiran_rpx/docker-smoke/tracking-production-250/dam4sam/hard
mos	250	dam4sam	hard	result.json	hardware.torch_cuda_version	12.8	/data/narendhiran_rpx/docker-smoke/tracking-production-250/dam4sam/hard
mos	250	dam4sam	hard	result.json	hardware.torch_version	2.7.1+cu128	/data/narendhiran_rpx/docker-smoke/tracking-production-250/dam4sam/hard
mos	250	dam4sam	hard	result.json	model	dam4sam	/data/narendhiran_rpx/docker-smoke/tracking-production-250/dam4sam/hard
mos	250	dam4sam	hard	result.json	model_checkpoint.filename	sam2.1_hiera_large.pt	/data/narendhiran_rpx/docker-smoke/tracking-production-250/dam4sam/hard
mos	250	dam4sam	hard	result.json	model_checkpoint.repo	facebook/sam2.1-hiera-large	/data/narendhiran_rpx/docker-smoke/tracking-production-250/dam4sam/hard
mos	250	dam4sam	hard	result.json	model_checkpoint.revision	665f8e2ad61cf5f53d65644ff27c8ee525124610	/data/narendhiran_rpx/docker-smoke/tracking-production-250/dam4sam/hard
mos	250	dam4sam	hard	result.json	model_checkpoint.sha256	2647878d5dfa5098f2f8649825738a9345572bae2d4350a2468587ece47dd318	/data/narendhiran_rpx/docker-smoke/tracking-production-250/dam4sam/hard
mos	250	dam4sam	hard	result.json	phase_metrics.0.assa	0.9649063659031545	/data/narendhiran_rpx/docker-smoke/tracking-production-250/dam4sam/hard
mos	250	dam4sam	hard	result.json	phase_metrics.0.deta	0.9425418686321341	/data/narendhiran_rpx/docker-smoke/tracking-production-250/dam4sam/hard
mos	250	dam4sam	hard	result.json	phase_metrics.0.hota	0.9533023379569134	/data/narendhiran_rpx/docker-smoke/tracking-production-250/dam4sam/hard
mos	250	dam4sam	hard	result.json	phase_metrics.0.idf1	0.9771127899878732	/data/narendhiran_rpx/docker-smoke/tracking-production-250/dam4sam/hard
mos	250	dam4sam	hard	result.json	phase_metrics.0.idsw	1.2941176470588236	/data/narendhiran_rpx/docker-smoke/tracking-production-250/dam4sam/hard
mos	250	dam4sam	hard	result.json	phase_metrics.0.mota	0.9544125728222779	/data/narendhiran_rpx/docker-smoke/tracking-production-250/dam4sam/hard
mos	250	dam4sam	hard	result.json	phase_metrics.1.assa	0.9176002824695518	/data/narendhiran_rpx/docker-smoke/tracking-production-250/dam4sam/hard
mos	250	dam4sam	hard	result.json	phase_metrics.1.deta	0.848653355645051	/data/narendhiran_rpx/docker-smoke/tracking-production-250/dam4sam/hard
mos	250	dam4sam	hard	result.json	phase_metrics.1.hota	0.8808692608899938	/data/narendhiran_rpx/docker-smoke/tracking-production-250/dam4sam/hard
mos	250	dam4sam	hard	result.json	phase_metrics.1.idf1	0.9302470924767153	/data/narendhiran_rpx/docker-smoke/tracking-production-250/dam4sam/hard
mos	250	dam4sam	hard	result.json	phase_metrics.1.idsw	3.411764705882353	/data/narendhiran_rpx/docker-smoke/tracking-production-250/dam4sam/hard
mos	250	dam4sam	hard	result.json	phase_metrics.1.mota	0.8667802337267237	/data/narendhiran_rpx/docker-smoke/tracking-production-250/dam4sam/hard
mos	250	dam4sam	hard	result.json	phase_metrics.2.assa	0.9686003384200274	/data/narendhiran_rpx/docker-smoke/tracking-production-250/dam4sam/hard
mos	250	dam4sam	hard	result.json	phase_metrics.2.deta	0.954136066588506	/data/narendhiran_rpx/docker-smoke/tracking-production-250/dam4sam/hard
mos	250	dam4sam	hard	result.json	phase_metrics.2.hota	0.9611546070869852	/data/narendhiran_rpx/docker-smoke/tracking-production-250/dam4sam/hard
mos	250	dam4sam	hard	result.json	phase_metrics.2.idf1	0.9881411464639717	/data/narendhiran_rpx/docker-smoke/tracking-production-250/dam4sam/hard
mos	250	dam4sam	hard	result.json	phase_metrics.2.idsw	0.4117647058823529	/data/narendhiran_rpx/docker-smoke/tracking-production-250/dam4sam/hard
mos	250	dam4sam	hard	result.json	phase_metrics.2.mota	0.9769507764989082	/data/narendhiran_rpx/docker-smoke/tracking-production-250/dam4sam/hard
mos	250	dam4sam	hard	result.json	prediction_stats.complete_clip_cache_hits	0	/data/narendhiran_rpx/docker-smoke/tracking-production-250/dam4sam/hard
mos	250	dam4sam	hard	result.json	prediction_stats.inferred_clips	102	/data/narendhiran_rpx/docker-smoke/tracking-production-250/dam4sam/hard
mos	250	dam4sam	hard	result.json	prediction_stats.model_propagation_frames	25398	/data/narendhiran_rpx/docker-smoke/tracking-production-250/dam4sam/hard
mos	250	dam4sam	hard	result.json	protocol.association_iou_threshold	0.5	/data/narendhiran_rpx/docker-smoke/tracking-production-250/dam4sam/hard
mos	250	dam4sam	hard	result.json	protocol.association_representation	tight_boxes_derived_from_instance_masks	/data/narendhiran_rpx/docker-smoke/tracking-production-250/dam4sam/hard
mos	250	dam4sam	hard	result.json	protocol.hota	mean_over_0.05_to_0.95	/data/narendhiran_rpx/docker-smoke/tracking-production-250/dam4sam/hard
mos	250	dam4sam	hard	result.json	protocol.initialization	ground_truth_first_frame_mask	/data/narendhiran_rpx/docker-smoke/tracking-production-250/dam4sam/hard
mos	250	dam4sam	hard	result.json	protocol.metric_implementation	TrackEval	/data/narendhiran_rpx/docker-smoke/tracking-production-250/dam4sam/hard
mos	250	dam4sam	hard	result.json	protocol.open_vocabulary	False	/data/narendhiran_rpx/docker-smoke/tracking-production-250/dam4sam/hard
mos	250	dam4sam	hard	result.json	protocol.scored_frames	1_to_end (initialization frame excluded)	/data/narendhiran_rpx/docker-smoke/tracking-production-250/dam4sam/hard
mos	250	dam4sam	hard	result.json	protocol.vocabulary		/data/narendhiran_rpx/docker-smoke/tracking-production-250/dam4sam/hard
mos	250	dam4sam	hard	result.json	protocol.vocabulary_size		/data/narendhiran_rpx/docker-smoke/tracking-production-250/dam4sam/hard
mos	250	dam4sam	hard	result.json	rpx_git_sha	67a9c210c73008e4bfbaeae86df8c442b93cf3ce	/data/narendhiran_rpx/docker-smoke/tracking-production-250/dam4sam/hard
mos	250	dam4sam	hard	result.json	split	hard	/data/narendhiran_rpx/docker-smoke/tracking-production-250/dam4sam/hard
mos	250	dam4sam	hard	result.json	task	object_tracking	/data/narendhiran_rpx/docker-smoke/tracking-production-250/dam4sam/hard
mos	250	dam4sam	hard	run_metadata.json	clips	102	/data/narendhiran_rpx/docker-smoke/tracking-production-250/dam4sam/hard
mos	250	dam4sam	hard	run_metadata.json	dataset.manifest_sha256	fbc3c01164696ffacfd8f09d202ab0880fe46ce5933af2daf3750a4ba3b7c6bc	/data/narendhiran_rpx/docker-smoke/tracking-production-250/dam4sam/hard
mos	250	dam4sam	hard	run_metadata.json	dataset.repo	IRVLUTD/RPX	/data/narendhiran_rpx/docker-smoke/tracking-production-250/dam4sam/hard
mos	250	dam4sam	hard	run_metadata.json	dataset.revision	2e2a387f7f93e98c177b2e039c141eacda94e5fc	/data/narendhiran_rpx/docker-smoke/tracking-production-250/dam4sam/hard
mos	250	dam4sam	hard	run_metadata.json	evaluator_git_sha	67a9c210c73008e4bfbaeae86df8c442b93cf3ce	/data/narendhiran_rpx/docker-smoke/tracking-production-250/dam4sam/hard
mos	250	dam4sam	hard	run_metadata.json	finished_unix	1787176898.4892828	/data/narendhiran_rpx/docker-smoke/tracking-production-250/dam4sam/hard
mos	250	dam4sam	hard	run_metadata.json	frames	25500	/data/narendhiran_rpx/docker-smoke/tracking-production-250/dam4sam/hard
mos	250	dam4sam	hard	run_metadata.json	hardware.gpu_compute_capability.__length__	2	/data/narendhiran_rpx/docker-smoke/tracking-production-250/dam4sam/hard
mos	250	dam4sam	hard	run_metadata.json	hardware.gpu_name	NVIDIA RTX 6000 Ada Generation	/data/narendhiran_rpx/docker-smoke/tracking-production-250/dam4sam/hard
mos	250	dam4sam	hard	run_metadata.json	hardware.gpu_total_memory_bytes	50865307648	/data/narendhiran_rpx/docker-smoke/tracking-production-250/dam4sam/hard
mos	250	dam4sam	hard	run_metadata.json	hardware.torch_cuda_version	12.8	/data/narendhiran_rpx/docker-smoke/tracking-production-250/dam4sam/hard
mos	250	dam4sam	hard	run_metadata.json	hardware.torch_version	2.7.1+cu128	/data/narendhiran_rpx/docker-smoke/tracking-production-250/dam4sam/hard
mos	250	dam4sam	hard	run_metadata.json	model	dam4sam	/data/narendhiran_rpx/docker-smoke/tracking-production-250/dam4sam/hard
mos	250	dam4sam	hard	run_metadata.json	model_checkpoint.filename	sam2.1_hiera_large.pt	/data/narendhiran_rpx/docker-smoke/tracking-production-250/dam4sam/hard
mos	250	dam4sam	hard	run_metadata.json	model_checkpoint.repo	facebook/sam2.1-hiera-large	/data/narendhiran_rpx/docker-smoke/tracking-production-250/dam4sam/hard
mos	250	dam4sam	hard	run_metadata.json	model_checkpoint.revision	665f8e2ad61cf5f53d65644ff27c8ee525124610	/data/narendhiran_rpx/docker-smoke/tracking-production-250/dam4sam/hard
mos	250	dam4sam	hard	run_metadata.json	model_checkpoint.sha256	2647878d5dfa5098f2f8649825738a9345572bae2d4350a2468587ece47dd318	/data/narendhiran_rpx/docker-smoke/tracking-production-250/dam4sam/hard
mos	250	dam4sam	hard	run_metadata.json	parameter_count	224446642	/data/narendhiran_rpx/docker-smoke/tracking-production-250/dam4sam/hard
mos	250	dam4sam	hard	run_metadata.json	phase_metrics.0.assa	0.9649063659031545	/data/narendhiran_rpx/docker-smoke/tracking-production-250/dam4sam/hard
mos	250	dam4sam	hard	run_metadata.json	phase_metrics.0.deta	0.9425418686321341	/data/narendhiran_rpx/docker-smoke/tracking-production-250/dam4sam/hard
mos	250	dam4sam	hard	run_metadata.json	phase_metrics.0.hota	0.9533023379569134	/data/narendhiran_rpx/docker-smoke/tracking-production-250/dam4sam/hard
mos	250	dam4sam	hard	run_metadata.json	phase_metrics.0.idf1	0.9771127899878732	/data/narendhiran_rpx/docker-smoke/tracking-production-250/dam4sam/hard
mos	250	dam4sam	hard	run_metadata.json	phase_metrics.0.idsw	1.2941176470588236	/data/narendhiran_rpx/docker-smoke/tracking-production-250/dam4sam/hard
mos	250	dam4sam	hard	run_metadata.json	phase_metrics.0.mota	0.9544125728222779	/data/narendhiran_rpx/docker-smoke/tracking-production-250/dam4sam/hard
mos	250	dam4sam	hard	run_metadata.json	phase_metrics.1.assa	0.9176002824695518	/data/narendhiran_rpx/docker-smoke/tracking-production-250/dam4sam/hard
mos	250	dam4sam	hard	run_metadata.json	phase_metrics.1.deta	0.848653355645051	/data/narendhiran_rpx/docker-smoke/tracking-production-250/dam4sam/hard
mos	250	dam4sam	hard	run_metadata.json	phase_metrics.1.hota	0.8808692608899938	/data/narendhiran_rpx/docker-smoke/tracking-production-250/dam4sam/hard
mos	250	dam4sam	hard	run_metadata.json	phase_metrics.1.idf1	0.9302470924767153	/data/narendhiran_rpx/docker-smoke/tracking-production-250/dam4sam/hard
mos	250	dam4sam	hard	run_metadata.json	phase_metrics.1.idsw	3.411764705882353	/data/narendhiran_rpx/docker-smoke/tracking-production-250/dam4sam/hard
mos	250	dam4sam	hard	run_metadata.json	phase_metrics.1.mota	0.8667802337267237	/data/narendhiran_rpx/docker-smoke/tracking-production-250/dam4sam/hard
mos	250	dam4sam	hard	run_metadata.json	phase_metrics.2.assa	0.9686003384200274	/data/narendhiran_rpx/docker-smoke/tracking-production-250/dam4sam/hard
mos	250	dam4sam	hard	run_metadata.json	phase_metrics.2.deta	0.954136066588506	/data/narendhiran_rpx/docker-smoke/tracking-production-250/dam4sam/hard
mos	250	dam4sam	hard	run_metadata.json	phase_metrics.2.hota	0.9611546070869852	/data/narendhiran_rpx/docker-smoke/tracking-production-250/dam4sam/hard
mos	250	dam4sam	hard	run_metadata.json	phase_metrics.2.idf1	0.9881411464639717	/data/narendhiran_rpx/docker-smoke/tracking-production-250/dam4sam/hard
mos	250	dam4sam	hard	run_metadata.json	phase_metrics.2.idsw	0.4117647058823529	/data/narendhiran_rpx/docker-smoke/tracking-production-250/dam4sam/hard
mos	250	dam4sam	hard	run_metadata.json	phase_metrics.2.mota	0.9769507764989082	/data/narendhiran_rpx/docker-smoke/tracking-production-250/dam4sam/hard
mos	250	dam4sam	hard	run_metadata.json	pid	565	/data/narendhiran_rpx/docker-smoke/tracking-production-250/dam4sam/hard
mos	250	dam4sam	hard	run_metadata.json	prediction_stats.complete_clip_cache_hits	0	/data/narendhiran_rpx/docker-smoke/tracking-production-250/dam4sam/hard
mos	250	dam4sam	hard	run_metadata.json	prediction_stats.inferred_clips	102	/data/narendhiran_rpx/docker-smoke/tracking-production-250/dam4sam/hard
mos	250	dam4sam	hard	run_metadata.json	prediction_stats.model_propagation_frames	25398	/data/narendhiran_rpx/docker-smoke/tracking-production-250/dam4sam/hard
mos	250	dam4sam	hard	run_metadata.json	protocol.association_iou_threshold	0.5	/data/narendhiran_rpx/docker-smoke/tracking-production-250/dam4sam/hard
mos	250	dam4sam	hard	run_metadata.json	protocol.association_representation	tight_boxes_derived_from_instance_masks	/data/narendhiran_rpx/docker-smoke/tracking-production-250/dam4sam/hard
mos	250	dam4sam	hard	run_metadata.json	protocol.hota	mean_over_0.05_to_0.95	/data/narendhiran_rpx/docker-smoke/tracking-production-250/dam4sam/hard
mos	250	dam4sam	hard	run_metadata.json	protocol.initialization	ground_truth_first_frame_mask	/data/narendhiran_rpx/docker-smoke/tracking-production-250/dam4sam/hard
mos	250	dam4sam	hard	run_metadata.json	protocol.metric_implementation	TrackEval	/data/narendhiran_rpx/docker-smoke/tracking-production-250/dam4sam/hard
mos	250	dam4sam	hard	run_metadata.json	protocol.open_vocabulary	False	/data/narendhiran_rpx/docker-smoke/tracking-production-250/dam4sam/hard
mos	250	dam4sam	hard	run_metadata.json	protocol.scored_frames	1_to_end (initialization frame excluded)	/data/narendhiran_rpx/docker-smoke/tracking-production-250/dam4sam/hard
mos	250	dam4sam	hard	run_metadata.json	protocol.vocabulary		/data/narendhiran_rpx/docker-smoke/tracking-production-250/dam4sam/hard
mos	250	dam4sam	hard	run_metadata.json	protocol.vocabulary_size		/data/narendhiran_rpx/docker-smoke/tracking-production-250/dam4sam/hard
mos	250	dam4sam	hard	run_metadata.json	rpx_git_sha	67a9c210c73008e4bfbaeae86df8c442b93cf3ce	/data/narendhiran_rpx/docker-smoke/tracking-production-250/dam4sam/hard
mos	250	dam4sam	hard	run_metadata.json	split	hard	/data/narendhiran_rpx/docker-smoke/tracking-production-250/dam4sam/hard
mos	250	dam4sam	hard	run_metadata.json	started_unix	1787165979.0982885	/data/narendhiran_rpx/docker-smoke/tracking-production-250/dam4sam/hard
mos	250	dam4sam	hard	run_metadata.json	task	object_tracking	/data/narendhiran_rpx/docker-smoke/tracking-production-250/dam4sam/hard
ego	250	sam2	easy	result.json	clips	33	/data/narendhiran_rpx/docker-smoke/tracking-ego-production/ego/sam2/easy
ego	250	sam2	easy	result.json	dataset.manifest_name	ego_object_tracking	/data/narendhiran_rpx/docker-smoke/tracking-ego-production/ego/sam2/easy
ego	250	sam2	easy	result.json	dataset.manifest_sha256	dc3c68c65e06a2d563f8d4d5a5a065159edd7dcae0f5fe4795f21c27c6ac4213	/data/narendhiran_rpx/docker-smoke/tracking-ego-production/ego/sam2/easy
ego	250	sam2	easy	result.json	dataset.protocol	ego	/data/narendhiran_rpx/docker-smoke/tracking-ego-production/ego/sam2/easy
ego	250	sam2	easy	result.json	dataset.repo	IRVLUTD/RPX	/data/narendhiran_rpx/docker-smoke/tracking-ego-production/ego/sam2/easy
ego	250	sam2	easy	result.json	dataset.revision	f082723002bad5800dd85e583115b4ea05734d31	/data/narendhiran_rpx/docker-smoke/tracking-ego-production/ego/sam2/easy
ego	250	sam2	easy	result.json	dataset_protocol	ego	/data/narendhiran_rpx/docker-smoke/tracking-ego-production/ego/sam2/easy
ego	250	sam2	easy	result.json	evaluator_git_sha	2b90d59d26a8692bb5d7e5a3a8cb72df2ba941f7	/data/narendhiran_rpx/docker-smoke/tracking-ego-production/ego/sam2/easy
ego	250	sam2	easy	result.json	frames	7552	/data/narendhiran_rpx/docker-smoke/tracking-ego-production/ego/sam2/easy
ego	250	sam2	easy	result.json	hardware.gpu_compute_capability.__length__	2	/data/narendhiran_rpx/docker-smoke/tracking-ego-production/ego/sam2/easy
ego	250	sam2	easy	result.json	hardware.gpu_name	NVIDIA RTX 6000 Ada Generation	/data/narendhiran_rpx/docker-smoke/tracking-ego-production/ego/sam2/easy
ego	250	sam2	easy	result.json	hardware.gpu_total_memory_bytes	50865307648	/data/narendhiran_rpx/docker-smoke/tracking-ego-production/ego/sam2/easy
ego	250	sam2	easy	result.json	hardware.torch_cuda_version	12.8	/data/narendhiran_rpx/docker-smoke/tracking-ego-production/ego/sam2/easy
ego	250	sam2	easy	result.json	hardware.torch_version	2.7.1+cu128	/data/narendhiran_rpx/docker-smoke/tracking-ego-production/ego/sam2/easy
ego	250	sam2	easy	result.json	model	sam2	/data/narendhiran_rpx/docker-smoke/tracking-ego-production/ego/sam2/easy
ego	250	sam2	easy	result.json	model_checkpoint.filename	sam2_hiera_large.pt	/data/narendhiran_rpx/docker-smoke/tracking-ego-production/ego/sam2/easy
ego	250	sam2	easy	result.json	model_checkpoint.repo	facebook/sam2-hiera-large	/data/narendhiran_rpx/docker-smoke/tracking-ego-production/ego/sam2/easy
ego	250	sam2	easy	result.json	model_checkpoint.revision	e6a8e8809b8f1bfa2238b6d080f3d05cc76bd251	/data/narendhiran_rpx/docker-smoke/tracking-ego-production/ego/sam2/easy
ego	250	sam2	easy	result.json	model_checkpoint.sha256	7442e4e9b732a508f80e141e7c2913437a3610ee0c77381a66658c3a445df87b	/data/narendhiran_rpx/docker-smoke/tracking-ego-production/ego/sam2/easy
ego	250	sam2	easy	result.json	phase_metrics.0.assa	0.9324624176905354	/data/narendhiran_rpx/docker-smoke/tracking-ego-production/ego/sam2/easy
ego	250	sam2	easy	result.json	phase_metrics.0.deta	0.9052434538100008	/data/narendhiran_rpx/docker-smoke/tracking-ego-production/ego/sam2/easy
ego	250	sam2	easy	result.json	phase_metrics.0.hota	0.9185149144325624	/data/narendhiran_rpx/docker-smoke/tracking-ego-production/ego/sam2/easy
ego	250	sam2	easy	result.json	phase_metrics.0.idf1	0.9501223726134301	/data/narendhiran_rpx/docker-smoke/tracking-ego-production/ego/sam2/easy
ego	250	sam2	easy	result.json	phase_metrics.0.idsw	2.121212121212121	/data/narendhiran_rpx/docker-smoke/tracking-ego-production/ego/sam2/easy
ego	250	sam2	easy	result.json	phase_metrics.0.mota	0.9064230857384381	/data/narendhiran_rpx/docker-smoke/tracking-ego-production/ego/sam2/easy
ego	250	sam2	easy	result.json	prediction_stats.complete_clip_cache_hits	0	/data/narendhiran_rpx/docker-smoke/tracking-ego-production/ego/sam2/easy
ego	250	sam2	easy	result.json	prediction_stats.inferred_clips	33	/data/narendhiran_rpx/docker-smoke/tracking-ego-production/ego/sam2/easy
ego	250	sam2	easy	result.json	prediction_stats.model_propagation_frames	7519	/data/narendhiran_rpx/docker-smoke/tracking-ego-production/ego/sam2/easy
ego	250	sam2	easy	result.json	protocol.association_iou_threshold	0.5	/data/narendhiran_rpx/docker-smoke/tracking-ego-production/ego/sam2/easy
ego	250	sam2	easy	result.json	protocol.association_representation	tight_boxes_derived_from_instance_masks	/data/narendhiran_rpx/docker-smoke/tracking-ego-production/ego/sam2/easy
ego	250	sam2	easy	result.json	protocol.hota	mean_over_0.05_to_0.95	/data/narendhiran_rpx/docker-smoke/tracking-ego-production/ego/sam2/easy
ego	250	sam2	easy	result.json	protocol.initialization	ground_truth_first_frame_mask	/data/narendhiran_rpx/docker-smoke/tracking-ego-production/ego/sam2/easy
ego	250	sam2	easy	result.json	protocol.metric_implementation	TrackEval	/data/narendhiran_rpx/docker-smoke/tracking-ego-production/ego/sam2/easy
ego	250	sam2	easy	result.json	protocol.open_vocabulary	False	/data/narendhiran_rpx/docker-smoke/tracking-ego-production/ego/sam2/easy
ego	250	sam2	easy	result.json	protocol.scored_frames	1_to_end (initialization frame excluded)	/data/narendhiran_rpx/docker-smoke/tracking-ego-production/ego/sam2/easy
ego	250	sam2	easy	result.json	protocol.vocabulary		/data/narendhiran_rpx/docker-smoke/tracking-ego-production/ego/sam2/easy
ego	250	sam2	easy	result.json	protocol.vocabulary_size		/data/narendhiran_rpx/docker-smoke/tracking-ego-production/ego/sam2/easy
ego	250	sam2	easy	result.json	rpx_git_sha	2b90d59d26a8692bb5d7e5a3a8cb72df2ba941f7	/data/narendhiran_rpx/docker-smoke/tracking-ego-production/ego/sam2/easy
ego	250	sam2	easy	result.json	split	easy	/data/narendhiran_rpx/docker-smoke/tracking-ego-production/ego/sam2/easy
ego	250	sam2	easy	result.json	task	object_tracking	/data/narendhiran_rpx/docker-smoke/tracking-ego-production/ego/sam2/easy
ego	250	sam2	easy	run_metadata.json	clips	33	/data/narendhiran_rpx/docker-smoke/tracking-ego-production/ego/sam2/easy
ego	250	sam2	easy	run_metadata.json	dataset.manifest_name	ego_object_tracking	/data/narendhiran_rpx/docker-smoke/tracking-ego-production/ego/sam2/easy
ego	250	sam2	easy	run_metadata.json	dataset.manifest_sha256	dc3c68c65e06a2d563f8d4d5a5a065159edd7dcae0f5fe4795f21c27c6ac4213	/data/narendhiran_rpx/docker-smoke/tracking-ego-production/ego/sam2/easy
ego	250	sam2	easy	run_metadata.json	dataset.protocol	ego	/data/narendhiran_rpx/docker-smoke/tracking-ego-production/ego/sam2/easy
ego	250	sam2	easy	run_metadata.json	dataset.repo	IRVLUTD/RPX	/data/narendhiran_rpx/docker-smoke/tracking-ego-production/ego/sam2/easy
ego	250	sam2	easy	run_metadata.json	dataset.revision	f082723002bad5800dd85e583115b4ea05734d31	/data/narendhiran_rpx/docker-smoke/tracking-ego-production/ego/sam2/easy
ego	250	sam2	easy	run_metadata.json	dataset_protocol	ego	/data/narendhiran_rpx/docker-smoke/tracking-ego-production/ego/sam2/easy
ego	250	sam2	easy	run_metadata.json	evaluator_git_sha	2b90d59d26a8692bb5d7e5a3a8cb72df2ba941f7	/data/narendhiran_rpx/docker-smoke/tracking-ego-production/ego/sam2/easy
ego	250	sam2	easy	run_metadata.json	finished_unix	1787987960.5385373	/data/narendhiran_rpx/docker-smoke/tracking-ego-production/ego/sam2/easy
ego	250	sam2	easy	run_metadata.json	frames	7552	/data/narendhiran_rpx/docker-smoke/tracking-ego-production/ego/sam2/easy
ego	250	sam2	easy	run_metadata.json	hardware.gpu_compute_capability.__length__	2	/data/narendhiran_rpx/docker-smoke/tracking-ego-production/ego/sam2/easy
ego	250	sam2	easy	run_metadata.json	hardware.gpu_name	NVIDIA RTX 6000 Ada Generation	/data/narendhiran_rpx/docker-smoke/tracking-ego-production/ego/sam2/easy
ego	250	sam2	easy	run_metadata.json	hardware.gpu_total_memory_bytes	50865307648	/data/narendhiran_rpx/docker-smoke/tracking-ego-production/ego/sam2/easy
ego	250	sam2	easy	run_metadata.json	hardware.torch_cuda_version	12.8	/data/narendhiran_rpx/docker-smoke/tracking-ego-production/ego/sam2/easy
ego	250	sam2	easy	run_metadata.json	hardware.torch_version	2.7.1+cu128	/data/narendhiran_rpx/docker-smoke/tracking-ego-production/ego/sam2/easy
ego	250	sam2	easy	run_metadata.json	model	sam2	/data/narendhiran_rpx/docker-smoke/tracking-ego-production/ego/sam2/easy
ego	250	sam2	easy	run_metadata.json	model_checkpoint.filename	sam2_hiera_large.pt	/data/narendhiran_rpx/docker-smoke/tracking-ego-production/ego/sam2/easy
ego	250	sam2	easy	run_metadata.json	model_checkpoint.repo	facebook/sam2-hiera-large	/data/narendhiran_rpx/docker-smoke/tracking-ego-production/ego/sam2/easy
ego	250	sam2	easy	run_metadata.json	model_checkpoint.revision	e6a8e8809b8f1bfa2238b6d080f3d05cc76bd251	/data/narendhiran_rpx/docker-smoke/tracking-ego-production/ego/sam2/easy
ego	250	sam2	easy	run_metadata.json	model_checkpoint.sha256	7442e4e9b732a508f80e141e7c2913437a3610ee0c77381a66658c3a445df87b	/data/narendhiran_rpx/docker-smoke/tracking-ego-production/ego/sam2/easy
ego	250	sam2	easy	run_metadata.json	parameter_count	224430130	/data/narendhiran_rpx/docker-smoke/tracking-ego-production/ego/sam2/easy
ego	250	sam2	easy	run_metadata.json	phase_metrics.0.assa	0.9324624176905354	/data/narendhiran_rpx/docker-smoke/tracking-ego-production/ego/sam2/easy
ego	250	sam2	easy	run_metadata.json	phase_metrics.0.deta	0.9052434538100008	/data/narendhiran_rpx/docker-smoke/tracking-ego-production/ego/sam2/easy
ego	250	sam2	easy	run_metadata.json	phase_metrics.0.hota	0.9185149144325624	/data/narendhiran_rpx/docker-smoke/tracking-ego-production/ego/sam2/easy
ego	250	sam2	easy	run_metadata.json	phase_metrics.0.idf1	0.9501223726134301	/data/narendhiran_rpx/docker-smoke/tracking-ego-production/ego/sam2/easy
ego	250	sam2	easy	run_metadata.json	phase_metrics.0.idsw	2.121212121212121	/data/narendhiran_rpx/docker-smoke/tracking-ego-production/ego/sam2/easy
ego	250	sam2	easy	run_metadata.json	phase_metrics.0.mota	0.9064230857384381	/data/narendhiran_rpx/docker-smoke/tracking-ego-production/ego/sam2/easy
ego	250	sam2	easy	run_metadata.json	pid	114	/data/narendhiran_rpx/docker-smoke/tracking-ego-production/ego/sam2/easy
ego	250	sam2	easy	run_metadata.json	prediction_stats.complete_clip_cache_hits	0	/data/narendhiran_rpx/docker-smoke/tracking-ego-production/ego/sam2/easy
ego	250	sam2	easy	run_metadata.json	prediction_stats.inferred_clips	33	/data/narendhiran_rpx/docker-smoke/tracking-ego-production/ego/sam2/easy
ego	250	sam2	easy	run_metadata.json	prediction_stats.model_propagation_frames	7519	/data/narendhiran_rpx/docker-smoke/tracking-ego-production/ego/sam2/easy
ego	250	sam2	easy	run_metadata.json	protocol.association_iou_threshold	0.5	/data/narendhiran_rpx/docker-smoke/tracking-ego-production/ego/sam2/easy
ego	250	sam2	easy	run_metadata.json	protocol.association_representation	tight_boxes_derived_from_instance_masks	/data/narendhiran_rpx/docker-smoke/tracking-ego-production/ego/sam2/easy
ego	250	sam2	easy	run_metadata.json	protocol.hota	mean_over_0.05_to_0.95	/data/narendhiran_rpx/docker-smoke/tracking-ego-production/ego/sam2/easy
ego	250	sam2	easy	run_metadata.json	protocol.initialization	ground_truth_first_frame_mask	/data/narendhiran_rpx/docker-smoke/tracking-ego-production/ego/sam2/easy
ego	250	sam2	easy	run_metadata.json	protocol.metric_implementation	TrackEval	/data/narendhiran_rpx/docker-smoke/tracking-ego-production/ego/sam2/easy
ego	250	sam2	easy	run_metadata.json	protocol.open_vocabulary	False	/data/narendhiran_rpx/docker-smoke/tracking-ego-production/ego/sam2/easy
ego	250	sam2	easy	run_metadata.json	protocol.scored_frames	1_to_end (initialization frame excluded)	/data/narendhiran_rpx/docker-smoke/tracking-ego-production/ego/sam2/easy
ego	250	sam2	easy	run_metadata.json	protocol.vocabulary		/data/narendhiran_rpx/docker-smoke/tracking-ego-production/ego/sam2/easy
ego	250	sam2	easy	run_metadata.json	protocol.vocabulary_size		/data/narendhiran_rpx/docker-smoke/tracking-ego-production/ego/sam2/easy
ego	250	sam2	easy	run_metadata.json	rpx_git_sha	2b90d59d26a8692bb5d7e5a3a8cb72df2ba941f7	/data/narendhiran_rpx/docker-smoke/tracking-ego-production/ego/sam2/easy
ego	250	sam2	easy	run_metadata.json	split	easy	/data/narendhiran_rpx/docker-smoke/tracking-ego-production/ego/sam2/easy
ego	250	sam2	easy	run_metadata.json	started_unix	1787984620.208767	/data/narendhiran_rpx/docker-smoke/tracking-ego-production/ego/sam2/easy
ego	250	sam2	easy	run_metadata.json	task	object_tracking	/data/narendhiran_rpx/docker-smoke/tracking-ego-production/ego/sam2/easy
ego	250	sam2	medium	result.json	clips	33	/data/narendhiran_rpx/docker-smoke/tracking-ego-production/ego/sam2/medium
ego	250	sam2	medium	result.json	dataset.manifest_name	ego_object_tracking	/data/narendhiran_rpx/docker-smoke/tracking-ego-production/ego/sam2/medium
ego	250	sam2	medium	result.json	dataset.manifest_sha256	6de360a644255f65a44f921197fa083ee66d5e24f45e93afa76dcd6f34f30ab5	/data/narendhiran_rpx/docker-smoke/tracking-ego-production/ego/sam2/medium
ego	250	sam2	medium	result.json	dataset.protocol	ego	/data/narendhiran_rpx/docker-smoke/tracking-ego-production/ego/sam2/medium
ego	250	sam2	medium	result.json	dataset.repo	IRVLUTD/RPX	/data/narendhiran_rpx/docker-smoke/tracking-ego-production/ego/sam2/medium
ego	250	sam2	medium	result.json	dataset.revision	f082723002bad5800dd85e583115b4ea05734d31	/data/narendhiran_rpx/docker-smoke/tracking-ego-production/ego/sam2/medium
ego	250	sam2	medium	result.json	dataset_protocol	ego	/data/narendhiran_rpx/docker-smoke/tracking-ego-production/ego/sam2/medium
ego	250	sam2	medium	result.json	evaluator_git_sha	2b90d59d26a8692bb5d7e5a3a8cb72df2ba941f7	/data/narendhiran_rpx/docker-smoke/tracking-ego-production/ego/sam2/medium
ego	250	sam2	medium	result.json	frames	7691	/data/narendhiran_rpx/docker-smoke/tracking-ego-production/ego/sam2/medium
ego	250	sam2	medium	result.json	hardware.gpu_compute_capability.__length__	2	/data/narendhiran_rpx/docker-smoke/tracking-ego-production/ego/sam2/medium
ego	250	sam2	medium	result.json	hardware.gpu_name	NVIDIA RTX 6000 Ada Generation	/data/narendhiran_rpx/docker-smoke/tracking-ego-production/ego/sam2/medium
ego	250	sam2	medium	result.json	hardware.gpu_total_memory_bytes	50865307648	/data/narendhiran_rpx/docker-smoke/tracking-ego-production/ego/sam2/medium
ego	250	sam2	medium	result.json	hardware.torch_cuda_version	12.8	/data/narendhiran_rpx/docker-smoke/tracking-ego-production/ego/sam2/medium
ego	250	sam2	medium	result.json	hardware.torch_version	2.7.1+cu128	/data/narendhiran_rpx/docker-smoke/tracking-ego-production/ego/sam2/medium
ego	250	sam2	medium	result.json	model	sam2	/data/narendhiran_rpx/docker-smoke/tracking-ego-production/ego/sam2/medium
ego	250	sam2	medium	result.json	model_checkpoint.filename	sam2_hiera_large.pt	/data/narendhiran_rpx/docker-smoke/tracking-ego-production/ego/sam2/medium
ego	250	sam2	medium	result.json	model_checkpoint.repo	facebook/sam2-hiera-large	/data/narendhiran_rpx/docker-smoke/tracking-ego-production/ego/sam2/medium
ego	250	sam2	medium	result.json	model_checkpoint.revision	e6a8e8809b8f1bfa2238b6d080f3d05cc76bd251	/data/narendhiran_rpx/docker-smoke/tracking-ego-production/ego/sam2/medium
ego	250	sam2	medium	result.json	model_checkpoint.sha256	7442e4e9b732a508f80e141e7c2913437a3610ee0c77381a66658c3a445df87b	/data/narendhiran_rpx/docker-smoke/tracking-ego-production/ego/sam2/medium
ego	250	sam2	medium	result.json	phase_metrics.0.assa	0.9142121868805051	/data/narendhiran_rpx/docker-smoke/tracking-ego-production/ego/sam2/medium
ego	250	sam2	medium	result.json	phase_metrics.0.deta	0.8836117826559844	/data/narendhiran_rpx/docker-smoke/tracking-ego-production/ego/sam2/medium
ego	250	sam2	medium	result.json	phase_metrics.0.hota	0.897308591466166	/data/narendhiran_rpx/docker-smoke/tracking-ego-production/ego/sam2/medium
ego	250	sam2	medium	result.json	phase_metrics.0.idf1	0.9321196272007011	/data/narendhiran_rpx/docker-smoke/tracking-ego-production/ego/sam2/medium
ego	250	sam2	medium	result.json	phase_metrics.0.idsw	1.878787878787879	/data/narendhiran_rpx/docker-smoke/tracking-ego-production/ego/sam2/medium
ego	250	sam2	medium	result.json	phase_metrics.0.mota	0.8856137925812013	/data/narendhiran_rpx/docker-smoke/tracking-ego-production/ego/sam2/medium
ego	250	sam2	medium	result.json	prediction_stats.complete_clip_cache_hits	0	/data/narendhiran_rpx/docker-smoke/tracking-ego-production/ego/sam2/medium
ego	250	sam2	medium	result.json	prediction_stats.inferred_clips	33	/data/narendhiran_rpx/docker-smoke/tracking-ego-production/ego/sam2/medium
ego	250	sam2	medium	result.json	prediction_stats.model_propagation_frames	7658	/data/narendhiran_rpx/docker-smoke/tracking-ego-production/ego/sam2/medium
ego	250	sam2	medium	result.json	protocol.association_iou_threshold	0.5	/data/narendhiran_rpx/docker-smoke/tracking-ego-production/ego/sam2/medium
ego	250	sam2	medium	result.json	protocol.association_representation	tight_boxes_derived_from_instance_masks	/data/narendhiran_rpx/docker-smoke/tracking-ego-production/ego/sam2/medium
ego	250	sam2	medium	result.json	protocol.hota	mean_over_0.05_to_0.95	/data/narendhiran_rpx/docker-smoke/tracking-ego-production/ego/sam2/medium
ego	250	sam2	medium	result.json	protocol.initialization	ground_truth_first_frame_mask	/data/narendhiran_rpx/docker-smoke/tracking-ego-production/ego/sam2/medium
ego	250	sam2	medium	result.json	protocol.metric_implementation	TrackEval	/data/narendhiran_rpx/docker-smoke/tracking-ego-production/ego/sam2/medium
ego	250	sam2	medium	result.json	protocol.open_vocabulary	False	/data/narendhiran_rpx/docker-smoke/tracking-ego-production/ego/sam2/medium
ego	250	sam2	medium	result.json	protocol.scored_frames	1_to_end (initialization frame excluded)	/data/narendhiran_rpx/docker-smoke/tracking-ego-production/ego/sam2/medium
ego	250	sam2	medium	result.json	protocol.vocabulary		/data/narendhiran_rpx/docker-smoke/tracking-ego-production/ego/sam2/medium
ego	250	sam2	medium	result.json	protocol.vocabulary_size		/data/narendhiran_rpx/docker-smoke/tracking-ego-production/ego/sam2/medium
ego	250	sam2	medium	result.json	rpx_git_sha	2b90d59d26a8692bb5d7e5a3a8cb72df2ba941f7	/data/narendhiran_rpx/docker-smoke/tracking-ego-production/ego/sam2/medium
ego	250	sam2	medium	result.json	split	medium	/data/narendhiran_rpx/docker-smoke/tracking-ego-production/ego/sam2/medium
ego	250	sam2	medium	result.json	task	object_tracking	/data/narendhiran_rpx/docker-smoke/tracking-ego-production/ego/sam2/medium
ego	250	sam2	medium	run_metadata.json	clips	33	/data/narendhiran_rpx/docker-smoke/tracking-ego-production/ego/sam2/medium
ego	250	sam2	medium	run_metadata.json	dataset.manifest_name	ego_object_tracking	/data/narendhiran_rpx/docker-smoke/tracking-ego-production/ego/sam2/medium
ego	250	sam2	medium	run_metadata.json	dataset.manifest_sha256	6de360a644255f65a44f921197fa083ee66d5e24f45e93afa76dcd6f34f30ab5	/data/narendhiran_rpx/docker-smoke/tracking-ego-production/ego/sam2/medium
ego	250	sam2	medium	run_metadata.json	dataset.protocol	ego	/data/narendhiran_rpx/docker-smoke/tracking-ego-production/ego/sam2/medium
ego	250	sam2	medium	run_metadata.json	dataset.repo	IRVLUTD/RPX	/data/narendhiran_rpx/docker-smoke/tracking-ego-production/ego/sam2/medium
ego	250	sam2	medium	run_metadata.json	dataset.revision	f082723002bad5800dd85e583115b4ea05734d31	/data/narendhiran_rpx/docker-smoke/tracking-ego-production/ego/sam2/medium
ego	250	sam2	medium	run_metadata.json	dataset_protocol	ego	/data/narendhiran_rpx/docker-smoke/tracking-ego-production/ego/sam2/medium
ego	250	sam2	medium	run_metadata.json	evaluator_git_sha	2b90d59d26a8692bb5d7e5a3a8cb72df2ba941f7	/data/narendhiran_rpx/docker-smoke/tracking-ego-production/ego/sam2/medium
ego	250	sam2	medium	run_metadata.json	finished_unix	1787991131.0227911	/data/narendhiran_rpx/docker-smoke/tracking-ego-production/ego/sam2/medium
ego	250	sam2	medium	run_metadata.json	frames	7691	/data/narendhiran_rpx/docker-smoke/tracking-ego-production/ego/sam2/medium
ego	250	sam2	medium	run_metadata.json	hardware.gpu_compute_capability.__length__	2	/data/narendhiran_rpx/docker-smoke/tracking-ego-production/ego/sam2/medium
ego	250	sam2	medium	run_metadata.json	hardware.gpu_name	NVIDIA RTX 6000 Ada Generation	/data/narendhiran_rpx/docker-smoke/tracking-ego-production/ego/sam2/medium
ego	250	sam2	medium	run_metadata.json	hardware.gpu_total_memory_bytes	50865307648	/data/narendhiran_rpx/docker-smoke/tracking-ego-production/ego/sam2/medium
ego	250	sam2	medium	run_metadata.json	hardware.torch_cuda_version	12.8	/data/narendhiran_rpx/docker-smoke/tracking-ego-production/ego/sam2/medium
ego	250	sam2	medium	run_metadata.json	hardware.torch_version	2.7.1+cu128	/data/narendhiran_rpx/docker-smoke/tracking-ego-production/ego/sam2/medium
ego	250	sam2	medium	run_metadata.json	model	sam2	/data/narendhiran_rpx/docker-smoke/tracking-ego-production/ego/sam2/medium
ego	250	sam2	medium	run_metadata.json	model_checkpoint.filename	sam2_hiera_large.pt	/data/narendhiran_rpx/docker-smoke/tracking-ego-production/ego/sam2/medium
ego	250	sam2	medium	run_metadata.json	model_checkpoint.repo	facebook/sam2-hiera-large	/data/narendhiran_rpx/docker-smoke/tracking-ego-production/ego/sam2/medium
ego	250	sam2	medium	run_metadata.json	model_checkpoint.revision	e6a8e8809b8f1bfa2238b6d080f3d05cc76bd251	/data/narendhiran_rpx/docker-smoke/tracking-ego-production/ego/sam2/medium
ego	250	sam2	medium	run_metadata.json	model_checkpoint.sha256	7442e4e9b732a508f80e141e7c2913437a3610ee0c77381a66658c3a445df87b	/data/narendhiran_rpx/docker-smoke/tracking-ego-production/ego/sam2/medium
ego	250	sam2	medium	run_metadata.json	parameter_count	224430130	/data/narendhiran_rpx/docker-smoke/tracking-ego-production/ego/sam2/medium
ego	250	sam2	medium	run_metadata.json	phase_metrics.0.assa	0.9142121868805051	/data/narendhiran_rpx/docker-smoke/tracking-ego-production/ego/sam2/medium
ego	250	sam2	medium	run_metadata.json	phase_metrics.0.deta	0.8836117826559844	/data/narendhiran_rpx/docker-smoke/tracking-ego-production/ego/sam2/medium
ego	250	sam2	medium	run_metadata.json	phase_metrics.0.hota	0.897308591466166	/data/narendhiran_rpx/docker-smoke/tracking-ego-production/ego/sam2/medium
ego	250	sam2	medium	run_metadata.json	phase_metrics.0.idf1	0.9321196272007011	/data/narendhiran_rpx/docker-smoke/tracking-ego-production/ego/sam2/medium
ego	250	sam2	medium	run_metadata.json	phase_metrics.0.idsw	1.878787878787879	/data/narendhiran_rpx/docker-smoke/tracking-ego-production/ego/sam2/medium
ego	250	sam2	medium	run_metadata.json	phase_metrics.0.mota	0.8856137925812013	/data/narendhiran_rpx/docker-smoke/tracking-ego-production/ego/sam2/medium
ego	250	sam2	medium	run_metadata.json	pid	1342	/data/narendhiran_rpx/docker-smoke/tracking-ego-production/ego/sam2/medium
ego	250	sam2	medium	run_metadata.json	prediction_stats.complete_clip_cache_hits	0	/data/narendhiran_rpx/docker-smoke/tracking-ego-production/ego/sam2/medium
ego	250	sam2	medium	run_metadata.json	prediction_stats.inferred_clips	33	/data/narendhiran_rpx/docker-smoke/tracking-ego-production/ego/sam2/medium
ego	250	sam2	medium	run_metadata.json	prediction_stats.model_propagation_frames	7658	/data/narendhiran_rpx/docker-smoke/tracking-ego-production/ego/sam2/medium
ego	250	sam2	medium	run_metadata.json	protocol.association_iou_threshold	0.5	/data/narendhiran_rpx/docker-smoke/tracking-ego-production/ego/sam2/medium
ego	250	sam2	medium	run_metadata.json	protocol.association_representation	tight_boxes_derived_from_instance_masks	/data/narendhiran_rpx/docker-smoke/tracking-ego-production/ego/sam2/medium
ego	250	sam2	medium	run_metadata.json	protocol.hota	mean_over_0.05_to_0.95	/data/narendhiran_rpx/docker-smoke/tracking-ego-production/ego/sam2/medium
ego	250	sam2	medium	run_metadata.json	protocol.initialization	ground_truth_first_frame_mask	/data/narendhiran_rpx/docker-smoke/tracking-ego-production/ego/sam2/medium
ego	250	sam2	medium	run_metadata.json	protocol.metric_implementation	TrackEval	/data/narendhiran_rpx/docker-smoke/tracking-ego-production/ego/sam2/medium
ego	250	sam2	medium	run_metadata.json	protocol.open_vocabulary	False	/data/narendhiran_rpx/docker-smoke/tracking-ego-production/ego/sam2/medium
ego	250	sam2	medium	run_metadata.json	protocol.scored_frames	1_to_end (initialization frame excluded)	/data/narendhiran_rpx/docker-smoke/tracking-ego-production/ego/sam2/medium
ego	250	sam2	medium	run_metadata.json	protocol.vocabulary		/data/narendhiran_rpx/docker-smoke/tracking-ego-production/ego/sam2/medium
ego	250	sam2	medium	run_metadata.json	protocol.vocabulary_size		/data/narendhiran_rpx/docker-smoke/tracking-ego-production/ego/sam2/medium
ego	250	sam2	medium	run_metadata.json	rpx_git_sha	2b90d59d26a8692bb5d7e5a3a8cb72df2ba941f7	/data/narendhiran_rpx/docker-smoke/tracking-ego-production/ego/sam2/medium
ego	250	sam2	medium	run_metadata.json	split	medium	/data/narendhiran_rpx/docker-smoke/tracking-ego-production/ego/sam2/medium
ego	250	sam2	medium	run_metadata.json	started_unix	1787988006.1420991	/data/narendhiran_rpx/docker-smoke/tracking-ego-production/ego/sam2/medium
ego	250	sam2	medium	run_metadata.json	task	object_tracking	/data/narendhiran_rpx/docker-smoke/tracking-ego-production/ego/sam2/medium
ego	250	sam2	hard	result.json	clips	34	/data/narendhiran_rpx/docker-smoke/tracking-ego-production/ego/sam2/hard
ego	250	sam2	hard	result.json	dataset.manifest_name	ego_object_tracking	/data/narendhiran_rpx/docker-smoke/tracking-ego-production/ego/sam2/hard
ego	250	sam2	hard	result.json	dataset.manifest_sha256	7c85f17bf58843d0cf533825c4feb9d1d608bff1e90e49960b980324618278d0	/data/narendhiran_rpx/docker-smoke/tracking-ego-production/ego/sam2/hard
ego	250	sam2	hard	result.json	dataset.protocol	ego	/data/narendhiran_rpx/docker-smoke/tracking-ego-production/ego/sam2/hard
ego	250	sam2	hard	result.json	dataset.repo	IRVLUTD/RPX	/data/narendhiran_rpx/docker-smoke/tracking-ego-production/ego/sam2/hard
ego	250	sam2	hard	result.json	dataset.revision	f082723002bad5800dd85e583115b4ea05734d31	/data/narendhiran_rpx/docker-smoke/tracking-ego-production/ego/sam2/hard
ego	250	sam2	hard	result.json	dataset_protocol	ego	/data/narendhiran_rpx/docker-smoke/tracking-ego-production/ego/sam2/hard
ego	250	sam2	hard	result.json	evaluator_git_sha	2b90d59d26a8692bb5d7e5a3a8cb72df2ba941f7	/data/narendhiran_rpx/docker-smoke/tracking-ego-production/ego/sam2/hard
ego	250	sam2	hard	result.json	frames	7878	/data/narendhiran_rpx/docker-smoke/tracking-ego-production/ego/sam2/hard
ego	250	sam2	hard	result.json	hardware.gpu_compute_capability.__length__	2	/data/narendhiran_rpx/docker-smoke/tracking-ego-production/ego/sam2/hard
ego	250	sam2	hard	result.json	hardware.gpu_name	NVIDIA RTX 6000 Ada Generation	/data/narendhiran_rpx/docker-smoke/tracking-ego-production/ego/sam2/hard
ego	250	sam2	hard	result.json	hardware.gpu_total_memory_bytes	50865307648	/data/narendhiran_rpx/docker-smoke/tracking-ego-production/ego/sam2/hard
ego	250	sam2	hard	result.json	hardware.torch_cuda_version	12.8	/data/narendhiran_rpx/docker-smoke/tracking-ego-production/ego/sam2/hard
ego	250	sam2	hard	result.json	hardware.torch_version	2.7.1+cu128	/data/narendhiran_rpx/docker-smoke/tracking-ego-production/ego/sam2/hard
ego	250	sam2	hard	result.json	model	sam2	/data/narendhiran_rpx/docker-smoke/tracking-ego-production/ego/sam2/hard
ego	250	sam2	hard	result.json	model_checkpoint.filename	sam2_hiera_large.pt	/data/narendhiran_rpx/docker-smoke/tracking-ego-production/ego/sam2/hard
ego	250	sam2	hard	result.json	model_checkpoint.repo	facebook/sam2-hiera-large	/data/narendhiran_rpx/docker-smoke/tracking-ego-production/ego/sam2/hard
ego	250	sam2	hard	result.json	model_checkpoint.revision	e6a8e8809b8f1bfa2238b6d080f3d05cc76bd251	/data/narendhiran_rpx/docker-smoke/tracking-ego-production/ego/sam2/hard
ego	250	sam2	hard	result.json	model_checkpoint.sha256	7442e4e9b732a508f80e141e7c2913437a3610ee0c77381a66658c3a445df87b	/data/narendhiran_rpx/docker-smoke/tracking-ego-production/ego/sam2/hard
ego	250	sam2	hard	result.json	phase_metrics.0.assa	0.9176233551054518	/data/narendhiran_rpx/docker-smoke/tracking-ego-production/ego/sam2/hard
ego	250	sam2	hard	result.json	phase_metrics.0.deta	0.8751525176197273	/data/narendhiran_rpx/docker-smoke/tracking-ego-production/ego/sam2/hard
ego	250	sam2	hard	result.json	phase_metrics.0.hota	0.8955220467538287	/data/narendhiran_rpx/docker-smoke/tracking-ego-production/ego/sam2/hard
ego	250	sam2	hard	result.json	phase_metrics.0.idf1	0.9329255421773072	/data/narendhiran_rpx/docker-smoke/tracking-ego-production/ego/sam2/hard
ego	250	sam2	hard	result.json	phase_metrics.0.idsw	2.0	/data/narendhiran_rpx/docker-smoke/tracking-ego-production/ego/sam2/hard
ego	250	sam2	hard	result.json	phase_metrics.0.mota	0.8718547474567266	/data/narendhiran_rpx/docker-smoke/tracking-ego-production/ego/sam2/hard
ego	250	sam2	hard	result.json	prediction_stats.complete_clip_cache_hits	0	/data/narendhiran_rpx/docker-smoke/tracking-ego-production/ego/sam2/hard
ego	250	sam2	hard	result.json	prediction_stats.inferred_clips	34	/data/narendhiran_rpx/docker-smoke/tracking-ego-production/ego/sam2/hard
ego	250	sam2	hard	result.json	prediction_stats.model_propagation_frames	7844	/data/narendhiran_rpx/docker-smoke/tracking-ego-production/ego/sam2/hard
ego	250	sam2	hard	result.json	protocol.association_iou_threshold	0.5	/data/narendhiran_rpx/docker-smoke/tracking-ego-production/ego/sam2/hard
ego	250	sam2	hard	result.json	protocol.association_representation	tight_boxes_derived_from_instance_masks	/data/narendhiran_rpx/docker-smoke/tracking-ego-production/ego/sam2/hard
ego	250	sam2	hard	result.json	protocol.hota	mean_over_0.05_to_0.95	/data/narendhiran_rpx/docker-smoke/tracking-ego-production/ego/sam2/hard
ego	250	sam2	hard	result.json	protocol.initialization	ground_truth_first_frame_mask	/data/narendhiran_rpx/docker-smoke/tracking-ego-production/ego/sam2/hard
ego	250	sam2	hard	result.json	protocol.metric_implementation	TrackEval	/data/narendhiran_rpx/docker-smoke/tracking-ego-production/ego/sam2/hard
ego	250	sam2	hard	result.json	protocol.open_vocabulary	False	/data/narendhiran_rpx/docker-smoke/tracking-ego-production/ego/sam2/hard
ego	250	sam2	hard	result.json	protocol.scored_frames	1_to_end (initialization frame excluded)	/data/narendhiran_rpx/docker-smoke/tracking-ego-production/ego/sam2/hard
ego	250	sam2	hard	result.json	protocol.vocabulary		/data/narendhiran_rpx/docker-smoke/tracking-ego-production/ego/sam2/hard
ego	250	sam2	hard	result.json	protocol.vocabulary_size		/data/narendhiran_rpx/docker-smoke/tracking-ego-production/ego/sam2/hard
ego	250	sam2	hard	result.json	rpx_git_sha	2b90d59d26a8692bb5d7e5a3a8cb72df2ba941f7	/data/narendhiran_rpx/docker-smoke/tracking-ego-production/ego/sam2/hard
ego	250	sam2	hard	result.json	split	hard	/data/narendhiran_rpx/docker-smoke/tracking-ego-production/ego/sam2/hard
ego	250	sam2	hard	result.json	task	object_tracking	/data/narendhiran_rpx/docker-smoke/tracking-ego-production/ego/sam2/hard
ego	250	sam2	hard	run_metadata.json	clips	34	/data/narendhiran_rpx/docker-smoke/tracking-ego-production/ego/sam2/hard
ego	250	sam2	hard	run_metadata.json	dataset.manifest_name	ego_object_tracking	/data/narendhiran_rpx/docker-smoke/tracking-ego-production/ego/sam2/hard
ego	250	sam2	hard	run_metadata.json	dataset.manifest_sha256	7c85f17bf58843d0cf533825c4feb9d1d608bff1e90e49960b980324618278d0	/data/narendhiran_rpx/docker-smoke/tracking-ego-production/ego/sam2/hard
ego	250	sam2	hard	run_metadata.json	dataset.protocol	ego	/data/narendhiran_rpx/docker-smoke/tracking-ego-production/ego/sam2/hard
ego	250	sam2	hard	run_metadata.json	dataset.repo	IRVLUTD/RPX	/data/narendhiran_rpx/docker-smoke/tracking-ego-production/ego/sam2/hard
ego	250	sam2	hard	run_metadata.json	dataset.revision	f082723002bad5800dd85e583115b4ea05734d31	/data/narendhiran_rpx/docker-smoke/tracking-ego-production/ego/sam2/hard
ego	250	sam2	hard	run_metadata.json	dataset_protocol	ego	/data/narendhiran_rpx/docker-smoke/tracking-ego-production/ego/sam2/hard
ego	250	sam2	hard	run_metadata.json	evaluator_git_sha	2b90d59d26a8692bb5d7e5a3a8cb72df2ba941f7	/data/narendhiran_rpx/docker-smoke/tracking-ego-production/ego/sam2/hard
ego	250	sam2	hard	run_metadata.json	finished_unix	1787994367.1545763	/data/narendhiran_rpx/docker-smoke/tracking-ego-production/ego/sam2/hard
ego	250	sam2	hard	run_metadata.json	frames	7878	/data/narendhiran_rpx/docker-smoke/tracking-ego-production/ego/sam2/hard
ego	250	sam2	hard	run_metadata.json	hardware.gpu_compute_capability.__length__	2	/data/narendhiran_rpx/docker-smoke/tracking-ego-production/ego/sam2/hard
ego	250	sam2	hard	run_metadata.json	hardware.gpu_name	NVIDIA RTX 6000 Ada Generation	/data/narendhiran_rpx/docker-smoke/tracking-ego-production/ego/sam2/hard
ego	250	sam2	hard	run_metadata.json	hardware.gpu_total_memory_bytes	50865307648	/data/narendhiran_rpx/docker-smoke/tracking-ego-production/ego/sam2/hard
ego	250	sam2	hard	run_metadata.json	hardware.torch_cuda_version	12.8	/data/narendhiran_rpx/docker-smoke/tracking-ego-production/ego/sam2/hard
ego	250	sam2	hard	run_metadata.json	hardware.torch_version	2.7.1+cu128	/data/narendhiran_rpx/docker-smoke/tracking-ego-production/ego/sam2/hard
ego	250	sam2	hard	run_metadata.json	model	sam2	/data/narendhiran_rpx/docker-smoke/tracking-ego-production/ego/sam2/hard
ego	250	sam2	hard	run_metadata.json	model_checkpoint.filename	sam2_hiera_large.pt	/data/narendhiran_rpx/docker-smoke/tracking-ego-production/ego/sam2/hard
ego	250	sam2	hard	run_metadata.json	model_checkpoint.repo	facebook/sam2-hiera-large	/data/narendhiran_rpx/docker-smoke/tracking-ego-production/ego/sam2/hard
ego	250	sam2	hard	run_metadata.json	model_checkpoint.revision	e6a8e8809b8f1bfa2238b6d080f3d05cc76bd251	/data/narendhiran_rpx/docker-smoke/tracking-ego-production/ego/sam2/hard
ego	250	sam2	hard	run_metadata.json	model_checkpoint.sha256	7442e4e9b732a508f80e141e7c2913437a3610ee0c77381a66658c3a445df87b	/data/narendhiran_rpx/docker-smoke/tracking-ego-production/ego/sam2/hard
ego	250	sam2	hard	run_metadata.json	parameter_count	224430130	/data/narendhiran_rpx/docker-smoke/tracking-ego-production/ego/sam2/hard
ego	250	sam2	hard	run_metadata.json	phase_metrics.0.assa	0.9176233551054518	/data/narendhiran_rpx/docker-smoke/tracking-ego-production/ego/sam2/hard
ego	250	sam2	hard	run_metadata.json	phase_metrics.0.deta	0.8751525176197273	/data/narendhiran_rpx/docker-smoke/tracking-ego-production/ego/sam2/hard
ego	250	sam2	hard	run_metadata.json	phase_metrics.0.hota	0.8955220467538287	/data/narendhiran_rpx/docker-smoke/tracking-ego-production/ego/sam2/hard
ego	250	sam2	hard	run_metadata.json	phase_metrics.0.idf1	0.9329255421773072	/data/narendhiran_rpx/docker-smoke/tracking-ego-production/ego/sam2/hard
ego	250	sam2	hard	run_metadata.json	phase_metrics.0.idsw	2.0	/data/narendhiran_rpx/docker-smoke/tracking-ego-production/ego/sam2/hard
ego	250	sam2	hard	run_metadata.json	phase_metrics.0.mota	0.8718547474567266	/data/narendhiran_rpx/docker-smoke/tracking-ego-production/ego/sam2/hard
ego	250	sam2	hard	run_metadata.json	pid	2570	/data/narendhiran_rpx/docker-smoke/tracking-ego-production/ego/sam2/hard
ego	250	sam2	hard	run_metadata.json	prediction_stats.complete_clip_cache_hits	0	/data/narendhiran_rpx/docker-smoke/tracking-ego-production/ego/sam2/hard
ego	250	sam2	hard	run_metadata.json	prediction_stats.inferred_clips	34	/data/narendhiran_rpx/docker-smoke/tracking-ego-production/ego/sam2/hard
ego	250	sam2	hard	run_metadata.json	prediction_stats.model_propagation_frames	7844	/data/narendhiran_rpx/docker-smoke/tracking-ego-production/ego/sam2/hard
ego	250	sam2	hard	run_metadata.json	protocol.association_iou_threshold	0.5	/data/narendhiran_rpx/docker-smoke/tracking-ego-production/ego/sam2/hard
ego	250	sam2	hard	run_metadata.json	protocol.association_representation	tight_boxes_derived_from_instance_masks	/data/narendhiran_rpx/docker-smoke/tracking-ego-production/ego/sam2/hard
ego	250	sam2	hard	run_metadata.json	protocol.hota	mean_over_0.05_to_0.95	/data/narendhiran_rpx/docker-smoke/tracking-ego-production/ego/sam2/hard
ego	250	sam2	hard	run_metadata.json	protocol.initialization	ground_truth_first_frame_mask	/data/narendhiran_rpx/docker-smoke/tracking-ego-production/ego/sam2/hard
ego	250	sam2	hard	run_metadata.json	protocol.metric_implementation	TrackEval	/data/narendhiran_rpx/docker-smoke/tracking-ego-production/ego/sam2/hard
ego	250	sam2	hard	run_metadata.json	protocol.open_vocabulary	False	/data/narendhiran_rpx/docker-smoke/tracking-ego-production/ego/sam2/hard
ego	250	sam2	hard	run_metadata.json	protocol.scored_frames	1_to_end (initialization frame excluded)	/data/narendhiran_rpx/docker-smoke/tracking-ego-production/ego/sam2/hard
ego	250	sam2	hard	run_metadata.json	protocol.vocabulary		/data/narendhiran_rpx/docker-smoke/tracking-ego-production/ego/sam2/hard
ego	250	sam2	hard	run_metadata.json	protocol.vocabulary_size		/data/narendhiran_rpx/docker-smoke/tracking-ego-production/ego/sam2/hard
ego	250	sam2	hard	run_metadata.json	rpx_git_sha	2b90d59d26a8692bb5d7e5a3a8cb72df2ba941f7	/data/narendhiran_rpx/docker-smoke/tracking-ego-production/ego/sam2/hard
ego	250	sam2	hard	run_metadata.json	split	hard	/data/narendhiran_rpx/docker-smoke/tracking-ego-production/ego/sam2/hard
ego	250	sam2	hard	run_metadata.json	started_unix	1787991176.2654302	/data/narendhiran_rpx/docker-smoke/tracking-ego-production/ego/sam2/hard
ego	250	sam2	hard	run_metadata.json	task	object_tracking	/data/narendhiran_rpx/docker-smoke/tracking-ego-production/ego/sam2/hard
ego	250	cutie	easy	result.json	clips	33	/data/narendhiran_rpx/docker-smoke/tracking-ego-production/ego/cutie/easy
ego	250	cutie	easy	result.json	dataset.manifest_name	ego_object_tracking	/data/narendhiran_rpx/docker-smoke/tracking-ego-production/ego/cutie/easy
ego	250	cutie	easy	result.json	dataset.manifest_sha256	dc3c68c65e06a2d563f8d4d5a5a065159edd7dcae0f5fe4795f21c27c6ac4213	/data/narendhiran_rpx/docker-smoke/tracking-ego-production/ego/cutie/easy
ego	250	cutie	easy	result.json	dataset.protocol	ego	/data/narendhiran_rpx/docker-smoke/tracking-ego-production/ego/cutie/easy
ego	250	cutie	easy	result.json	dataset.repo	IRVLUTD/RPX	/data/narendhiran_rpx/docker-smoke/tracking-ego-production/ego/cutie/easy
ego	250	cutie	easy	result.json	dataset.revision	f082723002bad5800dd85e583115b4ea05734d31	/data/narendhiran_rpx/docker-smoke/tracking-ego-production/ego/cutie/easy
ego	250	cutie	easy	result.json	dataset_protocol	ego	/data/narendhiran_rpx/docker-smoke/tracking-ego-production/ego/cutie/easy
ego	250	cutie	easy	result.json	evaluator_git_sha	2b90d59d26a8692bb5d7e5a3a8cb72df2ba941f7	/data/narendhiran_rpx/docker-smoke/tracking-ego-production/ego/cutie/easy
ego	250	cutie	easy	result.json	frames	7552	/data/narendhiran_rpx/docker-smoke/tracking-ego-production/ego/cutie/easy
ego	250	cutie	easy	result.json	hardware.gpu_compute_capability.__length__	2	/data/narendhiran_rpx/docker-smoke/tracking-ego-production/ego/cutie/easy
ego	250	cutie	easy	result.json	hardware.gpu_name	NVIDIA RTX 6000 Ada Generation	/data/narendhiran_rpx/docker-smoke/tracking-ego-production/ego/cutie/easy
ego	250	cutie	easy	result.json	hardware.gpu_total_memory_bytes	50865307648	/data/narendhiran_rpx/docker-smoke/tracking-ego-production/ego/cutie/easy
ego	250	cutie	easy	result.json	hardware.torch_cuda_version	12.8	/data/narendhiran_rpx/docker-smoke/tracking-ego-production/ego/cutie/easy
ego	250	cutie	easy	result.json	hardware.torch_version	2.7.1+cu128	/data/narendhiran_rpx/docker-smoke/tracking-ego-production/ego/cutie/easy
ego	250	cutie	easy	result.json	model	cutie	/data/narendhiran_rpx/docker-smoke/tracking-ego-production/ego/cutie/easy
ego	250	cutie	easy	result.json	model_checkpoint.filename	cutie-base-mega.pth	/data/narendhiran_rpx/docker-smoke/tracking-ego-production/ego/cutie/easy
ego	250	cutie	easy	result.json	model_checkpoint.repo	hkchengrex/Cutie	/data/narendhiran_rpx/docker-smoke/tracking-ego-production/ego/cutie/easy
ego	250	cutie	easy	result.json	model_checkpoint.revision	v1.0	/data/narendhiran_rpx/docker-smoke/tracking-ego-production/ego/cutie/easy
ego	250	cutie	easy	result.json	model_checkpoint.sha256	9c05402ee36d3a356fb72715d263ba7e1ea06ad3bada48c1306491792da43023	/data/narendhiran_rpx/docker-smoke/tracking-ego-production/ego/cutie/easy
ego	250	cutie	easy	result.json	phase_metrics.0.assa	0.9271059748986249	/data/narendhiran_rpx/docker-smoke/tracking-ego-production/ego/cutie/easy
ego	250	cutie	easy	result.json	phase_metrics.0.deta	0.9046582284524881	/data/narendhiran_rpx/docker-smoke/tracking-ego-production/ego/cutie/easy
ego	250	cutie	easy	result.json	phase_metrics.0.hota	0.9154639178261946	/data/narendhiran_rpx/docker-smoke/tracking-ego-production/ego/cutie/easy
ego	250	cutie	easy	result.json	phase_metrics.0.idf1	0.9600093659502725	/data/narendhiran_rpx/docker-smoke/tracking-ego-production/ego/cutie/easy
ego	250	cutie	easy	result.json	phase_metrics.0.idsw	1.4545454545454546	/data/narendhiran_rpx/docker-smoke/tracking-ego-production/ego/cutie/easy
ego	250	cutie	easy	result.json	phase_metrics.0.mota	0.9259331120087063	/data/narendhiran_rpx/docker-smoke/tracking-ego-production/ego/cutie/easy
ego	250	cutie	easy	result.json	prediction_stats.complete_clip_cache_hits	0	/data/narendhiran_rpx/docker-smoke/tracking-ego-production/ego/cutie/easy
ego	250	cutie	easy	result.json	prediction_stats.inferred_clips	33	/data/narendhiran_rpx/docker-smoke/tracking-ego-production/ego/cutie/easy
ego	250	cutie	easy	result.json	prediction_stats.model_propagation_frames	7519	/data/narendhiran_rpx/docker-smoke/tracking-ego-production/ego/cutie/easy
ego	250	cutie	easy	result.json	protocol.association_iou_threshold	0.5	/data/narendhiran_rpx/docker-smoke/tracking-ego-production/ego/cutie/easy
ego	250	cutie	easy	result.json	protocol.association_representation	tight_boxes_derived_from_instance_masks	/data/narendhiran_rpx/docker-smoke/tracking-ego-production/ego/cutie/easy
ego	250	cutie	easy	result.json	protocol.hota	mean_over_0.05_to_0.95	/data/narendhiran_rpx/docker-smoke/tracking-ego-production/ego/cutie/easy
ego	250	cutie	easy	result.json	protocol.initialization	ground_truth_first_frame_mask	/data/narendhiran_rpx/docker-smoke/tracking-ego-production/ego/cutie/easy
ego	250	cutie	easy	result.json	protocol.metric_implementation	TrackEval	/data/narendhiran_rpx/docker-smoke/tracking-ego-production/ego/cutie/easy
ego	250	cutie	easy	result.json	protocol.open_vocabulary	False	/data/narendhiran_rpx/docker-smoke/tracking-ego-production/ego/cutie/easy
ego	250	cutie	easy	result.json	protocol.scored_frames	1_to_end (initialization frame excluded)	/data/narendhiran_rpx/docker-smoke/tracking-ego-production/ego/cutie/easy
ego	250	cutie	easy	result.json	protocol.vocabulary		/data/narendhiran_rpx/docker-smoke/tracking-ego-production/ego/cutie/easy
ego	250	cutie	easy	result.json	protocol.vocabulary_size		/data/narendhiran_rpx/docker-smoke/tracking-ego-production/ego/cutie/easy
ego	250	cutie	easy	result.json	rpx_git_sha	2b90d59d26a8692bb5d7e5a3a8cb72df2ba941f7	/data/narendhiran_rpx/docker-smoke/tracking-ego-production/ego/cutie/easy
ego	250	cutie	easy	result.json	split	easy	/data/narendhiran_rpx/docker-smoke/tracking-ego-production/ego/cutie/easy
ego	250	cutie	easy	result.json	task	object_tracking	/data/narendhiran_rpx/docker-smoke/tracking-ego-production/ego/cutie/easy
ego	250	cutie	easy	run_metadata.json	clips	33	/data/narendhiran_rpx/docker-smoke/tracking-ego-production/ego/cutie/easy
ego	250	cutie	easy	run_metadata.json	dataset.manifest_name	ego_object_tracking	/data/narendhiran_rpx/docker-smoke/tracking-ego-production/ego/cutie/easy
ego	250	cutie	easy	run_metadata.json	dataset.manifest_sha256	dc3c68c65e06a2d563f8d4d5a5a065159edd7dcae0f5fe4795f21c27c6ac4213	/data/narendhiran_rpx/docker-smoke/tracking-ego-production/ego/cutie/easy
ego	250	cutie	easy	run_metadata.json	dataset.protocol	ego	/data/narendhiran_rpx/docker-smoke/tracking-ego-production/ego/cutie/easy
ego	250	cutie	easy	run_metadata.json	dataset.repo	IRVLUTD/RPX	/data/narendhiran_rpx/docker-smoke/tracking-ego-production/ego/cutie/easy
ego	250	cutie	easy	run_metadata.json	dataset.revision	f082723002bad5800dd85e583115b4ea05734d31	/data/narendhiran_rpx/docker-smoke/tracking-ego-production/ego/cutie/easy
ego	250	cutie	easy	run_metadata.json	dataset_protocol	ego	/data/narendhiran_rpx/docker-smoke/tracking-ego-production/ego/cutie/easy
ego	250	cutie	easy	run_metadata.json	evaluator_git_sha	2b90d59d26a8692bb5d7e5a3a8cb72df2ba941f7	/data/narendhiran_rpx/docker-smoke/tracking-ego-production/ego/cutie/easy
ego	250	cutie	easy	run_metadata.json	finished_unix	1788006791.841379	/data/narendhiran_rpx/docker-smoke/tracking-ego-production/ego/cutie/easy
ego	250	cutie	easy	run_metadata.json	frames	7552	/data/narendhiran_rpx/docker-smoke/tracking-ego-production/ego/cutie/easy
ego	250	cutie	easy	run_metadata.json	hardware.gpu_compute_capability.__length__	2	/data/narendhiran_rpx/docker-smoke/tracking-ego-production/ego/cutie/easy
ego	250	cutie	easy	run_metadata.json	hardware.gpu_name	NVIDIA RTX 6000 Ada Generation	/data/narendhiran_rpx/docker-smoke/tracking-ego-production/ego/cutie/easy
ego	250	cutie	easy	run_metadata.json	hardware.gpu_total_memory_bytes	50865307648	/data/narendhiran_rpx/docker-smoke/tracking-ego-production/ego/cutie/easy
ego	250	cutie	easy	run_metadata.json	hardware.torch_cuda_version	12.8	/data/narendhiran_rpx/docker-smoke/tracking-ego-production/ego/cutie/easy
ego	250	cutie	easy	run_metadata.json	hardware.torch_version	2.7.1+cu128	/data/narendhiran_rpx/docker-smoke/tracking-ego-production/ego/cutie/easy
ego	250	cutie	easy	run_metadata.json	model	cutie	/data/narendhiran_rpx/docker-smoke/tracking-ego-production/ego/cutie/easy
ego	250	cutie	easy	run_metadata.json	model_checkpoint.filename	cutie-base-mega.pth	/data/narendhiran_rpx/docker-smoke/tracking-ego-production/ego/cutie/easy
ego	250	cutie	easy	run_metadata.json	model_checkpoint.repo	hkchengrex/Cutie	/data/narendhiran_rpx/docker-smoke/tracking-ego-production/ego/cutie/easy
ego	250	cutie	easy	run_metadata.json	model_checkpoint.revision	v1.0	/data/narendhiran_rpx/docker-smoke/tracking-ego-production/ego/cutie/easy
ego	250	cutie	easy	run_metadata.json	model_checkpoint.sha256	9c05402ee36d3a356fb72715d263ba7e1ea06ad3bada48c1306491792da43023	/data/narendhiran_rpx/docker-smoke/tracking-ego-production/ego/cutie/easy
ego	250	cutie	easy	run_metadata.json	parameter_count	35024186	/data/narendhiran_rpx/docker-smoke/tracking-ego-production/ego/cutie/easy
ego	250	cutie	easy	run_metadata.json	phase_metrics.0.assa	0.9271059748986249	/data/narendhiran_rpx/docker-smoke/tracking-ego-production/ego/cutie/easy
ego	250	cutie	easy	run_metadata.json	phase_metrics.0.deta	0.9046582284524881	/data/narendhiran_rpx/docker-smoke/tracking-ego-production/ego/cutie/easy
ego	250	cutie	easy	run_metadata.json	phase_metrics.0.hota	0.9154639178261946	/data/narendhiran_rpx/docker-smoke/tracking-ego-production/ego/cutie/easy
ego	250	cutie	easy	run_metadata.json	phase_metrics.0.idf1	0.9600093659502725	/data/narendhiran_rpx/docker-smoke/tracking-ego-production/ego/cutie/easy
ego	250	cutie	easy	run_metadata.json	phase_metrics.0.idsw	1.4545454545454546	/data/narendhiran_rpx/docker-smoke/tracking-ego-production/ego/cutie/easy
ego	250	cutie	easy	run_metadata.json	phase_metrics.0.mota	0.9259331120087063	/data/narendhiran_rpx/docker-smoke/tracking-ego-production/ego/cutie/easy
ego	250	cutie	easy	run_metadata.json	pid	114	/data/narendhiran_rpx/docker-smoke/tracking-ego-production/ego/cutie/easy
ego	250	cutie	easy	run_metadata.json	prediction_stats.complete_clip_cache_hits	0	/data/narendhiran_rpx/docker-smoke/tracking-ego-production/ego/cutie/easy
ego	250	cutie	easy	run_metadata.json	prediction_stats.inferred_clips	33	/data/narendhiran_rpx/docker-smoke/tracking-ego-production/ego/cutie/easy
ego	250	cutie	easy	run_metadata.json	prediction_stats.model_propagation_frames	7519	/data/narendhiran_rpx/docker-smoke/tracking-ego-production/ego/cutie/easy
ego	250	cutie	easy	run_metadata.json	protocol.association_iou_threshold	0.5	/data/narendhiran_rpx/docker-smoke/tracking-ego-production/ego/cutie/easy
ego	250	cutie	easy	run_metadata.json	protocol.association_representation	tight_boxes_derived_from_instance_masks	/data/narendhiran_rpx/docker-smoke/tracking-ego-production/ego/cutie/easy
ego	250	cutie	easy	run_metadata.json	protocol.hota	mean_over_0.05_to_0.95	/data/narendhiran_rpx/docker-smoke/tracking-ego-production/ego/cutie/easy
ego	250	cutie	easy	run_metadata.json	protocol.initialization	ground_truth_first_frame_mask	/data/narendhiran_rpx/docker-smoke/tracking-ego-production/ego/cutie/easy
ego	250	cutie	easy	run_metadata.json	protocol.metric_implementation	TrackEval	/data/narendhiran_rpx/docker-smoke/tracking-ego-production/ego/cutie/easy
ego	250	cutie	easy	run_metadata.json	protocol.open_vocabulary	False	/data/narendhiran_rpx/docker-smoke/tracking-ego-production/ego/cutie/easy
ego	250	cutie	easy	run_metadata.json	protocol.scored_frames	1_to_end (initialization frame excluded)	/data/narendhiran_rpx/docker-smoke/tracking-ego-production/ego/cutie/easy
ego	250	cutie	easy	run_metadata.json	protocol.vocabulary		/data/narendhiran_rpx/docker-smoke/tracking-ego-production/ego/cutie/easy
ego	250	cutie	easy	run_metadata.json	protocol.vocabulary_size		/data/narendhiran_rpx/docker-smoke/tracking-ego-production/ego/cutie/easy
ego	250	cutie	easy	run_metadata.json	rpx_git_sha	2b90d59d26a8692bb5d7e5a3a8cb72df2ba941f7	/data/narendhiran_rpx/docker-smoke/tracking-ego-production/ego/cutie/easy
ego	250	cutie	easy	run_metadata.json	split	easy	/data/narendhiran_rpx/docker-smoke/tracking-ego-production/ego/cutie/easy
ego	250	cutie	easy	run_metadata.json	started_unix	1788003937.5574436	/data/narendhiran_rpx/docker-smoke/tracking-ego-production/ego/cutie/easy
ego	250	cutie	easy	run_metadata.json	task	object_tracking	/data/narendhiran_rpx/docker-smoke/tracking-ego-production/ego/cutie/easy
ego	250	cutie	medium	result.json	clips	33	/data/narendhiran_rpx/docker-smoke/tracking-ego-production/ego/cutie/medium
ego	250	cutie	medium	result.json	dataset.manifest_name	ego_object_tracking	/data/narendhiran_rpx/docker-smoke/tracking-ego-production/ego/cutie/medium
ego	250	cutie	medium	result.json	dataset.manifest_sha256	6de360a644255f65a44f921197fa083ee66d5e24f45e93afa76dcd6f34f30ab5	/data/narendhiran_rpx/docker-smoke/tracking-ego-production/ego/cutie/medium
ego	250	cutie	medium	result.json	dataset.protocol	ego	/data/narendhiran_rpx/docker-smoke/tracking-ego-production/ego/cutie/medium
ego	250	cutie	medium	result.json	dataset.repo	IRVLUTD/RPX	/data/narendhiran_rpx/docker-smoke/tracking-ego-production/ego/cutie/medium
ego	250	cutie	medium	result.json	dataset.revision	f082723002bad5800dd85e583115b4ea05734d31	/data/narendhiran_rpx/docker-smoke/tracking-ego-production/ego/cutie/medium
ego	250	cutie	medium	result.json	dataset_protocol	ego	/data/narendhiran_rpx/docker-smoke/tracking-ego-production/ego/cutie/medium
ego	250	cutie	medium	result.json	evaluator_git_sha	2b90d59d26a8692bb5d7e5a3a8cb72df2ba941f7	/data/narendhiran_rpx/docker-smoke/tracking-ego-production/ego/cutie/medium
ego	250	cutie	medium	result.json	frames	7691	/data/narendhiran_rpx/docker-smoke/tracking-ego-production/ego/cutie/medium
ego	250	cutie	medium	result.json	hardware.gpu_compute_capability.__length__	2	/data/narendhiran_rpx/docker-smoke/tracking-ego-production/ego/cutie/medium
ego	250	cutie	medium	result.json	hardware.gpu_name	NVIDIA RTX 6000 Ada Generation	/data/narendhiran_rpx/docker-smoke/tracking-ego-production/ego/cutie/medium
ego	250	cutie	medium	result.json	hardware.gpu_total_memory_bytes	50865307648	/data/narendhiran_rpx/docker-smoke/tracking-ego-production/ego/cutie/medium
ego	250	cutie	medium	result.json	hardware.torch_cuda_version	12.8	/data/narendhiran_rpx/docker-smoke/tracking-ego-production/ego/cutie/medium
ego	250	cutie	medium	result.json	hardware.torch_version	2.7.1+cu128	/data/narendhiran_rpx/docker-smoke/tracking-ego-production/ego/cutie/medium
ego	250	cutie	medium	result.json	model	cutie	/data/narendhiran_rpx/docker-smoke/tracking-ego-production/ego/cutie/medium
ego	250	cutie	medium	result.json	model_checkpoint.filename	cutie-base-mega.pth	/data/narendhiran_rpx/docker-smoke/tracking-ego-production/ego/cutie/medium
ego	250	cutie	medium	result.json	model_checkpoint.repo	hkchengrex/Cutie	/data/narendhiran_rpx/docker-smoke/tracking-ego-production/ego/cutie/medium
ego	250	cutie	medium	result.json	model_checkpoint.revision	v1.0	/data/narendhiran_rpx/docker-smoke/tracking-ego-production/ego/cutie/medium
ego	250	cutie	medium	result.json	model_checkpoint.sha256	9c05402ee36d3a356fb72715d263ba7e1ea06ad3bada48c1306491792da43023	/data/narendhiran_rpx/docker-smoke/tracking-ego-production/ego/cutie/medium
ego	250	cutie	medium	result.json	phase_metrics.0.assa	0.9072771183444589	/data/narendhiran_rpx/docker-smoke/tracking-ego-production/ego/cutie/medium
ego	250	cutie	medium	result.json	phase_metrics.0.deta	0.8926173424800732	/data/narendhiran_rpx/docker-smoke/tracking-ego-production/ego/cutie/medium
ego	250	cutie	medium	result.json	phase_metrics.0.hota	0.8985341089000567	/data/narendhiran_rpx/docker-smoke/tracking-ego-production/ego/cutie/medium
ego	250	cutie	medium	result.json	phase_metrics.0.idf1	0.9445982976554106	/data/narendhiran_rpx/docker-smoke/tracking-ego-production/ego/cutie/medium
ego	250	cutie	medium	result.json	phase_metrics.0.idsw	1.5757575757575757	/data/narendhiran_rpx/docker-smoke/tracking-ego-production/ego/cutie/medium
ego	250	cutie	medium	result.json	phase_metrics.0.mota	0.9093500931876429	/data/narendhiran_rpx/docker-smoke/tracking-ego-production/ego/cutie/medium
ego	250	cutie	medium	result.json	prediction_stats.complete_clip_cache_hits	0	/data/narendhiran_rpx/docker-smoke/tracking-ego-production/ego/cutie/medium
ego	250	cutie	medium	result.json	prediction_stats.inferred_clips	33	/data/narendhiran_rpx/docker-smoke/tracking-ego-production/ego/cutie/medium
ego	250	cutie	medium	result.json	prediction_stats.model_propagation_frames	7658	/data/narendhiran_rpx/docker-smoke/tracking-ego-production/ego/cutie/medium
ego	250	cutie	medium	result.json	protocol.association_iou_threshold	0.5	/data/narendhiran_rpx/docker-smoke/tracking-ego-production/ego/cutie/medium
ego	250	cutie	medium	result.json	protocol.association_representation	tight_boxes_derived_from_instance_masks	/data/narendhiran_rpx/docker-smoke/tracking-ego-production/ego/cutie/medium
ego	250	cutie	medium	result.json	protocol.hota	mean_over_0.05_to_0.95	/data/narendhiran_rpx/docker-smoke/tracking-ego-production/ego/cutie/medium
ego	250	cutie	medium	result.json	protocol.initialization	ground_truth_first_frame_mask	/data/narendhiran_rpx/docker-smoke/tracking-ego-production/ego/cutie/medium
ego	250	cutie	medium	result.json	protocol.metric_implementation	TrackEval	/data/narendhiran_rpx/docker-smoke/tracking-ego-production/ego/cutie/medium
ego	250	cutie	medium	result.json	protocol.open_vocabulary	False	/data/narendhiran_rpx/docker-smoke/tracking-ego-production/ego/cutie/medium
ego	250	cutie	medium	result.json	protocol.scored_frames	1_to_end (initialization frame excluded)	/data/narendhiran_rpx/docker-smoke/tracking-ego-production/ego/cutie/medium
ego	250	cutie	medium	result.json	protocol.vocabulary		/data/narendhiran_rpx/docker-smoke/tracking-ego-production/ego/cutie/medium
ego	250	cutie	medium	result.json	protocol.vocabulary_size		/data/narendhiran_rpx/docker-smoke/tracking-ego-production/ego/cutie/medium
ego	250	cutie	medium	result.json	rpx_git_sha	2b90d59d26a8692bb5d7e5a3a8cb72df2ba941f7	/data/narendhiran_rpx/docker-smoke/tracking-ego-production/ego/cutie/medium
ego	250	cutie	medium	result.json	split	medium	/data/narendhiran_rpx/docker-smoke/tracking-ego-production/ego/cutie/medium
ego	250	cutie	medium	result.json	task	object_tracking	/data/narendhiran_rpx/docker-smoke/tracking-ego-production/ego/cutie/medium
ego	250	cutie	medium	run_metadata.json	clips	33	/data/narendhiran_rpx/docker-smoke/tracking-ego-production/ego/cutie/medium
ego	250	cutie	medium	run_metadata.json	dataset.manifest_name	ego_object_tracking	/data/narendhiran_rpx/docker-smoke/tracking-ego-production/ego/cutie/medium
ego	250	cutie	medium	run_metadata.json	dataset.manifest_sha256	6de360a644255f65a44f921197fa083ee66d5e24f45e93afa76dcd6f34f30ab5	/data/narendhiran_rpx/docker-smoke/tracking-ego-production/ego/cutie/medium
ego	250	cutie	medium	run_metadata.json	dataset.protocol	ego	/data/narendhiran_rpx/docker-smoke/tracking-ego-production/ego/cutie/medium
ego	250	cutie	medium	run_metadata.json	dataset.repo	IRVLUTD/RPX	/data/narendhiran_rpx/docker-smoke/tracking-ego-production/ego/cutie/medium
ego	250	cutie	medium	run_metadata.json	dataset.revision	f082723002bad5800dd85e583115b4ea05734d31	/data/narendhiran_rpx/docker-smoke/tracking-ego-production/ego/cutie/medium
ego	250	cutie	medium	run_metadata.json	dataset_protocol	ego	/data/narendhiran_rpx/docker-smoke/tracking-ego-production/ego/cutie/medium
ego	250	cutie	medium	run_metadata.json	evaluator_git_sha	2b90d59d26a8692bb5d7e5a3a8cb72df2ba941f7	/data/narendhiran_rpx/docker-smoke/tracking-ego-production/ego/cutie/medium
ego	250	cutie	medium	run_metadata.json	finished_unix	1788009787.8506212	/data/narendhiran_rpx/docker-smoke/tracking-ego-production/ego/cutie/medium
ego	250	cutie	medium	run_metadata.json	frames	7691	/data/narendhiran_rpx/docker-smoke/tracking-ego-production/ego/cutie/medium
ego	250	cutie	medium	run_metadata.json	hardware.gpu_compute_capability.__length__	2	/data/narendhiran_rpx/docker-smoke/tracking-ego-production/ego/cutie/medium
ego	250	cutie	medium	run_metadata.json	hardware.gpu_name	NVIDIA RTX 6000 Ada Generation	/data/narendhiran_rpx/docker-smoke/tracking-ego-production/ego/cutie/medium
ego	250	cutie	medium	run_metadata.json	hardware.gpu_total_memory_bytes	50865307648	/data/narendhiran_rpx/docker-smoke/tracking-ego-production/ego/cutie/medium
ego	250	cutie	medium	run_metadata.json	hardware.torch_cuda_version	12.8	/data/narendhiran_rpx/docker-smoke/tracking-ego-production/ego/cutie/medium
ego	250	cutie	medium	run_metadata.json	hardware.torch_version	2.7.1+cu128	/data/narendhiran_rpx/docker-smoke/tracking-ego-production/ego/cutie/medium
ego	250	cutie	medium	run_metadata.json	model	cutie	/data/narendhiran_rpx/docker-smoke/tracking-ego-production/ego/cutie/medium
ego	250	cutie	medium	run_metadata.json	model_checkpoint.filename	cutie-base-mega.pth	/data/narendhiran_rpx/docker-smoke/tracking-ego-production/ego/cutie/medium
ego	250	cutie	medium	run_metadata.json	model_checkpoint.repo	hkchengrex/Cutie	/data/narendhiran_rpx/docker-smoke/tracking-ego-production/ego/cutie/medium
ego	250	cutie	medium	run_metadata.json	model_checkpoint.revision	v1.0	/data/narendhiran_rpx/docker-smoke/tracking-ego-production/ego/cutie/medium
ego	250	cutie	medium	run_metadata.json	model_checkpoint.sha256	9c05402ee36d3a356fb72715d263ba7e1ea06ad3bada48c1306491792da43023	/data/narendhiran_rpx/docker-smoke/tracking-ego-production/ego/cutie/medium
ego	250	cutie	medium	run_metadata.json	parameter_count	35024186	/data/narendhiran_rpx/docker-smoke/tracking-ego-production/ego/cutie/medium
ego	250	cutie	medium	run_metadata.json	phase_metrics.0.assa	0.9072771183444589	/data/narendhiran_rpx/docker-smoke/tracking-ego-production/ego/cutie/medium
ego	250	cutie	medium	run_metadata.json	phase_metrics.0.deta	0.8926173424800732	/data/narendhiran_rpx/docker-smoke/tracking-ego-production/ego/cutie/medium
ego	250	cutie	medium	run_metadata.json	phase_metrics.0.hota	0.8985341089000567	/data/narendhiran_rpx/docker-smoke/tracking-ego-production/ego/cutie/medium
ego	250	cutie	medium	run_metadata.json	phase_metrics.0.idf1	0.9445982976554106	/data/narendhiran_rpx/docker-smoke/tracking-ego-production/ego/cutie/medium
ego	250	cutie	medium	run_metadata.json	phase_metrics.0.idsw	1.5757575757575757	/data/narendhiran_rpx/docker-smoke/tracking-ego-production/ego/cutie/medium
ego	250	cutie	medium	run_metadata.json	phase_metrics.0.mota	0.9093500931876429	/data/narendhiran_rpx/docker-smoke/tracking-ego-production/ego/cutie/medium
ego	250	cutie	medium	run_metadata.json	pid	286	/data/narendhiran_rpx/docker-smoke/tracking-ego-production/ego/cutie/medium
ego	250	cutie	medium	run_metadata.json	prediction_stats.complete_clip_cache_hits	0	/data/narendhiran_rpx/docker-smoke/tracking-ego-production/ego/cutie/medium
ego	250	cutie	medium	run_metadata.json	prediction_stats.inferred_clips	33	/data/narendhiran_rpx/docker-smoke/tracking-ego-production/ego/cutie/medium
ego	250	cutie	medium	run_metadata.json	prediction_stats.model_propagation_frames	7658	/data/narendhiran_rpx/docker-smoke/tracking-ego-production/ego/cutie/medium
ego	250	cutie	medium	run_metadata.json	protocol.association_iou_threshold	0.5	/data/narendhiran_rpx/docker-smoke/tracking-ego-production/ego/cutie/medium
ego	250	cutie	medium	run_metadata.json	protocol.association_representation	tight_boxes_derived_from_instance_masks	/data/narendhiran_rpx/docker-smoke/tracking-ego-production/ego/cutie/medium
ego	250	cutie	medium	run_metadata.json	protocol.hota	mean_over_0.05_to_0.95	/data/narendhiran_rpx/docker-smoke/tracking-ego-production/ego/cutie/medium
ego	250	cutie	medium	run_metadata.json	protocol.initialization	ground_truth_first_frame_mask	/data/narendhiran_rpx/docker-smoke/tracking-ego-production/ego/cutie/medium
ego	250	cutie	medium	run_metadata.json	protocol.metric_implementation	TrackEval	/data/narendhiran_rpx/docker-smoke/tracking-ego-production/ego/cutie/medium
ego	250	cutie	medium	run_metadata.json	protocol.open_vocabulary	False	/data/narendhiran_rpx/docker-smoke/tracking-ego-production/ego/cutie/medium
ego	250	cutie	medium	run_metadata.json	protocol.scored_frames	1_to_end (initialization frame excluded)	/data/narendhiran_rpx/docker-smoke/tracking-ego-production/ego/cutie/medium
ego	250	cutie	medium	run_metadata.json	protocol.vocabulary		/data/narendhiran_rpx/docker-smoke/tracking-ego-production/ego/cutie/medium
ego	250	cutie	medium	run_metadata.json	protocol.vocabulary_size		/data/narendhiran_rpx/docker-smoke/tracking-ego-production/ego/cutie/medium
ego	250	cutie	medium	run_metadata.json	rpx_git_sha	2b90d59d26a8692bb5d7e5a3a8cb72df2ba941f7	/data/narendhiran_rpx/docker-smoke/tracking-ego-production/ego/cutie/medium
ego	250	cutie	medium	run_metadata.json	split	medium	/data/narendhiran_rpx/docker-smoke/tracking-ego-production/ego/cutie/medium
ego	250	cutie	medium	run_metadata.json	started_unix	1788006836.4695442	/data/narendhiran_rpx/docker-smoke/tracking-ego-production/ego/cutie/medium
ego	250	cutie	medium	run_metadata.json	task	object_tracking	/data/narendhiran_rpx/docker-smoke/tracking-ego-production/ego/cutie/medium
ego	250	cutie	hard	result.json	clips	34	/data/narendhiran_rpx/docker-smoke/tracking-ego-production/ego/cutie/hard
ego	250	cutie	hard	result.json	dataset.manifest_name	ego_object_tracking	/data/narendhiran_rpx/docker-smoke/tracking-ego-production/ego/cutie/hard
ego	250	cutie	hard	result.json	dataset.manifest_sha256	7c85f17bf58843d0cf533825c4feb9d1d608bff1e90e49960b980324618278d0	/data/narendhiran_rpx/docker-smoke/tracking-ego-production/ego/cutie/hard
ego	250	cutie	hard	result.json	dataset.protocol	ego	/data/narendhiran_rpx/docker-smoke/tracking-ego-production/ego/cutie/hard
ego	250	cutie	hard	result.json	dataset.repo	IRVLUTD/RPX	/data/narendhiran_rpx/docker-smoke/tracking-ego-production/ego/cutie/hard
ego	250	cutie	hard	result.json	dataset.revision	f082723002bad5800dd85e583115b4ea05734d31	/data/narendhiran_rpx/docker-smoke/tracking-ego-production/ego/cutie/hard
ego	250	cutie	hard	result.json	dataset_protocol	ego	/data/narendhiran_rpx/docker-smoke/tracking-ego-production/ego/cutie/hard
ego	250	cutie	hard	result.json	evaluator_git_sha	2b90d59d26a8692bb5d7e5a3a8cb72df2ba941f7	/data/narendhiran_rpx/docker-smoke/tracking-ego-production/ego/cutie/hard
ego	250	cutie	hard	result.json	frames	7878	/data/narendhiran_rpx/docker-smoke/tracking-ego-production/ego/cutie/hard
ego	250	cutie	hard	result.json	hardware.gpu_compute_capability.__length__	2	/data/narendhiran_rpx/docker-smoke/tracking-ego-production/ego/cutie/hard
ego	250	cutie	hard	result.json	hardware.gpu_name	NVIDIA RTX 6000 Ada Generation	/data/narendhiran_rpx/docker-smoke/tracking-ego-production/ego/cutie/hard
ego	250	cutie	hard	result.json	hardware.gpu_total_memory_bytes	50865307648	/data/narendhiran_rpx/docker-smoke/tracking-ego-production/ego/cutie/hard
ego	250	cutie	hard	result.json	hardware.torch_cuda_version	12.8	/data/narendhiran_rpx/docker-smoke/tracking-ego-production/ego/cutie/hard
ego	250	cutie	hard	result.json	hardware.torch_version	2.7.1+cu128	/data/narendhiran_rpx/docker-smoke/tracking-ego-production/ego/cutie/hard
ego	250	cutie	hard	result.json	model	cutie	/data/narendhiran_rpx/docker-smoke/tracking-ego-production/ego/cutie/hard
ego	250	cutie	hard	result.json	model_checkpoint.filename	cutie-base-mega.pth	/data/narendhiran_rpx/docker-smoke/tracking-ego-production/ego/cutie/hard
ego	250	cutie	hard	result.json	model_checkpoint.repo	hkchengrex/Cutie	/data/narendhiran_rpx/docker-smoke/tracking-ego-production/ego/cutie/hard
ego	250	cutie	hard	result.json	model_checkpoint.revision	v1.0	/data/narendhiran_rpx/docker-smoke/tracking-ego-production/ego/cutie/hard
ego	250	cutie	hard	result.json	model_checkpoint.sha256	9c05402ee36d3a356fb72715d263ba7e1ea06ad3bada48c1306491792da43023	/data/narendhiran_rpx/docker-smoke/tracking-ego-production/ego/cutie/hard
ego	250	cutie	hard	result.json	phase_metrics.0.assa	0.9140979668868714	/data/narendhiran_rpx/docker-smoke/tracking-ego-production/ego/cutie/hard
ego	250	cutie	hard	result.json	phase_metrics.0.deta	0.8808123289358004	/data/narendhiran_rpx/docker-smoke/tracking-ego-production/ego/cutie/hard
ego	250	cutie	hard	result.json	phase_metrics.0.hota	0.8967841216136335	/data/narendhiran_rpx/docker-smoke/tracking-ego-production/ego/cutie/hard
ego	250	cutie	hard	result.json	phase_metrics.0.idf1	0.9458784557777077	/data/narendhiran_rpx/docker-smoke/tracking-ego-production/ego/cutie/hard
ego	250	cutie	hard	result.json	phase_metrics.0.idsw	1.588235294117647	/data/narendhiran_rpx/docker-smoke/tracking-ego-production/ego/cutie/hard
ego	250	cutie	hard	result.json	phase_metrics.0.mota	0.8966725565959814	/data/narendhiran_rpx/docker-smoke/tracking-ego-production/ego/cutie/hard
ego	250	cutie	hard	result.json	prediction_stats.complete_clip_cache_hits	0	/data/narendhiran_rpx/docker-smoke/tracking-ego-production/ego/cutie/hard
ego	250	cutie	hard	result.json	prediction_stats.inferred_clips	34	/data/narendhiran_rpx/docker-smoke/tracking-ego-production/ego/cutie/hard
ego	250	cutie	hard	result.json	prediction_stats.model_propagation_frames	7844	/data/narendhiran_rpx/docker-smoke/tracking-ego-production/ego/cutie/hard
ego	250	cutie	hard	result.json	protocol.association_iou_threshold	0.5	/data/narendhiran_rpx/docker-smoke/tracking-ego-production/ego/cutie/hard
ego	250	cutie	hard	result.json	protocol.association_representation	tight_boxes_derived_from_instance_masks	/data/narendhiran_rpx/docker-smoke/tracking-ego-production/ego/cutie/hard
ego	250	cutie	hard	result.json	protocol.hota	mean_over_0.05_to_0.95	/data/narendhiran_rpx/docker-smoke/tracking-ego-production/ego/cutie/hard
ego	250	cutie	hard	result.json	protocol.initialization	ground_truth_first_frame_mask	/data/narendhiran_rpx/docker-smoke/tracking-ego-production/ego/cutie/hard
ego	250	cutie	hard	result.json	protocol.metric_implementation	TrackEval	/data/narendhiran_rpx/docker-smoke/tracking-ego-production/ego/cutie/hard
ego	250	cutie	hard	result.json	protocol.open_vocabulary	False	/data/narendhiran_rpx/docker-smoke/tracking-ego-production/ego/cutie/hard
ego	250	cutie	hard	result.json	protocol.scored_frames	1_to_end (initialization frame excluded)	/data/narendhiran_rpx/docker-smoke/tracking-ego-production/ego/cutie/hard
ego	250	cutie	hard	result.json	protocol.vocabulary		/data/narendhiran_rpx/docker-smoke/tracking-ego-production/ego/cutie/hard
ego	250	cutie	hard	result.json	protocol.vocabulary_size		/data/narendhiran_rpx/docker-smoke/tracking-ego-production/ego/cutie/hard
ego	250	cutie	hard	result.json	rpx_git_sha	2b90d59d26a8692bb5d7e5a3a8cb72df2ba941f7	/data/narendhiran_rpx/docker-smoke/tracking-ego-production/ego/cutie/hard
ego	250	cutie	hard	result.json	split	hard	/data/narendhiran_rpx/docker-smoke/tracking-ego-production/ego/cutie/hard
ego	250	cutie	hard	result.json	task	object_tracking	/data/narendhiran_rpx/docker-smoke/tracking-ego-production/ego/cutie/hard
ego	250	cutie	hard	run_metadata.json	clips	34	/data/narendhiran_rpx/docker-smoke/tracking-ego-production/ego/cutie/hard
ego	250	cutie	hard	run_metadata.json	dataset.manifest_name	ego_object_tracking	/data/narendhiran_rpx/docker-smoke/tracking-ego-production/ego/cutie/hard
ego	250	cutie	hard	run_metadata.json	dataset.manifest_sha256	7c85f17bf58843d0cf533825c4feb9d1d608bff1e90e49960b980324618278d0	/data/narendhiran_rpx/docker-smoke/tracking-ego-production/ego/cutie/hard
ego	250	cutie	hard	run_metadata.json	dataset.protocol	ego	/data/narendhiran_rpx/docker-smoke/tracking-ego-production/ego/cutie/hard
ego	250	cutie	hard	run_metadata.json	dataset.repo	IRVLUTD/RPX	/data/narendhiran_rpx/docker-smoke/tracking-ego-production/ego/cutie/hard
ego	250	cutie	hard	run_metadata.json	dataset.revision	f082723002bad5800dd85e583115b4ea05734d31	/data/narendhiran_rpx/docker-smoke/tracking-ego-production/ego/cutie/hard
ego	250	cutie	hard	run_metadata.json	dataset_protocol	ego	/data/narendhiran_rpx/docker-smoke/tracking-ego-production/ego/cutie/hard
ego	250	cutie	hard	run_metadata.json	evaluator_git_sha	2b90d59d26a8692bb5d7e5a3a8cb72df2ba941f7	/data/narendhiran_rpx/docker-smoke/tracking-ego-production/ego/cutie/hard
ego	250	cutie	hard	run_metadata.json	finished_unix	1788012924.2203836	/data/narendhiran_rpx/docker-smoke/tracking-ego-production/ego/cutie/hard
ego	250	cutie	hard	run_metadata.json	frames	7878	/data/narendhiran_rpx/docker-smoke/tracking-ego-production/ego/cutie/hard
ego	250	cutie	hard	run_metadata.json	hardware.gpu_compute_capability.__length__	2	/data/narendhiran_rpx/docker-smoke/tracking-ego-production/ego/cutie/hard
ego	250	cutie	hard	run_metadata.json	hardware.gpu_name	NVIDIA RTX 6000 Ada Generation	/data/narendhiran_rpx/docker-smoke/tracking-ego-production/ego/cutie/hard
ego	250	cutie	hard	run_metadata.json	hardware.gpu_total_memory_bytes	50865307648	/data/narendhiran_rpx/docker-smoke/tracking-ego-production/ego/cutie/hard
ego	250	cutie	hard	run_metadata.json	hardware.torch_cuda_version	12.8	/data/narendhiran_rpx/docker-smoke/tracking-ego-production/ego/cutie/hard
ego	250	cutie	hard	run_metadata.json	hardware.torch_version	2.7.1+cu128	/data/narendhiran_rpx/docker-smoke/tracking-ego-production/ego/cutie/hard
ego	250	cutie	hard	run_metadata.json	model	cutie	/data/narendhiran_rpx/docker-smoke/tracking-ego-production/ego/cutie/hard
ego	250	cutie	hard	run_metadata.json	model_checkpoint.filename	cutie-base-mega.pth	/data/narendhiran_rpx/docker-smoke/tracking-ego-production/ego/cutie/hard
ego	250	cutie	hard	run_metadata.json	model_checkpoint.repo	hkchengrex/Cutie	/data/narendhiran_rpx/docker-smoke/tracking-ego-production/ego/cutie/hard
ego	250	cutie	hard	run_metadata.json	model_checkpoint.revision	v1.0	/data/narendhiran_rpx/docker-smoke/tracking-ego-production/ego/cutie/hard
ego	250	cutie	hard	run_metadata.json	model_checkpoint.sha256	9c05402ee36d3a356fb72715d263ba7e1ea06ad3bada48c1306491792da43023	/data/narendhiran_rpx/docker-smoke/tracking-ego-production/ego/cutie/hard
ego	250	cutie	hard	run_metadata.json	parameter_count	35024186	/data/narendhiran_rpx/docker-smoke/tracking-ego-production/ego/cutie/hard
ego	250	cutie	hard	run_metadata.json	phase_metrics.0.assa	0.9140979668868714	/data/narendhiran_rpx/docker-smoke/tracking-ego-production/ego/cutie/hard
ego	250	cutie	hard	run_metadata.json	phase_metrics.0.deta	0.8808123289358004	/data/narendhiran_rpx/docker-smoke/tracking-ego-production/ego/cutie/hard
ego	250	cutie	hard	run_metadata.json	phase_metrics.0.hota	0.8967841216136335	/data/narendhiran_rpx/docker-smoke/tracking-ego-production/ego/cutie/hard
ego	250	cutie	hard	run_metadata.json	phase_metrics.0.idf1	0.9458784557777077	/data/narendhiran_rpx/docker-smoke/tracking-ego-production/ego/cutie/hard
ego	250	cutie	hard	run_metadata.json	phase_metrics.0.idsw	1.588235294117647	/data/narendhiran_rpx/docker-smoke/tracking-ego-production/ego/cutie/hard
ego	250	cutie	hard	run_metadata.json	phase_metrics.0.mota	0.8966725565959814	/data/narendhiran_rpx/docker-smoke/tracking-ego-production/ego/cutie/hard
ego	250	cutie	hard	run_metadata.json	pid	457	/data/narendhiran_rpx/docker-smoke/tracking-ego-production/ego/cutie/hard
ego	250	cutie	hard	run_metadata.json	prediction_stats.complete_clip_cache_hits	0	/data/narendhiran_rpx/docker-smoke/tracking-ego-production/ego/cutie/hard
ego	250	cutie	hard	run_metadata.json	prediction_stats.inferred_clips	34	/data/narendhiran_rpx/docker-smoke/tracking-ego-production/ego/cutie/hard
ego	250	cutie	hard	run_metadata.json	prediction_stats.model_propagation_frames	7844	/data/narendhiran_rpx/docker-smoke/tracking-ego-production/ego/cutie/hard
ego	250	cutie	hard	run_metadata.json	protocol.association_iou_threshold	0.5	/data/narendhiran_rpx/docker-smoke/tracking-ego-production/ego/cutie/hard
ego	250	cutie	hard	run_metadata.json	protocol.association_representation	tight_boxes_derived_from_instance_masks	/data/narendhiran_rpx/docker-smoke/tracking-ego-production/ego/cutie/hard
ego	250	cutie	hard	run_metadata.json	protocol.hota	mean_over_0.05_to_0.95	/data/narendhiran_rpx/docker-smoke/tracking-ego-production/ego/cutie/hard
ego	250	cutie	hard	run_metadata.json	protocol.initialization	ground_truth_first_frame_mask	/data/narendhiran_rpx/docker-smoke/tracking-ego-production/ego/cutie/hard
ego	250	cutie	hard	run_metadata.json	protocol.metric_implementation	TrackEval	/data/narendhiran_rpx/docker-smoke/tracking-ego-production/ego/cutie/hard
ego	250	cutie	hard	run_metadata.json	protocol.open_vocabulary	False	/data/narendhiran_rpx/docker-smoke/tracking-ego-production/ego/cutie/hard
ego	250	cutie	hard	run_metadata.json	protocol.scored_frames	1_to_end (initialization frame excluded)	/data/narendhiran_rpx/docker-smoke/tracking-ego-production/ego/cutie/hard
ego	250	cutie	hard	run_metadata.json	protocol.vocabulary		/data/narendhiran_rpx/docker-smoke/tracking-ego-production/ego/cutie/hard
ego	250	cutie	hard	run_metadata.json	protocol.vocabulary_size		/data/narendhiran_rpx/docker-smoke/tracking-ego-production/ego/cutie/hard
ego	250	cutie	hard	run_metadata.json	rpx_git_sha	2b90d59d26a8692bb5d7e5a3a8cb72df2ba941f7	/data/narendhiran_rpx/docker-smoke/tracking-ego-production/ego/cutie/hard
ego	250	cutie	hard	run_metadata.json	split	hard	/data/narendhiran_rpx/docker-smoke/tracking-ego-production/ego/cutie/hard
ego	250	cutie	hard	run_metadata.json	started_unix	1788009825.3517582	/data/narendhiran_rpx/docker-smoke/tracking-ego-production/ego/cutie/hard
ego	250	cutie	hard	run_metadata.json	task	object_tracking	/data/narendhiran_rpx/docker-smoke/tracking-ego-production/ego/cutie/hard
ego	250	edgetam	easy	result.json	clips	33	/data/narendhiran_rpx/docker-smoke/tracking-ego-production/ego/edgetam/easy
ego	250	edgetam	easy	result.json	dataset.manifest_name	ego_object_tracking	/data/narendhiran_rpx/docker-smoke/tracking-ego-production/ego/edgetam/easy
ego	250	edgetam	easy	result.json	dataset.manifest_sha256	dc3c68c65e06a2d563f8d4d5a5a065159edd7dcae0f5fe4795f21c27c6ac4213	/data/narendhiran_rpx/docker-smoke/tracking-ego-production/ego/edgetam/easy
ego	250	edgetam	easy	result.json	dataset.protocol	ego	/data/narendhiran_rpx/docker-smoke/tracking-ego-production/ego/edgetam/easy
ego	250	edgetam	easy	result.json	dataset.repo	IRVLUTD/RPX	/data/narendhiran_rpx/docker-smoke/tracking-ego-production/ego/edgetam/easy
ego	250	edgetam	easy	result.json	dataset.revision	f082723002bad5800dd85e583115b4ea05734d31	/data/narendhiran_rpx/docker-smoke/tracking-ego-production/ego/edgetam/easy
ego	250	edgetam	easy	result.json	dataset_protocol	ego	/data/narendhiran_rpx/docker-smoke/tracking-ego-production/ego/edgetam/easy
ego	250	edgetam	easy	result.json	evaluator_git_sha	2b90d59d26a8692bb5d7e5a3a8cb72df2ba941f7	/data/narendhiran_rpx/docker-smoke/tracking-ego-production/ego/edgetam/easy
ego	250	edgetam	easy	result.json	frames	7552	/data/narendhiran_rpx/docker-smoke/tracking-ego-production/ego/edgetam/easy
ego	250	edgetam	easy	result.json	hardware.gpu_compute_capability.__length__	2	/data/narendhiran_rpx/docker-smoke/tracking-ego-production/ego/edgetam/easy
ego	250	edgetam	easy	result.json	hardware.gpu_name	NVIDIA RTX 6000 Ada Generation	/data/narendhiran_rpx/docker-smoke/tracking-ego-production/ego/edgetam/easy
ego	250	edgetam	easy	result.json	hardware.gpu_total_memory_bytes	50865307648	/data/narendhiran_rpx/docker-smoke/tracking-ego-production/ego/edgetam/easy
ego	250	edgetam	easy	result.json	hardware.torch_cuda_version	12.8	/data/narendhiran_rpx/docker-smoke/tracking-ego-production/ego/edgetam/easy
ego	250	edgetam	easy	result.json	hardware.torch_version	2.7.1+cu128	/data/narendhiran_rpx/docker-smoke/tracking-ego-production/ego/edgetam/easy
ego	250	edgetam	easy	result.json	model	edgetam	/data/narendhiran_rpx/docker-smoke/tracking-ego-production/ego/edgetam/easy
ego	250	edgetam	easy	result.json	model_checkpoint.filename	edgetam.pt	/data/narendhiran_rpx/docker-smoke/tracking-ego-production/ego/edgetam/easy
ego	250	edgetam	easy	result.json	model_checkpoint.repo	facebook/EdgeTAM	/data/narendhiran_rpx/docker-smoke/tracking-ego-production/ego/edgetam/easy
ego	250	edgetam	easy	result.json	model_checkpoint.revision	14d7ecc48c656b94e5184519f698cd5386c5a2bf	/data/narendhiran_rpx/docker-smoke/tracking-ego-production/ego/edgetam/easy
ego	250	edgetam	easy	result.json	model_checkpoint.sha256	ed2d4850b8792c239689b043c47046ec239b6e808a3d9b6ae676c803fd8780df	/data/narendhiran_rpx/docker-smoke/tracking-ego-production/ego/edgetam/easy
ego	250	edgetam	easy	result.json	phase_metrics.0.assa	0.9290971533445794	/data/narendhiran_rpx/docker-smoke/tracking-ego-production/ego/edgetam/easy
ego	250	edgetam	easy	result.json	phase_metrics.0.deta	0.914768517052645	/data/narendhiran_rpx/docker-smoke/tracking-ego-production/ego/edgetam/easy
ego	250	edgetam	easy	result.json	phase_metrics.0.hota	0.9217227129556332	/data/narendhiran_rpx/docker-smoke/tracking-ego-production/ego/edgetam/easy
ego	250	edgetam	easy	result.json	phase_metrics.0.idf1	0.961406311198338	/data/narendhiran_rpx/docker-smoke/tracking-ego-production/ego/edgetam/easy
ego	250	edgetam	easy	result.json	phase_metrics.0.idsw	2.0	/data/narendhiran_rpx/docker-smoke/tracking-ego-production/ego/edgetam/easy
ego	250	edgetam	easy	result.json	phase_metrics.0.mota	0.9264114400902428	/data/narendhiran_rpx/docker-smoke/tracking-ego-production/ego/edgetam/easy
ego	250	edgetam	easy	result.json	prediction_stats.complete_clip_cache_hits	0	/data/narendhiran_rpx/docker-smoke/tracking-ego-production/ego/edgetam/easy
ego	250	edgetam	easy	result.json	prediction_stats.inferred_clips	33	/data/narendhiran_rpx/docker-smoke/tracking-ego-production/ego/edgetam/easy
ego	250	edgetam	easy	result.json	prediction_stats.model_propagation_frames	7519	/data/narendhiran_rpx/docker-smoke/tracking-ego-production/ego/edgetam/easy
ego	250	edgetam	easy	result.json	protocol.association_iou_threshold	0.5	/data/narendhiran_rpx/docker-smoke/tracking-ego-production/ego/edgetam/easy
ego	250	edgetam	easy	result.json	protocol.association_representation	tight_boxes_derived_from_instance_masks	/data/narendhiran_rpx/docker-smoke/tracking-ego-production/ego/edgetam/easy
ego	250	edgetam	easy	result.json	protocol.hota	mean_over_0.05_to_0.95	/data/narendhiran_rpx/docker-smoke/tracking-ego-production/ego/edgetam/easy
ego	250	edgetam	easy	result.json	protocol.initialization	ground_truth_first_frame_mask	/data/narendhiran_rpx/docker-smoke/tracking-ego-production/ego/edgetam/easy
ego	250	edgetam	easy	result.json	protocol.metric_implementation	TrackEval	/data/narendhiran_rpx/docker-smoke/tracking-ego-production/ego/edgetam/easy
ego	250	edgetam	easy	result.json	protocol.open_vocabulary	False	/data/narendhiran_rpx/docker-smoke/tracking-ego-production/ego/edgetam/easy
ego	250	edgetam	easy	result.json	protocol.scored_frames	1_to_end (initialization frame excluded)	/data/narendhiran_rpx/docker-smoke/tracking-ego-production/ego/edgetam/easy
ego	250	edgetam	easy	result.json	protocol.vocabulary		/data/narendhiran_rpx/docker-smoke/tracking-ego-production/ego/edgetam/easy
ego	250	edgetam	easy	result.json	protocol.vocabulary_size		/data/narendhiran_rpx/docker-smoke/tracking-ego-production/ego/edgetam/easy
ego	250	edgetam	easy	result.json	rpx_git_sha	2b90d59d26a8692bb5d7e5a3a8cb72df2ba941f7	/data/narendhiran_rpx/docker-smoke/tracking-ego-production/ego/edgetam/easy
ego	250	edgetam	easy	result.json	split	easy	/data/narendhiran_rpx/docker-smoke/tracking-ego-production/ego/edgetam/easy
ego	250	edgetam	easy	result.json	task	object_tracking	/data/narendhiran_rpx/docker-smoke/tracking-ego-production/ego/edgetam/easy
ego	250	edgetam	easy	run_metadata.json	clips	33	/data/narendhiran_rpx/docker-smoke/tracking-ego-production/ego/edgetam/easy
ego	250	edgetam	easy	run_metadata.json	dataset.manifest_name	ego_object_tracking	/data/narendhiran_rpx/docker-smoke/tracking-ego-production/ego/edgetam/easy
ego	250	edgetam	easy	run_metadata.json	dataset.manifest_sha256	dc3c68c65e06a2d563f8d4d5a5a065159edd7dcae0f5fe4795f21c27c6ac4213	/data/narendhiran_rpx/docker-smoke/tracking-ego-production/ego/edgetam/easy
ego	250	edgetam	easy	run_metadata.json	dataset.protocol	ego	/data/narendhiran_rpx/docker-smoke/tracking-ego-production/ego/edgetam/easy
ego	250	edgetam	easy	run_metadata.json	dataset.repo	IRVLUTD/RPX	/data/narendhiran_rpx/docker-smoke/tracking-ego-production/ego/edgetam/easy
ego	250	edgetam	easy	run_metadata.json	dataset.revision	f082723002bad5800dd85e583115b4ea05734d31	/data/narendhiran_rpx/docker-smoke/tracking-ego-production/ego/edgetam/easy
ego	250	edgetam	easy	run_metadata.json	dataset_protocol	ego	/data/narendhiran_rpx/docker-smoke/tracking-ego-production/ego/edgetam/easy
ego	250	edgetam	easy	run_metadata.json	evaluator_git_sha	2b90d59d26a8692bb5d7e5a3a8cb72df2ba941f7	/data/narendhiran_rpx/docker-smoke/tracking-ego-production/ego/edgetam/easy
ego	250	edgetam	easy	run_metadata.json	finished_unix	1787987522.7591794	/data/narendhiran_rpx/docker-smoke/tracking-ego-production/ego/edgetam/easy
ego	250	edgetam	easy	run_metadata.json	frames	7552	/data/narendhiran_rpx/docker-smoke/tracking-ego-production/ego/edgetam/easy
ego	250	edgetam	easy	run_metadata.json	hardware.gpu_compute_capability.__length__	2	/data/narendhiran_rpx/docker-smoke/tracking-ego-production/ego/edgetam/easy
ego	250	edgetam	easy	run_metadata.json	hardware.gpu_name	NVIDIA RTX 6000 Ada Generation	/data/narendhiran_rpx/docker-smoke/tracking-ego-production/ego/edgetam/easy
ego	250	edgetam	easy	run_metadata.json	hardware.gpu_total_memory_bytes	50865307648	/data/narendhiran_rpx/docker-smoke/tracking-ego-production/ego/edgetam/easy
ego	250	edgetam	easy	run_metadata.json	hardware.torch_cuda_version	12.8	/data/narendhiran_rpx/docker-smoke/tracking-ego-production/ego/edgetam/easy
ego	250	edgetam	easy	run_metadata.json	hardware.torch_version	2.7.1+cu128	/data/narendhiran_rpx/docker-smoke/tracking-ego-production/ego/edgetam/easy
ego	250	edgetam	easy	run_metadata.json	model	edgetam	/data/narendhiran_rpx/docker-smoke/tracking-ego-production/ego/edgetam/easy
ego	250	edgetam	easy	run_metadata.json	model_checkpoint.filename	edgetam.pt	/data/narendhiran_rpx/docker-smoke/tracking-ego-production/ego/edgetam/easy
ego	250	edgetam	easy	run_metadata.json	model_checkpoint.repo	facebook/EdgeTAM	/data/narendhiran_rpx/docker-smoke/tracking-ego-production/ego/edgetam/easy
ego	250	edgetam	easy	run_metadata.json	model_checkpoint.revision	14d7ecc48c656b94e5184519f698cd5386c5a2bf	/data/narendhiran_rpx/docker-smoke/tracking-ego-production/ego/edgetam/easy
ego	250	edgetam	easy	run_metadata.json	model_checkpoint.sha256	ed2d4850b8792c239689b043c47046ec239b6e808a3d9b6ae676c803fd8780df	/data/narendhiran_rpx/docker-smoke/tracking-ego-production/ego/edgetam/easy
ego	250	edgetam	easy	run_metadata.json	parameter_count	13895794	/data/narendhiran_rpx/docker-smoke/tracking-ego-production/ego/edgetam/easy
ego	250	edgetam	easy	run_metadata.json	phase_metrics.0.assa	0.9290971533445794	/data/narendhiran_rpx/docker-smoke/tracking-ego-production/ego/edgetam/easy
ego	250	edgetam	easy	run_metadata.json	phase_metrics.0.deta	0.914768517052645	/data/narendhiran_rpx/docker-smoke/tracking-ego-production/ego/edgetam/easy
ego	250	edgetam	easy	run_metadata.json	phase_metrics.0.hota	0.9217227129556332	/data/narendhiran_rpx/docker-smoke/tracking-ego-production/ego/edgetam/easy
ego	250	edgetam	easy	run_metadata.json	phase_metrics.0.idf1	0.961406311198338	/data/narendhiran_rpx/docker-smoke/tracking-ego-production/ego/edgetam/easy
ego	250	edgetam	easy	run_metadata.json	phase_metrics.0.idsw	2.0	/data/narendhiran_rpx/docker-smoke/tracking-ego-production/ego/edgetam/easy
ego	250	edgetam	easy	run_metadata.json	phase_metrics.0.mota	0.9264114400902428	/data/narendhiran_rpx/docker-smoke/tracking-ego-production/ego/edgetam/easy
ego	250	edgetam	easy	run_metadata.json	pid	113	/data/narendhiran_rpx/docker-smoke/tracking-ego-production/ego/edgetam/easy
ego	250	edgetam	easy	run_metadata.json	prediction_stats.complete_clip_cache_hits	0	/data/narendhiran_rpx/docker-smoke/tracking-ego-production/ego/edgetam/easy
ego	250	edgetam	easy	run_metadata.json	prediction_stats.inferred_clips	33	/data/narendhiran_rpx/docker-smoke/tracking-ego-production/ego/edgetam/easy
ego	250	edgetam	easy	run_metadata.json	prediction_stats.model_propagation_frames	7519	/data/narendhiran_rpx/docker-smoke/tracking-ego-production/ego/edgetam/easy
ego	250	edgetam	easy	run_metadata.json	protocol.association_iou_threshold	0.5	/data/narendhiran_rpx/docker-smoke/tracking-ego-production/ego/edgetam/easy
ego	250	edgetam	easy	run_metadata.json	protocol.association_representation	tight_boxes_derived_from_instance_masks	/data/narendhiran_rpx/docker-smoke/tracking-ego-production/ego/edgetam/easy
ego	250	edgetam	easy	run_metadata.json	protocol.hota	mean_over_0.05_to_0.95	/data/narendhiran_rpx/docker-smoke/tracking-ego-production/ego/edgetam/easy
ego	250	edgetam	easy	run_metadata.json	protocol.initialization	ground_truth_first_frame_mask	/data/narendhiran_rpx/docker-smoke/tracking-ego-production/ego/edgetam/easy
ego	250	edgetam	easy	run_metadata.json	protocol.metric_implementation	TrackEval	/data/narendhiran_rpx/docker-smoke/tracking-ego-production/ego/edgetam/easy
ego	250	edgetam	easy	run_metadata.json	protocol.open_vocabulary	False	/data/narendhiran_rpx/docker-smoke/tracking-ego-production/ego/edgetam/easy
ego	250	edgetam	easy	run_metadata.json	protocol.scored_frames	1_to_end (initialization frame excluded)	/data/narendhiran_rpx/docker-smoke/tracking-ego-production/ego/edgetam/easy
ego	250	edgetam	easy	run_metadata.json	protocol.vocabulary		/data/narendhiran_rpx/docker-smoke/tracking-ego-production/ego/edgetam/easy
ego	250	edgetam	easy	run_metadata.json	protocol.vocabulary_size		/data/narendhiran_rpx/docker-smoke/tracking-ego-production/ego/edgetam/easy
ego	250	edgetam	easy	run_metadata.json	rpx_git_sha	2b90d59d26a8692bb5d7e5a3a8cb72df2ba941f7	/data/narendhiran_rpx/docker-smoke/tracking-ego-production/ego/edgetam/easy
ego	250	edgetam	easy	run_metadata.json	split	easy	/data/narendhiran_rpx/docker-smoke/tracking-ego-production/ego/edgetam/easy
ego	250	edgetam	easy	run_metadata.json	started_unix	1787984642.7933953	/data/narendhiran_rpx/docker-smoke/tracking-ego-production/ego/edgetam/easy
ego	250	edgetam	easy	run_metadata.json	task	object_tracking	/data/narendhiran_rpx/docker-smoke/tracking-ego-production/ego/edgetam/easy
ego	250	edgetam	medium	result.json	clips	33	/data/narendhiran_rpx/docker-smoke/tracking-ego-production/ego/edgetam/medium
ego	250	edgetam	medium	result.json	dataset.manifest_name	ego_object_tracking	/data/narendhiran_rpx/docker-smoke/tracking-ego-production/ego/edgetam/medium
ego	250	edgetam	medium	result.json	dataset.manifest_sha256	6de360a644255f65a44f921197fa083ee66d5e24f45e93afa76dcd6f34f30ab5	/data/narendhiran_rpx/docker-smoke/tracking-ego-production/ego/edgetam/medium
ego	250	edgetam	medium	result.json	dataset.protocol	ego	/data/narendhiran_rpx/docker-smoke/tracking-ego-production/ego/edgetam/medium
ego	250	edgetam	medium	result.json	dataset.repo	IRVLUTD/RPX	/data/narendhiran_rpx/docker-smoke/tracking-ego-production/ego/edgetam/medium
ego	250	edgetam	medium	result.json	dataset.revision	f082723002bad5800dd85e583115b4ea05734d31	/data/narendhiran_rpx/docker-smoke/tracking-ego-production/ego/edgetam/medium
ego	250	edgetam	medium	result.json	dataset_protocol	ego	/data/narendhiran_rpx/docker-smoke/tracking-ego-production/ego/edgetam/medium
ego	250	edgetam	medium	result.json	evaluator_git_sha	2b90d59d26a8692bb5d7e5a3a8cb72df2ba941f7	/data/narendhiran_rpx/docker-smoke/tracking-ego-production/ego/edgetam/medium
ego	250	edgetam	medium	result.json	frames	7691	/data/narendhiran_rpx/docker-smoke/tracking-ego-production/ego/edgetam/medium
ego	250	edgetam	medium	result.json	hardware.gpu_compute_capability.__length__	2	/data/narendhiran_rpx/docker-smoke/tracking-ego-production/ego/edgetam/medium
ego	250	edgetam	medium	result.json	hardware.gpu_name	NVIDIA RTX 6000 Ada Generation	/data/narendhiran_rpx/docker-smoke/tracking-ego-production/ego/edgetam/medium
ego	250	edgetam	medium	result.json	hardware.gpu_total_memory_bytes	50865307648	/data/narendhiran_rpx/docker-smoke/tracking-ego-production/ego/edgetam/medium
ego	250	edgetam	medium	result.json	hardware.torch_cuda_version	12.8	/data/narendhiran_rpx/docker-smoke/tracking-ego-production/ego/edgetam/medium
ego	250	edgetam	medium	result.json	hardware.torch_version	2.7.1+cu128	/data/narendhiran_rpx/docker-smoke/tracking-ego-production/ego/edgetam/medium
ego	250	edgetam	medium	result.json	model	edgetam	/data/narendhiran_rpx/docker-smoke/tracking-ego-production/ego/edgetam/medium
ego	250	edgetam	medium	result.json	model_checkpoint.filename	edgetam.pt	/data/narendhiran_rpx/docker-smoke/tracking-ego-production/ego/edgetam/medium
ego	250	edgetam	medium	result.json	model_checkpoint.repo	facebook/EdgeTAM	/data/narendhiran_rpx/docker-smoke/tracking-ego-production/ego/edgetam/medium
ego	250	edgetam	medium	result.json	model_checkpoint.revision	14d7ecc48c656b94e5184519f698cd5386c5a2bf	/data/narendhiran_rpx/docker-smoke/tracking-ego-production/ego/edgetam/medium
ego	250	edgetam	medium	result.json	model_checkpoint.sha256	ed2d4850b8792c239689b043c47046ec239b6e808a3d9b6ae676c803fd8780df	/data/narendhiran_rpx/docker-smoke/tracking-ego-production/ego/edgetam/medium
ego	250	edgetam	medium	result.json	phase_metrics.0.assa	0.8822234699408852	/data/narendhiran_rpx/docker-smoke/tracking-ego-production/ego/edgetam/medium
ego	250	edgetam	medium	result.json	phase_metrics.0.deta	0.8603826533323771	/data/narendhiran_rpx/docker-smoke/tracking-ego-production/ego/edgetam/medium
ego	250	edgetam	medium	result.json	phase_metrics.0.hota	0.8700248152673073	/data/narendhiran_rpx/docker-smoke/tracking-ego-production/ego/edgetam/medium
ego	250	edgetam	medium	result.json	phase_metrics.0.idf1	0.9253245814820403	/data/narendhiran_rpx/docker-smoke/tracking-ego-production/ego/edgetam/medium
ego	250	edgetam	medium	result.json	phase_metrics.0.idsw	1.6666666666666667	/data/narendhiran_rpx/docker-smoke/tracking-ego-production/ego/edgetam/medium
ego	250	edgetam	medium	result.json	phase_metrics.0.mota	0.86815156811973	/data/narendhiran_rpx/docker-smoke/tracking-ego-production/ego/edgetam/medium
ego	250	edgetam	medium	result.json	prediction_stats.complete_clip_cache_hits	0	/data/narendhiran_rpx/docker-smoke/tracking-ego-production/ego/edgetam/medium
ego	250	edgetam	medium	result.json	prediction_stats.inferred_clips	33	/data/narendhiran_rpx/docker-smoke/tracking-ego-production/ego/edgetam/medium
ego	250	edgetam	medium	result.json	prediction_stats.model_propagation_frames	7658	/data/narendhiran_rpx/docker-smoke/tracking-ego-production/ego/edgetam/medium
ego	250	edgetam	medium	result.json	protocol.association_iou_threshold	0.5	/data/narendhiran_rpx/docker-smoke/tracking-ego-production/ego/edgetam/medium
ego	250	edgetam	medium	result.json	protocol.association_representation	tight_boxes_derived_from_instance_masks	/data/narendhiran_rpx/docker-smoke/tracking-ego-production/ego/edgetam/medium
ego	250	edgetam	medium	result.json	protocol.hota	mean_over_0.05_to_0.95	/data/narendhiran_rpx/docker-smoke/tracking-ego-production/ego/edgetam/medium
ego	250	edgetam	medium	result.json	protocol.initialization	ground_truth_first_frame_mask	/data/narendhiran_rpx/docker-smoke/tracking-ego-production/ego/edgetam/medium
ego	250	edgetam	medium	result.json	protocol.metric_implementation	TrackEval	/data/narendhiran_rpx/docker-smoke/tracking-ego-production/ego/edgetam/medium
ego	250	edgetam	medium	result.json	protocol.open_vocabulary	False	/data/narendhiran_rpx/docker-smoke/tracking-ego-production/ego/edgetam/medium
ego	250	edgetam	medium	result.json	protocol.scored_frames	1_to_end (initialization frame excluded)	/data/narendhiran_rpx/docker-smoke/tracking-ego-production/ego/edgetam/medium
ego	250	edgetam	medium	result.json	protocol.vocabulary		/data/narendhiran_rpx/docker-smoke/tracking-ego-production/ego/edgetam/medium
ego	250	edgetam	medium	result.json	protocol.vocabulary_size		/data/narendhiran_rpx/docker-smoke/tracking-ego-production/ego/edgetam/medium
ego	250	edgetam	medium	result.json	rpx_git_sha	2b90d59d26a8692bb5d7e5a3a8cb72df2ba941f7	/data/narendhiran_rpx/docker-smoke/tracking-ego-production/ego/edgetam/medium
ego	250	edgetam	medium	result.json	split	medium	/data/narendhiran_rpx/docker-smoke/tracking-ego-production/ego/edgetam/medium
ego	250	edgetam	medium	result.json	task	object_tracking	/data/narendhiran_rpx/docker-smoke/tracking-ego-production/ego/edgetam/medium
ego	250	edgetam	medium	run_metadata.json	clips	33	/data/narendhiran_rpx/docker-smoke/tracking-ego-production/ego/edgetam/medium
ego	250	edgetam	medium	run_metadata.json	dataset.manifest_name	ego_object_tracking	/data/narendhiran_rpx/docker-smoke/tracking-ego-production/ego/edgetam/medium
ego	250	edgetam	medium	run_metadata.json	dataset.manifest_sha256	6de360a644255f65a44f921197fa083ee66d5e24f45e93afa76dcd6f34f30ab5	/data/narendhiran_rpx/docker-smoke/tracking-ego-production/ego/edgetam/medium
ego	250	edgetam	medium	run_metadata.json	dataset.protocol	ego	/data/narendhiran_rpx/docker-smoke/tracking-ego-production/ego/edgetam/medium
ego	250	edgetam	medium	run_metadata.json	dataset.repo	IRVLUTD/RPX	/data/narendhiran_rpx/docker-smoke/tracking-ego-production/ego/edgetam/medium
ego	250	edgetam	medium	run_metadata.json	dataset.revision	f082723002bad5800dd85e583115b4ea05734d31	/data/narendhiran_rpx/docker-smoke/tracking-ego-production/ego/edgetam/medium
ego	250	edgetam	medium	run_metadata.json	dataset_protocol	ego	/data/narendhiran_rpx/docker-smoke/tracking-ego-production/ego/edgetam/medium
ego	250	edgetam	medium	run_metadata.json	evaluator_git_sha	2b90d59d26a8692bb5d7e5a3a8cb72df2ba941f7	/data/narendhiran_rpx/docker-smoke/tracking-ego-production/ego/edgetam/medium
ego	250	edgetam	medium	run_metadata.json	finished_unix	1787990333.5564926	/data/narendhiran_rpx/docker-smoke/tracking-ego-production/ego/edgetam/medium
ego	250	edgetam	medium	run_metadata.json	frames	7691	/data/narendhiran_rpx/docker-smoke/tracking-ego-production/ego/edgetam/medium
ego	250	edgetam	medium	run_metadata.json	hardware.gpu_compute_capability.__length__	2	/data/narendhiran_rpx/docker-smoke/tracking-ego-production/ego/edgetam/medium
ego	250	edgetam	medium	run_metadata.json	hardware.gpu_name	NVIDIA RTX 6000 Ada Generation	/data/narendhiran_rpx/docker-smoke/tracking-ego-production/ego/edgetam/medium
ego	250	edgetam	medium	run_metadata.json	hardware.gpu_total_memory_bytes	50865307648	/data/narendhiran_rpx/docker-smoke/tracking-ego-production/ego/edgetam/medium
ego	250	edgetam	medium	run_metadata.json	hardware.torch_cuda_version	12.8	/data/narendhiran_rpx/docker-smoke/tracking-ego-production/ego/edgetam/medium
ego	250	edgetam	medium	run_metadata.json	hardware.torch_version	2.7.1+cu128	/data/narendhiran_rpx/docker-smoke/tracking-ego-production/ego/edgetam/medium
ego	250	edgetam	medium	run_metadata.json	model	edgetam	/data/narendhiran_rpx/docker-smoke/tracking-ego-production/ego/edgetam/medium
ego	250	edgetam	medium	run_metadata.json	model_checkpoint.filename	edgetam.pt	/data/narendhiran_rpx/docker-smoke/tracking-ego-production/ego/edgetam/medium
ego	250	edgetam	medium	run_metadata.json	model_checkpoint.repo	facebook/EdgeTAM	/data/narendhiran_rpx/docker-smoke/tracking-ego-production/ego/edgetam/medium
ego	250	edgetam	medium	run_metadata.json	model_checkpoint.revision	14d7ecc48c656b94e5184519f698cd5386c5a2bf	/data/narendhiran_rpx/docker-smoke/tracking-ego-production/ego/edgetam/medium
ego	250	edgetam	medium	run_metadata.json	model_checkpoint.sha256	ed2d4850b8792c239689b043c47046ec239b6e808a3d9b6ae676c803fd8780df	/data/narendhiran_rpx/docker-smoke/tracking-ego-production/ego/edgetam/medium
ego	250	edgetam	medium	run_metadata.json	parameter_count	13895794	/data/narendhiran_rpx/docker-smoke/tracking-ego-production/ego/edgetam/medium
ego	250	edgetam	medium	run_metadata.json	phase_metrics.0.assa	0.8822234699408852	/data/narendhiran_rpx/docker-smoke/tracking-ego-production/ego/edgetam/medium
ego	250	edgetam	medium	run_metadata.json	phase_metrics.0.deta	0.8603826533323771	/data/narendhiran_rpx/docker-smoke/tracking-ego-production/ego/edgetam/medium
ego	250	edgetam	medium	run_metadata.json	phase_metrics.0.hota	0.8700248152673073	/data/narendhiran_rpx/docker-smoke/tracking-ego-production/ego/edgetam/medium
ego	250	edgetam	medium	run_metadata.json	phase_metrics.0.idf1	0.9253245814820403	/data/narendhiran_rpx/docker-smoke/tracking-ego-production/ego/edgetam/medium
ego	250	edgetam	medium	run_metadata.json	phase_metrics.0.idsw	1.6666666666666667	/data/narendhiran_rpx/docker-smoke/tracking-ego-production/ego/edgetam/medium
ego	250	edgetam	medium	run_metadata.json	phase_metrics.0.mota	0.86815156811973	/data/narendhiran_rpx/docker-smoke/tracking-ego-production/ego/edgetam/medium
ego	250	edgetam	medium	run_metadata.json	pid	1344	/data/narendhiran_rpx/docker-smoke/tracking-ego-production/ego/edgetam/medium
ego	250	edgetam	medium	run_metadata.json	prediction_stats.complete_clip_cache_hits	0	/data/narendhiran_rpx/docker-smoke/tracking-ego-production/ego/edgetam/medium
ego	250	edgetam	medium	run_metadata.json	prediction_stats.inferred_clips	33	/data/narendhiran_rpx/docker-smoke/tracking-ego-production/ego/edgetam/medium
ego	250	edgetam	medium	run_metadata.json	prediction_stats.model_propagation_frames	7658	/data/narendhiran_rpx/docker-smoke/tracking-ego-production/ego/edgetam/medium
ego	250	edgetam	medium	run_metadata.json	protocol.association_iou_threshold	0.5	/data/narendhiran_rpx/docker-smoke/tracking-ego-production/ego/edgetam/medium
ego	250	edgetam	medium	run_metadata.json	protocol.association_representation	tight_boxes_derived_from_instance_masks	/data/narendhiran_rpx/docker-smoke/tracking-ego-production/ego/edgetam/medium
ego	250	edgetam	medium	run_metadata.json	protocol.hota	mean_over_0.05_to_0.95	/data/narendhiran_rpx/docker-smoke/tracking-ego-production/ego/edgetam/medium
ego	250	edgetam	medium	run_metadata.json	protocol.initialization	ground_truth_first_frame_mask	/data/narendhiran_rpx/docker-smoke/tracking-ego-production/ego/edgetam/medium
ego	250	edgetam	medium	run_metadata.json	protocol.metric_implementation	TrackEval	/data/narendhiran_rpx/docker-smoke/tracking-ego-production/ego/edgetam/medium
ego	250	edgetam	medium	run_metadata.json	protocol.open_vocabulary	False	/data/narendhiran_rpx/docker-smoke/tracking-ego-production/ego/edgetam/medium
ego	250	edgetam	medium	run_metadata.json	protocol.scored_frames	1_to_end (initialization frame excluded)	/data/narendhiran_rpx/docker-smoke/tracking-ego-production/ego/edgetam/medium
ego	250	edgetam	medium	run_metadata.json	protocol.vocabulary		/data/narendhiran_rpx/docker-smoke/tracking-ego-production/ego/edgetam/medium
ego	250	edgetam	medium	run_metadata.json	protocol.vocabulary_size		/data/narendhiran_rpx/docker-smoke/tracking-ego-production/ego/edgetam/medium
ego	250	edgetam	medium	run_metadata.json	rpx_git_sha	2b90d59d26a8692bb5d7e5a3a8cb72df2ba941f7	/data/narendhiran_rpx/docker-smoke/tracking-ego-production/ego/edgetam/medium
ego	250	edgetam	medium	run_metadata.json	split	medium	/data/narendhiran_rpx/docker-smoke/tracking-ego-production/ego/edgetam/medium
ego	250	edgetam	medium	run_metadata.json	started_unix	1787987564.4787254	/data/narendhiran_rpx/docker-smoke/tracking-ego-production/ego/edgetam/medium
ego	250	edgetam	medium	run_metadata.json	task	object_tracking	/data/narendhiran_rpx/docker-smoke/tracking-ego-production/ego/edgetam/medium
ego	250	edgetam	hard	result.json	clips	34	/data/narendhiran_rpx/docker-smoke/tracking-ego-production/ego/edgetam/hard
ego	250	edgetam	hard	result.json	dataset.manifest_name	ego_object_tracking	/data/narendhiran_rpx/docker-smoke/tracking-ego-production/ego/edgetam/hard
ego	250	edgetam	hard	result.json	dataset.manifest_sha256	7c85f17bf58843d0cf533825c4feb9d1d608bff1e90e49960b980324618278d0	/data/narendhiran_rpx/docker-smoke/tracking-ego-production/ego/edgetam/hard
ego	250	edgetam	hard	result.json	dataset.protocol	ego	/data/narendhiran_rpx/docker-smoke/tracking-ego-production/ego/edgetam/hard
ego	250	edgetam	hard	result.json	dataset.repo	IRVLUTD/RPX	/data/narendhiran_rpx/docker-smoke/tracking-ego-production/ego/edgetam/hard
ego	250	edgetam	hard	result.json	dataset.revision	f082723002bad5800dd85e583115b4ea05734d31	/data/narendhiran_rpx/docker-smoke/tracking-ego-production/ego/edgetam/hard
ego	250	edgetam	hard	result.json	dataset_protocol	ego	/data/narendhiran_rpx/docker-smoke/tracking-ego-production/ego/edgetam/hard
ego	250	edgetam	hard	result.json	evaluator_git_sha	2b90d59d26a8692bb5d7e5a3a8cb72df2ba941f7	/data/narendhiran_rpx/docker-smoke/tracking-ego-production/ego/edgetam/hard
ego	250	edgetam	hard	result.json	frames	7878	/data/narendhiran_rpx/docker-smoke/tracking-ego-production/ego/edgetam/hard
ego	250	edgetam	hard	result.json	hardware.gpu_compute_capability.__length__	2	/data/narendhiran_rpx/docker-smoke/tracking-ego-production/ego/edgetam/hard
ego	250	edgetam	hard	result.json	hardware.gpu_name	NVIDIA RTX 6000 Ada Generation	/data/narendhiran_rpx/docker-smoke/tracking-ego-production/ego/edgetam/hard
ego	250	edgetam	hard	result.json	hardware.gpu_total_memory_bytes	50865307648	/data/narendhiran_rpx/docker-smoke/tracking-ego-production/ego/edgetam/hard
ego	250	edgetam	hard	result.json	hardware.torch_cuda_version	12.8	/data/narendhiran_rpx/docker-smoke/tracking-ego-production/ego/edgetam/hard
ego	250	edgetam	hard	result.json	hardware.torch_version	2.7.1+cu128	/data/narendhiran_rpx/docker-smoke/tracking-ego-production/ego/edgetam/hard
ego	250	edgetam	hard	result.json	model	edgetam	/data/narendhiran_rpx/docker-smoke/tracking-ego-production/ego/edgetam/hard
ego	250	edgetam	hard	result.json	model_checkpoint.filename	edgetam.pt	/data/narendhiran_rpx/docker-smoke/tracking-ego-production/ego/edgetam/hard
ego	250	edgetam	hard	result.json	model_checkpoint.repo	facebook/EdgeTAM	/data/narendhiran_rpx/docker-smoke/tracking-ego-production/ego/edgetam/hard
ego	250	edgetam	hard	result.json	model_checkpoint.revision	14d7ecc48c656b94e5184519f698cd5386c5a2bf	/data/narendhiran_rpx/docker-smoke/tracking-ego-production/ego/edgetam/hard
ego	250	edgetam	hard	result.json	model_checkpoint.sha256	ed2d4850b8792c239689b043c47046ec239b6e808a3d9b6ae676c803fd8780df	/data/narendhiran_rpx/docker-smoke/tracking-ego-production/ego/edgetam/hard
ego	250	edgetam	hard	result.json	phase_metrics.0.assa	0.8813267214729725	/data/narendhiran_rpx/docker-smoke/tracking-ego-production/ego/edgetam/hard
ego	250	edgetam	hard	result.json	phase_metrics.0.deta	0.8413369846286111	/data/narendhiran_rpx/docker-smoke/tracking-ego-production/ego/edgetam/hard
ego	250	edgetam	hard	result.json	phase_metrics.0.hota	0.8605388505565157	/data/narendhiran_rpx/docker-smoke/tracking-ego-production/ego/edgetam/hard
ego	250	edgetam	hard	result.json	phase_metrics.0.idf1	0.914909738011997	/data/narendhiran_rpx/docker-smoke/tracking-ego-production/ego/edgetam/hard
ego	250	edgetam	hard	result.json	phase_metrics.0.idsw	1.8529411764705883	/data/narendhiran_rpx/docker-smoke/tracking-ego-production/ego/edgetam/hard
ego	250	edgetam	hard	result.json	phase_metrics.0.mota	0.8369183664762437	/data/narendhiran_rpx/docker-smoke/tracking-ego-production/ego/edgetam/hard
ego	250	edgetam	hard	result.json	prediction_stats.complete_clip_cache_hits	0	/data/narendhiran_rpx/docker-smoke/tracking-ego-production/ego/edgetam/hard
ego	250	edgetam	hard	result.json	prediction_stats.inferred_clips	34	/data/narendhiran_rpx/docker-smoke/tracking-ego-production/ego/edgetam/hard
ego	250	edgetam	hard	result.json	prediction_stats.model_propagation_frames	7844	/data/narendhiran_rpx/docker-smoke/tracking-ego-production/ego/edgetam/hard
ego	250	edgetam	hard	result.json	protocol.association_iou_threshold	0.5	/data/narendhiran_rpx/docker-smoke/tracking-ego-production/ego/edgetam/hard
ego	250	edgetam	hard	result.json	protocol.association_representation	tight_boxes_derived_from_instance_masks	/data/narendhiran_rpx/docker-smoke/tracking-ego-production/ego/edgetam/hard
ego	250	edgetam	hard	result.json	protocol.hota	mean_over_0.05_to_0.95	/data/narendhiran_rpx/docker-smoke/tracking-ego-production/ego/edgetam/hard
ego	250	edgetam	hard	result.json	protocol.initialization	ground_truth_first_frame_mask	/data/narendhiran_rpx/docker-smoke/tracking-ego-production/ego/edgetam/hard
ego	250	edgetam	hard	result.json	protocol.metric_implementation	TrackEval	/data/narendhiran_rpx/docker-smoke/tracking-ego-production/ego/edgetam/hard
ego	250	edgetam	hard	result.json	protocol.open_vocabulary	False	/data/narendhiran_rpx/docker-smoke/tracking-ego-production/ego/edgetam/hard
ego	250	edgetam	hard	result.json	protocol.scored_frames	1_to_end (initialization frame excluded)	/data/narendhiran_rpx/docker-smoke/tracking-ego-production/ego/edgetam/hard
ego	250	edgetam	hard	result.json	protocol.vocabulary		/data/narendhiran_rpx/docker-smoke/tracking-ego-production/ego/edgetam/hard
ego	250	edgetam	hard	result.json	protocol.vocabulary_size		/data/narendhiran_rpx/docker-smoke/tracking-ego-production/ego/edgetam/hard
ego	250	edgetam	hard	result.json	rpx_git_sha	2b90d59d26a8692bb5d7e5a3a8cb72df2ba941f7	/data/narendhiran_rpx/docker-smoke/tracking-ego-production/ego/edgetam/hard
ego	250	edgetam	hard	result.json	split	hard	/data/narendhiran_rpx/docker-smoke/tracking-ego-production/ego/edgetam/hard
ego	250	edgetam	hard	result.json	task	object_tracking	/data/narendhiran_rpx/docker-smoke/tracking-ego-production/ego/edgetam/hard
ego	250	edgetam	hard	run_metadata.json	clips	34	/data/narendhiran_rpx/docker-smoke/tracking-ego-production/ego/edgetam/hard
ego	250	edgetam	hard	run_metadata.json	dataset.manifest_name	ego_object_tracking	/data/narendhiran_rpx/docker-smoke/tracking-ego-production/ego/edgetam/hard
ego	250	edgetam	hard	run_metadata.json	dataset.manifest_sha256	7c85f17bf58843d0cf533825c4feb9d1d608bff1e90e49960b980324618278d0	/data/narendhiran_rpx/docker-smoke/tracking-ego-production/ego/edgetam/hard
ego	250	edgetam	hard	run_metadata.json	dataset.protocol	ego	/data/narendhiran_rpx/docker-smoke/tracking-ego-production/ego/edgetam/hard
ego	250	edgetam	hard	run_metadata.json	dataset.repo	IRVLUTD/RPX	/data/narendhiran_rpx/docker-smoke/tracking-ego-production/ego/edgetam/hard
ego	250	edgetam	hard	run_metadata.json	dataset.revision	f082723002bad5800dd85e583115b4ea05734d31	/data/narendhiran_rpx/docker-smoke/tracking-ego-production/ego/edgetam/hard
ego	250	edgetam	hard	run_metadata.json	dataset_protocol	ego	/data/narendhiran_rpx/docker-smoke/tracking-ego-production/ego/edgetam/hard
ego	250	edgetam	hard	run_metadata.json	evaluator_git_sha	2b90d59d26a8692bb5d7e5a3a8cb72df2ba941f7	/data/narendhiran_rpx/docker-smoke/tracking-ego-production/ego/edgetam/hard
ego	250	edgetam	hard	run_metadata.json	finished_unix	1787993170.7008674	/data/narendhiran_rpx/docker-smoke/tracking-ego-production/ego/edgetam/hard
ego	250	edgetam	hard	run_metadata.json	frames	7878	/data/narendhiran_rpx/docker-smoke/tracking-ego-production/ego/edgetam/hard
ego	250	edgetam	hard	run_metadata.json	hardware.gpu_compute_capability.__length__	2	/data/narendhiran_rpx/docker-smoke/tracking-ego-production/ego/edgetam/hard
ego	250	edgetam	hard	run_metadata.json	hardware.gpu_name	NVIDIA RTX 6000 Ada Generation	/data/narendhiran_rpx/docker-smoke/tracking-ego-production/ego/edgetam/hard
ego	250	edgetam	hard	run_metadata.json	hardware.gpu_total_memory_bytes	50865307648	/data/narendhiran_rpx/docker-smoke/tracking-ego-production/ego/edgetam/hard
ego	250	edgetam	hard	run_metadata.json	hardware.torch_cuda_version	12.8	/data/narendhiran_rpx/docker-smoke/tracking-ego-production/ego/edgetam/hard
ego	250	edgetam	hard	run_metadata.json	hardware.torch_version	2.7.1+cu128	/data/narendhiran_rpx/docker-smoke/tracking-ego-production/ego/edgetam/hard
ego	250	edgetam	hard	run_metadata.json	model	edgetam	/data/narendhiran_rpx/docker-smoke/tracking-ego-production/ego/edgetam/hard
ego	250	edgetam	hard	run_metadata.json	model_checkpoint.filename	edgetam.pt	/data/narendhiran_rpx/docker-smoke/tracking-ego-production/ego/edgetam/hard
ego	250	edgetam	hard	run_metadata.json	model_checkpoint.repo	facebook/EdgeTAM	/data/narendhiran_rpx/docker-smoke/tracking-ego-production/ego/edgetam/hard
ego	250	edgetam	hard	run_metadata.json	model_checkpoint.revision	14d7ecc48c656b94e5184519f698cd5386c5a2bf	/data/narendhiran_rpx/docker-smoke/tracking-ego-production/ego/edgetam/hard
ego	250	edgetam	hard	run_metadata.json	model_checkpoint.sha256	ed2d4850b8792c239689b043c47046ec239b6e808a3d9b6ae676c803fd8780df	/data/narendhiran_rpx/docker-smoke/tracking-ego-production/ego/edgetam/hard
ego	250	edgetam	hard	run_metadata.json	parameter_count	13895794	/data/narendhiran_rpx/docker-smoke/tracking-ego-production/ego/edgetam/hard
ego	250	edgetam	hard	run_metadata.json	phase_metrics.0.assa	0.8813267214729725	/data/narendhiran_rpx/docker-smoke/tracking-ego-production/ego/edgetam/hard
ego	250	edgetam	hard	run_metadata.json	phase_metrics.0.deta	0.8413369846286111	/data/narendhiran_rpx/docker-smoke/tracking-ego-production/ego/edgetam/hard
ego	250	edgetam	hard	run_metadata.json	phase_metrics.0.hota	0.8605388505565157	/data/narendhiran_rpx/docker-smoke/tracking-ego-production/ego/edgetam/hard
ego	250	edgetam	hard	run_metadata.json	phase_metrics.0.idf1	0.914909738011997	/data/narendhiran_rpx/docker-smoke/tracking-ego-production/ego/edgetam/hard
ego	250	edgetam	hard	run_metadata.json	phase_metrics.0.idsw	1.8529411764705883	/data/narendhiran_rpx/docker-smoke/tracking-ego-production/ego/edgetam/hard
ego	250	edgetam	hard	run_metadata.json	phase_metrics.0.mota	0.8369183664762437	/data/narendhiran_rpx/docker-smoke/tracking-ego-production/ego/edgetam/hard
ego	250	edgetam	hard	run_metadata.json	pid	2575	/data/narendhiran_rpx/docker-smoke/tracking-ego-production/ego/edgetam/hard
ego	250	edgetam	hard	run_metadata.json	prediction_stats.complete_clip_cache_hits	0	/data/narendhiran_rpx/docker-smoke/tracking-ego-production/ego/edgetam/hard
ego	250	edgetam	hard	run_metadata.json	prediction_stats.inferred_clips	34	/data/narendhiran_rpx/docker-smoke/tracking-ego-production/ego/edgetam/hard
ego	250	edgetam	hard	run_metadata.json	prediction_stats.model_propagation_frames	7844	/data/narendhiran_rpx/docker-smoke/tracking-ego-production/ego/edgetam/hard
ego	250	edgetam	hard	run_metadata.json	protocol.association_iou_threshold	0.5	/data/narendhiran_rpx/docker-smoke/tracking-ego-production/ego/edgetam/hard
ego	250	edgetam	hard	run_metadata.json	protocol.association_representation	tight_boxes_derived_from_instance_masks	/data/narendhiran_rpx/docker-smoke/tracking-ego-production/ego/edgetam/hard
ego	250	edgetam	hard	run_metadata.json	protocol.hota	mean_over_0.05_to_0.95	/data/narendhiran_rpx/docker-smoke/tracking-ego-production/ego/edgetam/hard
ego	250	edgetam	hard	run_metadata.json	protocol.initialization	ground_truth_first_frame_mask	/data/narendhiran_rpx/docker-smoke/tracking-ego-production/ego/edgetam/hard
ego	250	edgetam	hard	run_metadata.json	protocol.metric_implementation	TrackEval	/data/narendhiran_rpx/docker-smoke/tracking-ego-production/ego/edgetam/hard
ego	250	edgetam	hard	run_metadata.json	protocol.open_vocabulary	False	/data/narendhiran_rpx/docker-smoke/tracking-ego-production/ego/edgetam/hard
ego	250	edgetam	hard	run_metadata.json	protocol.scored_frames	1_to_end (initialization frame excluded)	/data/narendhiran_rpx/docker-smoke/tracking-ego-production/ego/edgetam/hard
ego	250	edgetam	hard	run_metadata.json	protocol.vocabulary		/data/narendhiran_rpx/docker-smoke/tracking-ego-production/ego/edgetam/hard
ego	250	edgetam	hard	run_metadata.json	protocol.vocabulary_size		/data/narendhiran_rpx/docker-smoke/tracking-ego-production/ego/edgetam/hard
ego	250	edgetam	hard	run_metadata.json	rpx_git_sha	2b90d59d26a8692bb5d7e5a3a8cb72df2ba941f7	/data/narendhiran_rpx/docker-smoke/tracking-ego-production/ego/edgetam/hard
ego	250	edgetam	hard	run_metadata.json	split	hard	/data/narendhiran_rpx/docker-smoke/tracking-ego-production/ego/edgetam/hard
ego	250	edgetam	hard	run_metadata.json	started_unix	1787990383.3668869	/data/narendhiran_rpx/docker-smoke/tracking-ego-production/ego/edgetam/hard
ego	250	edgetam	hard	run_metadata.json	task	object_tracking	/data/narendhiran_rpx/docker-smoke/tracking-ego-production/ego/edgetam/hard
ego	250	sam2long	easy	result.json	clips	33	/data/narendhiran_rpx/docker-smoke/tracking-ego-production/ego/sam2long/easy
ego	250	sam2long	easy	result.json	dataset.manifest_name	ego_object_tracking	/data/narendhiran_rpx/docker-smoke/tracking-ego-production/ego/sam2long/easy
ego	250	sam2long	easy	result.json	dataset.manifest_sha256	dc3c68c65e06a2d563f8d4d5a5a065159edd7dcae0f5fe4795f21c27c6ac4213	/data/narendhiran_rpx/docker-smoke/tracking-ego-production/ego/sam2long/easy
ego	250	sam2long	easy	result.json	dataset.protocol	ego	/data/narendhiran_rpx/docker-smoke/tracking-ego-production/ego/sam2long/easy
ego	250	sam2long	easy	result.json	dataset.repo	IRVLUTD/RPX	/data/narendhiran_rpx/docker-smoke/tracking-ego-production/ego/sam2long/easy
ego	250	sam2long	easy	result.json	dataset.revision	f082723002bad5800dd85e583115b4ea05734d31	/data/narendhiran_rpx/docker-smoke/tracking-ego-production/ego/sam2long/easy
ego	250	sam2long	easy	result.json	dataset_protocol	ego	/data/narendhiran_rpx/docker-smoke/tracking-ego-production/ego/sam2long/easy
ego	250	sam2long	easy	result.json	evaluator_git_sha	2b90d59d26a8692bb5d7e5a3a8cb72df2ba941f7	/data/narendhiran_rpx/docker-smoke/tracking-ego-production/ego/sam2long/easy
ego	250	sam2long	easy	result.json	frames	7552	/data/narendhiran_rpx/docker-smoke/tracking-ego-production/ego/sam2long/easy
ego	250	sam2long	easy	result.json	hardware.gpu_compute_capability.__length__	2	/data/narendhiran_rpx/docker-smoke/tracking-ego-production/ego/sam2long/easy
ego	250	sam2long	easy	result.json	hardware.gpu_name	NVIDIA RTX 6000 Ada Generation	/data/narendhiran_rpx/docker-smoke/tracking-ego-production/ego/sam2long/easy
ego	250	sam2long	easy	result.json	hardware.gpu_total_memory_bytes	50865307648	/data/narendhiran_rpx/docker-smoke/tracking-ego-production/ego/sam2long/easy
ego	250	sam2long	easy	result.json	hardware.torch_cuda_version	12.8	/data/narendhiran_rpx/docker-smoke/tracking-ego-production/ego/sam2long/easy
ego	250	sam2long	easy	result.json	hardware.torch_version	2.7.1+cu128	/data/narendhiran_rpx/docker-smoke/tracking-ego-production/ego/sam2long/easy
ego	250	sam2long	easy	result.json	model	sam2long	/data/narendhiran_rpx/docker-smoke/tracking-ego-production/ego/sam2long/easy
ego	250	sam2long	easy	result.json	model_checkpoint.filename	sam2.1_hiera_large.pt	/data/narendhiran_rpx/docker-smoke/tracking-ego-production/ego/sam2long/easy
ego	250	sam2long	easy	result.json	model_checkpoint.repo	facebook/sam2.1-hiera-large	/data/narendhiran_rpx/docker-smoke/tracking-ego-production/ego/sam2long/easy
ego	250	sam2long	easy	result.json	model_checkpoint.revision	665f8e2ad61cf5f53d65644ff27c8ee525124610	/data/narendhiran_rpx/docker-smoke/tracking-ego-production/ego/sam2long/easy
ego	250	sam2long	easy	result.json	model_checkpoint.sha256	2647878d5dfa5098f2f8649825738a9345572bae2d4350a2468587ece47dd318	/data/narendhiran_rpx/docker-smoke/tracking-ego-production/ego/sam2long/easy
ego	250	sam2long	easy	result.json	phase_metrics.0.assa	0.9626005130594889	/data/narendhiran_rpx/docker-smoke/tracking-ego-production/ego/sam2long/easy
ego	250	sam2long	easy	result.json	phase_metrics.0.deta	0.9550293789451398	/data/narendhiran_rpx/docker-smoke/tracking-ego-production/ego/sam2long/easy
ego	250	sam2long	easy	result.json	phase_metrics.0.hota	0.9586796091831461	/data/narendhiran_rpx/docker-smoke/tracking-ego-production/ego/sam2long/easy
ego	250	sam2long	easy	result.json	phase_metrics.0.idf1	0.9777826298813231	/data/narendhiran_rpx/docker-smoke/tracking-ego-production/ego/sam2long/easy
ego	250	sam2long	easy	result.json	phase_metrics.0.idsw	1.7575757575757576	/data/narendhiran_rpx/docker-smoke/tracking-ego-production/ego/sam2long/easy
ego	250	sam2long	easy	result.json	phase_metrics.0.mota	0.9583742985423935	/data/narendhiran_rpx/docker-smoke/tracking-ego-production/ego/sam2long/easy
ego	250	sam2long	easy	result.json	prediction_stats.complete_clip_cache_hits	0	/data/narendhiran_rpx/docker-smoke/tracking-ego-production/ego/sam2long/easy
ego	250	sam2long	easy	result.json	prediction_stats.inferred_clips	33	/data/narendhiran_rpx/docker-smoke/tracking-ego-production/ego/sam2long/easy
ego	250	sam2long	easy	result.json	prediction_stats.model_propagation_frames	7519	/data/narendhiran_rpx/docker-smoke/tracking-ego-production/ego/sam2long/easy
ego	250	sam2long	easy	result.json	protocol.association_iou_threshold	0.5	/data/narendhiran_rpx/docker-smoke/tracking-ego-production/ego/sam2long/easy
ego	250	sam2long	easy	result.json	protocol.association_representation	tight_boxes_derived_from_instance_masks	/data/narendhiran_rpx/docker-smoke/tracking-ego-production/ego/sam2long/easy
ego	250	sam2long	easy	result.json	protocol.hota	mean_over_0.05_to_0.95	/data/narendhiran_rpx/docker-smoke/tracking-ego-production/ego/sam2long/easy
ego	250	sam2long	easy	result.json	protocol.initialization	ground_truth_first_frame_mask	/data/narendhiran_rpx/docker-smoke/tracking-ego-production/ego/sam2long/easy
ego	250	sam2long	easy	result.json	protocol.metric_implementation	TrackEval	/data/narendhiran_rpx/docker-smoke/tracking-ego-production/ego/sam2long/easy
ego	250	sam2long	easy	result.json	protocol.open_vocabulary	False	/data/narendhiran_rpx/docker-smoke/tracking-ego-production/ego/sam2long/easy
ego	250	sam2long	easy	result.json	protocol.scored_frames	1_to_end (initialization frame excluded)	/data/narendhiran_rpx/docker-smoke/tracking-ego-production/ego/sam2long/easy
ego	250	sam2long	easy	result.json	protocol.vocabulary		/data/narendhiran_rpx/docker-smoke/tracking-ego-production/ego/sam2long/easy
ego	250	sam2long	easy	result.json	protocol.vocabulary_size		/data/narendhiran_rpx/docker-smoke/tracking-ego-production/ego/sam2long/easy
ego	250	sam2long	easy	result.json	rpx_git_sha	2b90d59d26a8692bb5d7e5a3a8cb72df2ba941f7	/data/narendhiran_rpx/docker-smoke/tracking-ego-production/ego/sam2long/easy
ego	250	sam2long	easy	result.json	split	easy	/data/narendhiran_rpx/docker-smoke/tracking-ego-production/ego/sam2long/easy
ego	250	sam2long	easy	result.json	task	object_tracking	/data/narendhiran_rpx/docker-smoke/tracking-ego-production/ego/sam2long/easy
ego	250	sam2long	easy	run_metadata.json	clips	33	/data/narendhiran_rpx/docker-smoke/tracking-ego-production/ego/sam2long/easy
ego	250	sam2long	easy	run_metadata.json	dataset.manifest_name	ego_object_tracking	/data/narendhiran_rpx/docker-smoke/tracking-ego-production/ego/sam2long/easy
ego	250	sam2long	easy	run_metadata.json	dataset.manifest_sha256	dc3c68c65e06a2d563f8d4d5a5a065159edd7dcae0f5fe4795f21c27c6ac4213	/data/narendhiran_rpx/docker-smoke/tracking-ego-production/ego/sam2long/easy
ego	250	sam2long	easy	run_metadata.json	dataset.protocol	ego	/data/narendhiran_rpx/docker-smoke/tracking-ego-production/ego/sam2long/easy
ego	250	sam2long	easy	run_metadata.json	dataset.repo	IRVLUTD/RPX	/data/narendhiran_rpx/docker-smoke/tracking-ego-production/ego/sam2long/easy
ego	250	sam2long	easy	run_metadata.json	dataset.revision	f082723002bad5800dd85e583115b4ea05734d31	/data/narendhiran_rpx/docker-smoke/tracking-ego-production/ego/sam2long/easy
ego	250	sam2long	easy	run_metadata.json	dataset_protocol	ego	/data/narendhiran_rpx/docker-smoke/tracking-ego-production/ego/sam2long/easy
ego	250	sam2long	easy	run_metadata.json	evaluator_git_sha	2b90d59d26a8692bb5d7e5a3a8cb72df2ba941f7	/data/narendhiran_rpx/docker-smoke/tracking-ego-production/ego/sam2long/easy
ego	250	sam2long	easy	run_metadata.json	finished_unix	1788014814.3741038	/data/narendhiran_rpx/docker-smoke/tracking-ego-production/ego/sam2long/easy
ego	250	sam2long	easy	run_metadata.json	frames	7552	/data/narendhiran_rpx/docker-smoke/tracking-ego-production/ego/sam2long/easy
ego	250	sam2long	easy	run_metadata.json	hardware.gpu_compute_capability.__length__	2	/data/narendhiran_rpx/docker-smoke/tracking-ego-production/ego/sam2long/easy
ego	250	sam2long	easy	run_metadata.json	hardware.gpu_name	NVIDIA RTX 6000 Ada Generation	/data/narendhiran_rpx/docker-smoke/tracking-ego-production/ego/sam2long/easy
ego	250	sam2long	easy	run_metadata.json	hardware.gpu_total_memory_bytes	50865307648	/data/narendhiran_rpx/docker-smoke/tracking-ego-production/ego/sam2long/easy
ego	250	sam2long	easy	run_metadata.json	hardware.torch_cuda_version	12.8	/data/narendhiran_rpx/docker-smoke/tracking-ego-production/ego/sam2long/easy
ego	250	sam2long	easy	run_metadata.json	hardware.torch_version	2.7.1+cu128	/data/narendhiran_rpx/docker-smoke/tracking-ego-production/ego/sam2long/easy
ego	250	sam2long	easy	run_metadata.json	model	sam2long	/data/narendhiran_rpx/docker-smoke/tracking-ego-production/ego/sam2long/easy
ego	250	sam2long	easy	run_metadata.json	model_checkpoint.filename	sam2.1_hiera_large.pt	/data/narendhiran_rpx/docker-smoke/tracking-ego-production/ego/sam2long/easy
ego	250	sam2long	easy	run_metadata.json	model_checkpoint.repo	facebook/sam2.1-hiera-large	/data/narendhiran_rpx/docker-smoke/tracking-ego-production/ego/sam2long/easy
ego	250	sam2long	easy	run_metadata.json	model_checkpoint.revision	665f8e2ad61cf5f53d65644ff27c8ee525124610	/data/narendhiran_rpx/docker-smoke/tracking-ego-production/ego/sam2long/easy
ego	250	sam2long	easy	run_metadata.json	model_checkpoint.sha256	2647878d5dfa5098f2f8649825738a9345572bae2d4350a2468587ece47dd318	/data/narendhiran_rpx/docker-smoke/tracking-ego-production/ego/sam2long/easy
ego	250	sam2long	easy	run_metadata.json	parameter_count	224446642	/data/narendhiran_rpx/docker-smoke/tracking-ego-production/ego/sam2long/easy
ego	250	sam2long	easy	run_metadata.json	phase_metrics.0.assa	0.9626005130594889	/data/narendhiran_rpx/docker-smoke/tracking-ego-production/ego/sam2long/easy
ego	250	sam2long	easy	run_metadata.json	phase_metrics.0.deta	0.9550293789451398	/data/narendhiran_rpx/docker-smoke/tracking-ego-production/ego/sam2long/easy
ego	250	sam2long	easy	run_metadata.json	phase_metrics.0.hota	0.9586796091831461	/data/narendhiran_rpx/docker-smoke/tracking-ego-production/ego/sam2long/easy
ego	250	sam2long	easy	run_metadata.json	phase_metrics.0.idf1	0.9777826298813231	/data/narendhiran_rpx/docker-smoke/tracking-ego-production/ego/sam2long/easy
ego	250	sam2long	easy	run_metadata.json	phase_metrics.0.idsw	1.7575757575757576	/data/narendhiran_rpx/docker-smoke/tracking-ego-production/ego/sam2long/easy
ego	250	sam2long	easy	run_metadata.json	phase_metrics.0.mota	0.9583742985423935	/data/narendhiran_rpx/docker-smoke/tracking-ego-production/ego/sam2long/easy
ego	250	sam2long	easy	run_metadata.json	pid	114	/data/narendhiran_rpx/docker-smoke/tracking-ego-production/ego/sam2long/easy
ego	250	sam2long	easy	run_metadata.json	prediction_stats.complete_clip_cache_hits	0	/data/narendhiran_rpx/docker-smoke/tracking-ego-production/ego/sam2long/easy
ego	250	sam2long	easy	run_metadata.json	prediction_stats.inferred_clips	33	/data/narendhiran_rpx/docker-smoke/tracking-ego-production/ego/sam2long/easy
ego	250	sam2long	easy	run_metadata.json	prediction_stats.model_propagation_frames	7519	/data/narendhiran_rpx/docker-smoke/tracking-ego-production/ego/sam2long/easy
ego	250	sam2long	easy	run_metadata.json	protocol.association_iou_threshold	0.5	/data/narendhiran_rpx/docker-smoke/tracking-ego-production/ego/sam2long/easy
ego	250	sam2long	easy	run_metadata.json	protocol.association_representation	tight_boxes_derived_from_instance_masks	/data/narendhiran_rpx/docker-smoke/tracking-ego-production/ego/sam2long/easy
ego	250	sam2long	easy	run_metadata.json	protocol.hota	mean_over_0.05_to_0.95	/data/narendhiran_rpx/docker-smoke/tracking-ego-production/ego/sam2long/easy
ego	250	sam2long	easy	run_metadata.json	protocol.initialization	ground_truth_first_frame_mask	/data/narendhiran_rpx/docker-smoke/tracking-ego-production/ego/sam2long/easy
ego	250	sam2long	easy	run_metadata.json	protocol.metric_implementation	TrackEval	/data/narendhiran_rpx/docker-smoke/tracking-ego-production/ego/sam2long/easy
ego	250	sam2long	easy	run_metadata.json	protocol.open_vocabulary	False	/data/narendhiran_rpx/docker-smoke/tracking-ego-production/ego/sam2long/easy
ego	250	sam2long	easy	run_metadata.json	protocol.scored_frames	1_to_end (initialization frame excluded)	/data/narendhiran_rpx/docker-smoke/tracking-ego-production/ego/sam2long/easy
ego	250	sam2long	easy	run_metadata.json	protocol.vocabulary		/data/narendhiran_rpx/docker-smoke/tracking-ego-production/ego/sam2long/easy
ego	250	sam2long	easy	run_metadata.json	protocol.vocabulary_size		/data/narendhiran_rpx/docker-smoke/tracking-ego-production/ego/sam2long/easy
ego	250	sam2long	easy	run_metadata.json	rpx_git_sha	2b90d59d26a8692bb5d7e5a3a8cb72df2ba941f7	/data/narendhiran_rpx/docker-smoke/tracking-ego-production/ego/sam2long/easy
ego	250	sam2long	easy	run_metadata.json	split	easy	/data/narendhiran_rpx/docker-smoke/tracking-ego-production/ego/sam2long/easy
ego	250	sam2long	easy	run_metadata.json	started_unix	1788003985.1182418	/data/narendhiran_rpx/docker-smoke/tracking-ego-production/ego/sam2long/easy
ego	250	sam2long	easy	run_metadata.json	task	object_tracking	/data/narendhiran_rpx/docker-smoke/tracking-ego-production/ego/sam2long/easy
ego	250	sam2long	medium	result.json	clips	33	/data/narendhiran_rpx/docker-smoke/tracking-ego-production/ego/sam2long/medium
ego	250	sam2long	medium	result.json	dataset.manifest_name	ego_object_tracking	/data/narendhiran_rpx/docker-smoke/tracking-ego-production/ego/sam2long/medium
ego	250	sam2long	medium	result.json	dataset.manifest_sha256	6de360a644255f65a44f921197fa083ee66d5e24f45e93afa76dcd6f34f30ab5	/data/narendhiran_rpx/docker-smoke/tracking-ego-production/ego/sam2long/medium
ego	250	sam2long	medium	result.json	dataset.protocol	ego	/data/narendhiran_rpx/docker-smoke/tracking-ego-production/ego/sam2long/medium
ego	250	sam2long	medium	result.json	dataset.repo	IRVLUTD/RPX	/data/narendhiran_rpx/docker-smoke/tracking-ego-production/ego/sam2long/medium
ego	250	sam2long	medium	result.json	dataset.revision	f082723002bad5800dd85e583115b4ea05734d31	/data/narendhiran_rpx/docker-smoke/tracking-ego-production/ego/sam2long/medium
ego	250	sam2long	medium	result.json	dataset_protocol	ego	/data/narendhiran_rpx/docker-smoke/tracking-ego-production/ego/sam2long/medium
ego	250	sam2long	medium	result.json	evaluator_git_sha	2b90d59d26a8692bb5d7e5a3a8cb72df2ba941f7	/data/narendhiran_rpx/docker-smoke/tracking-ego-production/ego/sam2long/medium
ego	250	sam2long	medium	result.json	frames	7691	/data/narendhiran_rpx/docker-smoke/tracking-ego-production/ego/sam2long/medium
ego	250	sam2long	medium	result.json	hardware.gpu_compute_capability.__length__	2	/data/narendhiran_rpx/docker-smoke/tracking-ego-production/ego/sam2long/medium
ego	250	sam2long	medium	result.json	hardware.gpu_name	NVIDIA RTX 6000 Ada Generation	/data/narendhiran_rpx/docker-smoke/tracking-ego-production/ego/sam2long/medium
ego	250	sam2long	medium	result.json	hardware.gpu_total_memory_bytes	50865307648	/data/narendhiran_rpx/docker-smoke/tracking-ego-production/ego/sam2long/medium
ego	250	sam2long	medium	result.json	hardware.torch_cuda_version	12.8	/data/narendhiran_rpx/docker-smoke/tracking-ego-production/ego/sam2long/medium
ego	250	sam2long	medium	result.json	hardware.torch_version	2.7.1+cu128	/data/narendhiran_rpx/docker-smoke/tracking-ego-production/ego/sam2long/medium
ego	250	sam2long	medium	result.json	model	sam2long	/data/narendhiran_rpx/docker-smoke/tracking-ego-production/ego/sam2long/medium
ego	250	sam2long	medium	result.json	model_checkpoint.filename	sam2.1_hiera_large.pt	/data/narendhiran_rpx/docker-smoke/tracking-ego-production/ego/sam2long/medium
ego	250	sam2long	medium	result.json	model_checkpoint.repo	facebook/sam2.1-hiera-large	/data/narendhiran_rpx/docker-smoke/tracking-ego-production/ego/sam2long/medium
ego	250	sam2long	medium	result.json	model_checkpoint.revision	665f8e2ad61cf5f53d65644ff27c8ee525124610	/data/narendhiran_rpx/docker-smoke/tracking-ego-production/ego/sam2long/medium
ego	250	sam2long	medium	result.json	model_checkpoint.sha256	2647878d5dfa5098f2f8649825738a9345572bae2d4350a2468587ece47dd318	/data/narendhiran_rpx/docker-smoke/tracking-ego-production/ego/sam2long/medium
ego	250	sam2long	medium	result.json	phase_metrics.0.assa	0.9531511831443269	/data/narendhiran_rpx/docker-smoke/tracking-ego-production/ego/sam2long/medium
ego	250	sam2long	medium	result.json	phase_metrics.0.deta	0.9556023984307118	/data/narendhiran_rpx/docker-smoke/tracking-ego-production/ego/sam2long/medium
ego	250	sam2long	medium	result.json	phase_metrics.0.hota	0.9531252146508317	/data/narendhiran_rpx/docker-smoke/tracking-ego-production/ego/sam2long/medium
ego	250	sam2long	medium	result.json	phase_metrics.0.idf1	0.973094585958722	/data/narendhiran_rpx/docker-smoke/tracking-ego-production/ego/sam2long/medium
ego	250	sam2long	medium	result.json	phase_metrics.0.idsw	2.0	/data/narendhiran_rpx/docker-smoke/tracking-ego-production/ego/sam2long/medium
ego	250	sam2long	medium	result.json	phase_metrics.0.mota	0.9609770513237631	/data/narendhiran_rpx/docker-smoke/tracking-ego-production/ego/sam2long/medium
ego	250	sam2long	medium	result.json	prediction_stats.complete_clip_cache_hits	0	/data/narendhiran_rpx/docker-smoke/tracking-ego-production/ego/sam2long/medium
ego	250	sam2long	medium	result.json	prediction_stats.inferred_clips	33	/data/narendhiran_rpx/docker-smoke/tracking-ego-production/ego/sam2long/medium
ego	250	sam2long	medium	result.json	prediction_stats.model_propagation_frames	7658	/data/narendhiran_rpx/docker-smoke/tracking-ego-production/ego/sam2long/medium
ego	250	sam2long	medium	result.json	protocol.association_iou_threshold	0.5	/data/narendhiran_rpx/docker-smoke/tracking-ego-production/ego/sam2long/medium
ego	250	sam2long	medium	result.json	protocol.association_representation	tight_boxes_derived_from_instance_masks	/data/narendhiran_rpx/docker-smoke/tracking-ego-production/ego/sam2long/medium
ego	250	sam2long	medium	result.json	protocol.hota	mean_over_0.05_to_0.95	/data/narendhiran_rpx/docker-smoke/tracking-ego-production/ego/sam2long/medium
ego	250	sam2long	medium	result.json	protocol.initialization	ground_truth_first_frame_mask	/data/narendhiran_rpx/docker-smoke/tracking-ego-production/ego/sam2long/medium
ego	250	sam2long	medium	result.json	protocol.metric_implementation	TrackEval	/data/narendhiran_rpx/docker-smoke/tracking-ego-production/ego/sam2long/medium
ego	250	sam2long	medium	result.json	protocol.open_vocabulary	False	/data/narendhiran_rpx/docker-smoke/tracking-ego-production/ego/sam2long/medium
ego	250	sam2long	medium	result.json	protocol.scored_frames	1_to_end (initialization frame excluded)	/data/narendhiran_rpx/docker-smoke/tracking-ego-production/ego/sam2long/medium
ego	250	sam2long	medium	result.json	protocol.vocabulary		/data/narendhiran_rpx/docker-smoke/tracking-ego-production/ego/sam2long/medium
ego	250	sam2long	medium	result.json	protocol.vocabulary_size		/data/narendhiran_rpx/docker-smoke/tracking-ego-production/ego/sam2long/medium
ego	250	sam2long	medium	result.json	rpx_git_sha	2b90d59d26a8692bb5d7e5a3a8cb72df2ba941f7	/data/narendhiran_rpx/docker-smoke/tracking-ego-production/ego/sam2long/medium
ego	250	sam2long	medium	result.json	split	medium	/data/narendhiran_rpx/docker-smoke/tracking-ego-production/ego/sam2long/medium
ego	250	sam2long	medium	result.json	task	object_tracking	/data/narendhiran_rpx/docker-smoke/tracking-ego-production/ego/sam2long/medium
ego	250	sam2long	medium	run_metadata.json	clips	33	/data/narendhiran_rpx/docker-smoke/tracking-ego-production/ego/sam2long/medium
ego	250	sam2long	medium	run_metadata.json	dataset.manifest_name	ego_object_tracking	/data/narendhiran_rpx/docker-smoke/tracking-ego-production/ego/sam2long/medium
ego	250	sam2long	medium	run_metadata.json	dataset.manifest_sha256	6de360a644255f65a44f921197fa083ee66d5e24f45e93afa76dcd6f34f30ab5	/data/narendhiran_rpx/docker-smoke/tracking-ego-production/ego/sam2long/medium
ego	250	sam2long	medium	run_metadata.json	dataset.protocol	ego	/data/narendhiran_rpx/docker-smoke/tracking-ego-production/ego/sam2long/medium
ego	250	sam2long	medium	run_metadata.json	dataset.repo	IRVLUTD/RPX	/data/narendhiran_rpx/docker-smoke/tracking-ego-production/ego/sam2long/medium
ego	250	sam2long	medium	run_metadata.json	dataset.revision	f082723002bad5800dd85e583115b4ea05734d31	/data/narendhiran_rpx/docker-smoke/tracking-ego-production/ego/sam2long/medium
ego	250	sam2long	medium	run_metadata.json	dataset_protocol	ego	/data/narendhiran_rpx/docker-smoke/tracking-ego-production/ego/sam2long/medium
ego	250	sam2long	medium	run_metadata.json	evaluator_git_sha	2b90d59d26a8692bb5d7e5a3a8cb72df2ba941f7	/data/narendhiran_rpx/docker-smoke/tracking-ego-production/ego/sam2long/medium
ego	250	sam2long	medium	run_metadata.json	finished_unix	1788024565.547375	/data/narendhiran_rpx/docker-smoke/tracking-ego-production/ego/sam2long/medium
ego	250	sam2long	medium	run_metadata.json	frames	7691	/data/narendhiran_rpx/docker-smoke/tracking-ego-production/ego/sam2long/medium
ego	250	sam2long	medium	run_metadata.json	hardware.gpu_compute_capability.__length__	2	/data/narendhiran_rpx/docker-smoke/tracking-ego-production/ego/sam2long/medium
ego	250	sam2long	medium	run_metadata.json	hardware.gpu_name	NVIDIA RTX 6000 Ada Generation	/data/narendhiran_rpx/docker-smoke/tracking-ego-production/ego/sam2long/medium
ego	250	sam2long	medium	run_metadata.json	hardware.gpu_total_memory_bytes	50865307648	/data/narendhiran_rpx/docker-smoke/tracking-ego-production/ego/sam2long/medium
ego	250	sam2long	medium	run_metadata.json	hardware.torch_cuda_version	12.8	/data/narendhiran_rpx/docker-smoke/tracking-ego-production/ego/sam2long/medium
ego	250	sam2long	medium	run_metadata.json	hardware.torch_version	2.7.1+cu128	/data/narendhiran_rpx/docker-smoke/tracking-ego-production/ego/sam2long/medium
ego	250	sam2long	medium	run_metadata.json	model	sam2long	/data/narendhiran_rpx/docker-smoke/tracking-ego-production/ego/sam2long/medium
ego	250	sam2long	medium	run_metadata.json	model_checkpoint.filename	sam2.1_hiera_large.pt	/data/narendhiran_rpx/docker-smoke/tracking-ego-production/ego/sam2long/medium
ego	250	sam2long	medium	run_metadata.json	model_checkpoint.repo	facebook/sam2.1-hiera-large	/data/narendhiran_rpx/docker-smoke/tracking-ego-production/ego/sam2long/medium
ego	250	sam2long	medium	run_metadata.json	model_checkpoint.revision	665f8e2ad61cf5f53d65644ff27c8ee525124610	/data/narendhiran_rpx/docker-smoke/tracking-ego-production/ego/sam2long/medium
ego	250	sam2long	medium	run_metadata.json	model_checkpoint.sha256	2647878d5dfa5098f2f8649825738a9345572bae2d4350a2468587ece47dd318	/data/narendhiran_rpx/docker-smoke/tracking-ego-production/ego/sam2long/medium
ego	250	sam2long	medium	run_metadata.json	parameter_count	224446642	/data/narendhiran_rpx/docker-smoke/tracking-ego-production/ego/sam2long/medium
ego	250	sam2long	medium	run_metadata.json	phase_metrics.0.assa	0.9531511831443269	/data/narendhiran_rpx/docker-smoke/tracking-ego-production/ego/sam2long/medium
ego	250	sam2long	medium	run_metadata.json	phase_metrics.0.deta	0.9556023984307118	/data/narendhiran_rpx/docker-smoke/tracking-ego-production/ego/sam2long/medium
ego	250	sam2long	medium	run_metadata.json	phase_metrics.0.hota	0.9531252146508317	/data/narendhiran_rpx/docker-smoke/tracking-ego-production/ego/sam2long/medium
ego	250	sam2long	medium	run_metadata.json	phase_metrics.0.idf1	0.973094585958722	/data/narendhiran_rpx/docker-smoke/tracking-ego-production/ego/sam2long/medium
ego	250	sam2long	medium	run_metadata.json	phase_metrics.0.idsw	2.0	/data/narendhiran_rpx/docker-smoke/tracking-ego-production/ego/sam2long/medium
ego	250	sam2long	medium	run_metadata.json	phase_metrics.0.mota	0.9609770513237631	/data/narendhiran_rpx/docker-smoke/tracking-ego-production/ego/sam2long/medium
ego	250	sam2long	medium	run_metadata.json	pid	286	/data/narendhiran_rpx/docker-smoke/tracking-ego-production/ego/sam2long/medium
ego	250	sam2long	medium	run_metadata.json	prediction_stats.complete_clip_cache_hits	0	/data/narendhiran_rpx/docker-smoke/tracking-ego-production/ego/sam2long/medium
ego	250	sam2long	medium	run_metadata.json	prediction_stats.inferred_clips	33	/data/narendhiran_rpx/docker-smoke/tracking-ego-production/ego/sam2long/medium
ego	250	sam2long	medium	run_metadata.json	prediction_stats.model_propagation_frames	7658	/data/narendhiran_rpx/docker-smoke/tracking-ego-production/ego/sam2long/medium
ego	250	sam2long	medium	run_metadata.json	protocol.association_iou_threshold	0.5	/data/narendhiran_rpx/docker-smoke/tracking-ego-production/ego/sam2long/medium
ego	250	sam2long	medium	run_metadata.json	protocol.association_representation	tight_boxes_derived_from_instance_masks	/data/narendhiran_rpx/docker-smoke/tracking-ego-production/ego/sam2long/medium
ego	250	sam2long	medium	run_metadata.json	protocol.hota	mean_over_0.05_to_0.95	/data/narendhiran_rpx/docker-smoke/tracking-ego-production/ego/sam2long/medium
ego	250	sam2long	medium	run_metadata.json	protocol.initialization	ground_truth_first_frame_mask	/data/narendhiran_rpx/docker-smoke/tracking-ego-production/ego/sam2long/medium
ego	250	sam2long	medium	run_metadata.json	protocol.metric_implementation	TrackEval	/data/narendhiran_rpx/docker-smoke/tracking-ego-production/ego/sam2long/medium
ego	250	sam2long	medium	run_metadata.json	protocol.open_vocabulary	False	/data/narendhiran_rpx/docker-smoke/tracking-ego-production/ego/sam2long/medium
ego	250	sam2long	medium	run_metadata.json	protocol.scored_frames	1_to_end (initialization frame excluded)	/data/narendhiran_rpx/docker-smoke/tracking-ego-production/ego/sam2long/medium
ego	250	sam2long	medium	run_metadata.json	protocol.vocabulary		/data/narendhiran_rpx/docker-smoke/tracking-ego-production/ego/sam2long/medium
ego	250	sam2long	medium	run_metadata.json	protocol.vocabulary_size		/data/narendhiran_rpx/docker-smoke/tracking-ego-production/ego/sam2long/medium
ego	250	sam2long	medium	run_metadata.json	rpx_git_sha	2b90d59d26a8692bb5d7e5a3a8cb72df2ba941f7	/data/narendhiran_rpx/docker-smoke/tracking-ego-production/ego/sam2long/medium
ego	250	sam2long	medium	run_metadata.json	split	medium	/data/narendhiran_rpx/docker-smoke/tracking-ego-production/ego/sam2long/medium
ego	250	sam2long	medium	run_metadata.json	started_unix	1788014854.6261632	/data/narendhiran_rpx/docker-smoke/tracking-ego-production/ego/sam2long/medium
ego	250	sam2long	medium	run_metadata.json	task	object_tracking	/data/narendhiran_rpx/docker-smoke/tracking-ego-production/ego/sam2long/medium
ego	250	sam2long	hard	result.json	clips	34	/data/narendhiran_rpx/docker-smoke/tracking-ego-production/ego/sam2long/hard
ego	250	sam2long	hard	result.json	dataset.manifest_name	ego_object_tracking	/data/narendhiran_rpx/docker-smoke/tracking-ego-production/ego/sam2long/hard
ego	250	sam2long	hard	result.json	dataset.manifest_sha256	7c85f17bf58843d0cf533825c4feb9d1d608bff1e90e49960b980324618278d0	/data/narendhiran_rpx/docker-smoke/tracking-ego-production/ego/sam2long/hard
ego	250	sam2long	hard	result.json	dataset.protocol	ego	/data/narendhiran_rpx/docker-smoke/tracking-ego-production/ego/sam2long/hard
ego	250	sam2long	hard	result.json	dataset.repo	IRVLUTD/RPX	/data/narendhiran_rpx/docker-smoke/tracking-ego-production/ego/sam2long/hard
ego	250	sam2long	hard	result.json	dataset.revision	f082723002bad5800dd85e583115b4ea05734d31	/data/narendhiran_rpx/docker-smoke/tracking-ego-production/ego/sam2long/hard
ego	250	sam2long	hard	result.json	dataset_protocol	ego	/data/narendhiran_rpx/docker-smoke/tracking-ego-production/ego/sam2long/hard
ego	250	sam2long	hard	result.json	evaluator_git_sha	2b90d59d26a8692bb5d7e5a3a8cb72df2ba941f7	/data/narendhiran_rpx/docker-smoke/tracking-ego-production/ego/sam2long/hard
ego	250	sam2long	hard	result.json	frames	7878	/data/narendhiran_rpx/docker-smoke/tracking-ego-production/ego/sam2long/hard
ego	250	sam2long	hard	result.json	hardware.gpu_compute_capability.__length__	2	/data/narendhiran_rpx/docker-smoke/tracking-ego-production/ego/sam2long/hard
ego	250	sam2long	hard	result.json	hardware.gpu_name	NVIDIA RTX 6000 Ada Generation	/data/narendhiran_rpx/docker-smoke/tracking-ego-production/ego/sam2long/hard
ego	250	sam2long	hard	result.json	hardware.gpu_total_memory_bytes	50865307648	/data/narendhiran_rpx/docker-smoke/tracking-ego-production/ego/sam2long/hard
ego	250	sam2long	hard	result.json	hardware.torch_cuda_version	12.8	/data/narendhiran_rpx/docker-smoke/tracking-ego-production/ego/sam2long/hard
ego	250	sam2long	hard	result.json	hardware.torch_version	2.7.1+cu128	/data/narendhiran_rpx/docker-smoke/tracking-ego-production/ego/sam2long/hard
ego	250	sam2long	hard	result.json	model	sam2long	/data/narendhiran_rpx/docker-smoke/tracking-ego-production/ego/sam2long/hard
ego	250	sam2long	hard	result.json	model_checkpoint.filename	sam2.1_hiera_large.pt	/data/narendhiran_rpx/docker-smoke/tracking-ego-production/ego/sam2long/hard
ego	250	sam2long	hard	result.json	model_checkpoint.repo	facebook/sam2.1-hiera-large	/data/narendhiran_rpx/docker-smoke/tracking-ego-production/ego/sam2long/hard
ego	250	sam2long	hard	result.json	model_checkpoint.revision	665f8e2ad61cf5f53d65644ff27c8ee525124610	/data/narendhiran_rpx/docker-smoke/tracking-ego-production/ego/sam2long/hard
ego	250	sam2long	hard	result.json	model_checkpoint.sha256	2647878d5dfa5098f2f8649825738a9345572bae2d4350a2468587ece47dd318	/data/narendhiran_rpx/docker-smoke/tracking-ego-production/ego/sam2long/hard
ego	250	sam2long	hard	result.json	phase_metrics.0.assa	0.9518275772745879	/data/narendhiran_rpx/docker-smoke/tracking-ego-production/ego/sam2long/hard
ego	250	sam2long	hard	result.json	phase_metrics.0.deta	0.9391959465304445	/data/narendhiran_rpx/docker-smoke/tracking-ego-production/ego/sam2long/hard
ego	250	sam2long	hard	result.json	phase_metrics.0.hota	0.9452856004141578	/data/narendhiran_rpx/docker-smoke/tracking-ego-production/ego/sam2long/hard
ego	250	sam2long	hard	result.json	phase_metrics.0.idf1	0.9666721835118968	/data/narendhiran_rpx/docker-smoke/tracking-ego-production/ego/sam2long/hard
ego	250	sam2long	hard	result.json	phase_metrics.0.idsw	1.4411764705882353	/data/narendhiran_rpx/docker-smoke/tracking-ego-production/ego/sam2long/hard
ego	250	sam2long	hard	result.json	phase_metrics.0.mota	0.939143045167475	/data/narendhiran_rpx/docker-smoke/tracking-ego-production/ego/sam2long/hard
ego	250	sam2long	hard	result.json	prediction_stats.complete_clip_cache_hits	0	/data/narendhiran_rpx/docker-smoke/tracking-ego-production/ego/sam2long/hard
ego	250	sam2long	hard	result.json	prediction_stats.inferred_clips	34	/data/narendhiran_rpx/docker-smoke/tracking-ego-production/ego/sam2long/hard
ego	250	sam2long	hard	result.json	prediction_stats.model_propagation_frames	7844	/data/narendhiran_rpx/docker-smoke/tracking-ego-production/ego/sam2long/hard
ego	250	sam2long	hard	result.json	protocol.association_iou_threshold	0.5	/data/narendhiran_rpx/docker-smoke/tracking-ego-production/ego/sam2long/hard
ego	250	sam2long	hard	result.json	protocol.association_representation	tight_boxes_derived_from_instance_masks	/data/narendhiran_rpx/docker-smoke/tracking-ego-production/ego/sam2long/hard
ego	250	sam2long	hard	result.json	protocol.hota	mean_over_0.05_to_0.95	/data/narendhiran_rpx/docker-smoke/tracking-ego-production/ego/sam2long/hard
ego	250	sam2long	hard	result.json	protocol.initialization	ground_truth_first_frame_mask	/data/narendhiran_rpx/docker-smoke/tracking-ego-production/ego/sam2long/hard
ego	250	sam2long	hard	result.json	protocol.metric_implementation	TrackEval	/data/narendhiran_rpx/docker-smoke/tracking-ego-production/ego/sam2long/hard
ego	250	sam2long	hard	result.json	protocol.open_vocabulary	False	/data/narendhiran_rpx/docker-smoke/tracking-ego-production/ego/sam2long/hard
ego	250	sam2long	hard	result.json	protocol.scored_frames	1_to_end (initialization frame excluded)	/data/narendhiran_rpx/docker-smoke/tracking-ego-production/ego/sam2long/hard
ego	250	sam2long	hard	result.json	protocol.vocabulary		/data/narendhiran_rpx/docker-smoke/tracking-ego-production/ego/sam2long/hard
ego	250	sam2long	hard	result.json	protocol.vocabulary_size		/data/narendhiran_rpx/docker-smoke/tracking-ego-production/ego/sam2long/hard
ego	250	sam2long	hard	result.json	rpx_git_sha	2b90d59d26a8692bb5d7e5a3a8cb72df2ba941f7	/data/narendhiran_rpx/docker-smoke/tracking-ego-production/ego/sam2long/hard
ego	250	sam2long	hard	result.json	split	hard	/data/narendhiran_rpx/docker-smoke/tracking-ego-production/ego/sam2long/hard
ego	250	sam2long	hard	result.json	task	object_tracking	/data/narendhiran_rpx/docker-smoke/tracking-ego-production/ego/sam2long/hard
ego	250	sam2long	hard	run_metadata.json	clips	34	/data/narendhiran_rpx/docker-smoke/tracking-ego-production/ego/sam2long/hard
ego	250	sam2long	hard	run_metadata.json	dataset.manifest_name	ego_object_tracking	/data/narendhiran_rpx/docker-smoke/tracking-ego-production/ego/sam2long/hard
ego	250	sam2long	hard	run_metadata.json	dataset.manifest_sha256	7c85f17bf58843d0cf533825c4feb9d1d608bff1e90e49960b980324618278d0	/data/narendhiran_rpx/docker-smoke/tracking-ego-production/ego/sam2long/hard
ego	250	sam2long	hard	run_metadata.json	dataset.protocol	ego	/data/narendhiran_rpx/docker-smoke/tracking-ego-production/ego/sam2long/hard
ego	250	sam2long	hard	run_metadata.json	dataset.repo	IRVLUTD/RPX	/data/narendhiran_rpx/docker-smoke/tracking-ego-production/ego/sam2long/hard
ego	250	sam2long	hard	run_metadata.json	dataset.revision	f082723002bad5800dd85e583115b4ea05734d31	/data/narendhiran_rpx/docker-smoke/tracking-ego-production/ego/sam2long/hard
ego	250	sam2long	hard	run_metadata.json	dataset_protocol	ego	/data/narendhiran_rpx/docker-smoke/tracking-ego-production/ego/sam2long/hard
ego	250	sam2long	hard	run_metadata.json	evaluator_git_sha	2b90d59d26a8692bb5d7e5a3a8cb72df2ba941f7	/data/narendhiran_rpx/docker-smoke/tracking-ego-production/ego/sam2long/hard
ego	250	sam2long	hard	run_metadata.json	finished_unix	1788033847.8009603	/data/narendhiran_rpx/docker-smoke/tracking-ego-production/ego/sam2long/hard
ego	250	sam2long	hard	run_metadata.json	frames	7878	/data/narendhiran_rpx/docker-smoke/tracking-ego-production/ego/sam2long/hard
ego	250	sam2long	hard	run_metadata.json	hardware.gpu_compute_capability.__length__	2	/data/narendhiran_rpx/docker-smoke/tracking-ego-production/ego/sam2long/hard
ego	250	sam2long	hard	run_metadata.json	hardware.gpu_name	NVIDIA RTX 6000 Ada Generation	/data/narendhiran_rpx/docker-smoke/tracking-ego-production/ego/sam2long/hard
ego	250	sam2long	hard	run_metadata.json	hardware.gpu_total_memory_bytes	50865307648	/data/narendhiran_rpx/docker-smoke/tracking-ego-production/ego/sam2long/hard
ego	250	sam2long	hard	run_metadata.json	hardware.torch_cuda_version	12.8	/data/narendhiran_rpx/docker-smoke/tracking-ego-production/ego/sam2long/hard
ego	250	sam2long	hard	run_metadata.json	hardware.torch_version	2.7.1+cu128	/data/narendhiran_rpx/docker-smoke/tracking-ego-production/ego/sam2long/hard
ego	250	sam2long	hard	run_metadata.json	model	sam2long	/data/narendhiran_rpx/docker-smoke/tracking-ego-production/ego/sam2long/hard
ego	250	sam2long	hard	run_metadata.json	model_checkpoint.filename	sam2.1_hiera_large.pt	/data/narendhiran_rpx/docker-smoke/tracking-ego-production/ego/sam2long/hard
ego	250	sam2long	hard	run_metadata.json	model_checkpoint.repo	facebook/sam2.1-hiera-large	/data/narendhiran_rpx/docker-smoke/tracking-ego-production/ego/sam2long/hard
ego	250	sam2long	hard	run_metadata.json	model_checkpoint.revision	665f8e2ad61cf5f53d65644ff27c8ee525124610	/data/narendhiran_rpx/docker-smoke/tracking-ego-production/ego/sam2long/hard
ego	250	sam2long	hard	run_metadata.json	model_checkpoint.sha256	2647878d5dfa5098f2f8649825738a9345572bae2d4350a2468587ece47dd318	/data/narendhiran_rpx/docker-smoke/tracking-ego-production/ego/sam2long/hard
ego	250	sam2long	hard	run_metadata.json	parameter_count	224446642	/data/narendhiran_rpx/docker-smoke/tracking-ego-production/ego/sam2long/hard
ego	250	sam2long	hard	run_metadata.json	phase_metrics.0.assa	0.9518275772745879	/data/narendhiran_rpx/docker-smoke/tracking-ego-production/ego/sam2long/hard
ego	250	sam2long	hard	run_metadata.json	phase_metrics.0.deta	0.9391959465304445	/data/narendhiran_rpx/docker-smoke/tracking-ego-production/ego/sam2long/hard
ego	250	sam2long	hard	run_metadata.json	phase_metrics.0.hota	0.9452856004141578	/data/narendhiran_rpx/docker-smoke/tracking-ego-production/ego/sam2long/hard
ego	250	sam2long	hard	run_metadata.json	phase_metrics.0.idf1	0.9666721835118968	/data/narendhiran_rpx/docker-smoke/tracking-ego-production/ego/sam2long/hard
ego	250	sam2long	hard	run_metadata.json	phase_metrics.0.idsw	1.4411764705882353	/data/narendhiran_rpx/docker-smoke/tracking-ego-production/ego/sam2long/hard
ego	250	sam2long	hard	run_metadata.json	phase_metrics.0.mota	0.939143045167475	/data/narendhiran_rpx/docker-smoke/tracking-ego-production/ego/sam2long/hard
ego	250	sam2long	hard	run_metadata.json	pid	458	/data/narendhiran_rpx/docker-smoke/tracking-ego-production/ego/sam2long/hard
ego	250	sam2long	hard	run_metadata.json	prediction_stats.complete_clip_cache_hits	0	/data/narendhiran_rpx/docker-smoke/tracking-ego-production/ego/sam2long/hard
ego	250	sam2long	hard	run_metadata.json	prediction_stats.inferred_clips	34	/data/narendhiran_rpx/docker-smoke/tracking-ego-production/ego/sam2long/hard
ego	250	sam2long	hard	run_metadata.json	prediction_stats.model_propagation_frames	7844	/data/narendhiran_rpx/docker-smoke/tracking-ego-production/ego/sam2long/hard
ego	250	sam2long	hard	run_metadata.json	protocol.association_iou_threshold	0.5	/data/narendhiran_rpx/docker-smoke/tracking-ego-production/ego/sam2long/hard
ego	250	sam2long	hard	run_metadata.json	protocol.association_representation	tight_boxes_derived_from_instance_masks	/data/narendhiran_rpx/docker-smoke/tracking-ego-production/ego/sam2long/hard
ego	250	sam2long	hard	run_metadata.json	protocol.hota	mean_over_0.05_to_0.95	/data/narendhiran_rpx/docker-smoke/tracking-ego-production/ego/sam2long/hard
ego	250	sam2long	hard	run_metadata.json	protocol.initialization	ground_truth_first_frame_mask	/data/narendhiran_rpx/docker-smoke/tracking-ego-production/ego/sam2long/hard
ego	250	sam2long	hard	run_metadata.json	protocol.metric_implementation	TrackEval	/data/narendhiran_rpx/docker-smoke/tracking-ego-production/ego/sam2long/hard
ego	250	sam2long	hard	run_metadata.json	protocol.open_vocabulary	False	/data/narendhiran_rpx/docker-smoke/tracking-ego-production/ego/sam2long/hard
ego	250	sam2long	hard	run_metadata.json	protocol.scored_frames	1_to_end (initialization frame excluded)	/data/narendhiran_rpx/docker-smoke/tracking-ego-production/ego/sam2long/hard
ego	250	sam2long	hard	run_metadata.json	protocol.vocabulary		/data/narendhiran_rpx/docker-smoke/tracking-ego-production/ego/sam2long/hard
ego	250	sam2long	hard	run_metadata.json	protocol.vocabulary_size		/data/narendhiran_rpx/docker-smoke/tracking-ego-production/ego/sam2long/hard
ego	250	sam2long	hard	run_metadata.json	rpx_git_sha	2b90d59d26a8692bb5d7e5a3a8cb72df2ba941f7	/data/narendhiran_rpx/docker-smoke/tracking-ego-production/ego/sam2long/hard
ego	250	sam2long	hard	run_metadata.json	split	hard	/data/narendhiran_rpx/docker-smoke/tracking-ego-production/ego/sam2long/hard
ego	250	sam2long	hard	run_metadata.json	started_unix	1788024600.5804117	/data/narendhiran_rpx/docker-smoke/tracking-ego-production/ego/sam2long/hard
ego	250	sam2long	hard	run_metadata.json	task	object_tracking	/data/narendhiran_rpx/docker-smoke/tracking-ego-production/ego/sam2long/hard
ego	250	dam4sam	easy	result.json	clips	33	/data/narendhiran_rpx/docker-smoke/tracking-ego-production/ego/dam4sam/easy
ego	250	dam4sam	easy	result.json	dataset.manifest_name	ego_object_tracking	/data/narendhiran_rpx/docker-smoke/tracking-ego-production/ego/dam4sam/easy
ego	250	dam4sam	easy	result.json	dataset.manifest_sha256	dc3c68c65e06a2d563f8d4d5a5a065159edd7dcae0f5fe4795f21c27c6ac4213	/data/narendhiran_rpx/docker-smoke/tracking-ego-production/ego/dam4sam/easy
ego	250	dam4sam	easy	result.json	dataset.protocol	ego	/data/narendhiran_rpx/docker-smoke/tracking-ego-production/ego/dam4sam/easy
ego	250	dam4sam	easy	result.json	dataset.repo	IRVLUTD/RPX	/data/narendhiran_rpx/docker-smoke/tracking-ego-production/ego/dam4sam/easy
ego	250	dam4sam	easy	result.json	dataset.revision	f082723002bad5800dd85e583115b4ea05734d31	/data/narendhiran_rpx/docker-smoke/tracking-ego-production/ego/dam4sam/easy
ego	250	dam4sam	easy	result.json	dataset_protocol	ego	/data/narendhiran_rpx/docker-smoke/tracking-ego-production/ego/dam4sam/easy
ego	250	dam4sam	easy	result.json	evaluator_git_sha	2b90d59d26a8692bb5d7e5a3a8cb72df2ba941f7	/data/narendhiran_rpx/docker-smoke/tracking-ego-production/ego/dam4sam/easy
ego	250	dam4sam	easy	result.json	frames	7552	/data/narendhiran_rpx/docker-smoke/tracking-ego-production/ego/dam4sam/easy
ego	250	dam4sam	easy	result.json	hardware.gpu_compute_capability.__length__	2	/data/narendhiran_rpx/docker-smoke/tracking-ego-production/ego/dam4sam/easy
ego	250	dam4sam	easy	result.json	hardware.gpu_name	NVIDIA RTX 6000 Ada Generation	/data/narendhiran_rpx/docker-smoke/tracking-ego-production/ego/dam4sam/easy
ego	250	dam4sam	easy	result.json	hardware.gpu_total_memory_bytes	50865307648	/data/narendhiran_rpx/docker-smoke/tracking-ego-production/ego/dam4sam/easy
ego	250	dam4sam	easy	result.json	hardware.torch_cuda_version	12.8	/data/narendhiran_rpx/docker-smoke/tracking-ego-production/ego/dam4sam/easy
ego	250	dam4sam	easy	result.json	hardware.torch_version	2.7.1+cu128	/data/narendhiran_rpx/docker-smoke/tracking-ego-production/ego/dam4sam/easy
ego	250	dam4sam	easy	result.json	model	dam4sam	/data/narendhiran_rpx/docker-smoke/tracking-ego-production/ego/dam4sam/easy
ego	250	dam4sam	easy	result.json	model_checkpoint.filename	sam2.1_hiera_large.pt	/data/narendhiran_rpx/docker-smoke/tracking-ego-production/ego/dam4sam/easy
ego	250	dam4sam	easy	result.json	model_checkpoint.repo	facebook/sam2.1-hiera-large	/data/narendhiran_rpx/docker-smoke/tracking-ego-production/ego/dam4sam/easy
ego	250	dam4sam	easy	result.json	model_checkpoint.revision	665f8e2ad61cf5f53d65644ff27c8ee525124610	/data/narendhiran_rpx/docker-smoke/tracking-ego-production/ego/dam4sam/easy
ego	250	dam4sam	easy	result.json	model_checkpoint.sha256	2647878d5dfa5098f2f8649825738a9345572bae2d4350a2468587ece47dd318	/data/narendhiran_rpx/docker-smoke/tracking-ego-production/ego/dam4sam/easy
ego	250	dam4sam	easy	result.json	phase_metrics.0.assa	0.9507760306602465	/data/narendhiran_rpx/docker-smoke/tracking-ego-production/ego/dam4sam/easy
ego	250	dam4sam	easy	result.json	phase_metrics.0.deta	0.9363171712854054	/data/narendhiran_rpx/docker-smoke/tracking-ego-production/ego/dam4sam/easy
ego	250	dam4sam	easy	result.json	phase_metrics.0.hota	0.9432842218975287	/data/narendhiran_rpx/docker-smoke/tracking-ego-production/ego/dam4sam/easy
ego	250	dam4sam	easy	result.json	phase_metrics.0.idf1	0.9656040444654744	/data/narendhiran_rpx/docker-smoke/tracking-ego-production/ego/dam4sam/easy
ego	250	dam4sam	easy	result.json	phase_metrics.0.idsw	2.757575757575758	/data/narendhiran_rpx/docker-smoke/tracking-ego-production/ego/dam4sam/easy
ego	250	dam4sam	easy	result.json	phase_metrics.0.mota	0.9336322715165711	/data/narendhiran_rpx/docker-smoke/tracking-ego-production/ego/dam4sam/easy
ego	250	dam4sam	easy	result.json	prediction_stats.complete_clip_cache_hits	0	/data/narendhiran_rpx/docker-smoke/tracking-ego-production/ego/dam4sam/easy
ego	250	dam4sam	easy	result.json	prediction_stats.inferred_clips	33	/data/narendhiran_rpx/docker-smoke/tracking-ego-production/ego/dam4sam/easy
ego	250	dam4sam	easy	result.json	prediction_stats.model_propagation_frames	7519	/data/narendhiran_rpx/docker-smoke/tracking-ego-production/ego/dam4sam/easy
ego	250	dam4sam	easy	result.json	protocol.association_iou_threshold	0.5	/data/narendhiran_rpx/docker-smoke/tracking-ego-production/ego/dam4sam/easy
ego	250	dam4sam	easy	result.json	protocol.association_representation	tight_boxes_derived_from_instance_masks	/data/narendhiran_rpx/docker-smoke/tracking-ego-production/ego/dam4sam/easy
ego	250	dam4sam	easy	result.json	protocol.hota	mean_over_0.05_to_0.95	/data/narendhiran_rpx/docker-smoke/tracking-ego-production/ego/dam4sam/easy
ego	250	dam4sam	easy	result.json	protocol.initialization	ground_truth_first_frame_mask	/data/narendhiran_rpx/docker-smoke/tracking-ego-production/ego/dam4sam/easy
ego	250	dam4sam	easy	result.json	protocol.metric_implementation	TrackEval	/data/narendhiran_rpx/docker-smoke/tracking-ego-production/ego/dam4sam/easy
ego	250	dam4sam	easy	result.json	protocol.open_vocabulary	False	/data/narendhiran_rpx/docker-smoke/tracking-ego-production/ego/dam4sam/easy
ego	250	dam4sam	easy	result.json	protocol.scored_frames	1_to_end (initialization frame excluded)	/data/narendhiran_rpx/docker-smoke/tracking-ego-production/ego/dam4sam/easy
ego	250	dam4sam	easy	result.json	protocol.vocabulary		/data/narendhiran_rpx/docker-smoke/tracking-ego-production/ego/dam4sam/easy
ego	250	dam4sam	easy	result.json	protocol.vocabulary_size		/data/narendhiran_rpx/docker-smoke/tracking-ego-production/ego/dam4sam/easy
ego	250	dam4sam	easy	result.json	rpx_git_sha	2b90d59d26a8692bb5d7e5a3a8cb72df2ba941f7	/data/narendhiran_rpx/docker-smoke/tracking-ego-production/ego/dam4sam/easy
ego	250	dam4sam	easy	result.json	split	easy	/data/narendhiran_rpx/docker-smoke/tracking-ego-production/ego/dam4sam/easy
ego	250	dam4sam	easy	result.json	task	object_tracking	/data/narendhiran_rpx/docker-smoke/tracking-ego-production/ego/dam4sam/easy
ego	250	dam4sam	easy	run_metadata.json	clips	33	/data/narendhiran_rpx/docker-smoke/tracking-ego-production/ego/dam4sam/easy
ego	250	dam4sam	easy	run_metadata.json	dataset.manifest_name	ego_object_tracking	/data/narendhiran_rpx/docker-smoke/tracking-ego-production/ego/dam4sam/easy
ego	250	dam4sam	easy	run_metadata.json	dataset.manifest_sha256	dc3c68c65e06a2d563f8d4d5a5a065159edd7dcae0f5fe4795f21c27c6ac4213	/data/narendhiran_rpx/docker-smoke/tracking-ego-production/ego/dam4sam/easy
ego	250	dam4sam	easy	run_metadata.json	dataset.protocol	ego	/data/narendhiran_rpx/docker-smoke/tracking-ego-production/ego/dam4sam/easy
ego	250	dam4sam	easy	run_metadata.json	dataset.repo	IRVLUTD/RPX	/data/narendhiran_rpx/docker-smoke/tracking-ego-production/ego/dam4sam/easy
ego	250	dam4sam	easy	run_metadata.json	dataset.revision	f082723002bad5800dd85e583115b4ea05734d31	/data/narendhiran_rpx/docker-smoke/tracking-ego-production/ego/dam4sam/easy
ego	250	dam4sam	easy	run_metadata.json	dataset_protocol	ego	/data/narendhiran_rpx/docker-smoke/tracking-ego-production/ego/dam4sam/easy
ego	250	dam4sam	easy	run_metadata.json	evaluator_git_sha	2b90d59d26a8692bb5d7e5a3a8cb72df2ba941f7	/data/narendhiran_rpx/docker-smoke/tracking-ego-production/ego/dam4sam/easy
ego	250	dam4sam	easy	run_metadata.json	finished_unix	1788010217.9354463	/data/narendhiran_rpx/docker-smoke/tracking-ego-production/ego/dam4sam/easy
ego	250	dam4sam	easy	run_metadata.json	frames	7552	/data/narendhiran_rpx/docker-smoke/tracking-ego-production/ego/dam4sam/easy
ego	250	dam4sam	easy	run_metadata.json	hardware.gpu_compute_capability.__length__	2	/data/narendhiran_rpx/docker-smoke/tracking-ego-production/ego/dam4sam/easy
ego	250	dam4sam	easy	run_metadata.json	hardware.gpu_name	NVIDIA RTX 6000 Ada Generation	/data/narendhiran_rpx/docker-smoke/tracking-ego-production/ego/dam4sam/easy
ego	250	dam4sam	easy	run_metadata.json	hardware.gpu_total_memory_bytes	50865307648	/data/narendhiran_rpx/docker-smoke/tracking-ego-production/ego/dam4sam/easy
ego	250	dam4sam	easy	run_metadata.json	hardware.torch_cuda_version	12.8	/data/narendhiran_rpx/docker-smoke/tracking-ego-production/ego/dam4sam/easy
ego	250	dam4sam	easy	run_metadata.json	hardware.torch_version	2.7.1+cu128	/data/narendhiran_rpx/docker-smoke/tracking-ego-production/ego/dam4sam/easy
ego	250	dam4sam	easy	run_metadata.json	model	dam4sam	/data/narendhiran_rpx/docker-smoke/tracking-ego-production/ego/dam4sam/easy
ego	250	dam4sam	easy	run_metadata.json	model_checkpoint.filename	sam2.1_hiera_large.pt	/data/narendhiran_rpx/docker-smoke/tracking-ego-production/ego/dam4sam/easy
ego	250	dam4sam	easy	run_metadata.json	model_checkpoint.repo	facebook/sam2.1-hiera-large	/data/narendhiran_rpx/docker-smoke/tracking-ego-production/ego/dam4sam/easy
ego	250	dam4sam	easy	run_metadata.json	model_checkpoint.revision	665f8e2ad61cf5f53d65644ff27c8ee525124610	/data/narendhiran_rpx/docker-smoke/tracking-ego-production/ego/dam4sam/easy
ego	250	dam4sam	easy	run_metadata.json	model_checkpoint.sha256	2647878d5dfa5098f2f8649825738a9345572bae2d4350a2468587ece47dd318	/data/narendhiran_rpx/docker-smoke/tracking-ego-production/ego/dam4sam/easy
ego	250	dam4sam	easy	run_metadata.json	parameter_count	224446642	/data/narendhiran_rpx/docker-smoke/tracking-ego-production/ego/dam4sam/easy
ego	250	dam4sam	easy	run_metadata.json	phase_metrics.0.assa	0.9507760306602465	/data/narendhiran_rpx/docker-smoke/tracking-ego-production/ego/dam4sam/easy
ego	250	dam4sam	easy	run_metadata.json	phase_metrics.0.deta	0.9363171712854054	/data/narendhiran_rpx/docker-smoke/tracking-ego-production/ego/dam4sam/easy
ego	250	dam4sam	easy	run_metadata.json	phase_metrics.0.hota	0.9432842218975287	/data/narendhiran_rpx/docker-smoke/tracking-ego-production/ego/dam4sam/easy
ego	250	dam4sam	easy	run_metadata.json	phase_metrics.0.idf1	0.9656040444654744	/data/narendhiran_rpx/docker-smoke/tracking-ego-production/ego/dam4sam/easy
ego	250	dam4sam	easy	run_metadata.json	phase_metrics.0.idsw	2.757575757575758	/data/narendhiran_rpx/docker-smoke/tracking-ego-production/ego/dam4sam/easy
ego	250	dam4sam	easy	run_metadata.json	phase_metrics.0.mota	0.9336322715165711	/data/narendhiran_rpx/docker-smoke/tracking-ego-production/ego/dam4sam/easy
ego	250	dam4sam	easy	run_metadata.json	pid	113	/data/narendhiran_rpx/docker-smoke/tracking-ego-production/ego/dam4sam/easy
ego	250	dam4sam	easy	run_metadata.json	prediction_stats.complete_clip_cache_hits	0	/data/narendhiran_rpx/docker-smoke/tracking-ego-production/ego/dam4sam/easy
ego	250	dam4sam	easy	run_metadata.json	prediction_stats.inferred_clips	33	/data/narendhiran_rpx/docker-smoke/tracking-ego-production/ego/dam4sam/easy
ego	250	dam4sam	easy	run_metadata.json	prediction_stats.model_propagation_frames	7519	/data/narendhiran_rpx/docker-smoke/tracking-ego-production/ego/dam4sam/easy
ego	250	dam4sam	easy	run_metadata.json	protocol.association_iou_threshold	0.5	/data/narendhiran_rpx/docker-smoke/tracking-ego-production/ego/dam4sam/easy
ego	250	dam4sam	easy	run_metadata.json	protocol.association_representation	tight_boxes_derived_from_instance_masks	/data/narendhiran_rpx/docker-smoke/tracking-ego-production/ego/dam4sam/easy
ego	250	dam4sam	easy	run_metadata.json	protocol.hota	mean_over_0.05_to_0.95	/data/narendhiran_rpx/docker-smoke/tracking-ego-production/ego/dam4sam/easy
ego	250	dam4sam	easy	run_metadata.json	protocol.initialization	ground_truth_first_frame_mask	/data/narendhiran_rpx/docker-smoke/tracking-ego-production/ego/dam4sam/easy
ego	250	dam4sam	easy	run_metadata.json	protocol.metric_implementation	TrackEval	/data/narendhiran_rpx/docker-smoke/tracking-ego-production/ego/dam4sam/easy
ego	250	dam4sam	easy	run_metadata.json	protocol.open_vocabulary	False	/data/narendhiran_rpx/docker-smoke/tracking-ego-production/ego/dam4sam/easy
ego	250	dam4sam	easy	run_metadata.json	protocol.scored_frames	1_to_end (initialization frame excluded)	/data/narendhiran_rpx/docker-smoke/tracking-ego-production/ego/dam4sam/easy
ego	250	dam4sam	easy	run_metadata.json	protocol.vocabulary		/data/narendhiran_rpx/docker-smoke/tracking-ego-production/ego/dam4sam/easy
ego	250	dam4sam	easy	run_metadata.json	protocol.vocabulary_size		/data/narendhiran_rpx/docker-smoke/tracking-ego-production/ego/dam4sam/easy
ego	250	dam4sam	easy	run_metadata.json	rpx_git_sha	2b90d59d26a8692bb5d7e5a3a8cb72df2ba941f7	/data/narendhiran_rpx/docker-smoke/tracking-ego-production/ego/dam4sam/easy
ego	250	dam4sam	easy	run_metadata.json	split	easy	/data/narendhiran_rpx/docker-smoke/tracking-ego-production/ego/dam4sam/easy
ego	250	dam4sam	easy	run_metadata.json	started_unix	1788003960.9559155	/data/narendhiran_rpx/docker-smoke/tracking-ego-production/ego/dam4sam/easy
ego	250	dam4sam	easy	run_metadata.json	task	object_tracking	/data/narendhiran_rpx/docker-smoke/tracking-ego-production/ego/dam4sam/easy
ego	250	dam4sam	medium	result.json	clips	33	/data/narendhiran_rpx/docker-smoke/tracking-ego-production/ego/dam4sam/medium
ego	250	dam4sam	medium	result.json	dataset.manifest_name	ego_object_tracking	/data/narendhiran_rpx/docker-smoke/tracking-ego-production/ego/dam4sam/medium
ego	250	dam4sam	medium	result.json	dataset.manifest_sha256	6de360a644255f65a44f921197fa083ee66d5e24f45e93afa76dcd6f34f30ab5	/data/narendhiran_rpx/docker-smoke/tracking-ego-production/ego/dam4sam/medium
ego	250	dam4sam	medium	result.json	dataset.protocol	ego	/data/narendhiran_rpx/docker-smoke/tracking-ego-production/ego/dam4sam/medium
ego	250	dam4sam	medium	result.json	dataset.repo	IRVLUTD/RPX	/data/narendhiran_rpx/docker-smoke/tracking-ego-production/ego/dam4sam/medium
ego	250	dam4sam	medium	result.json	dataset.revision	f082723002bad5800dd85e583115b4ea05734d31	/data/narendhiran_rpx/docker-smoke/tracking-ego-production/ego/dam4sam/medium
ego	250	dam4sam	medium	result.json	dataset_protocol	ego	/data/narendhiran_rpx/docker-smoke/tracking-ego-production/ego/dam4sam/medium
ego	250	dam4sam	medium	result.json	evaluator_git_sha	2b90d59d26a8692bb5d7e5a3a8cb72df2ba941f7	/data/narendhiran_rpx/docker-smoke/tracking-ego-production/ego/dam4sam/medium
ego	250	dam4sam	medium	result.json	frames	7691	/data/narendhiran_rpx/docker-smoke/tracking-ego-production/ego/dam4sam/medium
ego	250	dam4sam	medium	result.json	hardware.gpu_compute_capability.__length__	2	/data/narendhiran_rpx/docker-smoke/tracking-ego-production/ego/dam4sam/medium
ego	250	dam4sam	medium	result.json	hardware.gpu_name	NVIDIA RTX 6000 Ada Generation	/data/narendhiran_rpx/docker-smoke/tracking-ego-production/ego/dam4sam/medium
ego	250	dam4sam	medium	result.json	hardware.gpu_total_memory_bytes	50865307648	/data/narendhiran_rpx/docker-smoke/tracking-ego-production/ego/dam4sam/medium
ego	250	dam4sam	medium	result.json	hardware.torch_cuda_version	12.8	/data/narendhiran_rpx/docker-smoke/tracking-ego-production/ego/dam4sam/medium
ego	250	dam4sam	medium	result.json	hardware.torch_version	2.7.1+cu128	/data/narendhiran_rpx/docker-smoke/tracking-ego-production/ego/dam4sam/medium
ego	250	dam4sam	medium	result.json	model	dam4sam	/data/narendhiran_rpx/docker-smoke/tracking-ego-production/ego/dam4sam/medium
ego	250	dam4sam	medium	result.json	model_checkpoint.filename	sam2.1_hiera_large.pt	/data/narendhiran_rpx/docker-smoke/tracking-ego-production/ego/dam4sam/medium
ego	250	dam4sam	medium	result.json	model_checkpoint.repo	facebook/sam2.1-hiera-large	/data/narendhiran_rpx/docker-smoke/tracking-ego-production/ego/dam4sam/medium
ego	250	dam4sam	medium	result.json	model_checkpoint.revision	665f8e2ad61cf5f53d65644ff27c8ee525124610	/data/narendhiran_rpx/docker-smoke/tracking-ego-production/ego/dam4sam/medium
ego	250	dam4sam	medium	result.json	model_checkpoint.sha256	2647878d5dfa5098f2f8649825738a9345572bae2d4350a2468587ece47dd318	/data/narendhiran_rpx/docker-smoke/tracking-ego-production/ego/dam4sam/medium
ego	250	dam4sam	medium	result.json	phase_metrics.0.assa	0.9421321389224561	/data/narendhiran_rpx/docker-smoke/tracking-ego-production/ego/dam4sam/medium
ego	250	dam4sam	medium	result.json	phase_metrics.0.deta	0.9379673127380401	/data/narendhiran_rpx/docker-smoke/tracking-ego-production/ego/dam4sam/medium
ego	250	dam4sam	medium	result.json	phase_metrics.0.hota	0.938730843383345	/data/narendhiran_rpx/docker-smoke/tracking-ego-production/ego/dam4sam/medium
ego	250	dam4sam	medium	result.json	phase_metrics.0.idf1	0.9616121066278202	/data/narendhiran_rpx/docker-smoke/tracking-ego-production/ego/dam4sam/medium
ego	250	dam4sam	medium	result.json	phase_metrics.0.idsw	2.757575757575758	/data/narendhiran_rpx/docker-smoke/tracking-ego-production/ego/dam4sam/medium
ego	250	dam4sam	medium	result.json	phase_metrics.0.mota	0.938820557413951	/data/narendhiran_rpx/docker-smoke/tracking-ego-production/ego/dam4sam/medium
ego	250	dam4sam	medium	result.json	prediction_stats.complete_clip_cache_hits	0	/data/narendhiran_rpx/docker-smoke/tracking-ego-production/ego/dam4sam/medium
ego	250	dam4sam	medium	result.json	prediction_stats.inferred_clips	33	/data/narendhiran_rpx/docker-smoke/tracking-ego-production/ego/dam4sam/medium
ego	250	dam4sam	medium	result.json	prediction_stats.model_propagation_frames	7658	/data/narendhiran_rpx/docker-smoke/tracking-ego-production/ego/dam4sam/medium
ego	250	dam4sam	medium	result.json	protocol.association_iou_threshold	0.5	/data/narendhiran_rpx/docker-smoke/tracking-ego-production/ego/dam4sam/medium
ego	250	dam4sam	medium	result.json	protocol.association_representation	tight_boxes_derived_from_instance_masks	/data/narendhiran_rpx/docker-smoke/tracking-ego-production/ego/dam4sam/medium
ego	250	dam4sam	medium	result.json	protocol.hota	mean_over_0.05_to_0.95	/data/narendhiran_rpx/docker-smoke/tracking-ego-production/ego/dam4sam/medium
ego	250	dam4sam	medium	result.json	protocol.initialization	ground_truth_first_frame_mask	/data/narendhiran_rpx/docker-smoke/tracking-ego-production/ego/dam4sam/medium
ego	250	dam4sam	medium	result.json	protocol.metric_implementation	TrackEval	/data/narendhiran_rpx/docker-smoke/tracking-ego-production/ego/dam4sam/medium
ego	250	dam4sam	medium	result.json	protocol.open_vocabulary	False	/data/narendhiran_rpx/docker-smoke/tracking-ego-production/ego/dam4sam/medium
ego	250	dam4sam	medium	result.json	protocol.scored_frames	1_to_end (initialization frame excluded)	/data/narendhiran_rpx/docker-smoke/tracking-ego-production/ego/dam4sam/medium
ego	250	dam4sam	medium	result.json	protocol.vocabulary		/data/narendhiran_rpx/docker-smoke/tracking-ego-production/ego/dam4sam/medium
ego	250	dam4sam	medium	result.json	protocol.vocabulary_size		/data/narendhiran_rpx/docker-smoke/tracking-ego-production/ego/dam4sam/medium
ego	250	dam4sam	medium	result.json	rpx_git_sha	2b90d59d26a8692bb5d7e5a3a8cb72df2ba941f7	/data/narendhiran_rpx/docker-smoke/tracking-ego-production/ego/dam4sam/medium
ego	250	dam4sam	medium	result.json	split	medium	/data/narendhiran_rpx/docker-smoke/tracking-ego-production/ego/dam4sam/medium
ego	250	dam4sam	medium	result.json	task	object_tracking	/data/narendhiran_rpx/docker-smoke/tracking-ego-production/ego/dam4sam/medium
ego	250	dam4sam	medium	run_metadata.json	clips	33	/data/narendhiran_rpx/docker-smoke/tracking-ego-production/ego/dam4sam/medium
ego	250	dam4sam	medium	run_metadata.json	dataset.manifest_name	ego_object_tracking	/data/narendhiran_rpx/docker-smoke/tracking-ego-production/ego/dam4sam/medium
ego	250	dam4sam	medium	run_metadata.json	dataset.manifest_sha256	6de360a644255f65a44f921197fa083ee66d5e24f45e93afa76dcd6f34f30ab5	/data/narendhiran_rpx/docker-smoke/tracking-ego-production/ego/dam4sam/medium
ego	250	dam4sam	medium	run_metadata.json	dataset.protocol	ego	/data/narendhiran_rpx/docker-smoke/tracking-ego-production/ego/dam4sam/medium
ego	250	dam4sam	medium	run_metadata.json	dataset.repo	IRVLUTD/RPX	/data/narendhiran_rpx/docker-smoke/tracking-ego-production/ego/dam4sam/medium
ego	250	dam4sam	medium	run_metadata.json	dataset.revision	f082723002bad5800dd85e583115b4ea05734d31	/data/narendhiran_rpx/docker-smoke/tracking-ego-production/ego/dam4sam/medium
ego	250	dam4sam	medium	run_metadata.json	dataset_protocol	ego	/data/narendhiran_rpx/docker-smoke/tracking-ego-production/ego/dam4sam/medium
ego	250	dam4sam	medium	run_metadata.json	evaluator_git_sha	2b90d59d26a8692bb5d7e5a3a8cb72df2ba941f7	/data/narendhiran_rpx/docker-smoke/tracking-ego-production/ego/dam4sam/medium
ego	250	dam4sam	medium	run_metadata.json	finished_unix	1788016214.5855074	/data/narendhiran_rpx/docker-smoke/tracking-ego-production/ego/dam4sam/medium
ego	250	dam4sam	medium	run_metadata.json	frames	7691	/data/narendhiran_rpx/docker-smoke/tracking-ego-production/ego/dam4sam/medium
ego	250	dam4sam	medium	run_metadata.json	hardware.gpu_compute_capability.__length__	2	/data/narendhiran_rpx/docker-smoke/tracking-ego-production/ego/dam4sam/medium
ego	250	dam4sam	medium	run_metadata.json	hardware.gpu_name	NVIDIA RTX 6000 Ada Generation	/data/narendhiran_rpx/docker-smoke/tracking-ego-production/ego/dam4sam/medium
ego	250	dam4sam	medium	run_metadata.json	hardware.gpu_total_memory_bytes	50865307648	/data/narendhiran_rpx/docker-smoke/tracking-ego-production/ego/dam4sam/medium
ego	250	dam4sam	medium	run_metadata.json	hardware.torch_cuda_version	12.8	/data/narendhiran_rpx/docker-smoke/tracking-ego-production/ego/dam4sam/medium
ego	250	dam4sam	medium	run_metadata.json	hardware.torch_version	2.7.1+cu128	/data/narendhiran_rpx/docker-smoke/tracking-ego-production/ego/dam4sam/medium
ego	250	dam4sam	medium	run_metadata.json	model	dam4sam	/data/narendhiran_rpx/docker-smoke/tracking-ego-production/ego/dam4sam/medium
ego	250	dam4sam	medium	run_metadata.json	model_checkpoint.filename	sam2.1_hiera_large.pt	/data/narendhiran_rpx/docker-smoke/tracking-ego-production/ego/dam4sam/medium
ego	250	dam4sam	medium	run_metadata.json	model_checkpoint.repo	facebook/sam2.1-hiera-large	/data/narendhiran_rpx/docker-smoke/tracking-ego-production/ego/dam4sam/medium
ego	250	dam4sam	medium	run_metadata.json	model_checkpoint.revision	665f8e2ad61cf5f53d65644ff27c8ee525124610	/data/narendhiran_rpx/docker-smoke/tracking-ego-production/ego/dam4sam/medium
ego	250	dam4sam	medium	run_metadata.json	model_checkpoint.sha256	2647878d5dfa5098f2f8649825738a9345572bae2d4350a2468587ece47dd318	/data/narendhiran_rpx/docker-smoke/tracking-ego-production/ego/dam4sam/medium
ego	250	dam4sam	medium	run_metadata.json	parameter_count	224446642	/data/narendhiran_rpx/docker-smoke/tracking-ego-production/ego/dam4sam/medium
ego	250	dam4sam	medium	run_metadata.json	phase_metrics.0.assa	0.9421321389224561	/data/narendhiran_rpx/docker-smoke/tracking-ego-production/ego/dam4sam/medium
ego	250	dam4sam	medium	run_metadata.json	phase_metrics.0.deta	0.9379673127380401	/data/narendhiran_rpx/docker-smoke/tracking-ego-production/ego/dam4sam/medium
ego	250	dam4sam	medium	run_metadata.json	phase_metrics.0.hota	0.938730843383345	/data/narendhiran_rpx/docker-smoke/tracking-ego-production/ego/dam4sam/medium
ego	250	dam4sam	medium	run_metadata.json	phase_metrics.0.idf1	0.9616121066278202	/data/narendhiran_rpx/docker-smoke/tracking-ego-production/ego/dam4sam/medium
ego	250	dam4sam	medium	run_metadata.json	phase_metrics.0.idsw	2.757575757575758	/data/narendhiran_rpx/docker-smoke/tracking-ego-production/ego/dam4sam/medium
ego	250	dam4sam	medium	run_metadata.json	phase_metrics.0.mota	0.938820557413951	/data/narendhiran_rpx/docker-smoke/tracking-ego-production/ego/dam4sam/medium
ego	250	dam4sam	medium	run_metadata.json	pid	347	/data/narendhiran_rpx/docker-smoke/tracking-ego-production/ego/dam4sam/medium
ego	250	dam4sam	medium	run_metadata.json	prediction_stats.complete_clip_cache_hits	0	/data/narendhiran_rpx/docker-smoke/tracking-ego-production/ego/dam4sam/medium
ego	250	dam4sam	medium	run_metadata.json	prediction_stats.inferred_clips	33	/data/narendhiran_rpx/docker-smoke/tracking-ego-production/ego/dam4sam/medium
ego	250	dam4sam	medium	run_metadata.json	prediction_stats.model_propagation_frames	7658	/data/narendhiran_rpx/docker-smoke/tracking-ego-production/ego/dam4sam/medium
ego	250	dam4sam	medium	run_metadata.json	protocol.association_iou_threshold	0.5	/data/narendhiran_rpx/docker-smoke/tracking-ego-production/ego/dam4sam/medium
ego	250	dam4sam	medium	run_metadata.json	protocol.association_representation	tight_boxes_derived_from_instance_masks	/data/narendhiran_rpx/docker-smoke/tracking-ego-production/ego/dam4sam/medium
ego	250	dam4sam	medium	run_metadata.json	protocol.hota	mean_over_0.05_to_0.95	/data/narendhiran_rpx/docker-smoke/tracking-ego-production/ego/dam4sam/medium
ego	250	dam4sam	medium	run_metadata.json	protocol.initialization	ground_truth_first_frame_mask	/data/narendhiran_rpx/docker-smoke/tracking-ego-production/ego/dam4sam/medium
ego	250	dam4sam	medium	run_metadata.json	protocol.metric_implementation	TrackEval	/data/narendhiran_rpx/docker-smoke/tracking-ego-production/ego/dam4sam/medium
ego	250	dam4sam	medium	run_metadata.json	protocol.open_vocabulary	False	/data/narendhiran_rpx/docker-smoke/tracking-ego-production/ego/dam4sam/medium
ego	250	dam4sam	medium	run_metadata.json	protocol.scored_frames	1_to_end (initialization frame excluded)	/data/narendhiran_rpx/docker-smoke/tracking-ego-production/ego/dam4sam/medium
ego	250	dam4sam	medium	run_metadata.json	protocol.vocabulary		/data/narendhiran_rpx/docker-smoke/tracking-ego-production/ego/dam4sam/medium
ego	250	dam4sam	medium	run_metadata.json	protocol.vocabulary_size		/data/narendhiran_rpx/docker-smoke/tracking-ego-production/ego/dam4sam/medium
ego	250	dam4sam	medium	run_metadata.json	rpx_git_sha	2b90d59d26a8692bb5d7e5a3a8cb72df2ba941f7	/data/narendhiran_rpx/docker-smoke/tracking-ego-production/ego/dam4sam/medium
ego	250	dam4sam	medium	run_metadata.json	split	medium	/data/narendhiran_rpx/docker-smoke/tracking-ego-production/ego/dam4sam/medium
ego	250	dam4sam	medium	run_metadata.json	started_unix	1788010264.4537616	/data/narendhiran_rpx/docker-smoke/tracking-ego-production/ego/dam4sam/medium
ego	250	dam4sam	medium	run_metadata.json	task	object_tracking	/data/narendhiran_rpx/docker-smoke/tracking-ego-production/ego/dam4sam/medium
ego	250	dam4sam	hard	result.json	clips	34	/data/narendhiran_rpx/docker-smoke/tracking-ego-production/ego/dam4sam/hard
ego	250	dam4sam	hard	result.json	dataset.manifest_name	ego_object_tracking	/data/narendhiran_rpx/docker-smoke/tracking-ego-production/ego/dam4sam/hard
ego	250	dam4sam	hard	result.json	dataset.manifest_sha256	7c85f17bf58843d0cf533825c4feb9d1d608bff1e90e49960b980324618278d0	/data/narendhiran_rpx/docker-smoke/tracking-ego-production/ego/dam4sam/hard
ego	250	dam4sam	hard	result.json	dataset.protocol	ego	/data/narendhiran_rpx/docker-smoke/tracking-ego-production/ego/dam4sam/hard
ego	250	dam4sam	hard	result.json	dataset.repo	IRVLUTD/RPX	/data/narendhiran_rpx/docker-smoke/tracking-ego-production/ego/dam4sam/hard
ego	250	dam4sam	hard	result.json	dataset.revision	f082723002bad5800dd85e583115b4ea05734d31	/data/narendhiran_rpx/docker-smoke/tracking-ego-production/ego/dam4sam/hard
ego	250	dam4sam	hard	result.json	dataset_protocol	ego	/data/narendhiran_rpx/docker-smoke/tracking-ego-production/ego/dam4sam/hard
ego	250	dam4sam	hard	result.json	evaluator_git_sha	2b90d59d26a8692bb5d7e5a3a8cb72df2ba941f7	/data/narendhiran_rpx/docker-smoke/tracking-ego-production/ego/dam4sam/hard
ego	250	dam4sam	hard	result.json	frames	7878	/data/narendhiran_rpx/docker-smoke/tracking-ego-production/ego/dam4sam/hard
ego	250	dam4sam	hard	result.json	hardware.gpu_compute_capability.__length__	2	/data/narendhiran_rpx/docker-smoke/tracking-ego-production/ego/dam4sam/hard
ego	250	dam4sam	hard	result.json	hardware.gpu_name	NVIDIA RTX 6000 Ada Generation	/data/narendhiran_rpx/docker-smoke/tracking-ego-production/ego/dam4sam/hard
ego	250	dam4sam	hard	result.json	hardware.gpu_total_memory_bytes	50865307648	/data/narendhiran_rpx/docker-smoke/tracking-ego-production/ego/dam4sam/hard
ego	250	dam4sam	hard	result.json	hardware.torch_cuda_version	12.8	/data/narendhiran_rpx/docker-smoke/tracking-ego-production/ego/dam4sam/hard
ego	250	dam4sam	hard	result.json	hardware.torch_version	2.7.1+cu128	/data/narendhiran_rpx/docker-smoke/tracking-ego-production/ego/dam4sam/hard
ego	250	dam4sam	hard	result.json	model	dam4sam	/data/narendhiran_rpx/docker-smoke/tracking-ego-production/ego/dam4sam/hard
ego	250	dam4sam	hard	result.json	model_checkpoint.filename	sam2.1_hiera_large.pt	/data/narendhiran_rpx/docker-smoke/tracking-ego-production/ego/dam4sam/hard
ego	250	dam4sam	hard	result.json	model_checkpoint.repo	facebook/sam2.1-hiera-large	/data/narendhiran_rpx/docker-smoke/tracking-ego-production/ego/dam4sam/hard
ego	250	dam4sam	hard	result.json	model_checkpoint.revision	665f8e2ad61cf5f53d65644ff27c8ee525124610	/data/narendhiran_rpx/docker-smoke/tracking-ego-production/ego/dam4sam/hard
ego	250	dam4sam	hard	result.json	model_checkpoint.sha256	2647878d5dfa5098f2f8649825738a9345572bae2d4350a2468587ece47dd318	/data/narendhiran_rpx/docker-smoke/tracking-ego-production/ego/dam4sam/hard
ego	250	dam4sam	hard	result.json	phase_metrics.0.assa	0.9480503986643136	/data/narendhiran_rpx/docker-smoke/tracking-ego-production/ego/dam4sam/hard
ego	250	dam4sam	hard	result.json	phase_metrics.0.deta	0.939445833787277	/data/narendhiran_rpx/docker-smoke/tracking-ego-production/ego/dam4sam/hard
ego	250	dam4sam	hard	result.json	phase_metrics.0.hota	0.9435949101216075	/data/narendhiran_rpx/docker-smoke/tracking-ego-production/ego/dam4sam/hard
ego	250	dam4sam	hard	result.json	phase_metrics.0.idf1	0.9677550172111968	/data/narendhiran_rpx/docker-smoke/tracking-ego-production/ego/dam4sam/hard
ego	250	dam4sam	hard	result.json	phase_metrics.0.idsw	2.588235294117647	/data/narendhiran_rpx/docker-smoke/tracking-ego-production/ego/dam4sam/hard
ego	250	dam4sam	hard	result.json	phase_metrics.0.mota	0.940464730107837	/data/narendhiran_rpx/docker-smoke/tracking-ego-production/ego/dam4sam/hard
ego	250	dam4sam	hard	result.json	prediction_stats.complete_clip_cache_hits	0	/data/narendhiran_rpx/docker-smoke/tracking-ego-production/ego/dam4sam/hard
ego	250	dam4sam	hard	result.json	prediction_stats.inferred_clips	34	/data/narendhiran_rpx/docker-smoke/tracking-ego-production/ego/dam4sam/hard
ego	250	dam4sam	hard	result.json	prediction_stats.model_propagation_frames	7844	/data/narendhiran_rpx/docker-smoke/tracking-ego-production/ego/dam4sam/hard
ego	250	dam4sam	hard	result.json	protocol.association_iou_threshold	0.5	/data/narendhiran_rpx/docker-smoke/tracking-ego-production/ego/dam4sam/hard
ego	250	dam4sam	hard	result.json	protocol.association_representation	tight_boxes_derived_from_instance_masks	/data/narendhiran_rpx/docker-smoke/tracking-ego-production/ego/dam4sam/hard
ego	250	dam4sam	hard	result.json	protocol.hota	mean_over_0.05_to_0.95	/data/narendhiran_rpx/docker-smoke/tracking-ego-production/ego/dam4sam/hard
ego	250	dam4sam	hard	result.json	protocol.initialization	ground_truth_first_frame_mask	/data/narendhiran_rpx/docker-smoke/tracking-ego-production/ego/dam4sam/hard
ego	250	dam4sam	hard	result.json	protocol.metric_implementation	TrackEval	/data/narendhiran_rpx/docker-smoke/tracking-ego-production/ego/dam4sam/hard
ego	250	dam4sam	hard	result.json	protocol.open_vocabulary	False	/data/narendhiran_rpx/docker-smoke/tracking-ego-production/ego/dam4sam/hard
ego	250	dam4sam	hard	result.json	protocol.scored_frames	1_to_end (initialization frame excluded)	/data/narendhiran_rpx/docker-smoke/tracking-ego-production/ego/dam4sam/hard
ego	250	dam4sam	hard	result.json	protocol.vocabulary		/data/narendhiran_rpx/docker-smoke/tracking-ego-production/ego/dam4sam/hard
ego	250	dam4sam	hard	result.json	protocol.vocabulary_size		/data/narendhiran_rpx/docker-smoke/tracking-ego-production/ego/dam4sam/hard
ego	250	dam4sam	hard	result.json	rpx_git_sha	2b90d59d26a8692bb5d7e5a3a8cb72df2ba941f7	/data/narendhiran_rpx/docker-smoke/tracking-ego-production/ego/dam4sam/hard
ego	250	dam4sam	hard	result.json	split	hard	/data/narendhiran_rpx/docker-smoke/tracking-ego-production/ego/dam4sam/hard
ego	250	dam4sam	hard	result.json	task	object_tracking	/data/narendhiran_rpx/docker-smoke/tracking-ego-production/ego/dam4sam/hard
ego	250	dam4sam	hard	run_metadata.json	clips	34	/data/narendhiran_rpx/docker-smoke/tracking-ego-production/ego/dam4sam/hard
ego	250	dam4sam	hard	run_metadata.json	dataset.manifest_name	ego_object_tracking	/data/narendhiran_rpx/docker-smoke/tracking-ego-production/ego/dam4sam/hard
ego	250	dam4sam	hard	run_metadata.json	dataset.manifest_sha256	7c85f17bf58843d0cf533825c4feb9d1d608bff1e90e49960b980324618278d0	/data/narendhiran_rpx/docker-smoke/tracking-ego-production/ego/dam4sam/hard
ego	250	dam4sam	hard	run_metadata.json	dataset.protocol	ego	/data/narendhiran_rpx/docker-smoke/tracking-ego-production/ego/dam4sam/hard
ego	250	dam4sam	hard	run_metadata.json	dataset.repo	IRVLUTD/RPX	/data/narendhiran_rpx/docker-smoke/tracking-ego-production/ego/dam4sam/hard
ego	250	dam4sam	hard	run_metadata.json	dataset.revision	f082723002bad5800dd85e583115b4ea05734d31	/data/narendhiran_rpx/docker-smoke/tracking-ego-production/ego/dam4sam/hard
ego	250	dam4sam	hard	run_metadata.json	dataset_protocol	ego	/data/narendhiran_rpx/docker-smoke/tracking-ego-production/ego/dam4sam/hard
ego	250	dam4sam	hard	run_metadata.json	evaluator_git_sha	2b90d59d26a8692bb5d7e5a3a8cb72df2ba941f7	/data/narendhiran_rpx/docker-smoke/tracking-ego-production/ego/dam4sam/hard
ego	250	dam4sam	hard	run_metadata.json	finished_unix	1788022111.194023	/data/narendhiran_rpx/docker-smoke/tracking-ego-production/ego/dam4sam/hard
ego	250	dam4sam	hard	run_metadata.json	frames	7878	/data/narendhiran_rpx/docker-smoke/tracking-ego-production/ego/dam4sam/hard
ego	250	dam4sam	hard	run_metadata.json	hardware.gpu_compute_capability.__length__	2	/data/narendhiran_rpx/docker-smoke/tracking-ego-production/ego/dam4sam/hard
ego	250	dam4sam	hard	run_metadata.json	hardware.gpu_name	NVIDIA RTX 6000 Ada Generation	/data/narendhiran_rpx/docker-smoke/tracking-ego-production/ego/dam4sam/hard
ego	250	dam4sam	hard	run_metadata.json	hardware.gpu_total_memory_bytes	50865307648	/data/narendhiran_rpx/docker-smoke/tracking-ego-production/ego/dam4sam/hard
ego	250	dam4sam	hard	run_metadata.json	hardware.torch_cuda_version	12.8	/data/narendhiran_rpx/docker-smoke/tracking-ego-production/ego/dam4sam/hard
ego	250	dam4sam	hard	run_metadata.json	hardware.torch_version	2.7.1+cu128	/data/narendhiran_rpx/docker-smoke/tracking-ego-production/ego/dam4sam/hard
ego	250	dam4sam	hard	run_metadata.json	model	dam4sam	/data/narendhiran_rpx/docker-smoke/tracking-ego-production/ego/dam4sam/hard
ego	250	dam4sam	hard	run_metadata.json	model_checkpoint.filename	sam2.1_hiera_large.pt	/data/narendhiran_rpx/docker-smoke/tracking-ego-production/ego/dam4sam/hard
ego	250	dam4sam	hard	run_metadata.json	model_checkpoint.repo	facebook/sam2.1-hiera-large	/data/narendhiran_rpx/docker-smoke/tracking-ego-production/ego/dam4sam/hard
ego	250	dam4sam	hard	run_metadata.json	model_checkpoint.revision	665f8e2ad61cf5f53d65644ff27c8ee525124610	/data/narendhiran_rpx/docker-smoke/tracking-ego-production/ego/dam4sam/hard
ego	250	dam4sam	hard	run_metadata.json	model_checkpoint.sha256	2647878d5dfa5098f2f8649825738a9345572bae2d4350a2468587ece47dd318	/data/narendhiran_rpx/docker-smoke/tracking-ego-production/ego/dam4sam/hard
ego	250	dam4sam	hard	run_metadata.json	parameter_count	224446642	/data/narendhiran_rpx/docker-smoke/tracking-ego-production/ego/dam4sam/hard
ego	250	dam4sam	hard	run_metadata.json	phase_metrics.0.assa	0.9480503986643136	/data/narendhiran_rpx/docker-smoke/tracking-ego-production/ego/dam4sam/hard
ego	250	dam4sam	hard	run_metadata.json	phase_metrics.0.deta	0.939445833787277	/data/narendhiran_rpx/docker-smoke/tracking-ego-production/ego/dam4sam/hard
ego	250	dam4sam	hard	run_metadata.json	phase_metrics.0.hota	0.9435949101216075	/data/narendhiran_rpx/docker-smoke/tracking-ego-production/ego/dam4sam/hard
ego	250	dam4sam	hard	run_metadata.json	phase_metrics.0.idf1	0.9677550172111968	/data/narendhiran_rpx/docker-smoke/tracking-ego-production/ego/dam4sam/hard
ego	250	dam4sam	hard	run_metadata.json	phase_metrics.0.idsw	2.588235294117647	/data/narendhiran_rpx/docker-smoke/tracking-ego-production/ego/dam4sam/hard
ego	250	dam4sam	hard	run_metadata.json	phase_metrics.0.mota	0.940464730107837	/data/narendhiran_rpx/docker-smoke/tracking-ego-production/ego/dam4sam/hard
ego	250	dam4sam	hard	run_metadata.json	pid	581	/data/narendhiran_rpx/docker-smoke/tracking-ego-production/ego/dam4sam/hard
ego	250	dam4sam	hard	run_metadata.json	prediction_stats.complete_clip_cache_hits	0	/data/narendhiran_rpx/docker-smoke/tracking-ego-production/ego/dam4sam/hard
ego	250	dam4sam	hard	run_metadata.json	prediction_stats.inferred_clips	34	/data/narendhiran_rpx/docker-smoke/tracking-ego-production/ego/dam4sam/hard
ego	250	dam4sam	hard	run_metadata.json	prediction_stats.model_propagation_frames	7844	/data/narendhiran_rpx/docker-smoke/tracking-ego-production/ego/dam4sam/hard
ego	250	dam4sam	hard	run_metadata.json	protocol.association_iou_threshold	0.5	/data/narendhiran_rpx/docker-smoke/tracking-ego-production/ego/dam4sam/hard
ego	250	dam4sam	hard	run_metadata.json	protocol.association_representation	tight_boxes_derived_from_instance_masks	/data/narendhiran_rpx/docker-smoke/tracking-ego-production/ego/dam4sam/hard
ego	250	dam4sam	hard	run_metadata.json	protocol.hota	mean_over_0.05_to_0.95	/data/narendhiran_rpx/docker-smoke/tracking-ego-production/ego/dam4sam/hard
ego	250	dam4sam	hard	run_metadata.json	protocol.initialization	ground_truth_first_frame_mask	/data/narendhiran_rpx/docker-smoke/tracking-ego-production/ego/dam4sam/hard
ego	250	dam4sam	hard	run_metadata.json	protocol.metric_implementation	TrackEval	/data/narendhiran_rpx/docker-smoke/tracking-ego-production/ego/dam4sam/hard
ego	250	dam4sam	hard	run_metadata.json	protocol.open_vocabulary	False	/data/narendhiran_rpx/docker-smoke/tracking-ego-production/ego/dam4sam/hard
ego	250	dam4sam	hard	run_metadata.json	protocol.scored_frames	1_to_end (initialization frame excluded)	/data/narendhiran_rpx/docker-smoke/tracking-ego-production/ego/dam4sam/hard
ego	250	dam4sam	hard	run_metadata.json	protocol.vocabulary		/data/narendhiran_rpx/docker-smoke/tracking-ego-production/ego/dam4sam/hard
ego	250	dam4sam	hard	run_metadata.json	protocol.vocabulary_size		/data/narendhiran_rpx/docker-smoke/tracking-ego-production/ego/dam4sam/hard
ego	250	dam4sam	hard	run_metadata.json	rpx_git_sha	2b90d59d26a8692bb5d7e5a3a8cb72df2ba941f7	/data/narendhiran_rpx/docker-smoke/tracking-ego-production/ego/dam4sam/hard
ego	250	dam4sam	hard	run_metadata.json	split	hard	/data/narendhiran_rpx/docker-smoke/tracking-ego-production/ego/dam4sam/hard
ego	250	dam4sam	hard	run_metadata.json	started_unix	1788016248.5560431	/data/narendhiran_rpx/docker-smoke/tracking-ego-production/ego/dam4sam/hard
ego	250	dam4sam	hard	run_metadata.json	task	object_tracking	/data/narendhiran_rpx/docker-smoke/tracking-ego-production/ego/dam4sam/hard
ego	250	xmem	easy	result.json	clips	33	/data/narendhiran_rpx/docker-smoke/tracking-ego-production/ego/xmem/easy
ego	250	xmem	easy	result.json	dataset.manifest_name	ego_object_tracking	/data/narendhiran_rpx/docker-smoke/tracking-ego-production/ego/xmem/easy
ego	250	xmem	easy	result.json	dataset.manifest_sha256	dc3c68c65e06a2d563f8d4d5a5a065159edd7dcae0f5fe4795f21c27c6ac4213	/data/narendhiran_rpx/docker-smoke/tracking-ego-production/ego/xmem/easy
ego	250	xmem	easy	result.json	dataset.protocol	ego	/data/narendhiran_rpx/docker-smoke/tracking-ego-production/ego/xmem/easy
ego	250	xmem	easy	result.json	dataset.repo	IRVLUTD/RPX	/data/narendhiran_rpx/docker-smoke/tracking-ego-production/ego/xmem/easy
ego	250	xmem	easy	result.json	dataset.revision	f082723002bad5800dd85e583115b4ea05734d31	/data/narendhiran_rpx/docker-smoke/tracking-ego-production/ego/xmem/easy
ego	250	xmem	easy	result.json	dataset_protocol	ego	/data/narendhiran_rpx/docker-smoke/tracking-ego-production/ego/xmem/easy
ego	250	xmem	easy	result.json	evaluator_git_sha	2b90d59d26a8692bb5d7e5a3a8cb72df2ba941f7	/data/narendhiran_rpx/docker-smoke/tracking-ego-production/ego/xmem/easy
ego	250	xmem	easy	result.json	frames	7552	/data/narendhiran_rpx/docker-smoke/tracking-ego-production/ego/xmem/easy
ego	250	xmem	easy	result.json	hardware.gpu_compute_capability.__length__	2	/data/narendhiran_rpx/docker-smoke/tracking-ego-production/ego/xmem/easy
ego	250	xmem	easy	result.json	hardware.gpu_name	NVIDIA RTX 6000 Ada Generation	/data/narendhiran_rpx/docker-smoke/tracking-ego-production/ego/xmem/easy
ego	250	xmem	easy	result.json	hardware.gpu_total_memory_bytes	50865307648	/data/narendhiran_rpx/docker-smoke/tracking-ego-production/ego/xmem/easy
ego	250	xmem	easy	result.json	hardware.torch_cuda_version	12.8	/data/narendhiran_rpx/docker-smoke/tracking-ego-production/ego/xmem/easy
ego	250	xmem	easy	result.json	hardware.torch_version	2.7.1+cu128	/data/narendhiran_rpx/docker-smoke/tracking-ego-production/ego/xmem/easy
ego	250	xmem	easy	result.json	model	xmem	/data/narendhiran_rpx/docker-smoke/tracking-ego-production/ego/xmem/easy
ego	250	xmem	easy	result.json	model_checkpoint.filename	XMem.pth	/data/narendhiran_rpx/docker-smoke/tracking-ego-production/ego/xmem/easy
ego	250	xmem	easy	result.json	model_checkpoint.repo	hkchengrex/XMem	/data/narendhiran_rpx/docker-smoke/tracking-ego-production/ego/xmem/easy
ego	250	xmem	easy	result.json	model_checkpoint.revision	v1.0	/data/narendhiran_rpx/docker-smoke/tracking-ego-production/ego/xmem/easy
ego	250	xmem	easy	result.json	model_checkpoint.sha256	27776291d2f0639b4e6b372a67651579b51180aa4d8f8f89bbff2dcc09ebf6f9	/data/narendhiran_rpx/docker-smoke/tracking-ego-production/ego/xmem/easy
ego	250	xmem	easy	result.json	phase_metrics.0.assa	0.8991538426975509	/data/narendhiran_rpx/docker-smoke/tracking-ego-production/ego/xmem/easy
ego	250	xmem	easy	result.json	phase_metrics.0.deta	0.8679390745719369	/data/narendhiran_rpx/docker-smoke/tracking-ego-production/ego/xmem/easy
ego	250	xmem	easy	result.json	phase_metrics.0.hota	0.8830089314919002	/data/narendhiran_rpx/docker-smoke/tracking-ego-production/ego/xmem/easy
ego	250	xmem	easy	result.json	phase_metrics.0.idf1	0.9381714672608095	/data/narendhiran_rpx/docker-smoke/tracking-ego-production/ego/xmem/easy
ego	250	xmem	easy	result.json	phase_metrics.0.idsw	1.4242424242424243	/data/narendhiran_rpx/docker-smoke/tracking-ego-production/ego/xmem/easy
ego	250	xmem	easy	result.json	phase_metrics.0.mota	0.8818712760009163	/data/narendhiran_rpx/docker-smoke/tracking-ego-production/ego/xmem/easy
ego	250	xmem	easy	result.json	prediction_stats.complete_clip_cache_hits	0	/data/narendhiran_rpx/docker-smoke/tracking-ego-production/ego/xmem/easy
ego	250	xmem	easy	result.json	prediction_stats.inferred_clips	33	/data/narendhiran_rpx/docker-smoke/tracking-ego-production/ego/xmem/easy
ego	250	xmem	easy	result.json	prediction_stats.model_propagation_frames	7519	/data/narendhiran_rpx/docker-smoke/tracking-ego-production/ego/xmem/easy
ego	250	xmem	easy	result.json	protocol.association_iou_threshold	0.5	/data/narendhiran_rpx/docker-smoke/tracking-ego-production/ego/xmem/easy
ego	250	xmem	easy	result.json	protocol.association_representation	tight_boxes_derived_from_instance_masks	/data/narendhiran_rpx/docker-smoke/tracking-ego-production/ego/xmem/easy
ego	250	xmem	easy	result.json	protocol.hota	mean_over_0.05_to_0.95	/data/narendhiran_rpx/docker-smoke/tracking-ego-production/ego/xmem/easy
ego	250	xmem	easy	result.json	protocol.initialization	ground_truth_first_frame_mask	/data/narendhiran_rpx/docker-smoke/tracking-ego-production/ego/xmem/easy
ego	250	xmem	easy	result.json	protocol.metric_implementation	TrackEval	/data/narendhiran_rpx/docker-smoke/tracking-ego-production/ego/xmem/easy
ego	250	xmem	easy	result.json	protocol.open_vocabulary	False	/data/narendhiran_rpx/docker-smoke/tracking-ego-production/ego/xmem/easy
ego	250	xmem	easy	result.json	protocol.scored_frames	1_to_end (initialization frame excluded)	/data/narendhiran_rpx/docker-smoke/tracking-ego-production/ego/xmem/easy
ego	250	xmem	easy	result.json	protocol.vocabulary		/data/narendhiran_rpx/docker-smoke/tracking-ego-production/ego/xmem/easy
ego	250	xmem	easy	result.json	protocol.vocabulary_size		/data/narendhiran_rpx/docker-smoke/tracking-ego-production/ego/xmem/easy
ego	250	xmem	easy	result.json	rpx_git_sha	2b90d59d26a8692bb5d7e5a3a8cb72df2ba941f7	/data/narendhiran_rpx/docker-smoke/tracking-ego-production/ego/xmem/easy
ego	250	xmem	easy	result.json	split	easy	/data/narendhiran_rpx/docker-smoke/tracking-ego-production/ego/xmem/easy
ego	250	xmem	easy	result.json	task	object_tracking	/data/narendhiran_rpx/docker-smoke/tracking-ego-production/ego/xmem/easy
ego	250	xmem	easy	run_metadata.json	clips	33	/data/narendhiran_rpx/docker-smoke/tracking-ego-production/ego/xmem/easy
ego	250	xmem	easy	run_metadata.json	dataset.manifest_name	ego_object_tracking	/data/narendhiran_rpx/docker-smoke/tracking-ego-production/ego/xmem/easy
ego	250	xmem	easy	run_metadata.json	dataset.manifest_sha256	dc3c68c65e06a2d563f8d4d5a5a065159edd7dcae0f5fe4795f21c27c6ac4213	/data/narendhiran_rpx/docker-smoke/tracking-ego-production/ego/xmem/easy
ego	250	xmem	easy	run_metadata.json	dataset.protocol	ego	/data/narendhiran_rpx/docker-smoke/tracking-ego-production/ego/xmem/easy
ego	250	xmem	easy	run_metadata.json	dataset.repo	IRVLUTD/RPX	/data/narendhiran_rpx/docker-smoke/tracking-ego-production/ego/xmem/easy
ego	250	xmem	easy	run_metadata.json	dataset.revision	f082723002bad5800dd85e583115b4ea05734d31	/data/narendhiran_rpx/docker-smoke/tracking-ego-production/ego/xmem/easy
ego	250	xmem	easy	run_metadata.json	dataset_protocol	ego	/data/narendhiran_rpx/docker-smoke/tracking-ego-production/ego/xmem/easy
ego	250	xmem	easy	run_metadata.json	evaluator_git_sha	2b90d59d26a8692bb5d7e5a3a8cb72df2ba941f7	/data/narendhiran_rpx/docker-smoke/tracking-ego-production/ego/xmem/easy
ego	250	xmem	easy	run_metadata.json	finished_unix	1788007138.1597068	/data/narendhiran_rpx/docker-smoke/tracking-ego-production/ego/xmem/easy
ego	250	xmem	easy	run_metadata.json	frames	7552	/data/narendhiran_rpx/docker-smoke/tracking-ego-production/ego/xmem/easy
ego	250	xmem	easy	run_metadata.json	hardware.gpu_compute_capability.__length__	2	/data/narendhiran_rpx/docker-smoke/tracking-ego-production/ego/xmem/easy
ego	250	xmem	easy	run_metadata.json	hardware.gpu_name	NVIDIA RTX 6000 Ada Generation	/data/narendhiran_rpx/docker-smoke/tracking-ego-production/ego/xmem/easy
ego	250	xmem	easy	run_metadata.json	hardware.gpu_total_memory_bytes	50865307648	/data/narendhiran_rpx/docker-smoke/tracking-ego-production/ego/xmem/easy
ego	250	xmem	easy	run_metadata.json	hardware.torch_cuda_version	12.8	/data/narendhiran_rpx/docker-smoke/tracking-ego-production/ego/xmem/easy
ego	250	xmem	easy	run_metadata.json	hardware.torch_version	2.7.1+cu128	/data/narendhiran_rpx/docker-smoke/tracking-ego-production/ego/xmem/easy
ego	250	xmem	easy	run_metadata.json	model	xmem	/data/narendhiran_rpx/docker-smoke/tracking-ego-production/ego/xmem/easy
ego	250	xmem	easy	run_metadata.json	model_checkpoint.filename	XMem.pth	/data/narendhiran_rpx/docker-smoke/tracking-ego-production/ego/xmem/easy
ego	250	xmem	easy	run_metadata.json	model_checkpoint.repo	hkchengrex/XMem	/data/narendhiran_rpx/docker-smoke/tracking-ego-production/ego/xmem/easy
ego	250	xmem	easy	run_metadata.json	model_checkpoint.revision	v1.0	/data/narendhiran_rpx/docker-smoke/tracking-ego-production/ego/xmem/easy
ego	250	xmem	easy	run_metadata.json	model_checkpoint.sha256	27776291d2f0639b4e6b372a67651579b51180aa4d8f8f89bbff2dcc09ebf6f9	/data/narendhiran_rpx/docker-smoke/tracking-ego-production/ego/xmem/easy
ego	250	xmem	easy	run_metadata.json	parameter_count	62185224	/data/narendhiran_rpx/docker-smoke/tracking-ego-production/ego/xmem/easy
ego	250	xmem	easy	run_metadata.json	phase_metrics.0.assa	0.8991538426975509	/data/narendhiran_rpx/docker-smoke/tracking-ego-production/ego/xmem/easy
ego	250	xmem	easy	run_metadata.json	phase_metrics.0.deta	0.8679390745719369	/data/narendhiran_rpx/docker-smoke/tracking-ego-production/ego/xmem/easy
ego	250	xmem	easy	run_metadata.json	phase_metrics.0.hota	0.8830089314919002	/data/narendhiran_rpx/docker-smoke/tracking-ego-production/ego/xmem/easy
ego	250	xmem	easy	run_metadata.json	phase_metrics.0.idf1	0.9381714672608095	/data/narendhiran_rpx/docker-smoke/tracking-ego-production/ego/xmem/easy
ego	250	xmem	easy	run_metadata.json	phase_metrics.0.idsw	1.4242424242424243	/data/narendhiran_rpx/docker-smoke/tracking-ego-production/ego/xmem/easy
ego	250	xmem	easy	run_metadata.json	phase_metrics.0.mota	0.8818712760009163	/data/narendhiran_rpx/docker-smoke/tracking-ego-production/ego/xmem/easy
ego	250	xmem	easy	run_metadata.json	pid	114	/data/narendhiran_rpx/docker-smoke/tracking-ego-production/ego/xmem/easy
ego	250	xmem	easy	run_metadata.json	prediction_stats.complete_clip_cache_hits	0	/data/narendhiran_rpx/docker-smoke/tracking-ego-production/ego/xmem/easy
ego	250	xmem	easy	run_metadata.json	prediction_stats.inferred_clips	33	/data/narendhiran_rpx/docker-smoke/tracking-ego-production/ego/xmem/easy
ego	250	xmem	easy	run_metadata.json	prediction_stats.model_propagation_frames	7519	/data/narendhiran_rpx/docker-smoke/tracking-ego-production/ego/xmem/easy
ego	250	xmem	easy	run_metadata.json	protocol.association_iou_threshold	0.5	/data/narendhiran_rpx/docker-smoke/tracking-ego-production/ego/xmem/easy
ego	250	xmem	easy	run_metadata.json	protocol.association_representation	tight_boxes_derived_from_instance_masks	/data/narendhiran_rpx/docker-smoke/tracking-ego-production/ego/xmem/easy
ego	250	xmem	easy	run_metadata.json	protocol.hota	mean_over_0.05_to_0.95	/data/narendhiran_rpx/docker-smoke/tracking-ego-production/ego/xmem/easy
ego	250	xmem	easy	run_metadata.json	protocol.initialization	ground_truth_first_frame_mask	/data/narendhiran_rpx/docker-smoke/tracking-ego-production/ego/xmem/easy
ego	250	xmem	easy	run_metadata.json	protocol.metric_implementation	TrackEval	/data/narendhiran_rpx/docker-smoke/tracking-ego-production/ego/xmem/easy
ego	250	xmem	easy	run_metadata.json	protocol.open_vocabulary	False	/data/narendhiran_rpx/docker-smoke/tracking-ego-production/ego/xmem/easy
ego	250	xmem	easy	run_metadata.json	protocol.scored_frames	1_to_end (initialization frame excluded)	/data/narendhiran_rpx/docker-smoke/tracking-ego-production/ego/xmem/easy
ego	250	xmem	easy	run_metadata.json	protocol.vocabulary		/data/narendhiran_rpx/docker-smoke/tracking-ego-production/ego/xmem/easy
ego	250	xmem	easy	run_metadata.json	protocol.vocabulary_size		/data/narendhiran_rpx/docker-smoke/tracking-ego-production/ego/xmem/easy
ego	250	xmem	easy	run_metadata.json	rpx_git_sha	2b90d59d26a8692bb5d7e5a3a8cb72df2ba941f7	/data/narendhiran_rpx/docker-smoke/tracking-ego-production/ego/xmem/easy
ego	250	xmem	easy	run_metadata.json	split	easy	/data/narendhiran_rpx/docker-smoke/tracking-ego-production/ego/xmem/easy
ego	250	xmem	easy	run_metadata.json	started_unix	1788004011.8645706	/data/narendhiran_rpx/docker-smoke/tracking-ego-production/ego/xmem/easy
ego	250	xmem	easy	run_metadata.json	task	object_tracking	/data/narendhiran_rpx/docker-smoke/tracking-ego-production/ego/xmem/easy
ego	250	xmem	medium	result.json	clips	33	/data/narendhiran_rpx/docker-smoke/tracking-ego-production/ego/xmem/medium
ego	250	xmem	medium	result.json	dataset.manifest_name	ego_object_tracking	/data/narendhiran_rpx/docker-smoke/tracking-ego-production/ego/xmem/medium
ego	250	xmem	medium	result.json	dataset.manifest_sha256	6de360a644255f65a44f921197fa083ee66d5e24f45e93afa76dcd6f34f30ab5	/data/narendhiran_rpx/docker-smoke/tracking-ego-production/ego/xmem/medium
ego	250	xmem	medium	result.json	dataset.protocol	ego	/data/narendhiran_rpx/docker-smoke/tracking-ego-production/ego/xmem/medium
ego	250	xmem	medium	result.json	dataset.repo	IRVLUTD/RPX	/data/narendhiran_rpx/docker-smoke/tracking-ego-production/ego/xmem/medium
ego	250	xmem	medium	result.json	dataset.revision	f082723002bad5800dd85e583115b4ea05734d31	/data/narendhiran_rpx/docker-smoke/tracking-ego-production/ego/xmem/medium
ego	250	xmem	medium	result.json	dataset_protocol	ego	/data/narendhiran_rpx/docker-smoke/tracking-ego-production/ego/xmem/medium
ego	250	xmem	medium	result.json	evaluator_git_sha	2b90d59d26a8692bb5d7e5a3a8cb72df2ba941f7	/data/narendhiran_rpx/docker-smoke/tracking-ego-production/ego/xmem/medium
ego	250	xmem	medium	result.json	frames	7691	/data/narendhiran_rpx/docker-smoke/tracking-ego-production/ego/xmem/medium
ego	250	xmem	medium	result.json	hardware.gpu_compute_capability.__length__	2	/data/narendhiran_rpx/docker-smoke/tracking-ego-production/ego/xmem/medium
ego	250	xmem	medium	result.json	hardware.gpu_name	NVIDIA RTX 6000 Ada Generation	/data/narendhiran_rpx/docker-smoke/tracking-ego-production/ego/xmem/medium
ego	250	xmem	medium	result.json	hardware.gpu_total_memory_bytes	50865307648	/data/narendhiran_rpx/docker-smoke/tracking-ego-production/ego/xmem/medium
ego	250	xmem	medium	result.json	hardware.torch_cuda_version	12.8	/data/narendhiran_rpx/docker-smoke/tracking-ego-production/ego/xmem/medium
ego	250	xmem	medium	result.json	hardware.torch_version	2.7.1+cu128	/data/narendhiran_rpx/docker-smoke/tracking-ego-production/ego/xmem/medium
ego	250	xmem	medium	result.json	model	xmem	/data/narendhiran_rpx/docker-smoke/tracking-ego-production/ego/xmem/medium
ego	250	xmem	medium	result.json	model_checkpoint.filename	XMem.pth	/data/narendhiran_rpx/docker-smoke/tracking-ego-production/ego/xmem/medium
ego	250	xmem	medium	result.json	model_checkpoint.repo	hkchengrex/XMem	/data/narendhiran_rpx/docker-smoke/tracking-ego-production/ego/xmem/medium
ego	250	xmem	medium	result.json	model_checkpoint.revision	v1.0	/data/narendhiran_rpx/docker-smoke/tracking-ego-production/ego/xmem/medium
ego	250	xmem	medium	result.json	model_checkpoint.sha256	27776291d2f0639b4e6b372a67651579b51180aa4d8f8f89bbff2dcc09ebf6f9	/data/narendhiran_rpx/docker-smoke/tracking-ego-production/ego/xmem/medium
ego	250	xmem	medium	result.json	phase_metrics.0.assa	0.8793152956663526	/data/narendhiran_rpx/docker-smoke/tracking-ego-production/ego/xmem/medium
ego	250	xmem	medium	result.json	phase_metrics.0.deta	0.8441154026246818	/data/narendhiran_rpx/docker-smoke/tracking-ego-production/ego/xmem/medium
ego	250	xmem	medium	result.json	phase_metrics.0.hota	0.8597254316867232	/data/narendhiran_rpx/docker-smoke/tracking-ego-production/ego/xmem/medium
ego	250	xmem	medium	result.json	phase_metrics.0.idf1	0.9169388293585621	/data/narendhiran_rpx/docker-smoke/tracking-ego-production/ego/xmem/medium
ego	250	xmem	medium	result.json	phase_metrics.0.idsw	1.303030303030303	/data/narendhiran_rpx/docker-smoke/tracking-ego-production/ego/xmem/medium
ego	250	xmem	medium	result.json	phase_metrics.0.mota	0.8599281625147255	/data/narendhiran_rpx/docker-smoke/tracking-ego-production/ego/xmem/medium
ego	250	xmem	medium	result.json	prediction_stats.complete_clip_cache_hits	0	/data/narendhiran_rpx/docker-smoke/tracking-ego-production/ego/xmem/medium
ego	250	xmem	medium	result.json	prediction_stats.inferred_clips	33	/data/narendhiran_rpx/docker-smoke/tracking-ego-production/ego/xmem/medium
ego	250	xmem	medium	result.json	prediction_stats.model_propagation_frames	7658	/data/narendhiran_rpx/docker-smoke/tracking-ego-production/ego/xmem/medium
ego	250	xmem	medium	result.json	protocol.association_iou_threshold	0.5	/data/narendhiran_rpx/docker-smoke/tracking-ego-production/ego/xmem/medium
ego	250	xmem	medium	result.json	protocol.association_representation	tight_boxes_derived_from_instance_masks	/data/narendhiran_rpx/docker-smoke/tracking-ego-production/ego/xmem/medium
ego	250	xmem	medium	result.json	protocol.hota	mean_over_0.05_to_0.95	/data/narendhiran_rpx/docker-smoke/tracking-ego-production/ego/xmem/medium
ego	250	xmem	medium	result.json	protocol.initialization	ground_truth_first_frame_mask	/data/narendhiran_rpx/docker-smoke/tracking-ego-production/ego/xmem/medium
ego	250	xmem	medium	result.json	protocol.metric_implementation	TrackEval	/data/narendhiran_rpx/docker-smoke/tracking-ego-production/ego/xmem/medium
ego	250	xmem	medium	result.json	protocol.open_vocabulary	False	/data/narendhiran_rpx/docker-smoke/tracking-ego-production/ego/xmem/medium
ego	250	xmem	medium	result.json	protocol.scored_frames	1_to_end (initialization frame excluded)	/data/narendhiran_rpx/docker-smoke/tracking-ego-production/ego/xmem/medium
ego	250	xmem	medium	result.json	protocol.vocabulary		/data/narendhiran_rpx/docker-smoke/tracking-ego-production/ego/xmem/medium
ego	250	xmem	medium	result.json	protocol.vocabulary_size		/data/narendhiran_rpx/docker-smoke/tracking-ego-production/ego/xmem/medium
ego	250	xmem	medium	result.json	rpx_git_sha	2b90d59d26a8692bb5d7e5a3a8cb72df2ba941f7	/data/narendhiran_rpx/docker-smoke/tracking-ego-production/ego/xmem/medium
ego	250	xmem	medium	result.json	split	medium	/data/narendhiran_rpx/docker-smoke/tracking-ego-production/ego/xmem/medium
ego	250	xmem	medium	result.json	task	object_tracking	/data/narendhiran_rpx/docker-smoke/tracking-ego-production/ego/xmem/medium
ego	250	xmem	medium	run_metadata.json	clips	33	/data/narendhiran_rpx/docker-smoke/tracking-ego-production/ego/xmem/medium
ego	250	xmem	medium	run_metadata.json	dataset.manifest_name	ego_object_tracking	/data/narendhiran_rpx/docker-smoke/tracking-ego-production/ego/xmem/medium
ego	250	xmem	medium	run_metadata.json	dataset.manifest_sha256	6de360a644255f65a44f921197fa083ee66d5e24f45e93afa76dcd6f34f30ab5	/data/narendhiran_rpx/docker-smoke/tracking-ego-production/ego/xmem/medium
ego	250	xmem	medium	run_metadata.json	dataset.protocol	ego	/data/narendhiran_rpx/docker-smoke/tracking-ego-production/ego/xmem/medium
ego	250	xmem	medium	run_metadata.json	dataset.repo	IRVLUTD/RPX	/data/narendhiran_rpx/docker-smoke/tracking-ego-production/ego/xmem/medium
ego	250	xmem	medium	run_metadata.json	dataset.revision	f082723002bad5800dd85e583115b4ea05734d31	/data/narendhiran_rpx/docker-smoke/tracking-ego-production/ego/xmem/medium
ego	250	xmem	medium	run_metadata.json	dataset_protocol	ego	/data/narendhiran_rpx/docker-smoke/tracking-ego-production/ego/xmem/medium
ego	250	xmem	medium	run_metadata.json	evaluator_git_sha	2b90d59d26a8692bb5d7e5a3a8cb72df2ba941f7	/data/narendhiran_rpx/docker-smoke/tracking-ego-production/ego/xmem/medium
ego	250	xmem	medium	run_metadata.json	finished_unix	1788010271.5675733	/data/narendhiran_rpx/docker-smoke/tracking-ego-production/ego/xmem/medium
ego	250	xmem	medium	run_metadata.json	frames	7691	/data/narendhiran_rpx/docker-smoke/tracking-ego-production/ego/xmem/medium
ego	250	xmem	medium	run_metadata.json	hardware.gpu_compute_capability.__length__	2	/data/narendhiran_rpx/docker-smoke/tracking-ego-production/ego/xmem/medium
ego	250	xmem	medium	run_metadata.json	hardware.gpu_name	NVIDIA RTX 6000 Ada Generation	/data/narendhiran_rpx/docker-smoke/tracking-ego-production/ego/xmem/medium
ego	250	xmem	medium	run_metadata.json	hardware.gpu_total_memory_bytes	50865307648	/data/narendhiran_rpx/docker-smoke/tracking-ego-production/ego/xmem/medium
ego	250	xmem	medium	run_metadata.json	hardware.torch_cuda_version	12.8	/data/narendhiran_rpx/docker-smoke/tracking-ego-production/ego/xmem/medium
ego	250	xmem	medium	run_metadata.json	hardware.torch_version	2.7.1+cu128	/data/narendhiran_rpx/docker-smoke/tracking-ego-production/ego/xmem/medium
ego	250	xmem	medium	run_metadata.json	model	xmem	/data/narendhiran_rpx/docker-smoke/tracking-ego-production/ego/xmem/medium
ego	250	xmem	medium	run_metadata.json	model_checkpoint.filename	XMem.pth	/data/narendhiran_rpx/docker-smoke/tracking-ego-production/ego/xmem/medium
ego	250	xmem	medium	run_metadata.json	model_checkpoint.repo	hkchengrex/XMem	/data/narendhiran_rpx/docker-smoke/tracking-ego-production/ego/xmem/medium
ego	250	xmem	medium	run_metadata.json	model_checkpoint.revision	v1.0	/data/narendhiran_rpx/docker-smoke/tracking-ego-production/ego/xmem/medium
ego	250	xmem	medium	run_metadata.json	model_checkpoint.sha256	27776291d2f0639b4e6b372a67651579b51180aa4d8f8f89bbff2dcc09ebf6f9	/data/narendhiran_rpx/docker-smoke/tracking-ego-production/ego/xmem/medium
ego	250	xmem	medium	run_metadata.json	parameter_count	62185224	/data/narendhiran_rpx/docker-smoke/tracking-ego-production/ego/xmem/medium
ego	250	xmem	medium	run_metadata.json	phase_metrics.0.assa	0.8793152956663526	/data/narendhiran_rpx/docker-smoke/tracking-ego-production/ego/xmem/medium
ego	250	xmem	medium	run_metadata.json	phase_metrics.0.deta	0.8441154026246818	/data/narendhiran_rpx/docker-smoke/tracking-ego-production/ego/xmem/medium
ego	250	xmem	medium	run_metadata.json	phase_metrics.0.hota	0.8597254316867232	/data/narendhiran_rpx/docker-smoke/tracking-ego-production/ego/xmem/medium
ego	250	xmem	medium	run_metadata.json	phase_metrics.0.idf1	0.9169388293585621	/data/narendhiran_rpx/docker-smoke/tracking-ego-production/ego/xmem/medium
ego	250	xmem	medium	run_metadata.json	phase_metrics.0.idsw	1.303030303030303	/data/narendhiran_rpx/docker-smoke/tracking-ego-production/ego/xmem/medium
ego	250	xmem	medium	run_metadata.json	phase_metrics.0.mota	0.8599281625147255	/data/narendhiran_rpx/docker-smoke/tracking-ego-production/ego/xmem/medium
ego	250	xmem	medium	run_metadata.json	pid	286	/data/narendhiran_rpx/docker-smoke/tracking-ego-production/ego/xmem/medium
ego	250	xmem	medium	run_metadata.json	prediction_stats.complete_clip_cache_hits	0	/data/narendhiran_rpx/docker-smoke/tracking-ego-production/ego/xmem/medium
ego	250	xmem	medium	run_metadata.json	prediction_stats.inferred_clips	33	/data/narendhiran_rpx/docker-smoke/tracking-ego-production/ego/xmem/medium
ego	250	xmem	medium	run_metadata.json	prediction_stats.model_propagation_frames	7658	/data/narendhiran_rpx/docker-smoke/tracking-ego-production/ego/xmem/medium
ego	250	xmem	medium	run_metadata.json	protocol.association_iou_threshold	0.5	/data/narendhiran_rpx/docker-smoke/tracking-ego-production/ego/xmem/medium
ego	250	xmem	medium	run_metadata.json	protocol.association_representation	tight_boxes_derived_from_instance_masks	/data/narendhiran_rpx/docker-smoke/tracking-ego-production/ego/xmem/medium
ego	250	xmem	medium	run_metadata.json	protocol.hota	mean_over_0.05_to_0.95	/data/narendhiran_rpx/docker-smoke/tracking-ego-production/ego/xmem/medium
ego	250	xmem	medium	run_metadata.json	protocol.initialization	ground_truth_first_frame_mask	/data/narendhiran_rpx/docker-smoke/tracking-ego-production/ego/xmem/medium
ego	250	xmem	medium	run_metadata.json	protocol.metric_implementation	TrackEval	/data/narendhiran_rpx/docker-smoke/tracking-ego-production/ego/xmem/medium
ego	250	xmem	medium	run_metadata.json	protocol.open_vocabulary	False	/data/narendhiran_rpx/docker-smoke/tracking-ego-production/ego/xmem/medium
ego	250	xmem	medium	run_metadata.json	protocol.scored_frames	1_to_end (initialization frame excluded)	/data/narendhiran_rpx/docker-smoke/tracking-ego-production/ego/xmem/medium
ego	250	xmem	medium	run_metadata.json	protocol.vocabulary		/data/narendhiran_rpx/docker-smoke/tracking-ego-production/ego/xmem/medium
ego	250	xmem	medium	run_metadata.json	protocol.vocabulary_size		/data/narendhiran_rpx/docker-smoke/tracking-ego-production/ego/xmem/medium
ego	250	xmem	medium	run_metadata.json	rpx_git_sha	2b90d59d26a8692bb5d7e5a3a8cb72df2ba941f7	/data/narendhiran_rpx/docker-smoke/tracking-ego-production/ego/xmem/medium
ego	250	xmem	medium	run_metadata.json	split	medium	/data/narendhiran_rpx/docker-smoke/tracking-ego-production/ego/xmem/medium
ego	250	xmem	medium	run_metadata.json	started_unix	1788007179.8961444	/data/narendhiran_rpx/docker-smoke/tracking-ego-production/ego/xmem/medium
ego	250	xmem	medium	run_metadata.json	task	object_tracking	/data/narendhiran_rpx/docker-smoke/tracking-ego-production/ego/xmem/medium
ego	250	xmem	hard	result.json	clips	34	/data/narendhiran_rpx/docker-smoke/tracking-ego-production/ego/xmem/hard
ego	250	xmem	hard	result.json	dataset.manifest_name	ego_object_tracking	/data/narendhiran_rpx/docker-smoke/tracking-ego-production/ego/xmem/hard
ego	250	xmem	hard	result.json	dataset.manifest_sha256	7c85f17bf58843d0cf533825c4feb9d1d608bff1e90e49960b980324618278d0	/data/narendhiran_rpx/docker-smoke/tracking-ego-production/ego/xmem/hard
ego	250	xmem	hard	result.json	dataset.protocol	ego	/data/narendhiran_rpx/docker-smoke/tracking-ego-production/ego/xmem/hard
ego	250	xmem	hard	result.json	dataset.repo	IRVLUTD/RPX	/data/narendhiran_rpx/docker-smoke/tracking-ego-production/ego/xmem/hard
ego	250	xmem	hard	result.json	dataset.revision	f082723002bad5800dd85e583115b4ea05734d31	/data/narendhiran_rpx/docker-smoke/tracking-ego-production/ego/xmem/hard
ego	250	xmem	hard	result.json	dataset_protocol	ego	/data/narendhiran_rpx/docker-smoke/tracking-ego-production/ego/xmem/hard
ego	250	xmem	hard	result.json	evaluator_git_sha	2b90d59d26a8692bb5d7e5a3a8cb72df2ba941f7	/data/narendhiran_rpx/docker-smoke/tracking-ego-production/ego/xmem/hard
ego	250	xmem	hard	result.json	frames	7878	/data/narendhiran_rpx/docker-smoke/tracking-ego-production/ego/xmem/hard
ego	250	xmem	hard	result.json	hardware.gpu_compute_capability.__length__	2	/data/narendhiran_rpx/docker-smoke/tracking-ego-production/ego/xmem/hard
ego	250	xmem	hard	result.json	hardware.gpu_name	NVIDIA RTX 6000 Ada Generation	/data/narendhiran_rpx/docker-smoke/tracking-ego-production/ego/xmem/hard
ego	250	xmem	hard	result.json	hardware.gpu_total_memory_bytes	50865307648	/data/narendhiran_rpx/docker-smoke/tracking-ego-production/ego/xmem/hard
ego	250	xmem	hard	result.json	hardware.torch_cuda_version	12.8	/data/narendhiran_rpx/docker-smoke/tracking-ego-production/ego/xmem/hard
ego	250	xmem	hard	result.json	hardware.torch_version	2.7.1+cu128	/data/narendhiran_rpx/docker-smoke/tracking-ego-production/ego/xmem/hard
ego	250	xmem	hard	result.json	model	xmem	/data/narendhiran_rpx/docker-smoke/tracking-ego-production/ego/xmem/hard
ego	250	xmem	hard	result.json	model_checkpoint.filename	XMem.pth	/data/narendhiran_rpx/docker-smoke/tracking-ego-production/ego/xmem/hard
ego	250	xmem	hard	result.json	model_checkpoint.repo	hkchengrex/XMem	/data/narendhiran_rpx/docker-smoke/tracking-ego-production/ego/xmem/hard
ego	250	xmem	hard	result.json	model_checkpoint.revision	v1.0	/data/narendhiran_rpx/docker-smoke/tracking-ego-production/ego/xmem/hard
ego	250	xmem	hard	result.json	model_checkpoint.sha256	27776291d2f0639b4e6b372a67651579b51180aa4d8f8f89bbff2dcc09ebf6f9	/data/narendhiran_rpx/docker-smoke/tracking-ego-production/ego/xmem/hard
ego	250	xmem	hard	result.json	phase_metrics.0.assa	0.8881948530418721	/data/narendhiran_rpx/docker-smoke/tracking-ego-production/ego/xmem/hard
ego	250	xmem	hard	result.json	phase_metrics.0.deta	0.838382225846763	/data/narendhiran_rpx/docker-smoke/tracking-ego-production/ego/xmem/hard
ego	250	xmem	hard	result.json	phase_metrics.0.hota	0.8617843289902817	/data/narendhiran_rpx/docker-smoke/tracking-ego-production/ego/xmem/hard
ego	250	xmem	hard	result.json	phase_metrics.0.idf1	0.9182983077585767	/data/narendhiran_rpx/docker-smoke/tracking-ego-production/ego/xmem/hard
ego	250	xmem	hard	result.json	phase_metrics.0.idsw	1.7352941176470589	/data/narendhiran_rpx/docker-smoke/tracking-ego-production/ego/xmem/hard
ego	250	xmem	hard	result.json	phase_metrics.0.mota	0.8430896904817973	/data/narendhiran_rpx/docker-smoke/tracking-ego-production/ego/xmem/hard
ego	250	xmem	hard	result.json	prediction_stats.complete_clip_cache_hits	0	/data/narendhiran_rpx/docker-smoke/tracking-ego-production/ego/xmem/hard
ego	250	xmem	hard	result.json	prediction_stats.inferred_clips	34	/data/narendhiran_rpx/docker-smoke/tracking-ego-production/ego/xmem/hard
ego	250	xmem	hard	result.json	prediction_stats.model_propagation_frames	7844	/data/narendhiran_rpx/docker-smoke/tracking-ego-production/ego/xmem/hard
ego	250	xmem	hard	result.json	protocol.association_iou_threshold	0.5	/data/narendhiran_rpx/docker-smoke/tracking-ego-production/ego/xmem/hard
ego	250	xmem	hard	result.json	protocol.association_representation	tight_boxes_derived_from_instance_masks	/data/narendhiran_rpx/docker-smoke/tracking-ego-production/ego/xmem/hard
ego	250	xmem	hard	result.json	protocol.hota	mean_over_0.05_to_0.95	/data/narendhiran_rpx/docker-smoke/tracking-ego-production/ego/xmem/hard
ego	250	xmem	hard	result.json	protocol.initialization	ground_truth_first_frame_mask	/data/narendhiran_rpx/docker-smoke/tracking-ego-production/ego/xmem/hard
ego	250	xmem	hard	result.json	protocol.metric_implementation	TrackEval	/data/narendhiran_rpx/docker-smoke/tracking-ego-production/ego/xmem/hard
ego	250	xmem	hard	result.json	protocol.open_vocabulary	False	/data/narendhiran_rpx/docker-smoke/tracking-ego-production/ego/xmem/hard
ego	250	xmem	hard	result.json	protocol.scored_frames	1_to_end (initialization frame excluded)	/data/narendhiran_rpx/docker-smoke/tracking-ego-production/ego/xmem/hard
ego	250	xmem	hard	result.json	protocol.vocabulary		/data/narendhiran_rpx/docker-smoke/tracking-ego-production/ego/xmem/hard
ego	250	xmem	hard	result.json	protocol.vocabulary_size		/data/narendhiran_rpx/docker-smoke/tracking-ego-production/ego/xmem/hard
ego	250	xmem	hard	result.json	rpx_git_sha	2b90d59d26a8692bb5d7e5a3a8cb72df2ba941f7	/data/narendhiran_rpx/docker-smoke/tracking-ego-production/ego/xmem/hard
ego	250	xmem	hard	result.json	split	hard	/data/narendhiran_rpx/docker-smoke/tracking-ego-production/ego/xmem/hard
ego	250	xmem	hard	result.json	task	object_tracking	/data/narendhiran_rpx/docker-smoke/tracking-ego-production/ego/xmem/hard
ego	250	xmem	hard	run_metadata.json	clips	34	/data/narendhiran_rpx/docker-smoke/tracking-ego-production/ego/xmem/hard
ego	250	xmem	hard	run_metadata.json	dataset.manifest_name	ego_object_tracking	/data/narendhiran_rpx/docker-smoke/tracking-ego-production/ego/xmem/hard
ego	250	xmem	hard	run_metadata.json	dataset.manifest_sha256	7c85f17bf58843d0cf533825c4feb9d1d608bff1e90e49960b980324618278d0	/data/narendhiran_rpx/docker-smoke/tracking-ego-production/ego/xmem/hard
ego	250	xmem	hard	run_metadata.json	dataset.protocol	ego	/data/narendhiran_rpx/docker-smoke/tracking-ego-production/ego/xmem/hard
ego	250	xmem	hard	run_metadata.json	dataset.repo	IRVLUTD/RPX	/data/narendhiran_rpx/docker-smoke/tracking-ego-production/ego/xmem/hard
ego	250	xmem	hard	run_metadata.json	dataset.revision	f082723002bad5800dd85e583115b4ea05734d31	/data/narendhiran_rpx/docker-smoke/tracking-ego-production/ego/xmem/hard
ego	250	xmem	hard	run_metadata.json	dataset_protocol	ego	/data/narendhiran_rpx/docker-smoke/tracking-ego-production/ego/xmem/hard
ego	250	xmem	hard	run_metadata.json	evaluator_git_sha	2b90d59d26a8692bb5d7e5a3a8cb72df2ba941f7	/data/narendhiran_rpx/docker-smoke/tracking-ego-production/ego/xmem/hard
ego	250	xmem	hard	run_metadata.json	finished_unix	1788013442.7635443	/data/narendhiran_rpx/docker-smoke/tracking-ego-production/ego/xmem/hard
ego	250	xmem	hard	run_metadata.json	frames	7878	/data/narendhiran_rpx/docker-smoke/tracking-ego-production/ego/xmem/hard
ego	250	xmem	hard	run_metadata.json	hardware.gpu_compute_capability.__length__	2	/data/narendhiran_rpx/docker-smoke/tracking-ego-production/ego/xmem/hard
ego	250	xmem	hard	run_metadata.json	hardware.gpu_name	NVIDIA RTX 6000 Ada Generation	/data/narendhiran_rpx/docker-smoke/tracking-ego-production/ego/xmem/hard
ego	250	xmem	hard	run_metadata.json	hardware.gpu_total_memory_bytes	50865307648	/data/narendhiran_rpx/docker-smoke/tracking-ego-production/ego/xmem/hard
ego	250	xmem	hard	run_metadata.json	hardware.torch_cuda_version	12.8	/data/narendhiran_rpx/docker-smoke/tracking-ego-production/ego/xmem/hard
ego	250	xmem	hard	run_metadata.json	hardware.torch_version	2.7.1+cu128	/data/narendhiran_rpx/docker-smoke/tracking-ego-production/ego/xmem/hard
ego	250	xmem	hard	run_metadata.json	model	xmem	/data/narendhiran_rpx/docker-smoke/tracking-ego-production/ego/xmem/hard
ego	250	xmem	hard	run_metadata.json	model_checkpoint.filename	XMem.pth	/data/narendhiran_rpx/docker-smoke/tracking-ego-production/ego/xmem/hard
ego	250	xmem	hard	run_metadata.json	model_checkpoint.repo	hkchengrex/XMem	/data/narendhiran_rpx/docker-smoke/tracking-ego-production/ego/xmem/hard
ego	250	xmem	hard	run_metadata.json	model_checkpoint.revision	v1.0	/data/narendhiran_rpx/docker-smoke/tracking-ego-production/ego/xmem/hard
ego	250	xmem	hard	run_metadata.json	model_checkpoint.sha256	27776291d2f0639b4e6b372a67651579b51180aa4d8f8f89bbff2dcc09ebf6f9	/data/narendhiran_rpx/docker-smoke/tracking-ego-production/ego/xmem/hard
ego	250	xmem	hard	run_metadata.json	parameter_count	62185224	/data/narendhiran_rpx/docker-smoke/tracking-ego-production/ego/xmem/hard
ego	250	xmem	hard	run_metadata.json	phase_metrics.0.assa	0.8881948530418721	/data/narendhiran_rpx/docker-smoke/tracking-ego-production/ego/xmem/hard
ego	250	xmem	hard	run_metadata.json	phase_metrics.0.deta	0.838382225846763	/data/narendhiran_rpx/docker-smoke/tracking-ego-production/ego/xmem/hard
ego	250	xmem	hard	run_metadata.json	phase_metrics.0.hota	0.8617843289902817	/data/narendhiran_rpx/docker-smoke/tracking-ego-production/ego/xmem/hard
ego	250	xmem	hard	run_metadata.json	phase_metrics.0.idf1	0.9182983077585767	/data/narendhiran_rpx/docker-smoke/tracking-ego-production/ego/xmem/hard
ego	250	xmem	hard	run_metadata.json	phase_metrics.0.idsw	1.7352941176470589	/data/narendhiran_rpx/docker-smoke/tracking-ego-production/ego/xmem/hard
ego	250	xmem	hard	run_metadata.json	phase_metrics.0.mota	0.8430896904817973	/data/narendhiran_rpx/docker-smoke/tracking-ego-production/ego/xmem/hard
ego	250	xmem	hard	run_metadata.json	pid	457	/data/narendhiran_rpx/docker-smoke/tracking-ego-production/ego/xmem/hard
ego	250	xmem	hard	run_metadata.json	prediction_stats.complete_clip_cache_hits	0	/data/narendhiran_rpx/docker-smoke/tracking-ego-production/ego/xmem/hard
ego	250	xmem	hard	run_metadata.json	prediction_stats.inferred_clips	34	/data/narendhiran_rpx/docker-smoke/tracking-ego-production/ego/xmem/hard
ego	250	xmem	hard	run_metadata.json	prediction_stats.model_propagation_frames	7844	/data/narendhiran_rpx/docker-smoke/tracking-ego-production/ego/xmem/hard
ego	250	xmem	hard	run_metadata.json	protocol.association_iou_threshold	0.5	/data/narendhiran_rpx/docker-smoke/tracking-ego-production/ego/xmem/hard
ego	250	xmem	hard	run_metadata.json	protocol.association_representation	tight_boxes_derived_from_instance_masks	/data/narendhiran_rpx/docker-smoke/tracking-ego-production/ego/xmem/hard
ego	250	xmem	hard	run_metadata.json	protocol.hota	mean_over_0.05_to_0.95	/data/narendhiran_rpx/docker-smoke/tracking-ego-production/ego/xmem/hard
ego	250	xmem	hard	run_metadata.json	protocol.initialization	ground_truth_first_frame_mask	/data/narendhiran_rpx/docker-smoke/tracking-ego-production/ego/xmem/hard
ego	250	xmem	hard	run_metadata.json	protocol.metric_implementation	TrackEval	/data/narendhiran_rpx/docker-smoke/tracking-ego-production/ego/xmem/hard
ego	250	xmem	hard	run_metadata.json	protocol.open_vocabulary	False	/data/narendhiran_rpx/docker-smoke/tracking-ego-production/ego/xmem/hard
ego	250	xmem	hard	run_metadata.json	protocol.scored_frames	1_to_end (initialization frame excluded)	/data/narendhiran_rpx/docker-smoke/tracking-ego-production/ego/xmem/hard
ego	250	xmem	hard	run_metadata.json	protocol.vocabulary		/data/narendhiran_rpx/docker-smoke/tracking-ego-production/ego/xmem/hard
ego	250	xmem	hard	run_metadata.json	protocol.vocabulary_size		/data/narendhiran_rpx/docker-smoke/tracking-ego-production/ego/xmem/hard
ego	250	xmem	hard	run_metadata.json	rpx_git_sha	2b90d59d26a8692bb5d7e5a3a8cb72df2ba941f7	/data/narendhiran_rpx/docker-smoke/tracking-ego-production/ego/xmem/hard
ego	250	xmem	hard	run_metadata.json	split	hard	/data/narendhiran_rpx/docker-smoke/tracking-ego-production/ego/xmem/hard
ego	250	xmem	hard	run_metadata.json	started_unix	1788010312.9012895	/data/narendhiran_rpx/docker-smoke/tracking-ego-production/ego/xmem/hard
ego	250	xmem	hard	run_metadata.json	task	object_tracking	/data/narendhiran_rpx/docker-smoke/tracking-ego-production/ego/xmem/hard
ego	250	mits	easy	result.json	clips	33	/data/narendhiran_rpx/docker-smoke/tracking-ego-production/ego/mits/easy
ego	250	mits	easy	result.json	dataset.manifest_name	ego_object_tracking	/data/narendhiran_rpx/docker-smoke/tracking-ego-production/ego/mits/easy
ego	250	mits	easy	result.json	dataset.manifest_sha256	dc3c68c65e06a2d563f8d4d5a5a065159edd7dcae0f5fe4795f21c27c6ac4213	/data/narendhiran_rpx/docker-smoke/tracking-ego-production/ego/mits/easy
ego	250	mits	easy	result.json	dataset.protocol	ego	/data/narendhiran_rpx/docker-smoke/tracking-ego-production/ego/mits/easy
ego	250	mits	easy	result.json	dataset.repo	IRVLUTD/RPX	/data/narendhiran_rpx/docker-smoke/tracking-ego-production/ego/mits/easy
ego	250	mits	easy	result.json	dataset.revision	f082723002bad5800dd85e583115b4ea05734d31	/data/narendhiran_rpx/docker-smoke/tracking-ego-production/ego/mits/easy
ego	250	mits	easy	result.json	dataset_protocol	ego	/data/narendhiran_rpx/docker-smoke/tracking-ego-production/ego/mits/easy
ego	250	mits	easy	result.json	evaluator_git_sha	2b90d59d26a8692bb5d7e5a3a8cb72df2ba941f7	/data/narendhiran_rpx/docker-smoke/tracking-ego-production/ego/mits/easy
ego	250	mits	easy	result.json	frames	7552	/data/narendhiran_rpx/docker-smoke/tracking-ego-production/ego/mits/easy
ego	250	mits	easy	result.json	hardware.gpu_compute_capability.__length__	2	/data/narendhiran_rpx/docker-smoke/tracking-ego-production/ego/mits/easy
ego	250	mits	easy	result.json	hardware.gpu_name	NVIDIA RTX 6000 Ada Generation	/data/narendhiran_rpx/docker-smoke/tracking-ego-production/ego/mits/easy
ego	250	mits	easy	result.json	hardware.gpu_total_memory_bytes	50865307648	/data/narendhiran_rpx/docker-smoke/tracking-ego-production/ego/mits/easy
ego	250	mits	easy	result.json	hardware.torch_cuda_version	12.8	/data/narendhiran_rpx/docker-smoke/tracking-ego-production/ego/mits/easy
ego	250	mits	easy	result.json	hardware.torch_version	2.7.1+cu128	/data/narendhiran_rpx/docker-smoke/tracking-ego-production/ego/mits/easy
ego	250	mits	easy	result.json	model	mits	/data/narendhiran_rpx/docker-smoke/tracking-ego-production/ego/mits/easy
ego	250	mits	easy	result.json	model_checkpoint.filename	mits.pth	/data/narendhiran_rpx/docker-smoke/tracking-ego-production/ego/mits/easy
ego	250	mits	easy	result.json	model_checkpoint.repo	yoxu515/MITS	/data/narendhiran_rpx/docker-smoke/tracking-ego-production/ego/mits/easy
ego	250	mits	easy	result.json	model_checkpoint.revision	gdrive-1Db9DxXc-gyRkxhKs0AMXJ2RH6DyHWCfq	/data/narendhiran_rpx/docker-smoke/tracking-ego-production/ego/mits/easy
ego	250	mits	easy	result.json	model_checkpoint.sha256	9291f533b9e47b22803acedc941761fdffbcd023ceffe5c611d540e3509d3f22	/data/narendhiran_rpx/docker-smoke/tracking-ego-production/ego/mits/easy
ego	250	mits	easy	result.json	phase_metrics.0.assa	0.865977583680539	/data/narendhiran_rpx/docker-smoke/tracking-ego-production/ego/mits/easy
ego	250	mits	easy	result.json	phase_metrics.0.deta	0.8424724091537652	/data/narendhiran_rpx/docker-smoke/tracking-ego-production/ego/mits/easy
ego	250	mits	easy	result.json	phase_metrics.0.hota	0.853584908358967	/data/narendhiran_rpx/docker-smoke/tracking-ego-production/ego/mits/easy
ego	250	mits	easy	result.json	phase_metrics.0.idf1	0.9156149098965438	/data/narendhiran_rpx/docker-smoke/tracking-ego-production/ego/mits/easy
ego	250	mits	easy	result.json	phase_metrics.0.idsw	4.757575757575758	/data/narendhiran_rpx/docker-smoke/tracking-ego-production/ego/mits/easy
ego	250	mits	easy	result.json	phase_metrics.0.mota	0.8395055909274809	/data/narendhiran_rpx/docker-smoke/tracking-ego-production/ego/mits/easy
ego	250	mits	easy	result.json	prediction_stats.complete_clip_cache_hits	0	/data/narendhiran_rpx/docker-smoke/tracking-ego-production/ego/mits/easy
ego	250	mits	easy	result.json	prediction_stats.inferred_clips	33	/data/narendhiran_rpx/docker-smoke/tracking-ego-production/ego/mits/easy
ego	250	mits	easy	result.json	prediction_stats.model_propagation_frames	7519	/data/narendhiran_rpx/docker-smoke/tracking-ego-production/ego/mits/easy
ego	250	mits	easy	result.json	protocol.association_iou_threshold	0.5	/data/narendhiran_rpx/docker-smoke/tracking-ego-production/ego/mits/easy
ego	250	mits	easy	result.json	protocol.association_representation	tight_boxes_derived_from_instance_masks	/data/narendhiran_rpx/docker-smoke/tracking-ego-production/ego/mits/easy
ego	250	mits	easy	result.json	protocol.hota	mean_over_0.05_to_0.95	/data/narendhiran_rpx/docker-smoke/tracking-ego-production/ego/mits/easy
ego	250	mits	easy	result.json	protocol.initialization	ground_truth_first_frame_box	/data/narendhiran_rpx/docker-smoke/tracking-ego-production/ego/mits/easy
ego	250	mits	easy	result.json	protocol.metric_implementation	TrackEval	/data/narendhiran_rpx/docker-smoke/tracking-ego-production/ego/mits/easy
ego	250	mits	easy	result.json	protocol.open_vocabulary	False	/data/narendhiran_rpx/docker-smoke/tracking-ego-production/ego/mits/easy
ego	250	mits	easy	result.json	protocol.scored_frames	1_to_end (initialization frame excluded)	/data/narendhiran_rpx/docker-smoke/tracking-ego-production/ego/mits/easy
ego	250	mits	easy	result.json	protocol.vocabulary		/data/narendhiran_rpx/docker-smoke/tracking-ego-production/ego/mits/easy
ego	250	mits	easy	result.json	protocol.vocabulary_size		/data/narendhiran_rpx/docker-smoke/tracking-ego-production/ego/mits/easy
ego	250	mits	easy	result.json	rpx_git_sha	2b90d59d26a8692bb5d7e5a3a8cb72df2ba941f7	/data/narendhiran_rpx/docker-smoke/tracking-ego-production/ego/mits/easy
ego	250	mits	easy	result.json	split	easy	/data/narendhiran_rpx/docker-smoke/tracking-ego-production/ego/mits/easy
ego	250	mits	easy	result.json	task	object_tracking	/data/narendhiran_rpx/docker-smoke/tracking-ego-production/ego/mits/easy
ego	250	mits	easy	run_metadata.json	clips	33	/data/narendhiran_rpx/docker-smoke/tracking-ego-production/ego/mits/easy
ego	250	mits	easy	run_metadata.json	dataset.manifest_name	ego_object_tracking	/data/narendhiran_rpx/docker-smoke/tracking-ego-production/ego/mits/easy
ego	250	mits	easy	run_metadata.json	dataset.manifest_sha256	dc3c68c65e06a2d563f8d4d5a5a065159edd7dcae0f5fe4795f21c27c6ac4213	/data/narendhiran_rpx/docker-smoke/tracking-ego-production/ego/mits/easy
ego	250	mits	easy	run_metadata.json	dataset.protocol	ego	/data/narendhiran_rpx/docker-smoke/tracking-ego-production/ego/mits/easy
ego	250	mits	easy	run_metadata.json	dataset.repo	IRVLUTD/RPX	/data/narendhiran_rpx/docker-smoke/tracking-ego-production/ego/mits/easy
ego	250	mits	easy	run_metadata.json	dataset.revision	f082723002bad5800dd85e583115b4ea05734d31	/data/narendhiran_rpx/docker-smoke/tracking-ego-production/ego/mits/easy
ego	250	mits	easy	run_metadata.json	dataset_protocol	ego	/data/narendhiran_rpx/docker-smoke/tracking-ego-production/ego/mits/easy
ego	250	mits	easy	run_metadata.json	evaluator_git_sha	2b90d59d26a8692bb5d7e5a3a8cb72df2ba941f7	/data/narendhiran_rpx/docker-smoke/tracking-ego-production/ego/mits/easy
ego	250	mits	easy	run_metadata.json	finished_unix	1788015936.0634558	/data/narendhiran_rpx/docker-smoke/tracking-ego-production/ego/mits/easy
ego	250	mits	easy	run_metadata.json	frames	7552	/data/narendhiran_rpx/docker-smoke/tracking-ego-production/ego/mits/easy
ego	250	mits	easy	run_metadata.json	hardware.gpu_compute_capability.__length__	2	/data/narendhiran_rpx/docker-smoke/tracking-ego-production/ego/mits/easy
ego	250	mits	easy	run_metadata.json	hardware.gpu_name	NVIDIA RTX 6000 Ada Generation	/data/narendhiran_rpx/docker-smoke/tracking-ego-production/ego/mits/easy
ego	250	mits	easy	run_metadata.json	hardware.gpu_total_memory_bytes	50865307648	/data/narendhiran_rpx/docker-smoke/tracking-ego-production/ego/mits/easy
ego	250	mits	easy	run_metadata.json	hardware.torch_cuda_version	12.8	/data/narendhiran_rpx/docker-smoke/tracking-ego-production/ego/mits/easy
ego	250	mits	easy	run_metadata.json	hardware.torch_version	2.7.1+cu128	/data/narendhiran_rpx/docker-smoke/tracking-ego-production/ego/mits/easy
ego	250	mits	easy	run_metadata.json	model	mits	/data/narendhiran_rpx/docker-smoke/tracking-ego-production/ego/mits/easy
ego	250	mits	easy	run_metadata.json	model_checkpoint.filename	mits.pth	/data/narendhiran_rpx/docker-smoke/tracking-ego-production/ego/mits/easy
ego	250	mits	easy	run_metadata.json	model_checkpoint.repo	yoxu515/MITS	/data/narendhiran_rpx/docker-smoke/tracking-ego-production/ego/mits/easy
ego	250	mits	easy	run_metadata.json	model_checkpoint.revision	gdrive-1Db9DxXc-gyRkxhKs0AMXJ2RH6DyHWCfq	/data/narendhiran_rpx/docker-smoke/tracking-ego-production/ego/mits/easy
ego	250	mits	easy	run_metadata.json	model_checkpoint.sha256	9291f533b9e47b22803acedc941761fdffbcd023ceffe5c611d540e3509d3f22	/data/narendhiran_rpx/docker-smoke/tracking-ego-production/ego/mits/easy
ego	250	mits	easy	run_metadata.json	parameter_count	32743472	/data/narendhiran_rpx/docker-smoke/tracking-ego-production/ego/mits/easy
ego	250	mits	easy	run_metadata.json	phase_metrics.0.assa	0.865977583680539	/data/narendhiran_rpx/docker-smoke/tracking-ego-production/ego/mits/easy
ego	250	mits	easy	run_metadata.json	phase_metrics.0.deta	0.8424724091537652	/data/narendhiran_rpx/docker-smoke/tracking-ego-production/ego/mits/easy
ego	250	mits	easy	run_metadata.json	phase_metrics.0.hota	0.853584908358967	/data/narendhiran_rpx/docker-smoke/tracking-ego-production/ego/mits/easy
ego	250	mits	easy	run_metadata.json	phase_metrics.0.idf1	0.9156149098965438	/data/narendhiran_rpx/docker-smoke/tracking-ego-production/ego/mits/easy
ego	250	mits	easy	run_metadata.json	phase_metrics.0.idsw	4.757575757575758	/data/narendhiran_rpx/docker-smoke/tracking-ego-production/ego/mits/easy
ego	250	mits	easy	run_metadata.json	phase_metrics.0.mota	0.8395055909274809	/data/narendhiran_rpx/docker-smoke/tracking-ego-production/ego/mits/easy
ego	250	mits	easy	run_metadata.json	pid	114	/data/narendhiran_rpx/docker-smoke/tracking-ego-production/ego/mits/easy
ego	250	mits	easy	run_metadata.json	prediction_stats.complete_clip_cache_hits	0	/data/narendhiran_rpx/docker-smoke/tracking-ego-production/ego/mits/easy
ego	250	mits	easy	run_metadata.json	prediction_stats.inferred_clips	33	/data/narendhiran_rpx/docker-smoke/tracking-ego-production/ego/mits/easy
ego	250	mits	easy	run_metadata.json	prediction_stats.model_propagation_frames	7519	/data/narendhiran_rpx/docker-smoke/tracking-ego-production/ego/mits/easy
ego	250	mits	easy	run_metadata.json	protocol.association_iou_threshold	0.5	/data/narendhiran_rpx/docker-smoke/tracking-ego-production/ego/mits/easy
ego	250	mits	easy	run_metadata.json	protocol.association_representation	tight_boxes_derived_from_instance_masks	/data/narendhiran_rpx/docker-smoke/tracking-ego-production/ego/mits/easy
ego	250	mits	easy	run_metadata.json	protocol.hota	mean_over_0.05_to_0.95	/data/narendhiran_rpx/docker-smoke/tracking-ego-production/ego/mits/easy
ego	250	mits	easy	run_metadata.json	protocol.initialization	ground_truth_first_frame_box	/data/narendhiran_rpx/docker-smoke/tracking-ego-production/ego/mits/easy
ego	250	mits	easy	run_metadata.json	protocol.metric_implementation	TrackEval	/data/narendhiran_rpx/docker-smoke/tracking-ego-production/ego/mits/easy
ego	250	mits	easy	run_metadata.json	protocol.open_vocabulary	False	/data/narendhiran_rpx/docker-smoke/tracking-ego-production/ego/mits/easy
ego	250	mits	easy	run_metadata.json	protocol.scored_frames	1_to_end (initialization frame excluded)	/data/narendhiran_rpx/docker-smoke/tracking-ego-production/ego/mits/easy
ego	250	mits	easy	run_metadata.json	protocol.vocabulary		/data/narendhiran_rpx/docker-smoke/tracking-ego-production/ego/mits/easy
ego	250	mits	easy	run_metadata.json	protocol.vocabulary_size		/data/narendhiran_rpx/docker-smoke/tracking-ego-production/ego/mits/easy
ego	250	mits	easy	run_metadata.json	rpx_git_sha	2b90d59d26a8692bb5d7e5a3a8cb72df2ba941f7	/data/narendhiran_rpx/docker-smoke/tracking-ego-production/ego/mits/easy
ego	250	mits	easy	run_metadata.json	split	easy	/data/narendhiran_rpx/docker-smoke/tracking-ego-production/ego/mits/easy
ego	250	mits	easy	run_metadata.json	started_unix	1788012980.876252	/data/narendhiran_rpx/docker-smoke/tracking-ego-production/ego/mits/easy
ego	250	mits	easy	run_metadata.json	task	object_tracking	/data/narendhiran_rpx/docker-smoke/tracking-ego-production/ego/mits/easy
ego	250	mits	medium	result.json	clips	33	/data/narendhiran_rpx/docker-smoke/tracking-ego-production/ego/mits/medium
ego	250	mits	medium	result.json	dataset.manifest_name	ego_object_tracking	/data/narendhiran_rpx/docker-smoke/tracking-ego-production/ego/mits/medium
ego	250	mits	medium	result.json	dataset.manifest_sha256	6de360a644255f65a44f921197fa083ee66d5e24f45e93afa76dcd6f34f30ab5	/data/narendhiran_rpx/docker-smoke/tracking-ego-production/ego/mits/medium
ego	250	mits	medium	result.json	dataset.protocol	ego	/data/narendhiran_rpx/docker-smoke/tracking-ego-production/ego/mits/medium
ego	250	mits	medium	result.json	dataset.repo	IRVLUTD/RPX	/data/narendhiran_rpx/docker-smoke/tracking-ego-production/ego/mits/medium
ego	250	mits	medium	result.json	dataset.revision	f082723002bad5800dd85e583115b4ea05734d31	/data/narendhiran_rpx/docker-smoke/tracking-ego-production/ego/mits/medium
ego	250	mits	medium	result.json	dataset_protocol	ego	/data/narendhiran_rpx/docker-smoke/tracking-ego-production/ego/mits/medium
ego	250	mits	medium	result.json	evaluator_git_sha	2b90d59d26a8692bb5d7e5a3a8cb72df2ba941f7	/data/narendhiran_rpx/docker-smoke/tracking-ego-production/ego/mits/medium
ego	250	mits	medium	result.json	frames	7691	/data/narendhiran_rpx/docker-smoke/tracking-ego-production/ego/mits/medium
ego	250	mits	medium	result.json	hardware.gpu_compute_capability.__length__	2	/data/narendhiran_rpx/docker-smoke/tracking-ego-production/ego/mits/medium
ego	250	mits	medium	result.json	hardware.gpu_name	NVIDIA RTX 6000 Ada Generation	/data/narendhiran_rpx/docker-smoke/tracking-ego-production/ego/mits/medium
ego	250	mits	medium	result.json	hardware.gpu_total_memory_bytes	50865307648	/data/narendhiran_rpx/docker-smoke/tracking-ego-production/ego/mits/medium
ego	250	mits	medium	result.json	hardware.torch_cuda_version	12.8	/data/narendhiran_rpx/docker-smoke/tracking-ego-production/ego/mits/medium
ego	250	mits	medium	result.json	hardware.torch_version	2.7.1+cu128	/data/narendhiran_rpx/docker-smoke/tracking-ego-production/ego/mits/medium
ego	250	mits	medium	result.json	model	mits	/data/narendhiran_rpx/docker-smoke/tracking-ego-production/ego/mits/medium
ego	250	mits	medium	result.json	model_checkpoint.filename	mits.pth	/data/narendhiran_rpx/docker-smoke/tracking-ego-production/ego/mits/medium
ego	250	mits	medium	result.json	model_checkpoint.repo	yoxu515/MITS	/data/narendhiran_rpx/docker-smoke/tracking-ego-production/ego/mits/medium
ego	250	mits	medium	result.json	model_checkpoint.revision	gdrive-1Db9DxXc-gyRkxhKs0AMXJ2RH6DyHWCfq	/data/narendhiran_rpx/docker-smoke/tracking-ego-production/ego/mits/medium
ego	250	mits	medium	result.json	model_checkpoint.sha256	9291f533b9e47b22803acedc941761fdffbcd023ceffe5c611d540e3509d3f22	/data/narendhiran_rpx/docker-smoke/tracking-ego-production/ego/mits/medium
ego	250	mits	medium	result.json	phase_metrics.0.assa	0.8547351743232173	/data/narendhiran_rpx/docker-smoke/tracking-ego-production/ego/mits/medium
ego	250	mits	medium	result.json	phase_metrics.0.deta	0.818432068113788	/data/narendhiran_rpx/docker-smoke/tracking-ego-production/ego/mits/medium
ego	250	mits	medium	result.json	phase_metrics.0.hota	0.8343172762141163	/data/narendhiran_rpx/docker-smoke/tracking-ego-production/ego/mits/medium
ego	250	mits	medium	result.json	phase_metrics.0.idf1	0.8966412712386104	/data/narendhiran_rpx/docker-smoke/tracking-ego-production/ego/mits/medium
ego	250	mits	medium	result.json	phase_metrics.0.idsw	2.878787878787879	/data/narendhiran_rpx/docker-smoke/tracking-ego-production/ego/mits/medium
ego	250	mits	medium	result.json	phase_metrics.0.mota	0.8124584814076723	/data/narendhiran_rpx/docker-smoke/tracking-ego-production/ego/mits/medium
ego	250	mits	medium	result.json	prediction_stats.complete_clip_cache_hits	0	/data/narendhiran_rpx/docker-smoke/tracking-ego-production/ego/mits/medium
ego	250	mits	medium	result.json	prediction_stats.inferred_clips	33	/data/narendhiran_rpx/docker-smoke/tracking-ego-production/ego/mits/medium
ego	250	mits	medium	result.json	prediction_stats.model_propagation_frames	7658	/data/narendhiran_rpx/docker-smoke/tracking-ego-production/ego/mits/medium
ego	250	mits	medium	result.json	protocol.association_iou_threshold	0.5	/data/narendhiran_rpx/docker-smoke/tracking-ego-production/ego/mits/medium
ego	250	mits	medium	result.json	protocol.association_representation	tight_boxes_derived_from_instance_masks	/data/narendhiran_rpx/docker-smoke/tracking-ego-production/ego/mits/medium
ego	250	mits	medium	result.json	protocol.hota	mean_over_0.05_to_0.95	/data/narendhiran_rpx/docker-smoke/tracking-ego-production/ego/mits/medium
ego	250	mits	medium	result.json	protocol.initialization	ground_truth_first_frame_box	/data/narendhiran_rpx/docker-smoke/tracking-ego-production/ego/mits/medium
ego	250	mits	medium	result.json	protocol.metric_implementation	TrackEval	/data/narendhiran_rpx/docker-smoke/tracking-ego-production/ego/mits/medium
ego	250	mits	medium	result.json	protocol.open_vocabulary	False	/data/narendhiran_rpx/docker-smoke/tracking-ego-production/ego/mits/medium
ego	250	mits	medium	result.json	protocol.scored_frames	1_to_end (initialization frame excluded)	/data/narendhiran_rpx/docker-smoke/tracking-ego-production/ego/mits/medium
ego	250	mits	medium	result.json	protocol.vocabulary		/data/narendhiran_rpx/docker-smoke/tracking-ego-production/ego/mits/medium
ego	250	mits	medium	result.json	protocol.vocabulary_size		/data/narendhiran_rpx/docker-smoke/tracking-ego-production/ego/mits/medium
ego	250	mits	medium	result.json	rpx_git_sha	2b90d59d26a8692bb5d7e5a3a8cb72df2ba941f7	/data/narendhiran_rpx/docker-smoke/tracking-ego-production/ego/mits/medium
ego	250	mits	medium	result.json	split	medium	/data/narendhiran_rpx/docker-smoke/tracking-ego-production/ego/mits/medium
ego	250	mits	medium	result.json	task	object_tracking	/data/narendhiran_rpx/docker-smoke/tracking-ego-production/ego/mits/medium
ego	250	mits	medium	run_metadata.json	clips	33	/data/narendhiran_rpx/docker-smoke/tracking-ego-production/ego/mits/medium
ego	250	mits	medium	run_metadata.json	dataset.manifest_name	ego_object_tracking	/data/narendhiran_rpx/docker-smoke/tracking-ego-production/ego/mits/medium
ego	250	mits	medium	run_metadata.json	dataset.manifest_sha256	6de360a644255f65a44f921197fa083ee66d5e24f45e93afa76dcd6f34f30ab5	/data/narendhiran_rpx/docker-smoke/tracking-ego-production/ego/mits/medium
ego	250	mits	medium	run_metadata.json	dataset.protocol	ego	/data/narendhiran_rpx/docker-smoke/tracking-ego-production/ego/mits/medium
ego	250	mits	medium	run_metadata.json	dataset.repo	IRVLUTD/RPX	/data/narendhiran_rpx/docker-smoke/tracking-ego-production/ego/mits/medium
ego	250	mits	medium	run_metadata.json	dataset.revision	f082723002bad5800dd85e583115b4ea05734d31	/data/narendhiran_rpx/docker-smoke/tracking-ego-production/ego/mits/medium
ego	250	mits	medium	run_metadata.json	dataset_protocol	ego	/data/narendhiran_rpx/docker-smoke/tracking-ego-production/ego/mits/medium
ego	250	mits	medium	run_metadata.json	evaluator_git_sha	2b90d59d26a8692bb5d7e5a3a8cb72df2ba941f7	/data/narendhiran_rpx/docker-smoke/tracking-ego-production/ego/mits/medium
ego	250	mits	medium	run_metadata.json	finished_unix	1788018931.7977767	/data/narendhiran_rpx/docker-smoke/tracking-ego-production/ego/mits/medium
ego	250	mits	medium	run_metadata.json	frames	7691	/data/narendhiran_rpx/docker-smoke/tracking-ego-production/ego/mits/medium
ego	250	mits	medium	run_metadata.json	hardware.gpu_compute_capability.__length__	2	/data/narendhiran_rpx/docker-smoke/tracking-ego-production/ego/mits/medium
ego	250	mits	medium	run_metadata.json	hardware.gpu_name	NVIDIA RTX 6000 Ada Generation	/data/narendhiran_rpx/docker-smoke/tracking-ego-production/ego/mits/medium
ego	250	mits	medium	run_metadata.json	hardware.gpu_total_memory_bytes	50865307648	/data/narendhiran_rpx/docker-smoke/tracking-ego-production/ego/mits/medium
ego	250	mits	medium	run_metadata.json	hardware.torch_cuda_version	12.8	/data/narendhiran_rpx/docker-smoke/tracking-ego-production/ego/mits/medium
ego	250	mits	medium	run_metadata.json	hardware.torch_version	2.7.1+cu128	/data/narendhiran_rpx/docker-smoke/tracking-ego-production/ego/mits/medium
ego	250	mits	medium	run_metadata.json	model	mits	/data/narendhiran_rpx/docker-smoke/tracking-ego-production/ego/mits/medium
ego	250	mits	medium	run_metadata.json	model_checkpoint.filename	mits.pth	/data/narendhiran_rpx/docker-smoke/tracking-ego-production/ego/mits/medium
ego	250	mits	medium	run_metadata.json	model_checkpoint.repo	yoxu515/MITS	/data/narendhiran_rpx/docker-smoke/tracking-ego-production/ego/mits/medium
ego	250	mits	medium	run_metadata.json	model_checkpoint.revision	gdrive-1Db9DxXc-gyRkxhKs0AMXJ2RH6DyHWCfq	/data/narendhiran_rpx/docker-smoke/tracking-ego-production/ego/mits/medium
ego	250	mits	medium	run_metadata.json	model_checkpoint.sha256	9291f533b9e47b22803acedc941761fdffbcd023ceffe5c611d540e3509d3f22	/data/narendhiran_rpx/docker-smoke/tracking-ego-production/ego/mits/medium
ego	250	mits	medium	run_metadata.json	parameter_count	32743472	/data/narendhiran_rpx/docker-smoke/tracking-ego-production/ego/mits/medium
ego	250	mits	medium	run_metadata.json	phase_metrics.0.assa	0.8547351743232173	/data/narendhiran_rpx/docker-smoke/tracking-ego-production/ego/mits/medium
ego	250	mits	medium	run_metadata.json	phase_metrics.0.deta	0.818432068113788	/data/narendhiran_rpx/docker-smoke/tracking-ego-production/ego/mits/medium
ego	250	mits	medium	run_metadata.json	phase_metrics.0.hota	0.8343172762141163	/data/narendhiran_rpx/docker-smoke/tracking-ego-production/ego/mits/medium
ego	250	mits	medium	run_metadata.json	phase_metrics.0.idf1	0.8966412712386104	/data/narendhiran_rpx/docker-smoke/tracking-ego-production/ego/mits/medium
ego	250	mits	medium	run_metadata.json	phase_metrics.0.idsw	2.878787878787879	/data/narendhiran_rpx/docker-smoke/tracking-ego-production/ego/mits/medium
ego	250	mits	medium	run_metadata.json	phase_metrics.0.mota	0.8124584814076723	/data/narendhiran_rpx/docker-smoke/tracking-ego-production/ego/mits/medium
ego	250	mits	medium	run_metadata.json	pid	289	/data/narendhiran_rpx/docker-smoke/tracking-ego-production/ego/mits/medium
ego	250	mits	medium	run_metadata.json	prediction_stats.complete_clip_cache_hits	0	/data/narendhiran_rpx/docker-smoke/tracking-ego-production/ego/mits/medium
ego	250	mits	medium	run_metadata.json	prediction_stats.inferred_clips	33	/data/narendhiran_rpx/docker-smoke/tracking-ego-production/ego/mits/medium
ego	250	mits	medium	run_metadata.json	prediction_stats.model_propagation_frames	7658	/data/narendhiran_rpx/docker-smoke/tracking-ego-production/ego/mits/medium
ego	250	mits	medium	run_metadata.json	protocol.association_iou_threshold	0.5	/data/narendhiran_rpx/docker-smoke/tracking-ego-production/ego/mits/medium
ego	250	mits	medium	run_metadata.json	protocol.association_representation	tight_boxes_derived_from_instance_masks	/data/narendhiran_rpx/docker-smoke/tracking-ego-production/ego/mits/medium
ego	250	mits	medium	run_metadata.json	protocol.hota	mean_over_0.05_to_0.95	/data/narendhiran_rpx/docker-smoke/tracking-ego-production/ego/mits/medium
ego	250	mits	medium	run_metadata.json	protocol.initialization	ground_truth_first_frame_box	/data/narendhiran_rpx/docker-smoke/tracking-ego-production/ego/mits/medium
ego	250	mits	medium	run_metadata.json	protocol.metric_implementation	TrackEval	/data/narendhiran_rpx/docker-smoke/tracking-ego-production/ego/mits/medium
ego	250	mits	medium	run_metadata.json	protocol.open_vocabulary	False	/data/narendhiran_rpx/docker-smoke/tracking-ego-production/ego/mits/medium
ego	250	mits	medium	run_metadata.json	protocol.scored_frames	1_to_end (initialization frame excluded)	/data/narendhiran_rpx/docker-smoke/tracking-ego-production/ego/mits/medium
ego	250	mits	medium	run_metadata.json	protocol.vocabulary		/data/narendhiran_rpx/docker-smoke/tracking-ego-production/ego/mits/medium
ego	250	mits	medium	run_metadata.json	protocol.vocabulary_size		/data/narendhiran_rpx/docker-smoke/tracking-ego-production/ego/mits/medium
ego	250	mits	medium	run_metadata.json	rpx_git_sha	2b90d59d26a8692bb5d7e5a3a8cb72df2ba941f7	/data/narendhiran_rpx/docker-smoke/tracking-ego-production/ego/mits/medium
ego	250	mits	medium	run_metadata.json	split	medium	/data/narendhiran_rpx/docker-smoke/tracking-ego-production/ego/mits/medium
ego	250	mits	medium	run_metadata.json	started_unix	1788015976.2726178	/data/narendhiran_rpx/docker-smoke/tracking-ego-production/ego/mits/medium
ego	250	mits	medium	run_metadata.json	task	object_tracking	/data/narendhiran_rpx/docker-smoke/tracking-ego-production/ego/mits/medium
ego	250	mits	hard	result.json	clips	34	/data/narendhiran_rpx/docker-smoke/tracking-ego-production/ego/mits/hard
ego	250	mits	hard	result.json	dataset.manifest_name	ego_object_tracking	/data/narendhiran_rpx/docker-smoke/tracking-ego-production/ego/mits/hard
ego	250	mits	hard	result.json	dataset.manifest_sha256	7c85f17bf58843d0cf533825c4feb9d1d608bff1e90e49960b980324618278d0	/data/narendhiran_rpx/docker-smoke/tracking-ego-production/ego/mits/hard
ego	250	mits	hard	result.json	dataset.protocol	ego	/data/narendhiran_rpx/docker-smoke/tracking-ego-production/ego/mits/hard
ego	250	mits	hard	result.json	dataset.repo	IRVLUTD/RPX	/data/narendhiran_rpx/docker-smoke/tracking-ego-production/ego/mits/hard
ego	250	mits	hard	result.json	dataset.revision	f082723002bad5800dd85e583115b4ea05734d31	/data/narendhiran_rpx/docker-smoke/tracking-ego-production/ego/mits/hard
ego	250	mits	hard	result.json	dataset_protocol	ego	/data/narendhiran_rpx/docker-smoke/tracking-ego-production/ego/mits/hard
ego	250	mits	hard	result.json	evaluator_git_sha	2b90d59d26a8692bb5d7e5a3a8cb72df2ba941f7	/data/narendhiran_rpx/docker-smoke/tracking-ego-production/ego/mits/hard
ego	250	mits	hard	result.json	frames	7878	/data/narendhiran_rpx/docker-smoke/tracking-ego-production/ego/mits/hard
ego	250	mits	hard	result.json	hardware.gpu_compute_capability.__length__	2	/data/narendhiran_rpx/docker-smoke/tracking-ego-production/ego/mits/hard
ego	250	mits	hard	result.json	hardware.gpu_name	NVIDIA RTX 6000 Ada Generation	/data/narendhiran_rpx/docker-smoke/tracking-ego-production/ego/mits/hard
ego	250	mits	hard	result.json	hardware.gpu_total_memory_bytes	50865307648	/data/narendhiran_rpx/docker-smoke/tracking-ego-production/ego/mits/hard
ego	250	mits	hard	result.json	hardware.torch_cuda_version	12.8	/data/narendhiran_rpx/docker-smoke/tracking-ego-production/ego/mits/hard
ego	250	mits	hard	result.json	hardware.torch_version	2.7.1+cu128	/data/narendhiran_rpx/docker-smoke/tracking-ego-production/ego/mits/hard
ego	250	mits	hard	result.json	model	mits	/data/narendhiran_rpx/docker-smoke/tracking-ego-production/ego/mits/hard
ego	250	mits	hard	result.json	model_checkpoint.filename	mits.pth	/data/narendhiran_rpx/docker-smoke/tracking-ego-production/ego/mits/hard
ego	250	mits	hard	result.json	model_checkpoint.repo	yoxu515/MITS	/data/narendhiran_rpx/docker-smoke/tracking-ego-production/ego/mits/hard
ego	250	mits	hard	result.json	model_checkpoint.revision	gdrive-1Db9DxXc-gyRkxhKs0AMXJ2RH6DyHWCfq	/data/narendhiran_rpx/docker-smoke/tracking-ego-production/ego/mits/hard
ego	250	mits	hard	result.json	model_checkpoint.sha256	9291f533b9e47b22803acedc941761fdffbcd023ceffe5c611d540e3509d3f22	/data/narendhiran_rpx/docker-smoke/tracking-ego-production/ego/mits/hard
ego	250	mits	hard	result.json	phase_metrics.0.assa	0.8265338716893589	/data/narendhiran_rpx/docker-smoke/tracking-ego-production/ego/mits/hard
ego	250	mits	hard	result.json	phase_metrics.0.deta	0.7649121173704134	/data/narendhiran_rpx/docker-smoke/tracking-ego-production/ego/mits/hard
ego	250	mits	hard	result.json	phase_metrics.0.hota	0.7931684021440224	/data/narendhiran_rpx/docker-smoke/tracking-ego-production/ego/mits/hard
ego	250	mits	hard	result.json	phase_metrics.0.idf1	0.8451235074906625	/data/narendhiran_rpx/docker-smoke/tracking-ego-production/ego/mits/hard
ego	250	mits	hard	result.json	phase_metrics.0.idsw	3.5588235294117645	/data/narendhiran_rpx/docker-smoke/tracking-ego-production/ego/mits/hard
ego	250	mits	hard	result.json	phase_metrics.0.mota	0.706143145008328	/data/narendhiran_rpx/docker-smoke/tracking-ego-production/ego/mits/hard
ego	250	mits	hard	result.json	prediction_stats.complete_clip_cache_hits	0	/data/narendhiran_rpx/docker-smoke/tracking-ego-production/ego/mits/hard
ego	250	mits	hard	result.json	prediction_stats.inferred_clips	34	/data/narendhiran_rpx/docker-smoke/tracking-ego-production/ego/mits/hard
ego	250	mits	hard	result.json	prediction_stats.model_propagation_frames	7844	/data/narendhiran_rpx/docker-smoke/tracking-ego-production/ego/mits/hard
ego	250	mits	hard	result.json	protocol.association_iou_threshold	0.5	/data/narendhiran_rpx/docker-smoke/tracking-ego-production/ego/mits/hard
ego	250	mits	hard	result.json	protocol.association_representation	tight_boxes_derived_from_instance_masks	/data/narendhiran_rpx/docker-smoke/tracking-ego-production/ego/mits/hard
ego	250	mits	hard	result.json	protocol.hota	mean_over_0.05_to_0.95	/data/narendhiran_rpx/docker-smoke/tracking-ego-production/ego/mits/hard
ego	250	mits	hard	result.json	protocol.initialization	ground_truth_first_frame_box	/data/narendhiran_rpx/docker-smoke/tracking-ego-production/ego/mits/hard
ego	250	mits	hard	result.json	protocol.metric_implementation	TrackEval	/data/narendhiran_rpx/docker-smoke/tracking-ego-production/ego/mits/hard
ego	250	mits	hard	result.json	protocol.open_vocabulary	False	/data/narendhiran_rpx/docker-smoke/tracking-ego-production/ego/mits/hard
ego	250	mits	hard	result.json	protocol.scored_frames	1_to_end (initialization frame excluded)	/data/narendhiran_rpx/docker-smoke/tracking-ego-production/ego/mits/hard
ego	250	mits	hard	result.json	protocol.vocabulary		/data/narendhiran_rpx/docker-smoke/tracking-ego-production/ego/mits/hard
ego	250	mits	hard	result.json	protocol.vocabulary_size		/data/narendhiran_rpx/docker-smoke/tracking-ego-production/ego/mits/hard
ego	250	mits	hard	result.json	rpx_git_sha	2b90d59d26a8692bb5d7e5a3a8cb72df2ba941f7	/data/narendhiran_rpx/docker-smoke/tracking-ego-production/ego/mits/hard
ego	250	mits	hard	result.json	split	hard	/data/narendhiran_rpx/docker-smoke/tracking-ego-production/ego/mits/hard
ego	250	mits	hard	result.json	task	object_tracking	/data/narendhiran_rpx/docker-smoke/tracking-ego-production/ego/mits/hard
ego	250	mits	hard	run_metadata.json	clips	34	/data/narendhiran_rpx/docker-smoke/tracking-ego-production/ego/mits/hard
ego	250	mits	hard	run_metadata.json	dataset.manifest_name	ego_object_tracking	/data/narendhiran_rpx/docker-smoke/tracking-ego-production/ego/mits/hard
ego	250	mits	hard	run_metadata.json	dataset.manifest_sha256	7c85f17bf58843d0cf533825c4feb9d1d608bff1e90e49960b980324618278d0	/data/narendhiran_rpx/docker-smoke/tracking-ego-production/ego/mits/hard
ego	250	mits	hard	run_metadata.json	dataset.protocol	ego	/data/narendhiran_rpx/docker-smoke/tracking-ego-production/ego/mits/hard
ego	250	mits	hard	run_metadata.json	dataset.repo	IRVLUTD/RPX	/data/narendhiran_rpx/docker-smoke/tracking-ego-production/ego/mits/hard
ego	250	mits	hard	run_metadata.json	dataset.revision	f082723002bad5800dd85e583115b4ea05734d31	/data/narendhiran_rpx/docker-smoke/tracking-ego-production/ego/mits/hard
ego	250	mits	hard	run_metadata.json	dataset_protocol	ego	/data/narendhiran_rpx/docker-smoke/tracking-ego-production/ego/mits/hard
ego	250	mits	hard	run_metadata.json	evaluator_git_sha	2b90d59d26a8692bb5d7e5a3a8cb72df2ba941f7	/data/narendhiran_rpx/docker-smoke/tracking-ego-production/ego/mits/hard
ego	250	mits	hard	run_metadata.json	finished_unix	1788022037.2750397	/data/narendhiran_rpx/docker-smoke/tracking-ego-production/ego/mits/hard
ego	250	mits	hard	run_metadata.json	frames	7878	/data/narendhiran_rpx/docker-smoke/tracking-ego-production/ego/mits/hard
ego	250	mits	hard	run_metadata.json	hardware.gpu_compute_capability.__length__	2	/data/narendhiran_rpx/docker-smoke/tracking-ego-production/ego/mits/hard
ego	250	mits	hard	run_metadata.json	hardware.gpu_name	NVIDIA RTX 6000 Ada Generation	/data/narendhiran_rpx/docker-smoke/tracking-ego-production/ego/mits/hard
ego	250	mits	hard	run_metadata.json	hardware.gpu_total_memory_bytes	50865307648	/data/narendhiran_rpx/docker-smoke/tracking-ego-production/ego/mits/hard
ego	250	mits	hard	run_metadata.json	hardware.torch_cuda_version	12.8	/data/narendhiran_rpx/docker-smoke/tracking-ego-production/ego/mits/hard
ego	250	mits	hard	run_metadata.json	hardware.torch_version	2.7.1+cu128	/data/narendhiran_rpx/docker-smoke/tracking-ego-production/ego/mits/hard
ego	250	mits	hard	run_metadata.json	model	mits	/data/narendhiran_rpx/docker-smoke/tracking-ego-production/ego/mits/hard
ego	250	mits	hard	run_metadata.json	model_checkpoint.filename	mits.pth	/data/narendhiran_rpx/docker-smoke/tracking-ego-production/ego/mits/hard
ego	250	mits	hard	run_metadata.json	model_checkpoint.repo	yoxu515/MITS	/data/narendhiran_rpx/docker-smoke/tracking-ego-production/ego/mits/hard
ego	250	mits	hard	run_metadata.json	model_checkpoint.revision	gdrive-1Db9DxXc-gyRkxhKs0AMXJ2RH6DyHWCfq	/data/narendhiran_rpx/docker-smoke/tracking-ego-production/ego/mits/hard
ego	250	mits	hard	run_metadata.json	model_checkpoint.sha256	9291f533b9e47b22803acedc941761fdffbcd023ceffe5c611d540e3509d3f22	/data/narendhiran_rpx/docker-smoke/tracking-ego-production/ego/mits/hard
ego	250	mits	hard	run_metadata.json	parameter_count	32743472	/data/narendhiran_rpx/docker-smoke/tracking-ego-production/ego/mits/hard
ego	250	mits	hard	run_metadata.json	phase_metrics.0.assa	0.8265338716893589	/data/narendhiran_rpx/docker-smoke/tracking-ego-production/ego/mits/hard
ego	250	mits	hard	run_metadata.json	phase_metrics.0.deta	0.7649121173704134	/data/narendhiran_rpx/docker-smoke/tracking-ego-production/ego/mits/hard
ego	250	mits	hard	run_metadata.json	phase_metrics.0.hota	0.7931684021440224	/data/narendhiran_rpx/docker-smoke/tracking-ego-production/ego/mits/hard
ego	250	mits	hard	run_metadata.json	phase_metrics.0.idf1	0.8451235074906625	/data/narendhiran_rpx/docker-smoke/tracking-ego-production/ego/mits/hard
ego	250	mits	hard	run_metadata.json	phase_metrics.0.idsw	3.5588235294117645	/data/narendhiran_rpx/docker-smoke/tracking-ego-production/ego/mits/hard
ego	250	mits	hard	run_metadata.json	phase_metrics.0.mota	0.706143145008328	/data/narendhiran_rpx/docker-smoke/tracking-ego-production/ego/mits/hard
ego	250	mits	hard	run_metadata.json	pid	463	/data/narendhiran_rpx/docker-smoke/tracking-ego-production/ego/mits/hard
ego	250	mits	hard	run_metadata.json	prediction_stats.complete_clip_cache_hits	0	/data/narendhiran_rpx/docker-smoke/tracking-ego-production/ego/mits/hard
ego	250	mits	hard	run_metadata.json	prediction_stats.inferred_clips	34	/data/narendhiran_rpx/docker-smoke/tracking-ego-production/ego/mits/hard
ego	250	mits	hard	run_metadata.json	prediction_stats.model_propagation_frames	7844	/data/narendhiran_rpx/docker-smoke/tracking-ego-production/ego/mits/hard
ego	250	mits	hard	run_metadata.json	protocol.association_iou_threshold	0.5	/data/narendhiran_rpx/docker-smoke/tracking-ego-production/ego/mits/hard
ego	250	mits	hard	run_metadata.json	protocol.association_representation	tight_boxes_derived_from_instance_masks	/data/narendhiran_rpx/docker-smoke/tracking-ego-production/ego/mits/hard
ego	250	mits	hard	run_metadata.json	protocol.hota	mean_over_0.05_to_0.95	/data/narendhiran_rpx/docker-smoke/tracking-ego-production/ego/mits/hard
ego	250	mits	hard	run_metadata.json	protocol.initialization	ground_truth_first_frame_box	/data/narendhiran_rpx/docker-smoke/tracking-ego-production/ego/mits/hard
ego	250	mits	hard	run_metadata.json	protocol.metric_implementation	TrackEval	/data/narendhiran_rpx/docker-smoke/tracking-ego-production/ego/mits/hard
ego	250	mits	hard	run_metadata.json	protocol.open_vocabulary	False	/data/narendhiran_rpx/docker-smoke/tracking-ego-production/ego/mits/hard
ego	250	mits	hard	run_metadata.json	protocol.scored_frames	1_to_end (initialization frame excluded)	/data/narendhiran_rpx/docker-smoke/tracking-ego-production/ego/mits/hard
ego	250	mits	hard	run_metadata.json	protocol.vocabulary		/data/narendhiran_rpx/docker-smoke/tracking-ego-production/ego/mits/hard
ego	250	mits	hard	run_metadata.json	protocol.vocabulary_size		/data/narendhiran_rpx/docker-smoke/tracking-ego-production/ego/mits/hard
ego	250	mits	hard	run_metadata.json	rpx_git_sha	2b90d59d26a8692bb5d7e5a3a8cb72df2ba941f7	/data/narendhiran_rpx/docker-smoke/tracking-ego-production/ego/mits/hard
ego	250	mits	hard	run_metadata.json	split	hard	/data/narendhiran_rpx/docker-smoke/tracking-ego-production/ego/mits/hard
ego	250	mits	hard	run_metadata.json	started_unix	1788018971.1238356	/data/narendhiran_rpx/docker-smoke/tracking-ego-production/ego/mits/hard
ego	250	mits	hard	run_metadata.json	task	object_tracking	/data/narendhiran_rpx/docker-smoke/tracking-ego-production/ego/mits/hard
ego	250	sam2-plus	easy	result.json	clips	33	/data/narendhiran_rpx/docker-smoke/tracking-ego-production/ego/sam2-plus/easy
ego	250	sam2-plus	easy	result.json	dataset.manifest_name	ego_object_tracking	/data/narendhiran_rpx/docker-smoke/tracking-ego-production/ego/sam2-plus/easy
ego	250	sam2-plus	easy	result.json	dataset.manifest_sha256	dc3c68c65e06a2d563f8d4d5a5a065159edd7dcae0f5fe4795f21c27c6ac4213	/data/narendhiran_rpx/docker-smoke/tracking-ego-production/ego/sam2-plus/easy
ego	250	sam2-plus	easy	result.json	dataset.protocol	ego	/data/narendhiran_rpx/docker-smoke/tracking-ego-production/ego/sam2-plus/easy
ego	250	sam2-plus	easy	result.json	dataset.repo	IRVLUTD/RPX	/data/narendhiran_rpx/docker-smoke/tracking-ego-production/ego/sam2-plus/easy
ego	250	sam2-plus	easy	result.json	dataset.revision	f082723002bad5800dd85e583115b4ea05734d31	/data/narendhiran_rpx/docker-smoke/tracking-ego-production/ego/sam2-plus/easy
ego	250	sam2-plus	easy	result.json	dataset_protocol	ego	/data/narendhiran_rpx/docker-smoke/tracking-ego-production/ego/sam2-plus/easy
ego	250	sam2-plus	easy	result.json	evaluator_git_sha	2b90d59d26a8692bb5d7e5a3a8cb72df2ba941f7	/data/narendhiran_rpx/docker-smoke/tracking-ego-production/ego/sam2-plus/easy
ego	250	sam2-plus	easy	result.json	frames	7552	/data/narendhiran_rpx/docker-smoke/tracking-ego-production/ego/sam2-plus/easy
ego	250	sam2-plus	easy	result.json	hardware.gpu_compute_capability.__length__	2	/data/narendhiran_rpx/docker-smoke/tracking-ego-production/ego/sam2-plus/easy
ego	250	sam2-plus	easy	result.json	hardware.gpu_name	NVIDIA RTX 6000 Ada Generation	/data/narendhiran_rpx/docker-smoke/tracking-ego-production/ego/sam2-plus/easy
ego	250	sam2-plus	easy	result.json	hardware.gpu_total_memory_bytes	50865307648	/data/narendhiran_rpx/docker-smoke/tracking-ego-production/ego/sam2-plus/easy
ego	250	sam2-plus	easy	result.json	hardware.torch_cuda_version	12.8	/data/narendhiran_rpx/docker-smoke/tracking-ego-production/ego/sam2-plus/easy
ego	250	sam2-plus	easy	result.json	hardware.torch_version	2.7.1+cu128	/data/narendhiran_rpx/docker-smoke/tracking-ego-production/ego/sam2-plus/easy
ego	250	sam2-plus	easy	result.json	model	sam2-plus	/data/narendhiran_rpx/docker-smoke/tracking-ego-production/ego/sam2-plus/easy
ego	250	sam2-plus	easy	result.json	model_checkpoint.filename	checkpoint_phase123.pt	/data/narendhiran_rpx/docker-smoke/tracking-ego-production/ego/sam2-plus/easy
ego	250	sam2-plus	easy	result.json	model_checkpoint.repo	MCG-NJU/SAM2-Plus	/data/narendhiran_rpx/docker-smoke/tracking-ego-production/ego/sam2-plus/easy
ego	250	sam2-plus	easy	result.json	model_checkpoint.revision	c3c534e30469d8788123287a484488567c5115d4	/data/narendhiran_rpx/docker-smoke/tracking-ego-production/ego/sam2-plus/easy
ego	250	sam2-plus	easy	result.json	model_checkpoint.sha256	03c1e183955ccdab5d2e4aefdbf8ecee47b3e1433b2b2941a531ad1aaf1777f5	/data/narendhiran_rpx/docker-smoke/tracking-ego-production/ego/sam2-plus/easy
ego	250	sam2-plus	easy	result.json	phase_metrics.0.assa	0.8573107076298201	/data/narendhiran_rpx/docker-smoke/tracking-ego-production/ego/sam2-plus/easy
ego	250	sam2-plus	easy	result.json	phase_metrics.0.deta	0.7890235260607549	/data/narendhiran_rpx/docker-smoke/tracking-ego-production/ego/sam2-plus/easy
ego	250	sam2-plus	easy	result.json	phase_metrics.0.hota	0.8217451901498364	/data/narendhiran_rpx/docker-smoke/tracking-ego-production/ego/sam2-plus/easy
ego	250	sam2-plus	easy	result.json	phase_metrics.0.idf1	0.8818870404250516	/data/narendhiran_rpx/docker-smoke/tracking-ego-production/ego/sam2-plus/easy
ego	250	sam2-plus	easy	result.json	phase_metrics.0.idsw	0.48484848484848486	/data/narendhiran_rpx/docker-smoke/tracking-ego-production/ego/sam2-plus/easy
ego	250	sam2-plus	easy	result.json	phase_metrics.0.mota	0.799183324279852	/data/narendhiran_rpx/docker-smoke/tracking-ego-production/ego/sam2-plus/easy
ego	250	sam2-plus	easy	result.json	prediction_stats.complete_clip_cache_hits	0	/data/narendhiran_rpx/docker-smoke/tracking-ego-production/ego/sam2-plus/easy
ego	250	sam2-plus	easy	result.json	prediction_stats.inferred_clips	33	/data/narendhiran_rpx/docker-smoke/tracking-ego-production/ego/sam2-plus/easy
ego	250	sam2-plus	easy	result.json	prediction_stats.model_propagation_frames	7519	/data/narendhiran_rpx/docker-smoke/tracking-ego-production/ego/sam2-plus/easy
ego	250	sam2-plus	easy	result.json	protocol.association_iou_threshold	0.5	/data/narendhiran_rpx/docker-smoke/tracking-ego-production/ego/sam2-plus/easy
ego	250	sam2-plus	easy	result.json	protocol.association_representation	tight_boxes_derived_from_instance_masks	/data/narendhiran_rpx/docker-smoke/tracking-ego-production/ego/sam2-plus/easy
ego	250	sam2-plus	easy	result.json	protocol.hota	mean_over_0.05_to_0.95	/data/narendhiran_rpx/docker-smoke/tracking-ego-production/ego/sam2-plus/easy
ego	250	sam2-plus	easy	result.json	protocol.initialization	ground_truth_first_frame_box	/data/narendhiran_rpx/docker-smoke/tracking-ego-production/ego/sam2-plus/easy
ego	250	sam2-plus	easy	result.json	protocol.metric_implementation	TrackEval	/data/narendhiran_rpx/docker-smoke/tracking-ego-production/ego/sam2-plus/easy
ego	250	sam2-plus	easy	result.json	protocol.open_vocabulary	False	/data/narendhiran_rpx/docker-smoke/tracking-ego-production/ego/sam2-plus/easy
ego	250	sam2-plus	easy	result.json	protocol.scored_frames	1_to_end (initialization frame excluded)	/data/narendhiran_rpx/docker-smoke/tracking-ego-production/ego/sam2-plus/easy
ego	250	sam2-plus	easy	result.json	protocol.vocabulary		/data/narendhiran_rpx/docker-smoke/tracking-ego-production/ego/sam2-plus/easy
ego	250	sam2-plus	easy	result.json	protocol.vocabulary_size		/data/narendhiran_rpx/docker-smoke/tracking-ego-production/ego/sam2-plus/easy
ego	250	sam2-plus	easy	result.json	rpx_git_sha	2b90d59d26a8692bb5d7e5a3a8cb72df2ba941f7	/data/narendhiran_rpx/docker-smoke/tracking-ego-production/ego/sam2-plus/easy
ego	250	sam2-plus	easy	result.json	split	easy	/data/narendhiran_rpx/docker-smoke/tracking-ego-production/ego/sam2-plus/easy
ego	250	sam2-plus	easy	result.json	task	object_tracking	/data/narendhiran_rpx/docker-smoke/tracking-ego-production/ego/sam2-plus/easy
ego	250	sam2-plus	easy	run_metadata.json	clips	33	/data/narendhiran_rpx/docker-smoke/tracking-ego-production/ego/sam2-plus/easy
ego	250	sam2-plus	easy	run_metadata.json	dataset.manifest_name	ego_object_tracking	/data/narendhiran_rpx/docker-smoke/tracking-ego-production/ego/sam2-plus/easy
ego	250	sam2-plus	easy	run_metadata.json	dataset.manifest_sha256	dc3c68c65e06a2d563f8d4d5a5a065159edd7dcae0f5fe4795f21c27c6ac4213	/data/narendhiran_rpx/docker-smoke/tracking-ego-production/ego/sam2-plus/easy
ego	250	sam2-plus	easy	run_metadata.json	dataset.protocol	ego	/data/narendhiran_rpx/docker-smoke/tracking-ego-production/ego/sam2-plus/easy
ego	250	sam2-plus	easy	run_metadata.json	dataset.repo	IRVLUTD/RPX	/data/narendhiran_rpx/docker-smoke/tracking-ego-production/ego/sam2-plus/easy
ego	250	sam2-plus	easy	run_metadata.json	dataset.revision	f082723002bad5800dd85e583115b4ea05734d31	/data/narendhiran_rpx/docker-smoke/tracking-ego-production/ego/sam2-plus/easy
ego	250	sam2-plus	easy	run_metadata.json	dataset_protocol	ego	/data/narendhiran_rpx/docker-smoke/tracking-ego-production/ego/sam2-plus/easy
ego	250	sam2-plus	easy	run_metadata.json	evaluator_git_sha	2b90d59d26a8692bb5d7e5a3a8cb72df2ba941f7	/data/narendhiran_rpx/docker-smoke/tracking-ego-production/ego/sam2-plus/easy
ego	250	sam2-plus	easy	run_metadata.json	finished_unix	1788025799.5147686	/data/narendhiran_rpx/docker-smoke/tracking-ego-production/ego/sam2-plus/easy
ego	250	sam2-plus	easy	run_metadata.json	frames	7552	/data/narendhiran_rpx/docker-smoke/tracking-ego-production/ego/sam2-plus/easy
ego	250	sam2-plus	easy	run_metadata.json	hardware.gpu_compute_capability.__length__	2	/data/narendhiran_rpx/docker-smoke/tracking-ego-production/ego/sam2-plus/easy
ego	250	sam2-plus	easy	run_metadata.json	hardware.gpu_name	NVIDIA RTX 6000 Ada Generation	/data/narendhiran_rpx/docker-smoke/tracking-ego-production/ego/sam2-plus/easy
ego	250	sam2-plus	easy	run_metadata.json	hardware.gpu_total_memory_bytes	50865307648	/data/narendhiran_rpx/docker-smoke/tracking-ego-production/ego/sam2-plus/easy
ego	250	sam2-plus	easy	run_metadata.json	hardware.torch_cuda_version	12.8	/data/narendhiran_rpx/docker-smoke/tracking-ego-production/ego/sam2-plus/easy
ego	250	sam2-plus	easy	run_metadata.json	hardware.torch_version	2.7.1+cu128	/data/narendhiran_rpx/docker-smoke/tracking-ego-production/ego/sam2-plus/easy
ego	250	sam2-plus	easy	run_metadata.json	model	sam2-plus	/data/narendhiran_rpx/docker-smoke/tracking-ego-production/ego/sam2-plus/easy
ego	250	sam2-plus	easy	run_metadata.json	model_checkpoint.filename	checkpoint_phase123.pt	/data/narendhiran_rpx/docker-smoke/tracking-ego-production/ego/sam2-plus/easy
ego	250	sam2-plus	easy	run_metadata.json	model_checkpoint.repo	MCG-NJU/SAM2-Plus	/data/narendhiran_rpx/docker-smoke/tracking-ego-production/ego/sam2-plus/easy
ego	250	sam2-plus	easy	run_metadata.json	model_checkpoint.revision	c3c534e30469d8788123287a484488567c5115d4	/data/narendhiran_rpx/docker-smoke/tracking-ego-production/ego/sam2-plus/easy
ego	250	sam2-plus	easy	run_metadata.json	model_checkpoint.sha256	03c1e183955ccdab5d2e4aefdbf8ecee47b3e1433b2b2941a531ad1aaf1777f5	/data/narendhiran_rpx/docker-smoke/tracking-ego-production/ego/sam2-plus/easy
ego	250	sam2-plus	easy	run_metadata.json	parameter_count	101205890	/data/narendhiran_rpx/docker-smoke/tracking-ego-production/ego/sam2-plus/easy
ego	250	sam2-plus	easy	run_metadata.json	phase_metrics.0.assa	0.8573107076298201	/data/narendhiran_rpx/docker-smoke/tracking-ego-production/ego/sam2-plus/easy
ego	250	sam2-plus	easy	run_metadata.json	phase_metrics.0.deta	0.7890235260607549	/data/narendhiran_rpx/docker-smoke/tracking-ego-production/ego/sam2-plus/easy
ego	250	sam2-plus	easy	run_metadata.json	phase_metrics.0.hota	0.8217451901498364	/data/narendhiran_rpx/docker-smoke/tracking-ego-production/ego/sam2-plus/easy
ego	250	sam2-plus	easy	run_metadata.json	phase_metrics.0.idf1	0.8818870404250516	/data/narendhiran_rpx/docker-smoke/tracking-ego-production/ego/sam2-plus/easy
ego	250	sam2-plus	easy	run_metadata.json	phase_metrics.0.idsw	0.48484848484848486	/data/narendhiran_rpx/docker-smoke/tracking-ego-production/ego/sam2-plus/easy
ego	250	sam2-plus	easy	run_metadata.json	phase_metrics.0.mota	0.799183324279852	/data/narendhiran_rpx/docker-smoke/tracking-ego-production/ego/sam2-plus/easy
ego	250	sam2-plus	easy	run_metadata.json	pid	112	/data/narendhiran_rpx/docker-smoke/tracking-ego-production/ego/sam2-plus/easy
ego	250	sam2-plus	easy	run_metadata.json	prediction_stats.complete_clip_cache_hits	0	/data/narendhiran_rpx/docker-smoke/tracking-ego-production/ego/sam2-plus/easy
ego	250	sam2-plus	easy	run_metadata.json	prediction_stats.inferred_clips	33	/data/narendhiran_rpx/docker-smoke/tracking-ego-production/ego/sam2-plus/easy
ego	250	sam2-plus	easy	run_metadata.json	prediction_stats.model_propagation_frames	7519	/data/narendhiran_rpx/docker-smoke/tracking-ego-production/ego/sam2-plus/easy
ego	250	sam2-plus	easy	run_metadata.json	protocol.association_iou_threshold	0.5	/data/narendhiran_rpx/docker-smoke/tracking-ego-production/ego/sam2-plus/easy
ego	250	sam2-plus	easy	run_metadata.json	protocol.association_representation	tight_boxes_derived_from_instance_masks	/data/narendhiran_rpx/docker-smoke/tracking-ego-production/ego/sam2-plus/easy
ego	250	sam2-plus	easy	run_metadata.json	protocol.hota	mean_over_0.05_to_0.95	/data/narendhiran_rpx/docker-smoke/tracking-ego-production/ego/sam2-plus/easy
ego	250	sam2-plus	easy	run_metadata.json	protocol.initialization	ground_truth_first_frame_box	/data/narendhiran_rpx/docker-smoke/tracking-ego-production/ego/sam2-plus/easy
ego	250	sam2-plus	easy	run_metadata.json	protocol.metric_implementation	TrackEval	/data/narendhiran_rpx/docker-smoke/tracking-ego-production/ego/sam2-plus/easy
ego	250	sam2-plus	easy	run_metadata.json	protocol.open_vocabulary	False	/data/narendhiran_rpx/docker-smoke/tracking-ego-production/ego/sam2-plus/easy
ego	250	sam2-plus	easy	run_metadata.json	protocol.scored_frames	1_to_end (initialization frame excluded)	/data/narendhiran_rpx/docker-smoke/tracking-ego-production/ego/sam2-plus/easy
ego	250	sam2-plus	easy	run_metadata.json	protocol.vocabulary		/data/narendhiran_rpx/docker-smoke/tracking-ego-production/ego/sam2-plus/easy
ego	250	sam2-plus	easy	run_metadata.json	protocol.vocabulary_size		/data/narendhiran_rpx/docker-smoke/tracking-ego-production/ego/sam2-plus/easy
ego	250	sam2-plus	easy	run_metadata.json	rpx_git_sha	2b90d59d26a8692bb5d7e5a3a8cb72df2ba941f7	/data/narendhiran_rpx/docker-smoke/tracking-ego-production/ego/sam2-plus/easy
ego	250	sam2-plus	easy	run_metadata.json	split	easy	/data/narendhiran_rpx/docker-smoke/tracking-ego-production/ego/sam2-plus/easy
ego	250	sam2-plus	easy	run_metadata.json	started_unix	1788022152.3875113	/data/narendhiran_rpx/docker-smoke/tracking-ego-production/ego/sam2-plus/easy
ego	250	sam2-plus	easy	run_metadata.json	task	object_tracking	/data/narendhiran_rpx/docker-smoke/tracking-ego-production/ego/sam2-plus/easy
ego	250	sam2-plus	medium	result.json	clips	33	/data/narendhiran_rpx/docker-smoke/tracking-ego-production/ego/sam2-plus/medium
ego	250	sam2-plus	medium	result.json	dataset.manifest_name	ego_object_tracking	/data/narendhiran_rpx/docker-smoke/tracking-ego-production/ego/sam2-plus/medium
ego	250	sam2-plus	medium	result.json	dataset.manifest_sha256	6de360a644255f65a44f921197fa083ee66d5e24f45e93afa76dcd6f34f30ab5	/data/narendhiran_rpx/docker-smoke/tracking-ego-production/ego/sam2-plus/medium
ego	250	sam2-plus	medium	result.json	dataset.protocol	ego	/data/narendhiran_rpx/docker-smoke/tracking-ego-production/ego/sam2-plus/medium
ego	250	sam2-plus	medium	result.json	dataset.repo	IRVLUTD/RPX	/data/narendhiran_rpx/docker-smoke/tracking-ego-production/ego/sam2-plus/medium
ego	250	sam2-plus	medium	result.json	dataset.revision	f082723002bad5800dd85e583115b4ea05734d31	/data/narendhiran_rpx/docker-smoke/tracking-ego-production/ego/sam2-plus/medium
ego	250	sam2-plus	medium	result.json	dataset_protocol	ego	/data/narendhiran_rpx/docker-smoke/tracking-ego-production/ego/sam2-plus/medium
ego	250	sam2-plus	medium	result.json	evaluator_git_sha	2b90d59d26a8692bb5d7e5a3a8cb72df2ba941f7	/data/narendhiran_rpx/docker-smoke/tracking-ego-production/ego/sam2-plus/medium
ego	250	sam2-plus	medium	result.json	frames	7691	/data/narendhiran_rpx/docker-smoke/tracking-ego-production/ego/sam2-plus/medium
ego	250	sam2-plus	medium	result.json	hardware.gpu_compute_capability.__length__	2	/data/narendhiran_rpx/docker-smoke/tracking-ego-production/ego/sam2-plus/medium
ego	250	sam2-plus	medium	result.json	hardware.gpu_name	NVIDIA RTX 6000 Ada Generation	/data/narendhiran_rpx/docker-smoke/tracking-ego-production/ego/sam2-plus/medium
ego	250	sam2-plus	medium	result.json	hardware.gpu_total_memory_bytes	50865307648	/data/narendhiran_rpx/docker-smoke/tracking-ego-production/ego/sam2-plus/medium
ego	250	sam2-plus	medium	result.json	hardware.torch_cuda_version	12.8	/data/narendhiran_rpx/docker-smoke/tracking-ego-production/ego/sam2-plus/medium
ego	250	sam2-plus	medium	result.json	hardware.torch_version	2.7.1+cu128	/data/narendhiran_rpx/docker-smoke/tracking-ego-production/ego/sam2-plus/medium
ego	250	sam2-plus	medium	result.json	model	sam2-plus	/data/narendhiran_rpx/docker-smoke/tracking-ego-production/ego/sam2-plus/medium
ego	250	sam2-plus	medium	result.json	model_checkpoint.filename	checkpoint_phase123.pt	/data/narendhiran_rpx/docker-smoke/tracking-ego-production/ego/sam2-plus/medium
ego	250	sam2-plus	medium	result.json	model_checkpoint.repo	MCG-NJU/SAM2-Plus	/data/narendhiran_rpx/docker-smoke/tracking-ego-production/ego/sam2-plus/medium
ego	250	sam2-plus	medium	result.json	model_checkpoint.revision	c3c534e30469d8788123287a484488567c5115d4	/data/narendhiran_rpx/docker-smoke/tracking-ego-production/ego/sam2-plus/medium
ego	250	sam2-plus	medium	result.json	model_checkpoint.sha256	03c1e183955ccdab5d2e4aefdbf8ecee47b3e1433b2b2941a531ad1aaf1777f5	/data/narendhiran_rpx/docker-smoke/tracking-ego-production/ego/sam2-plus/medium
ego	250	sam2-plus	medium	result.json	phase_metrics.0.assa	0.8556868718902476	/data/narendhiran_rpx/docker-smoke/tracking-ego-production/ego/sam2-plus/medium
ego	250	sam2-plus	medium	result.json	phase_metrics.0.deta	0.7851701169454541	/data/narendhiran_rpx/docker-smoke/tracking-ego-production/ego/sam2-plus/medium
ego	250	sam2-plus	medium	result.json	phase_metrics.0.hota	0.8179148797901542	/data/narendhiran_rpx/docker-smoke/tracking-ego-production/ego/sam2-plus/medium
ego	250	sam2-plus	medium	result.json	phase_metrics.0.idf1	0.8767108632726075	/data/narendhiran_rpx/docker-smoke/tracking-ego-production/ego/sam2-plus/medium
ego	250	sam2-plus	medium	result.json	phase_metrics.0.idsw	0.8484848484848485	/data/narendhiran_rpx/docker-smoke/tracking-ego-production/ego/sam2-plus/medium
ego	250	sam2-plus	medium	result.json	phase_metrics.0.mota	0.7935811077286483	/data/narendhiran_rpx/docker-smoke/tracking-ego-production/ego/sam2-plus/medium
ego	250	sam2-plus	medium	result.json	prediction_stats.complete_clip_cache_hits	0	/data/narendhiran_rpx/docker-smoke/tracking-ego-production/ego/sam2-plus/medium
ego	250	sam2-plus	medium	result.json	prediction_stats.inferred_clips	33	/data/narendhiran_rpx/docker-smoke/tracking-ego-production/ego/sam2-plus/medium
ego	250	sam2-plus	medium	result.json	prediction_stats.model_propagation_frames	7658	/data/narendhiran_rpx/docker-smoke/tracking-ego-production/ego/sam2-plus/medium
ego	250	sam2-plus	medium	result.json	protocol.association_iou_threshold	0.5	/data/narendhiran_rpx/docker-smoke/tracking-ego-production/ego/sam2-plus/medium
ego	250	sam2-plus	medium	result.json	protocol.association_representation	tight_boxes_derived_from_instance_masks	/data/narendhiran_rpx/docker-smoke/tracking-ego-production/ego/sam2-plus/medium
ego	250	sam2-plus	medium	result.json	protocol.hota	mean_over_0.05_to_0.95	/data/narendhiran_rpx/docker-smoke/tracking-ego-production/ego/sam2-plus/medium
ego	250	sam2-plus	medium	result.json	protocol.initialization	ground_truth_first_frame_box	/data/narendhiran_rpx/docker-smoke/tracking-ego-production/ego/sam2-plus/medium
ego	250	sam2-plus	medium	result.json	protocol.metric_implementation	TrackEval	/data/narendhiran_rpx/docker-smoke/tracking-ego-production/ego/sam2-plus/medium
ego	250	sam2-plus	medium	result.json	protocol.open_vocabulary	False	/data/narendhiran_rpx/docker-smoke/tracking-ego-production/ego/sam2-plus/medium
ego	250	sam2-plus	medium	result.json	protocol.scored_frames	1_to_end (initialization frame excluded)	/data/narendhiran_rpx/docker-smoke/tracking-ego-production/ego/sam2-plus/medium
ego	250	sam2-plus	medium	result.json	protocol.vocabulary		/data/narendhiran_rpx/docker-smoke/tracking-ego-production/ego/sam2-plus/medium
ego	250	sam2-plus	medium	result.json	protocol.vocabulary_size		/data/narendhiran_rpx/docker-smoke/tracking-ego-production/ego/sam2-plus/medium
ego	250	sam2-plus	medium	result.json	rpx_git_sha	2b90d59d26a8692bb5d7e5a3a8cb72df2ba941f7	/data/narendhiran_rpx/docker-smoke/tracking-ego-production/ego/sam2-plus/medium
ego	250	sam2-plus	medium	result.json	split	medium	/data/narendhiran_rpx/docker-smoke/tracking-ego-production/ego/sam2-plus/medium
ego	250	sam2-plus	medium	result.json	task	object_tracking	/data/narendhiran_rpx/docker-smoke/tracking-ego-production/ego/sam2-plus/medium
ego	250	sam2-plus	medium	run_metadata.json	clips	33	/data/narendhiran_rpx/docker-smoke/tracking-ego-production/ego/sam2-plus/medium
ego	250	sam2-plus	medium	run_metadata.json	dataset.manifest_name	ego_object_tracking	/data/narendhiran_rpx/docker-smoke/tracking-ego-production/ego/sam2-plus/medium
ego	250	sam2-plus	medium	run_metadata.json	dataset.manifest_sha256	6de360a644255f65a44f921197fa083ee66d5e24f45e93afa76dcd6f34f30ab5	/data/narendhiran_rpx/docker-smoke/tracking-ego-production/ego/sam2-plus/medium
ego	250	sam2-plus	medium	run_metadata.json	dataset.protocol	ego	/data/narendhiran_rpx/docker-smoke/tracking-ego-production/ego/sam2-plus/medium
ego	250	sam2-plus	medium	run_metadata.json	dataset.repo	IRVLUTD/RPX	/data/narendhiran_rpx/docker-smoke/tracking-ego-production/ego/sam2-plus/medium
ego	250	sam2-plus	medium	run_metadata.json	dataset.revision	f082723002bad5800dd85e583115b4ea05734d31	/data/narendhiran_rpx/docker-smoke/tracking-ego-production/ego/sam2-plus/medium
ego	250	sam2-plus	medium	run_metadata.json	dataset_protocol	ego	/data/narendhiran_rpx/docker-smoke/tracking-ego-production/ego/sam2-plus/medium
ego	250	sam2-plus	medium	run_metadata.json	evaluator_git_sha	2b90d59d26a8692bb5d7e5a3a8cb72df2ba941f7	/data/narendhiran_rpx/docker-smoke/tracking-ego-production/ego/sam2-plus/medium
ego	250	sam2-plus	medium	run_metadata.json	finished_unix	1788029495.3081408	/data/narendhiran_rpx/docker-smoke/tracking-ego-production/ego/sam2-plus/medium
ego	250	sam2-plus	medium	run_metadata.json	frames	7691	/data/narendhiran_rpx/docker-smoke/tracking-ego-production/ego/sam2-plus/medium
ego	250	sam2-plus	medium	run_metadata.json	hardware.gpu_compute_capability.__length__	2	/data/narendhiran_rpx/docker-smoke/tracking-ego-production/ego/sam2-plus/medium
ego	250	sam2-plus	medium	run_metadata.json	hardware.gpu_name	NVIDIA RTX 6000 Ada Generation	/data/narendhiran_rpx/docker-smoke/tracking-ego-production/ego/sam2-plus/medium
ego	250	sam2-plus	medium	run_metadata.json	hardware.gpu_total_memory_bytes	50865307648	/data/narendhiran_rpx/docker-smoke/tracking-ego-production/ego/sam2-plus/medium
ego	250	sam2-plus	medium	run_metadata.json	hardware.torch_cuda_version	12.8	/data/narendhiran_rpx/docker-smoke/tracking-ego-production/ego/sam2-plus/medium
ego	250	sam2-plus	medium	run_metadata.json	hardware.torch_version	2.7.1+cu128	/data/narendhiran_rpx/docker-smoke/tracking-ego-production/ego/sam2-plus/medium
ego	250	sam2-plus	medium	run_metadata.json	model	sam2-plus	/data/narendhiran_rpx/docker-smoke/tracking-ego-production/ego/sam2-plus/medium
ego	250	sam2-plus	medium	run_metadata.json	model_checkpoint.filename	checkpoint_phase123.pt	/data/narendhiran_rpx/docker-smoke/tracking-ego-production/ego/sam2-plus/medium
ego	250	sam2-plus	medium	run_metadata.json	model_checkpoint.repo	MCG-NJU/SAM2-Plus	/data/narendhiran_rpx/docker-smoke/tracking-ego-production/ego/sam2-plus/medium
ego	250	sam2-plus	medium	run_metadata.json	model_checkpoint.revision	c3c534e30469d8788123287a484488567c5115d4	/data/narendhiran_rpx/docker-smoke/tracking-ego-production/ego/sam2-plus/medium
ego	250	sam2-plus	medium	run_metadata.json	model_checkpoint.sha256	03c1e183955ccdab5d2e4aefdbf8ecee47b3e1433b2b2941a531ad1aaf1777f5	/data/narendhiran_rpx/docker-smoke/tracking-ego-production/ego/sam2-plus/medium
ego	250	sam2-plus	medium	run_metadata.json	parameter_count	101205890	/data/narendhiran_rpx/docker-smoke/tracking-ego-production/ego/sam2-plus/medium
ego	250	sam2-plus	medium	run_metadata.json	phase_metrics.0.assa	0.8556868718902476	/data/narendhiran_rpx/docker-smoke/tracking-ego-production/ego/sam2-plus/medium
ego	250	sam2-plus	medium	run_metadata.json	phase_metrics.0.deta	0.7851701169454541	/data/narendhiran_rpx/docker-smoke/tracking-ego-production/ego/sam2-plus/medium
ego	250	sam2-plus	medium	run_metadata.json	phase_metrics.0.hota	0.8179148797901542	/data/narendhiran_rpx/docker-smoke/tracking-ego-production/ego/sam2-plus/medium
ego	250	sam2-plus	medium	run_metadata.json	phase_metrics.0.idf1	0.8767108632726075	/data/narendhiran_rpx/docker-smoke/tracking-ego-production/ego/sam2-plus/medium
ego	250	sam2-plus	medium	run_metadata.json	phase_metrics.0.idsw	0.8484848484848485	/data/narendhiran_rpx/docker-smoke/tracking-ego-production/ego/sam2-plus/medium
ego	250	sam2-plus	medium	run_metadata.json	phase_metrics.0.mota	0.7935811077286483	/data/narendhiran_rpx/docker-smoke/tracking-ego-production/ego/sam2-plus/medium
ego	250	sam2-plus	medium	run_metadata.json	pid	284	/data/narendhiran_rpx/docker-smoke/tracking-ego-production/ego/sam2-plus/medium
ego	250	sam2-plus	medium	run_metadata.json	prediction_stats.complete_clip_cache_hits	0	/data/narendhiran_rpx/docker-smoke/tracking-ego-production/ego/sam2-plus/medium
ego	250	sam2-plus	medium	run_metadata.json	prediction_stats.inferred_clips	33	/data/narendhiran_rpx/docker-smoke/tracking-ego-production/ego/sam2-plus/medium
ego	250	sam2-plus	medium	run_metadata.json	prediction_stats.model_propagation_frames	7658	/data/narendhiran_rpx/docker-smoke/tracking-ego-production/ego/sam2-plus/medium
ego	250	sam2-plus	medium	run_metadata.json	protocol.association_iou_threshold	0.5	/data/narendhiran_rpx/docker-smoke/tracking-ego-production/ego/sam2-plus/medium
ego	250	sam2-plus	medium	run_metadata.json	protocol.association_representation	tight_boxes_derived_from_instance_masks	/data/narendhiran_rpx/docker-smoke/tracking-ego-production/ego/sam2-plus/medium
ego	250	sam2-plus	medium	run_metadata.json	protocol.hota	mean_over_0.05_to_0.95	/data/narendhiran_rpx/docker-smoke/tracking-ego-production/ego/sam2-plus/medium
ego	250	sam2-plus	medium	run_metadata.json	protocol.initialization	ground_truth_first_frame_box	/data/narendhiran_rpx/docker-smoke/tracking-ego-production/ego/sam2-plus/medium
ego	250	sam2-plus	medium	run_metadata.json	protocol.metric_implementation	TrackEval	/data/narendhiran_rpx/docker-smoke/tracking-ego-production/ego/sam2-plus/medium
ego	250	sam2-plus	medium	run_metadata.json	protocol.open_vocabulary	False	/data/narendhiran_rpx/docker-smoke/tracking-ego-production/ego/sam2-plus/medium
ego	250	sam2-plus	medium	run_metadata.json	protocol.scored_frames	1_to_end (initialization frame excluded)	/data/narendhiran_rpx/docker-smoke/tracking-ego-production/ego/sam2-plus/medium
ego	250	sam2-plus	medium	run_metadata.json	protocol.vocabulary		/data/narendhiran_rpx/docker-smoke/tracking-ego-production/ego/sam2-plus/medium
ego	250	sam2-plus	medium	run_metadata.json	protocol.vocabulary_size		/data/narendhiran_rpx/docker-smoke/tracking-ego-production/ego/sam2-plus/medium
ego	250	sam2-plus	medium	run_metadata.json	rpx_git_sha	2b90d59d26a8692bb5d7e5a3a8cb72df2ba941f7	/data/narendhiran_rpx/docker-smoke/tracking-ego-production/ego/sam2-plus/medium
ego	250	sam2-plus	medium	run_metadata.json	split	medium	/data/narendhiran_rpx/docker-smoke/tracking-ego-production/ego/sam2-plus/medium
ego	250	sam2-plus	medium	run_metadata.json	started_unix	1788025832.8755367	/data/narendhiran_rpx/docker-smoke/tracking-ego-production/ego/sam2-plus/medium
ego	250	sam2-plus	medium	run_metadata.json	task	object_tracking	/data/narendhiran_rpx/docker-smoke/tracking-ego-production/ego/sam2-plus/medium
ego	250	sam2-plus	hard	result.json	clips	34	/data/narendhiran_rpx/docker-smoke/tracking-ego-production/ego/sam2-plus/hard
ego	250	sam2-plus	hard	result.json	dataset.manifest_name	ego_object_tracking	/data/narendhiran_rpx/docker-smoke/tracking-ego-production/ego/sam2-plus/hard
ego	250	sam2-plus	hard	result.json	dataset.manifest_sha256	7c85f17bf58843d0cf533825c4feb9d1d608bff1e90e49960b980324618278d0	/data/narendhiran_rpx/docker-smoke/tracking-ego-production/ego/sam2-plus/hard
ego	250	sam2-plus	hard	result.json	dataset.protocol	ego	/data/narendhiran_rpx/docker-smoke/tracking-ego-production/ego/sam2-plus/hard
ego	250	sam2-plus	hard	result.json	dataset.repo	IRVLUTD/RPX	/data/narendhiran_rpx/docker-smoke/tracking-ego-production/ego/sam2-plus/hard
ego	250	sam2-plus	hard	result.json	dataset.revision	f082723002bad5800dd85e583115b4ea05734d31	/data/narendhiran_rpx/docker-smoke/tracking-ego-production/ego/sam2-plus/hard
ego	250	sam2-plus	hard	result.json	dataset_protocol	ego	/data/narendhiran_rpx/docker-smoke/tracking-ego-production/ego/sam2-plus/hard
ego	250	sam2-plus	hard	result.json	evaluator_git_sha	2b90d59d26a8692bb5d7e5a3a8cb72df2ba941f7	/data/narendhiran_rpx/docker-smoke/tracking-ego-production/ego/sam2-plus/hard
ego	250	sam2-plus	hard	result.json	frames	7878	/data/narendhiran_rpx/docker-smoke/tracking-ego-production/ego/sam2-plus/hard
ego	250	sam2-plus	hard	result.json	hardware.gpu_compute_capability.__length__	2	/data/narendhiran_rpx/docker-smoke/tracking-ego-production/ego/sam2-plus/hard
ego	250	sam2-plus	hard	result.json	hardware.gpu_name	NVIDIA RTX 6000 Ada Generation	/data/narendhiran_rpx/docker-smoke/tracking-ego-production/ego/sam2-plus/hard
ego	250	sam2-plus	hard	result.json	hardware.gpu_total_memory_bytes	50865307648	/data/narendhiran_rpx/docker-smoke/tracking-ego-production/ego/sam2-plus/hard
ego	250	sam2-plus	hard	result.json	hardware.torch_cuda_version	12.8	/data/narendhiran_rpx/docker-smoke/tracking-ego-production/ego/sam2-plus/hard
ego	250	sam2-plus	hard	result.json	hardware.torch_version	2.7.1+cu128	/data/narendhiran_rpx/docker-smoke/tracking-ego-production/ego/sam2-plus/hard
ego	250	sam2-plus	hard	result.json	model	sam2-plus	/data/narendhiran_rpx/docker-smoke/tracking-ego-production/ego/sam2-plus/hard
ego	250	sam2-plus	hard	result.json	model_checkpoint.filename	checkpoint_phase123.pt	/data/narendhiran_rpx/docker-smoke/tracking-ego-production/ego/sam2-plus/hard
ego	250	sam2-plus	hard	result.json	model_checkpoint.repo	MCG-NJU/SAM2-Plus	/data/narendhiran_rpx/docker-smoke/tracking-ego-production/ego/sam2-plus/hard
ego	250	sam2-plus	hard	result.json	model_checkpoint.revision	c3c534e30469d8788123287a484488567c5115d4	/data/narendhiran_rpx/docker-smoke/tracking-ego-production/ego/sam2-plus/hard
ego	250	sam2-plus	hard	result.json	model_checkpoint.sha256	03c1e183955ccdab5d2e4aefdbf8ecee47b3e1433b2b2941a531ad1aaf1777f5	/data/narendhiran_rpx/docker-smoke/tracking-ego-production/ego/sam2-plus/hard
ego	250	sam2-plus	hard	result.json	phase_metrics.0.assa	0.8485268575887642	/data/narendhiran_rpx/docker-smoke/tracking-ego-production/ego/sam2-plus/hard
ego	250	sam2-plus	hard	result.json	phase_metrics.0.deta	0.7580024544756815	/data/narendhiran_rpx/docker-smoke/tracking-ego-production/ego/sam2-plus/hard
ego	250	sam2-plus	hard	result.json	phase_metrics.0.hota	0.8010059412104125	/data/narendhiran_rpx/docker-smoke/tracking-ego-production/ego/sam2-plus/hard
ego	250	sam2-plus	hard	result.json	phase_metrics.0.idf1	0.8606057820427512	/data/narendhiran_rpx/docker-smoke/tracking-ego-production/ego/sam2-plus/hard
ego	250	sam2-plus	hard	result.json	phase_metrics.0.idsw	0.9117647058823529	/data/narendhiran_rpx/docker-smoke/tracking-ego-production/ego/sam2-plus/hard
ego	250	sam2-plus	hard	result.json	phase_metrics.0.mota	0.7624976327491679	/data/narendhiran_rpx/docker-smoke/tracking-ego-production/ego/sam2-plus/hard
ego	250	sam2-plus	hard	result.json	prediction_stats.complete_clip_cache_hits	0	/data/narendhiran_rpx/docker-smoke/tracking-ego-production/ego/sam2-plus/hard
ego	250	sam2-plus	hard	result.json	prediction_stats.inferred_clips	34	/data/narendhiran_rpx/docker-smoke/tracking-ego-production/ego/sam2-plus/hard
ego	250	sam2-plus	hard	result.json	prediction_stats.model_propagation_frames	7844	/data/narendhiran_rpx/docker-smoke/tracking-ego-production/ego/sam2-plus/hard
ego	250	sam2-plus	hard	result.json	protocol.association_iou_threshold	0.5	/data/narendhiran_rpx/docker-smoke/tracking-ego-production/ego/sam2-plus/hard
ego	250	sam2-plus	hard	result.json	protocol.association_representation	tight_boxes_derived_from_instance_masks	/data/narendhiran_rpx/docker-smoke/tracking-ego-production/ego/sam2-plus/hard
ego	250	sam2-plus	hard	result.json	protocol.hota	mean_over_0.05_to_0.95	/data/narendhiran_rpx/docker-smoke/tracking-ego-production/ego/sam2-plus/hard
ego	250	sam2-plus	hard	result.json	protocol.initialization	ground_truth_first_frame_box	/data/narendhiran_rpx/docker-smoke/tracking-ego-production/ego/sam2-plus/hard
ego	250	sam2-plus	hard	result.json	protocol.metric_implementation	TrackEval	/data/narendhiran_rpx/docker-smoke/tracking-ego-production/ego/sam2-plus/hard
ego	250	sam2-plus	hard	result.json	protocol.open_vocabulary	False	/data/narendhiran_rpx/docker-smoke/tracking-ego-production/ego/sam2-plus/hard
ego	250	sam2-plus	hard	result.json	protocol.scored_frames	1_to_end (initialization frame excluded)	/data/narendhiran_rpx/docker-smoke/tracking-ego-production/ego/sam2-plus/hard
ego	250	sam2-plus	hard	result.json	protocol.vocabulary		/data/narendhiran_rpx/docker-smoke/tracking-ego-production/ego/sam2-plus/hard
ego	250	sam2-plus	hard	result.json	protocol.vocabulary_size		/data/narendhiran_rpx/docker-smoke/tracking-ego-production/ego/sam2-plus/hard
ego	250	sam2-plus	hard	result.json	rpx_git_sha	2b90d59d26a8692bb5d7e5a3a8cb72df2ba941f7	/data/narendhiran_rpx/docker-smoke/tracking-ego-production/ego/sam2-plus/hard
ego	250	sam2-plus	hard	result.json	split	hard	/data/narendhiran_rpx/docker-smoke/tracking-ego-production/ego/sam2-plus/hard
ego	250	sam2-plus	hard	result.json	task	object_tracking	/data/narendhiran_rpx/docker-smoke/tracking-ego-production/ego/sam2-plus/hard
ego	250	sam2-plus	hard	run_metadata.json	clips	34	/data/narendhiran_rpx/docker-smoke/tracking-ego-production/ego/sam2-plus/hard
ego	250	sam2-plus	hard	run_metadata.json	dataset.manifest_name	ego_object_tracking	/data/narendhiran_rpx/docker-smoke/tracking-ego-production/ego/sam2-plus/hard
ego	250	sam2-plus	hard	run_metadata.json	dataset.manifest_sha256	7c85f17bf58843d0cf533825c4feb9d1d608bff1e90e49960b980324618278d0	/data/narendhiran_rpx/docker-smoke/tracking-ego-production/ego/sam2-plus/hard
ego	250	sam2-plus	hard	run_metadata.json	dataset.protocol	ego	/data/narendhiran_rpx/docker-smoke/tracking-ego-production/ego/sam2-plus/hard
ego	250	sam2-plus	hard	run_metadata.json	dataset.repo	IRVLUTD/RPX	/data/narendhiran_rpx/docker-smoke/tracking-ego-production/ego/sam2-plus/hard
ego	250	sam2-plus	hard	run_metadata.json	dataset.revision	f082723002bad5800dd85e583115b4ea05734d31	/data/narendhiran_rpx/docker-smoke/tracking-ego-production/ego/sam2-plus/hard
ego	250	sam2-plus	hard	run_metadata.json	dataset_protocol	ego	/data/narendhiran_rpx/docker-smoke/tracking-ego-production/ego/sam2-plus/hard
ego	250	sam2-plus	hard	run_metadata.json	evaluator_git_sha	2b90d59d26a8692bb5d7e5a3a8cb72df2ba941f7	/data/narendhiran_rpx/docker-smoke/tracking-ego-production/ego/sam2-plus/hard
ego	250	sam2-plus	hard	run_metadata.json	finished_unix	1788033230.1288161	/data/narendhiran_rpx/docker-smoke/tracking-ego-production/ego/sam2-plus/hard
ego	250	sam2-plus	hard	run_metadata.json	frames	7878	/data/narendhiran_rpx/docker-smoke/tracking-ego-production/ego/sam2-plus/hard
ego	250	sam2-plus	hard	run_metadata.json	hardware.gpu_compute_capability.__length__	2	/data/narendhiran_rpx/docker-smoke/tracking-ego-production/ego/sam2-plus/hard
ego	250	sam2-plus	hard	run_metadata.json	hardware.gpu_name	NVIDIA RTX 6000 Ada Generation	/data/narendhiran_rpx/docker-smoke/tracking-ego-production/ego/sam2-plus/hard
ego	250	sam2-plus	hard	run_metadata.json	hardware.gpu_total_memory_bytes	50865307648	/data/narendhiran_rpx/docker-smoke/tracking-ego-production/ego/sam2-plus/hard
ego	250	sam2-plus	hard	run_metadata.json	hardware.torch_cuda_version	12.8	/data/narendhiran_rpx/docker-smoke/tracking-ego-production/ego/sam2-plus/hard
ego	250	sam2-plus	hard	run_metadata.json	hardware.torch_version	2.7.1+cu128	/data/narendhiran_rpx/docker-smoke/tracking-ego-production/ego/sam2-plus/hard
ego	250	sam2-plus	hard	run_metadata.json	model	sam2-plus	/data/narendhiran_rpx/docker-smoke/tracking-ego-production/ego/sam2-plus/hard
ego	250	sam2-plus	hard	run_metadata.json	model_checkpoint.filename	checkpoint_phase123.pt	/data/narendhiran_rpx/docker-smoke/tracking-ego-production/ego/sam2-plus/hard
ego	250	sam2-plus	hard	run_metadata.json	model_checkpoint.repo	MCG-NJU/SAM2-Plus	/data/narendhiran_rpx/docker-smoke/tracking-ego-production/ego/sam2-plus/hard
ego	250	sam2-plus	hard	run_metadata.json	model_checkpoint.revision	c3c534e30469d8788123287a484488567c5115d4	/data/narendhiran_rpx/docker-smoke/tracking-ego-production/ego/sam2-plus/hard
ego	250	sam2-plus	hard	run_metadata.json	model_checkpoint.sha256	03c1e183955ccdab5d2e4aefdbf8ecee47b3e1433b2b2941a531ad1aaf1777f5	/data/narendhiran_rpx/docker-smoke/tracking-ego-production/ego/sam2-plus/hard
ego	250	sam2-plus	hard	run_metadata.json	parameter_count	101205890	/data/narendhiran_rpx/docker-smoke/tracking-ego-production/ego/sam2-plus/hard
ego	250	sam2-plus	hard	run_metadata.json	phase_metrics.0.assa	0.8485268575887642	/data/narendhiran_rpx/docker-smoke/tracking-ego-production/ego/sam2-plus/hard
ego	250	sam2-plus	hard	run_metadata.json	phase_metrics.0.deta	0.7580024544756815	/data/narendhiran_rpx/docker-smoke/tracking-ego-production/ego/sam2-plus/hard
ego	250	sam2-plus	hard	run_metadata.json	phase_metrics.0.hota	0.8010059412104125	/data/narendhiran_rpx/docker-smoke/tracking-ego-production/ego/sam2-plus/hard
ego	250	sam2-plus	hard	run_metadata.json	phase_metrics.0.idf1	0.8606057820427512	/data/narendhiran_rpx/docker-smoke/tracking-ego-production/ego/sam2-plus/hard
ego	250	sam2-plus	hard	run_metadata.json	phase_metrics.0.idsw	0.9117647058823529	/data/narendhiran_rpx/docker-smoke/tracking-ego-production/ego/sam2-plus/hard
ego	250	sam2-plus	hard	run_metadata.json	phase_metrics.0.mota	0.7624976327491679	/data/narendhiran_rpx/docker-smoke/tracking-ego-production/ego/sam2-plus/hard
ego	250	sam2-plus	hard	run_metadata.json	pid	456	/data/narendhiran_rpx/docker-smoke/tracking-ego-production/ego/sam2-plus/hard
ego	250	sam2-plus	hard	run_metadata.json	prediction_stats.complete_clip_cache_hits	0	/data/narendhiran_rpx/docker-smoke/tracking-ego-production/ego/sam2-plus/hard
ego	250	sam2-plus	hard	run_metadata.json	prediction_stats.inferred_clips	34	/data/narendhiran_rpx/docker-smoke/tracking-ego-production/ego/sam2-plus/hard
ego	250	sam2-plus	hard	run_metadata.json	prediction_stats.model_propagation_frames	7844	/data/narendhiran_rpx/docker-smoke/tracking-ego-production/ego/sam2-plus/hard
ego	250	sam2-plus	hard	run_metadata.json	protocol.association_iou_threshold	0.5	/data/narendhiran_rpx/docker-smoke/tracking-ego-production/ego/sam2-plus/hard
ego	250	sam2-plus	hard	run_metadata.json	protocol.association_representation	tight_boxes_derived_from_instance_masks	/data/narendhiran_rpx/docker-smoke/tracking-ego-production/ego/sam2-plus/hard
ego	250	sam2-plus	hard	run_metadata.json	protocol.hota	mean_over_0.05_to_0.95	/data/narendhiran_rpx/docker-smoke/tracking-ego-production/ego/sam2-plus/hard
ego	250	sam2-plus	hard	run_metadata.json	protocol.initialization	ground_truth_first_frame_box	/data/narendhiran_rpx/docker-smoke/tracking-ego-production/ego/sam2-plus/hard
ego	250	sam2-plus	hard	run_metadata.json	protocol.metric_implementation	TrackEval	/data/narendhiran_rpx/docker-smoke/tracking-ego-production/ego/sam2-plus/hard
ego	250	sam2-plus	hard	run_metadata.json	protocol.open_vocabulary	False	/data/narendhiran_rpx/docker-smoke/tracking-ego-production/ego/sam2-plus/hard
ego	250	sam2-plus	hard	run_metadata.json	protocol.scored_frames	1_to_end (initialization frame excluded)	/data/narendhiran_rpx/docker-smoke/tracking-ego-production/ego/sam2-plus/hard
ego	250	sam2-plus	hard	run_metadata.json	protocol.vocabulary		/data/narendhiran_rpx/docker-smoke/tracking-ego-production/ego/sam2-plus/hard
ego	250	sam2-plus	hard	run_metadata.json	protocol.vocabulary_size		/data/narendhiran_rpx/docker-smoke/tracking-ego-production/ego/sam2-plus/hard
ego	250	sam2-plus	hard	run_metadata.json	rpx_git_sha	2b90d59d26a8692bb5d7e5a3a8cb72df2ba941f7	/data/narendhiran_rpx/docker-smoke/tracking-ego-production/ego/sam2-plus/hard
ego	250	sam2-plus	hard	run_metadata.json	split	hard	/data/narendhiran_rpx/docker-smoke/tracking-ego-production/ego/sam2-plus/hard
ego	250	sam2-plus	hard	run_metadata.json	started_unix	1788029529.6268082	/data/narendhiran_rpx/docker-smoke/tracking-ego-production/ego/sam2-plus/hard
ego	250	sam2-plus	hard	run_metadata.json	task	object_tracking	/data/narendhiran_rpx/docker-smoke/tracking-ego-production/ego/sam2-plus/hard
